Index-HCP_MMP_1.0,ac,af_l,af_r,ar_l,ar_r,atr_l,atr_r,cbd_l,cbd_r,cbp_l,cbp_r,cbt_l,cbt_r,cst_l,cst_r,fa_l,fa_r,fma,fmi,fx_l,fx_r,ifo_l,ifo_r,ilf_l,ilf_r,mcp,mdlf_l,mdlf_r,or_l,or_r,slf1_l,slf1_r,slf2_l,slf2_r,slf3_l,slf3_r,str_l,str_r,uf_l,uf_r,vof_l,vof_r
181,0.028897042,0.01055375,0.001059157,0.0158216,0.003838099,0.011526981,0.002078926,0.025028457,0.00370638,0.00378097,0.000906182,0.043711191,0.003848521,0.003048587,0.00116809,0.00153032,0.000362879,0.305976953,0.006059973,0.034653279,0.006645772,0.164715878,0.022681583,0.016822389,0.002892408,0.002873777,0.056335266,0.009711847,0.125462817,0.019384419,0.004419507,0.002512929,0.000739021,0.001048573,0.000845833,0.000394684,0.003191714,0.000759706,0.029950317,0.003356085,0.027063544,0.005280531
182,0.011602303,0.087930984,0.000548523,0.021644453,0.001405155,0.013078475,0.001279205,0.006039302,0.000964872,0.000873906,0.000373921,0.005389176,0.000370412,0.012404449,0.000737532,0.006977001,0.00064807,0.033596191,0.006865399,0.013290017,0.001297329,0.256661492,0.004801822,0.062562357,0.000850731,0.000926674,0.146779189,0.002828706,0.115960459,0.004074361,0.014124915,0.001516274,0.059671283,0.000842869,0.010709259,0.000417263,0.006950061,0.000652942,0.03097925,0.000917063,0.059042991,0.000800717
183,0.015275413,0.006629986,0.001799644,0.018224432,0.005679184,0.006163619,0.002157233,0.0193184,0.004142564,0.002631287,0.000724126,0.035306387,0.004425581,0.003600396,0.001749585,0.001921062,0.000505313,0.486783319,0.003398169,0.025505064,0.008785037,0.063381289,0.029435664,0.007660655,0.004166795,0.00129609,0.052875941,0.019011499,0.072991962,0.033620892,0.011248938,0.004958224,0.001026888,0.002226522,0.000975397,0.000633914,0.003446833,0.001039695,0.011053229,0.003593109,0.023179823,0.010394458
184,0.03034739,0.011637592,0.00109904,0.016575289,0.003955877,0.012389521,0.002064038,0.021389301,0.00378158,0.003497679,0.000908144,0.031204299,0.003586861,0.003262027,0.001262647,0.001549698,0.000360134,0.279327177,0.006314258,0.032724136,0.006598564,0.180011915,0.022860491,0.020052527,0.002906163,0.004480915,0.059751627,0.010017435,0.125297958,0.019407714,0.004905792,0.002452883,0.000880198,0.001055676,0.000873552,0.000395537,0.00328799,0.000773342,0.033265416,0.003501929,0.038848948,0.005340927
185,0.026710213,0.012828899,0.000693393,0.017866754,0.002384807,0.012344589,0.001532828,0.009419056,0.001910276,0.001821399,0.000528202,0.013251532,0.002340525,0.002878968,0.000878362,0.001316693,0.000256204,0.265049558,0.005853458,0.024058527,0.004830477,0.183928244,0.015004622,0.020429515,0.001986197,0.004086562,0.073523318,0.007468096,0.136010041,0.014650201,0.005235348,0.001569058,0.000724685,0.000594581,0.00067677,0.000252445,0.002894595,0.000515974,0.033632632,0.002124931,0.092376016,0.004666723
186,0.026362516,0.013663277,0.000474685,0.01539578,0.001460429,0.011355249,0.00111067,0.007035665,0.00102466,0.001320613,0.000359725,0.014042617,0.001614076,0.002537485,0.000707636,0.001161766,0.000200572,0.173998919,0.005290625,0.023112752,0.003518496,0.193114321,0.009424815,0.024588601,0.001471207,0.004724743,0.065656858,0.004956256,0.122428155,0.009387965,0.006694849,0.001126157,0.001092089,0.0004709,0.00064138,0.000197693,0.002437026,0.000401241,0.033463035,0.001476263,0.217674438,0.002897513
187,0.041182077,0.015930046,0.000503948,0.010663263,0.001364035,0.014401396,0.001296152,0.009607541,0.001230511,0.001687543,0.000472594,0.025902498,0.002070422,0.002956675,0.000972773,0.001305452,0.000236191,0.104930934,0.006636092,0.0357702,0.004040098,0.267117142,0.008671251,0.04417647,0.001499082,0.013766398,0.048044329,0.003368097,0.12175591,0.006400869,0.003316905,0.000937515,0.001340991,0.000416244,0.000801146,0.000184196,0.002835528,0.000444358,0.046082577,0.001692452,0.155708726,0.001657642
188,0.006076096,0.035311835,0.002927887,0.006871346,0.001902831,0.011685557,0.003741529,0.014880892,0.009076802,0.001432832,0.000892508,0.000780884,0.000414678,0.264757257,0.047952423,0.00580792,0.001431778,0.003318123,0.007770911,0.030661044,0.016803344,0.020015929,0.005125945,0.003744606,0.000657892,0.005965792,0.008234572,0.002345754,0.007568916,0.002786969,0.106013009,0.039632063,0.1377568,0.011530674,0.059542674,0.002756674,0.084583116,0.034419862,0.009165501,0.002083356,0.00065072,0.000229765
189,0.006102918,0.053102331,0.002678207,0.012422624,0.001833253,0.013121167,0.002309963,0.007034375,0.003509056,0.000899936,0.000457643,0.000815631,0.000262091,0.319850386,0.020177482,0.01009383,0.00147818,0.002399678,0.006057772,0.01499069,0.00720818,0.027172195,0.003052687,0.00413491,0.000521436,0.010273107,0.009234834,0.001899507,0.008995748,0.002089293,0.064045361,0.017318602,0.212622472,0.006143965,0.072000782,0.002683397,0.058547563,0.012881732,0.012981211,0.001093594,0.000723498,0.000150226
190,0.003758793,0.017673564,0.005297243,0.00232212,0.001031197,0.012959948,0.004866378,0.008919908,0.006376906,0.000520142,0.000625366,0.000469158,0.000286249,0.087271937,0.01437917,0.016448282,0.008473488,0.001796499,0.012095239,0.009170773,0.005618633,0.017837255,0.006092967,0.004210537,0.000791709,0.00232011,0.009674151,0.001912009,0.007809855,0.002252253,0.089423358,0.038897736,0.359388598,0.024987396,0.017707904,0.006166858,0.153582883,0.044323489,0.005932719,0.002430338,0.001011345,0.000232084
191,0.001795336,0.164569074,0.005489839,0.002098159,0.000729634,0.014299353,0.004906897,0.008332499,0.00556087,0.000285679,0.000426376,0.000489044,0.000158729,0.0274318,0.005972921,0.077722084,0.013285008,0.001137957,0.013056356,0.004101581,0.002108425,0.017804854,0.004352081,0.00855698,0.000529046,0.001809366,0.009787704,0.001288312,0.006673055,0.001493272,0.024117246,0.031976028,0.294295011,0.019659633,0.124709572,0.006409273,0.068340112,0.029169564,0.005335958,0.001621641,0.00054474,0.000147196
192,0.00288725,0.083047479,0.006042227,0.002490374,0.001036285,0.015071059,0.005452835,0.011742365,0.007126309,0.000487444,0.000610877,0.000537935,0.000301634,0.051608716,0.012393257,0.037819153,0.012052322,0.001570011,0.013627777,0.007389422,0.004394929,0.020452134,0.006189444,0.009132351,0.000894448,0.00243398,0.012261311,0.001935694,0.009165294,0.002221665,0.030244365,0.044675082,0.361165692,0.025900222,0.059329046,0.006409976,0.091492806,0.044871846,0.006029359,0.002519874,0.000870343,0.000239747
193,0.014198666,0.016169944,0.000480552,0.037307723,0.00171192,0.010080646,0.00120434,0.004744679,0.001053699,0.001007864,0.000324923,0.004646272,0.001073212,0.004265914,0.000697096,0.001931767,0.000296528,0.274059173,0.004570693,0.012061139,0.002889577,0.117783175,0.009479917,0.01013447,0.001305815,0.001685051,0.13258904,0.005825237,0.135862889,0.0112008,0.01618269,0.001171505,0.001299313,0.000559036,0.000868144,0.000228465,0.003498686,0.000509781,0.020965746,0.001207926,0.1383965,0.004024824
194,0.006118038,0.003956595,0.001291522,0.009396213,0.003333164,0.007017213,0.003515793,0.503099192,0.070794527,0.118021681,0.011503384,0.061351769,0.006633613,0.003976552,0.004983252,0.003124748,0.001281987,0.033012784,0.016418427,0.020175438,0.004160017,0.020201653,0.008402944,0.003293475,0.001308408,0.001236193,0.008742237,0.004879858,0.014994855,0.006073389,0.010547844,0.014526616,0.001264468,0.001470929,0.000885058,0.000896285,0.002332879,0.002098843,0.010493214,0.004661359,0.001272213,0.000652961
195,0.020469229,0.011413658,0.0051767,0.023925163,0.01825125,0.010669981,0.005789527,0.046319383,0.014166352,0.008441357,0.003194731,0.021088839,0.004525469,0.007734385,0.005892256,0.005810292,0.001660147,0.23063602,0.007585557,0.024207733,0.01574023,0.095681284,0.053240137,0.014729436,0.009453389,0.002602412,0.050952931,0.032020689,0.0882666,0.048748837,0.043060027,0.017120019,0.003178506,0.007746538,0.002358587,0.002527038,0.006939506,0.003664197,0.016509304,0.008790551,0.010402232,0.006118236
196,0.014197387,0.022279424,0.000724875,0.049825121,0.002451539,0.010587909,0.001428118,0.004919141,0.001210937,0.000850627,0.000385015,0.006743845,0.000865655,0.006896255,0.000988016,0.003249595,0.000519914,0.186391706,0.004995029,0.012416498,0.00309129,0.143204399,0.009692579,0.015226621,0.001561779,0.001815298,0.155956646,0.006302866,0.136213025,0.010359222,0.028082712,0.002093477,0.00439298,0.000913339,0.002213802,0.000378468,0.00546353,0.000746456,0.022990266,0.001334666,0.124955619,0.002650016
197,0.015787795,0.025307883,0.001779849,0.048064619,0.005716009,0.010943314,0.00225793,0.005698943,0.001815682,0.000931837,0.000453929,0.006493692,0.001308278,0.012563694,0.002173597,0.004612477,0.000666157,0.12097033,0.005327902,0.015435637,0.006533668,0.16376757,0.017302935,0.019756277,0.002942933,0.002135755,0.137918149,0.010602571,0.134102696,0.015893645,0.078624381,0.005339479,0.022695817,0.002929519,0.005263155,0.000986444,0.009600391,0.00146263,0.022948804,0.002825452,0.060018191,0.002090891
198,0.030637873,0.037976208,0.0007027,0.010473298,0.001619067,0.008957104,0.00110391,0.008516587,0.001152793,0.001376585,0.000346683,0.034801081,0.001074638,0.006285843,0.001468909,0.002371144,0.000333957,0.06381282,0.00443099,0.039204997,0.002561864,0.220279422,0.007370611,0.131982174,0.001507451,0.016950863,0.060442121,0.003519989,0.102787021,0.005781401,0.006424341,0.001578913,0.015276975,0.000752791,0.002096422,0.000317624,0.003942546,0.000624721,0.032721913,0.001397732,0.138349382,0.001207479
199,0.012151364,0.020978107,0.000727994,0.038418309,0.002287226,0.00926093,0.001293114,0.004726563,0.00099204,0.00085163,0.000298678,0.006209464,0.000646503,0.007202883,0.000975681,0.00363185,0.000485486,0.148565791,0.004403031,0.009699251,0.002487161,0.136190579,0.007561924,0.014970639,0.001271451,0.001493156,0.152078488,0.004702563,0.138371204,0.007236956,0.038496688,0.00186999,0.005575424,0.001108002,0.002044373,0.000398597,0.006300755,0.000743936,0.019872981,0.001186086,0.189765983,0.001579521
200,0.008462384,0.012032818,0.000456311,0.014914053,0.001485453,0.005830155,0.0008172,0.003084968,0.000829014,0.000514848,0.000243944,0.003453619,0.000815099,0.002246258,0.000393307,0.001168951,0.0002169,0.165974946,0.00274492,0.008464307,0.001961022,0.093427821,0.007813831,0.01024029,0.001012003,0.000940306,0.073087797,0.005355175,0.090361615,0.009046603,0.007635323,0.001034322,0.002697482,0.000411218,0.000765477,0.000167861,0.001980518,0.000347707,0.013457955,0.001034238,0.445532942,0.002810047
201,0.013356951,0.017176869,0.00071096,0.014486864,0.002435057,0.009403346,0.001229728,0.00472833,0.001249235,0.000766102,0.000362269,0.007036351,0.001246406,0.003127999,0.000746847,0.001608732,0.000244843,0.189834552,0.00421132,0.01653453,0.003057567,0.143614336,0.011988155,0.021275016,0.001925678,0.001572649,0.067100705,0.007879714,0.104512325,0.013062539,0.005365149,0.001937757,0.004083452,0.000749128,0.000952509,0.000226404,0.002926418,0.000520106,0.021686846,0.001639569,0.297792184,0.003694149
202,0.0209266,0.016767228,0.000753603,0.012861562,0.002090513,0.011283601,0.001415774,0.006420004,0.001205655,0.001206612,0.000347492,0.011315661,0.001473329,0.00336629,0.001010993,0.001510492,0.000247729,0.166225088,0.005287529,0.023460455,0.003625822,0.180477072,0.011690971,0.030318437,0.001944843,0.006057106,0.058246382,0.006791706,0.111910385,0.011555512,0.004956774,0.001641451,0.003136688,0.000831722,0.000906292,0.000280372,0.003149401,0.000536687,0.031535609,0.001699053,0.246441787,0.003093451
203,0.013140546,0.071308802,0.000511328,0.027604836,0.001301869,0.014614324,0.001384167,0.006787071,0.001041502,0.00100427,0.000409178,0.005611105,0.000486478,0.008925126,0.000737468,0.005542395,0.000498272,0.047466861,0.007410658,0.011790844,0.001464938,0.245733216,0.005066072,0.048696447,0.000881657,0.001000005,0.14740704,0.002986027,0.12164572,0.004520221,0.014976673,0.001358756,0.03870091,0.000714262,0.007263719,0.000351128,0.005481344,0.000577266,0.035008693,0.000927104,0.095780299,0.000945877
204,0.00360253,0.135424021,0.002237355,0.363682352,0.002016657,0.008468248,0.001232482,0.006659317,0.002860406,0.000602145,0.000242675,0.001698341,0.000317707,0.021207278,0.005824463,0.012318731,0.000691871,0.003969784,0.003167986,0.003887889,0.001600345,0.056113449,0.002362142,0.00518895,0.000498506,0.000974076,0.234800066,0.003607605,0.022703355,0.001885287,0.02103997,0.01070934,0.010216868,0.002110169,0.062340292,0.001603571,0.004455762,0.00142211,0.0245727,0.000598537,0.001662974,0.000101283
205,0.006596345,0.277221511,0.003170202,0.073764199,0.004806908,0.012096161,0.001907109,0.0092862,0.004171918,0.001007873,0.000412485,0.004771629,0.000720032,0.01308682,0.006679381,0.021415853,0.000797942,0.006065376,0.00425347,0.009512083,0.002805782,0.055605352,0.005461848,0.026378908,0.001191291,0.001719187,0.150870952,0.007625799,0.03139465,0.00505464,0.015267559,0.015764348,0.022691551,0.002892151,0.17758978,0.002507562,0.006614167,0.001764903,0.016520884,0.001310903,0.001762677,0.000199722
206,0.002471923,0.011086229,0.008591719,0.003131532,0.001181855,0.026500632,0.008007121,0.017302909,0.009439258,0.001041194,0.001451193,0.000814682,0.00032408,0.013159187,0.005895404,0.249984726,0.05425684,0.00258272,0.020158057,0.005219203,0.002506112,0.020672615,0.006843674,0.001285171,0.000967517,0.002953333,0.005214525,0.002189458,0.005913,0.002320769,0.264705588,0.038318949,0.013854146,0.02578811,0.008037307,0.010138769,0.110991607,0.026146381,0.0093055,0.002388394,0.000753766,0.000243947
207,0.019560584,0.012848906,0.013566506,0.019719064,0.028478329,0.011274606,0.00951618,0.111899202,0.033764184,0.019995542,0.00530702,0.005453598,0.004910712,0.018732203,0.024868848,0.012929054,0.003795629,0.028204694,0.010738128,0.022128797,0.022973035,0.052286631,0.042845248,0.015455672,0.009567541,0.003411919,0.035106639,0.040972161,0.037996447,0.038809417,0.140609281,0.078780936,0.005667573,0.014492154,0.004466116,0.010212271,0.011182792,0.009473831,0.014567372,0.010014704,0.001312829,0.001272021
208,0.00621985,0.339139826,0.002175486,0.046740921,0.003980581,0.009808551,0.001609343,0.006656484,0.002626014,0.000675191,0.000328087,0.005158149,0.000665259,0.009492573,0.003299758,0.020674016,0.00073413,0.008799251,0.004300677,0.007944903,0.00224112,0.069953596,0.005286093,0.057441643,0.001160279,0.001178029,0.131955862,0.005814863,0.043564333,0.004865197,0.009631034,0.009105978,0.048180088,0.002179861,0.109872329,0.001701131,0.006192569,0.001450091,0.014116373,0.001196087,0.002942972,0.000201051
209,0.025935621,0.017321915,0.009930444,0.026231593,0.030228176,0.011816621,0.008776858,0.031741639,0.016514291,0.005238174,0.00269118,0.005313613,0.004856016,0.017086235,0.012397111,0.009017744,0.002674913,0.056040638,0.008034262,0.023469419,0.023669262,0.095501408,0.060248702,0.024424601,0.011896763,0.003925394,0.042380217,0.038783223,0.072618093,0.051365505,0.143326337,0.038974554,0.006259219,0.013636396,0.005073363,0.006225901,0.013501287,0.006780986,0.020120509,0.012046088,0.002284578,0.001742367
210,0.017394846,0.010736473,0.007247123,0.015752944,0.021286367,0.013251537,0.009203611,0.250062472,0.067730159,0.058608293,0.01582594,0.013789209,0.005251215,0.006952103,0.009773725,0.008745939,0.003274503,0.056145731,0.018742878,0.016357204,0.014138728,0.056845871,0.045590942,0.01323475,0.008722928,0.002574947,0.023789774,0.028453178,0.039714073,0.037323335,0.02885166,0.030187621,0.003834912,0.00872605,0.002634276,0.004304565,0.005350824,0.005383709,0.015596732,0.01073917,0.002001693,0.001730596
211,0.013591077,0.008482732,0.002000479,0.025732605,0.006986608,0.008049346,0.003121835,0.119941382,0.015013878,0.01637442,0.003075338,0.138984351,0.004577705,0.005635082,0.002372267,0.003032376,0.000847618,0.273865601,0.006997747,0.03668488,0.007569647,0.061529983,0.025603224,0.008817773,0.004191739,0.002593277,0.039449863,0.014629439,0.066391874,0.024740162,0.01523426,0.006070794,0.002193748,0.002569867,0.001542724,0.000893463,0.00410071,0.001392081,0.012828587,0.004197102,0.010617918,0.005285452
212,0.003710163,0.002380967,0.001855234,0.00312067,0.002649717,0.004702224,0.004028739,0.463782666,0.159429495,0.135827223,0.031997827,0.004070856,0.002873985,0.009671701,0.011664856,0.003744553,0.002060681,0.010468697,0.010938171,0.006651138,0.00378795,0.011871395,0.007564604,0.001816684,0.001302192,0.000762194,0.005710875,0.005057081,0.006743648,0.005085662,0.0311771,0.025696817,0.002125198,0.002351939,0.001306071,0.001352259,0.00395475,0.00604332,0.006671197,0.003517249,0.000518502,0.000324001
213,0.008631793,0.006841764,0.002796129,0.012834954,0.008772134,0.011588714,0.006354556,0.437400175,0.088817379,0.102012966,0.019940888,0.013147688,0.005527038,0.00559953,0.003866949,0.004222361,0.001941502,0.038124532,0.022440692,0.010626833,0.006085972,0.032386368,0.021829863,0.005569832,0.003750185,0.001949531,0.014164065,0.011075284,0.022785715,0.015704027,0.017167824,0.011625601,0.00245275,0.002725242,0.001840229,0.001672745,0.003522459,0.002201873,0.012816571,0.006839372,0.001521512,0.000923473
214,0.005792436,0.004946226,0.002917596,0.007438797,0.005438745,0.005559974,0.004976957,0.463350242,0.167697603,0.081278753,0.026883966,0.006466052,0.004434295,0.007237067,0.007104573,0.003095924,0.001968865,0.01933719,0.011881304,0.006702351,0.005372624,0.01861302,0.012127831,0.00385985,0.002237369,0.001296903,0.011621397,0.009462929,0.013124389,0.009286617,0.028384245,0.021012646,0.00266444,0.002663107,0.001997772,0.001784466,0.003016361,0.002891737,0.00792291,0.004318613,0.000773597,0.000537453
215,0.007507095,0.00545047,0.003572649,0.007457667,0.007749148,0.009105881,0.005623983,0.492873714,0.081720261,0.106739231,0.019140331,0.004608359,0.003297953,0.005296911,0.00607409,0.00491044,0.002082229,0.020303089,0.018344801,0.008603073,0.005809529,0.024368592,0.01632554,0.005078687,0.003049089,0.001244164,0.012934752,0.011500986,0.015913035,0.012262264,0.027899499,0.020041329,0.002921311,0.003475469,0.001921259,0.002527254,0.002888285,0.00277326,0.010380023,0.005430416,0.000935649,0.000611212
216,0.006243329,0.007634535,0.013498017,0.013209259,0.008146874,0.008202159,0.005316165,0.044964304,0.020334079,0.005758005,0.00165559,0.001065316,0.0016162,0.200304965,0.082370654,0.010664704,0.003360061,0.006572788,0.0061358,0.028135909,0.018641951,0.015296026,0.012008684,0.00209827,0.002862238,0.004643807,0.012818984,0.014048722,0.008870961,0.008751277,0.249305718,0.102626641,0.00822211,0.014282152,0.004367467,0.012292684,0.023054074,0.016033327,0.006407387,0.003586334,0.00053052,0.000480869
217,0.004526825,0.0059003,0.009650478,0.008600582,0.006760821,0.015305077,0.006174093,0.152095928,0.030655992,0.022428045,0.004082718,0.001506992,0.002061498,0.055208245,0.049521744,0.03682579,0.007985981,0.006623139,0.015520991,0.01365897,0.011018777,0.020660901,0.010575432,0.002037145,0.002374775,0.002072899,0.014628566,0.011958676,0.008315551,0.00722203,0.306251441,0.081026405,0.003622778,0.011378192,0.003527081,0.008155509,0.021017076,0.015996031,0.008463437,0.003575089,0.000647857,0.000391518
218,0.004475025,0.005390185,0.006597668,0.006826546,0.006047863,0.017624084,0.007227119,0.280834924,0.049520358,0.049410565,0.009767261,0.002357041,0.0022779,0.032098227,0.035802351,0.03546802,0.008193903,0.011819346,0.021286834,0.011147108,0.009026524,0.024336777,0.011031766,0.002383282,0.001995091,0.001817666,0.012332024,0.009605729,0.01068287,0.007546375,0.17992612,0.06174119,0.00377117,0.008890705,0.003347722,0.005654962,0.0177979,0.018679007,0.009670668,0.003843226,0.000976191,0.000456252
219,0.006974918,0.008179043,0.018127307,0.018359951,0.01368812,0.007167443,0.005168248,0.0348704,0.01413865,0.004307066,0.001079743,0.001288947,0.00185199,0.138247874,0.0520772,0.011934401,0.002963077,0.008356853,0.005042878,0.02291972,0.018460983,0.015933671,0.014314417,0.002474853,0.004552928,0.003612257,0.02260647,0.023952286,0.010295827,0.011593506,0.348138955,0.078001312,0.009339463,0.016133205,0.004551949,0.014455281,0.020692871,0.009093219,0.00630005,0.00366629,0.000539593,0.000611714
220,0.003758463,0.002969623,0.004894354,0.002835565,0.002858436,0.010880902,0.007422206,0.14176038,0.04621162,0.01471172,0.004042861,0.003028519,0.001420796,0.057419331,0.071031941,0.022484855,0.008328504,0.006809872,0.012679148,0.014994059,0.012360582,0.013761274,0.009567457,0.001156403,0.001284109,0.002387477,0.005391641,0.004494253,0.005868562,0.004993418,0.216949047,0.100655629,0.004306806,0.020897216,0.002037753,0.004866432,0.065972816,0.081639755,0.00596097,0.003556947,0.000577143,0.000417483
221,0.003800649,0.00438107,0.00509121,0.003298986,0.003248366,0.017748956,0.010350052,0.220306908,0.069203911,0.01970718,0.009364918,0.008403566,0.001905385,0.023627966,0.024496078,0.036045017,0.020534569,0.011823716,0.019628475,0.007562599,0.007424038,0.021454827,0.011348935,0.001733088,0.001365315,0.002125917,0.007681559,0.005197969,0.008878123,0.006169228,0.186163749,0.074153866,0.005783642,0.019164295,0.002699082,0.005337222,0.046311419,0.059892634,0.008329022,0.003735335,0.000888619,0.000511133
222,0.012979054,0.015621749,0.010850546,0.027886412,0.016164777,0.008547357,0.004713475,0.008554784,0.005307159,0.00101843,0.000592487,0.00181846,0.002170882,0.085402901,0.016899335,0.007692284,0.001781711,0.013291953,0.004642864,0.02604638,0.017219278,0.036974496,0.020118326,0.006902058,0.005012217,0.004485642,0.03841463,0.025828425,0.026798524,0.017992784,0.392301493,0.038926172,0.03275662,0.011471832,0.011859684,0.009114793,0.024525952,0.005826278,0.013940576,0.004666033,0.000825133,0.000770181
223,0.003630267,0.005738123,0.010184689,0.002047787,0.002139617,0.017057805,0.010873303,0.055562181,0.027818975,0.002826923,0.002826423,0.002648258,0.00071108,0.025962167,0.01793906,0.080244894,0.049168428,0.004359244,0.019544475,0.007616111,0.006232815,0.01369448,0.010947871,0.000929992,0.001360624,0.002718143,0.00378197,0.003753125,0.004562804,0.004231497,0.223448489,0.088738222,0.009244923,0.037764678,0.004336756,0.011754795,0.145842657,0.072182058,0.006512935,0.00421447,0.000506557,0.000416142
224,0.003026081,0.017563653,0.004930485,0.00418736,0.000973285,0.021779466,0.003940401,0.006776445,0.003965627,0.000532214,0.000552482,0.000545753,0.000228598,0.047617184,0.006341799,0.096467417,0.017178364,0.002585379,0.011874666,0.005181791,0.0023414,0.022082856,0.004350522,0.001823911,0.000655184,0.004652557,0.007937559,0.001696733,0.007858544,0.001816777,0.316035012,0.02560716,0.046829727,0.018345859,0.011860731,0.00544341,0.234546754,0.021850143,0.010073246,0.001617977,0.00113136,0.000177727
225,0.017750368,0.013864926,0.010806131,0.024114674,0.021284589,0.008589554,0.006295668,0.018169281,0.009050599,0.002016298,0.001097742,0.002506123,0.00313848,0.034635216,0.016313874,0.010045032,0.002539236,0.021075426,0.005327873,0.023057842,0.019039067,0.050610402,0.032881379,0.014969428,0.007635403,0.003538152,0.039685734,0.030563083,0.045723052,0.029459939,0.358333022,0.048026863,0.008851505,0.012677903,0.005466847,0.008651535,0.020441343,0.006870629,0.01332121,0.007125696,0.001008304,0.00100215
226,0.022872872,0.019423248,0.005731124,0.029302601,0.018563948,0.010195071,0.005173739,0.007296468,0.00424261,0.001148715,0.000729131,0.004162821,0.003186892,0.017722695,0.005966548,0.005776386,0.001373332,0.061499789,0.005436058,0.024738549,0.017202969,0.119118272,0.039472713,0.023643688,0.00781997,0.002974383,0.057889314,0.025071228,0.094986269,0.034239059,0.220690829,0.017388923,0.026870227,0.009106407,0.009082802,0.003479661,0.013086491,0.003750143,0.020956539,0.007365334,0.008149043,0.00159825
227,0.012232558,0.034746973,0.006357279,0.026768923,0.009807373,0.009816588,0.003486,0.006094748,0.00363849,0.000895235,0.00052149,0.001480086,0.00138308,0.07060007,0.010490369,0.007615082,0.001395487,0.008981648,0.00478262,0.020237273,0.011520944,0.052384405,0.013741266,0.009008226,0.003275484,0.003636567,0.038014825,0.014717412,0.030804842,0.012079528,0.157718808,0.021706596,0.250743807,0.008327818,0.104132526,0.005975056,0.014549353,0.00372618,0.019044925,0.003076716,0.001996316,0.000496692
228,0.015533815,0.024244086,0.004893559,0.026935688,0.012501351,0.008948235,0.003687725,0.005422342,0.003347322,0.00085842,0.000492825,0.001947232,0.001775676,0.027001669,0.006096105,0.004804275,0.001252791,0.015301448,0.004625192,0.022119392,0.011958241,0.077702745,0.021056829,0.016283929,0.004192397,0.002552436,0.042533378,0.016212529,0.055700229,0.018449236,0.131379586,0.015850017,0.280887699,0.006848058,0.085844548,0.003835494,0.011349884,0.003083901,0.017956474,0.004393683,0.003439634,0.000620215
229,0.02030347,0.021715671,0.006796698,0.030521805,0.01784996,0.009725255,0.005323253,0.006237054,0.0044927,0.000895239,0.000679458,0.002645238,0.002794269,0.030452453,0.008224937,0.005151951,0.001317199,0.024834895,0.005349025,0.027667621,0.017349498,0.08346366,0.03120015,0.019689415,0.00649324,0.003711821,0.044913471,0.023381914,0.065996773,0.027113116,0.290174247,0.021703055,0.067758285,0.009726781,0.020483171,0.005206114,0.014540011,0.004259281,0.020025766,0.006524569,0.0032157,0.000952856
230,0.018539275,0.024816875,0.003014572,0.037873348,0.010422189,0.009843681,0.002952177,0.005523376,0.002481817,0.000831612,0.000506233,0.003650001,0.001698219,0.017284561,0.0034683,0.004762842,0.000954941,0.057488732,0.005013719,0.016904097,0.009539483,0.145033916,0.022578506,0.023897724,0.004116973,0.002464788,0.086501144,0.014145613,0.111998581,0.019254017,0.142210449,0.008948388,0.106355488,0.005114513,0.022459899,0.001885873,0.010910032,0.00230457,0.020520921,0.004011234,0.023698986,0.001184592
231,0.007793221,0.075069111,0.005866131,0.025500833,0.003433814,0.012817995,0.002488233,0.006859843,0.003373385,0.000960523,0.000473677,0.001120179,0.000430238,0.227877486,0.021378862,0.011464373,0.00143588,0.00349854,0.005705072,0.01657135,0.008556028,0.037337245,0.00420791,0.0057132,0.001019119,0.009345926,0.020902478,0.004626719,0.013766761,0.003165387,0.054428853,0.019758619,0.19861991,0.006772334,0.13614267,0.005593692,0.027359883,0.005500155,0.018102022,0.001331296,0.001041186,0.000211169
232,0.007692651,0.047818585,0.007810164,0.022290455,0.006033895,0.008673134,0.002542226,0.005695515,0.003374226,0.000833921,0.000475643,0.001053694,0.000604847,0.143883936,0.018300703,0.008469713,0.001238417,0.00444915,0.00412593,0.016843663,0.010243955,0.032019291,0.00626968,0.004360109,0.001724398,0.004829596,0.023002391,0.009384146,0.01311543,0.004891871,0.102551753,0.023157048,0.230602863,0.008476535,0.18997096,0.006779036,0.014229625,0.003378553,0.015021842,0.001690673,0.00084916,0.000288244
233,0.005113993,0.070876113,0.002222071,0.012237517,0.001523022,0.011355366,0.00214774,0.006552721,0.003446168,0.000843745,0.000406465,0.000754915,0.000285776,0.303136308,0.020403019,0.007679688,0.001185278,0.002696984,0.005096199,0.015712478,0.007341541,0.023729463,0.003050064,0.005093707,0.000422534,0.008193655,0.01044301,0.001564074,0.008337171,0.00192417,0.076398453,0.016441423,0.170240046,0.005258932,0.113092721,0.002126651,0.061976037,0.011732154,0.01109747,0.001122739,0.000700736,0.00015361
234,0.006060663,0.00977206,0.003660684,0.003824422,0.001302977,0.014246408,0.005045398,0.010782115,0.006668849,0.001019312,0.00075171,0.000596669,0.000242792,0.191870493,0.029031417,0.016030866,0.003854369,0.002070446,0.013638085,0.024985899,0.013832655,0.017685388,0.005990201,0.002122536,0.000603124,0.00439175,0.006007495,0.001798128,0.005985181,0.002307872,0.098669528,0.034549453,0.182379152,0.020798297,0.008252723,0.004288059,0.202401124,0.048760508,0.008330488,0.002675352,0.000707975,0.000227645
235,0.005179435,0.005389315,0.003641472,0.003437391,0.00128801,0.009887278,0.004454429,0.012875111,0.008318999,0.001362749,0.000837163,0.000534113,0.000409722,0.174075595,0.031375012,0.005651591,0.002760568,0.002216398,0.009885966,0.021664695,0.014351716,0.012136228,0.006024297,0.001064071,0.000695179,0.004158297,0.003970159,0.002052152,0.004397421,0.002455724,0.212195246,0.041329384,0.023834449,0.020227483,0.003047072,0.003848423,0.289340397,0.051443241,0.00679994,0.002668868,0.000479035,0.000241435
236,0.003560422,0.144031766,0.004819577,0.004197036,0.001118654,0.017867386,0.006064377,0.013492918,0.00855827,0.000612989,0.00064338,0.000552837,0.00026749,0.070426941,0.014741979,0.036402249,0.007834119,0.001747663,0.012281211,0.008637561,0.004756894,0.016678269,0.006533903,0.005231517,0.000770504,0.004029474,0.008732234,0.001998725,0.006306551,0.002320011,0.037507763,0.046099093,0.110490568,0.021934843,0.203075154,0.005772588,0.111150118,0.04757584,0.006654896,0.002487697,0.000629068,0.000255649
237,0.003087571,0.00272642,0.001854226,0.002514145,0.002356742,0.008345792,0.006236013,0.41053651,0.165894144,0.140626503,0.029794512,0.005344451,0.003294857,0.007950491,0.008702534,0.011848357,0.007922476,0.009741447,0.014904644,0.005496588,0.003839474,0.014143894,0.008206974,0.001631563,0.001163957,0.000894067,0.005234226,0.004161041,0.006469987,0.004832714,0.044903099,0.024646816,0.002547175,0.003563522,0.001414296,0.001678092,0.008772127,0.01094149,0.007088199,0.003729993,0.000588795,0.000363362
238,0.006372951,0.002258315,0.000659367,0.001790471,0.001027356,0.002661583,0.002713947,0.516592351,0.091935018,0.251846828,0.02063114,0.007283682,0.001874337,0.001818243,0.002002104,0.001780174,0.001828515,0.005750896,0.011671943,0.01097629,0.001797999,0.012124893,0.004728641,0.002502145,0.000702221,0.000328832,0.003354995,0.001672146,0.005228945,0.002160978,0.005275078,0.007034717,0.000686944,0.000624172,0.000486608,0.000390796,0.001353787,0.002300425,0.012383213,0.004577903,0.000500741,0.000176219
239,0.00328656,0.003223186,0.001510366,0.001888992,0.001759176,0.014919947,0.008771648,0.417164264,0.122388235,0.197464775,0.036078645,0.005821853,0.002147647,0.003444497,0.003430623,0.019210046,0.010238248,0.007093281,0.024695133,0.005672787,0.002480739,0.018820005,0.007749462,0.001687109,0.000775392,0.000768247,0.004403644,0.002693238,0.006264073,0.003303864,0.025438499,0.012895971,0.002182698,0.002907673,0.001440121,0.001678669,0.005756292,0.005874322,0.009860799,0.003683492,0.000703811,0.000287518
240,0.002922321,0.005264272,0.005317422,0.002926664,0.002674635,0.027290595,0.015583387,0.306592825,0.071446642,0.033783935,0.01482832,0.011679695,0.0016315,0.006217211,0.00695359,0.094004954,0.054799112,0.009826719,0.032737364,0.005812141,0.003679899,0.026653248,0.011762045,0.001610987,0.001289049,0.001878233,0.006287261,0.003857127,0.007954644,0.005069253,0.086883997,0.039914959,0.007740949,0.015526013,0.003574076,0.006493955,0.023928814,0.023582529,0.010952322,0.003798792,0.000917661,0.000501112
241,0.006043416,0.00257716,0.000677847,0.001101775,0.00096691,0.019321928,0.012548473,0.285708817,0.10619418,0.274762133,0.094202825,0.002359412,0.001548634,0.000979605,0.000916816,0.002016721,0.001235377,0.003295786,0.090925921,0.006692108,0.003461762,0.025362889,0.012143285,0.002129698,0.001022151,0.000249552,0.002610573,0.001487622,0.00408876,0.002472451,0.003798774,0.002511671,0.000539134,0.000450804,0.000491021,0.000718478,0.001094641,0.000950654,0.023999599,0.014145217,0.000480803,0.00024551
242,0.003038698,0.005036484,0.003264333,0.002348847,0.002598096,0.054137722,0.044118435,0.324956519,0.08821854,0.080045845,0.037803821,0.00571289,0.002306155,0.002816359,0.003402619,0.015004145,0.009277049,0.005925652,0.148891938,0.005668778,0.005069336,0.040897035,0.023999354,0.001591263,0.001174834,0.001095051,0.004685959,0.003456138,0.006489841,0.005695465,0.012986793,0.00743583,0.002203147,0.002532071,0.001979987,0.006625477,0.004757248,0.006341956,0.016942941,0.006918571,0.000797274,0.000554268
243,0.003453706,0.009859581,0.008183242,0.00404758,0.003438193,0.056450628,0.038260574,0.111391573,0.053554417,0.015741697,0.016731273,0.004130496,0.001408206,0.007003173,0.006627666,0.176836842,0.073847048,0.005779708,0.091621818,0.007848834,0.006323564,0.045566247,0.022832328,0.002000261,0.001619667,0.002435391,0.007717956,0.004656957,0.009083344,0.006674127,0.067573906,0.025325678,0.008917439,0.016845751,0.006642939,0.015986893,0.016774575,0.01563335,0.019323022,0.007117242,0.001249152,0.000696509
244,0.005736321,0.002929501,0.000868135,0.001016029,0.000933819,0.044481193,0.029535244,0.253150795,0.062308033,0.124367391,0.058515922,0.002367844,0.001026835,0.001123183,0.001050581,0.003062147,0.001730742,0.003203596,0.227263446,0.006732602,0.003499636,0.051156822,0.024542126,0.002455583,0.001199406,0.000291291,0.003234372,0.001349776,0.005407702,0.00237659,0.004639153,0.002883526,0.000732263,0.000601568,0.000454715,0.001337291,0.001456545,0.001260969,0.042384845,0.027611845,0.000644673,0.000232258
245,0.007817154,0.003253231,0.000861585,0.000921701,0.000899261,0.036396945,0.032486408,0.156376855,0.053136146,0.114736903,0.067797043,0.000877411,0.000796589,0.000738471,0.000867874,0.00224642,0.001462313,0.002505759,0.278269204,0.006486283,0.004577371,0.058403142,0.033046574,0.003039436,0.001700425,0.000225696,0.003233221,0.001519313,0.005215381,0.002682201,0.00315586,0.00279229,0.000622179,0.000510744,0.000438899,0.000758506,0.000973531,0.00101496,0.067732076,0.050062664,0.000675258,0.000295594
246,0.023719068,0.027878821,0.000322118,0.011580379,0.000881562,0.169006595,0.003066831,0.014433671,0.001450079,0.002816273,0.001233278,0.00257146,0.000273203,0.005227595,0.00086771,0.004224997,0.000301442,0.008802375,0.03286814,0.02779713,0.001246216,0.318105833,0.003898074,0.017780251,0.000326403,0.001233312,0.030322767,0.000945778,0.035622221,0.001402042,0.004214029,0.001132142,0.002995068,0.000367131,0.007217994,0.000247383,0.007234888,0.000747185,0.229287797,0.001852225,0.004881142,0.000167682
247,0.002146299,0.039736465,0.006912243,0.003455093,0.001241659,0.030508306,0.010379376,0.009411308,0.006646498,0.000713053,0.001383583,0.000731345,0.000258482,0.023150513,0.004096552,0.185987155,0.048923136,0.00267528,0.031779391,0.005227725,0.002210784,0.035364345,0.007425961,0.006894635,0.000977141,0.002019284,0.015424319,0.002157273,0.013342544,0.002478574,0.058724425,0.015387979,0.311492553,0.017532849,0.024797403,0.010322318,0.043079223,0.01200006,0.0118457,0.002349167,0.002303083,0.000259443
248,0.002048129,0.017988813,0.004091733,0.004731766,0.001215287,0.037477691,0.009656705,0.008093159,0.005725946,0.001396458,0.002033492,0.000604898,0.000207475,0.019031646,0.002439279,0.343746833,0.022299267,0.00432587,0.043263278,0.005632647,0.002198532,0.05251467,0.006461003,0.002832829,0.000609687,0.001747775,0.012179272,0.001763814,0.011640575,0.002164524,0.173855124,0.006143281,0.090611978,0.006937526,0.015230303,0.006765411,0.043978728,0.004703185,0.023469674,0.002105592,0.002236656,0.000228483
249,0.004618985,0.008055378,0.002358998,0.004093673,0.002051424,0.104812794,0.054180455,0.181159253,0.052803632,0.044450491,0.024774798,0.00324315,0.001167631,0.005393886,0.003228626,0.014142863,0.006585722,0.005389353,0.228592858,0.010249228,0.005363104,0.083335749,0.030710734,0.00274738,0.001123229,0.001316711,0.009233666,0.002829874,0.011744505,0.005105685,0.01252346,0.005808305,0.002575892,0.002122019,0.0022565,0.005935685,0.008909993,0.005408493,0.034859761,0.0109214,0.001701678,0.00048003
250,0.003697061,0.020835648,0.006050573,0.008454898,0.001783877,0.067768342,0.018716515,0.023066939,0.01132683,0.003226727,0.004528054,0.001098516,0.000468998,0.014883238,0.004173668,0.308078729,0.034767466,0.005042375,0.067385981,0.009107765,0.003110033,0.079149475,0.012408199,0.003524111,0.000982536,0.0035147,0.016255493,0.00258059,0.015722527,0.003458057,0.116213581,0.009545738,0.013770726,0.010630923,0.014007378,0.010407149,0.028599286,0.007127542,0.034010871,0.00378719,0.002376162,0.000342057
251,0.004693991,0.025494839,0.003411529,0.010757097,0.001798841,0.130781235,0.02158585,0.025277746,0.009621285,0.003210164,0.004063479,0.001882367,0.000454483,0.02092342,0.003113134,0.103073404,0.011630723,0.006996326,0.14703173,0.014506281,0.003254095,0.13462521,0.01181299,0.005469024,0.000658726,0.003047436,0.022951819,0.002168248,0.024167477,0.003186549,0.076093365,0.005283937,0.029332745,0.004104893,0.011755706,0.00840882,0.040798247,0.005252763,0.058303844,0.00330444,0.003609544,0.000320016
252,0.008285673,0.012732801,0.000839383,0.00402066,0.00074883,0.172940028,0.036266483,0.086520599,0.015174598,0.015236537,0.010366379,0.001354402,0.000294987,0.004961006,0.001156043,0.008695283,0.001813989,0.004932452,0.240335975,0.014700906,0.002848379,0.167630257,0.023182833,0.006224645,0.000642519,0.000998965,0.012915304,0.001129811,0.017773658,0.001905,0.010688614,0.002817679,0.002979402,0.000936363,0.002108565,0.002323538,0.007296876,0.001447414,0.082985227,0.014312223,0.002289597,0.000201504
253,0.002025438,0.149644387,0.003832064,0.003067447,0.000786276,0.021762535,0.006280277,0.005915157,0.003894661,0.000445976,0.000809694,0.000829705,0.000160435,0.019074796,0.002390933,0.147098463,0.026096678,0.00199529,0.02317333,0.005131057,0.001319833,0.036588786,0.004567024,0.014879914,0.000565962,0.001218841,0.019561916,0.001320343,0.015371892,0.001530631,0.018452682,0.008542781,0.33076736,0.009839418,0.066789185,0.006249401,0.031253446,0.006778309,0.010458269,0.001357853,0.001773016,0.00015583
254,0.002979085,0.168000902,0.002960933,0.00926389,0.001040856,0.052813398,0.007513331,0.010226548,0.004816161,0.001205512,0.00133349,0.001473799,0.00022279,0.013775971,0.002309994,0.252112436,0.018097458,0.004139594,0.017889514,0.010114305,0.001613261,0.061359943,0.005208817,0.009396401,0.000487123,0.002179985,0.019185473,0.00142396,0.016003312,0.00182205,0.021723143,0.00674447,0.029575839,0.006355286,0.168987706,0.005005374,0.028385114,0.005137647,0.029429034,0.001459481,0.002117601,0.000185802
255,0.007444423,0.122391298,0.001775038,0.017919523,0.001360718,0.150376537,0.010423399,0.010100352,0.004347383,0.001728483,0.001769667,0.00304218,0.00034107,0.017303807,0.002263402,0.092226863,0.005128709,0.008445457,0.036601752,0.03445802,0.001821185,0.158861359,0.006974693,0.014508053,0.000484497,0.00289274,0.038844499,0.001616335,0.03697065,0.002386732,0.013724754,0.003673852,0.015854612,0.002374858,0.070737326,0.003347791,0.02957344,0.003120521,0.070123852,0.001737352,0.004761708,0.00023205
256,0.01262631,0.058713715,0.000637718,0.02079715,0.001172161,0.211119083,0.004510191,0.010385785,0.001817773,0.001569868,0.001022067,0.003753363,0.000266949,0.01264851,0.001635478,0.023797194,0.00114747,0.010493606,0.026802071,0.041754982,0.001343725,0.243986608,0.004088975,0.014430488,0.000322921,0.002813124,0.047258285,0.001182775,0.043636532,0.001692575,0.008690018,0.001975586,0.005501294,0.000762639,0.027014378,0.000751197,0.01932401,0.001304112,0.136104441,0.001310239,0.005720789,0.000173304
257,0.012075807,0.039530357,0.001159251,0.008130798,0.000983253,0.211304564,0.018559889,0.009850276,0.00483236,0.002567403,0.004497518,0.002846288,0.000276383,0.009010106,0.001145233,0.01351542,0.001309584,0.006820027,0.144392297,0.035522249,0.002043755,0.223953323,0.013830215,0.012076937,0.000430851,0.001546893,0.021585209,0.001074077,0.027755969,0.001706731,0.007195793,0.001806511,0.008053525,0.000800518,0.01374858,0.001908082,0.013488431,0.001240909,0.12062941,0.006435024,0.003192777,0.000163945
258,0.001394503,0.258641976,0.003652264,0.005210989,0.0005632,0.013798876,0.00351971,0.006502588,0.004052367,0.000272161,0.000368253,0.000411509,0.0001368,0.016328427,0.003361685,0.134279074,0.013448799,0.001238719,0.008307576,0.002790112,0.001036745,0.015882911,0.003080139,0.006981452,0.000410013,0.001467728,0.010629579,0.000999032,0.005741023,0.00114486,0.036829459,0.01913156,0.066505622,0.012153832,0.25958664,0.004209556,0.057477051,0.015747296,0.005432914,0.001029059,0.000621142,0.000108462
259,0.001234102,0.28402325,0.001831936,0.00188446,0.000415359,0.011397168,0.002842322,0.003261763,0.002084713,0.000254749,0.000365763,0.000524178,0.000100838,0.01102548,0.001302278,0.2573457,0.012883086,0.001312738,0.010343595,0.003095449,0.000871357,0.023338742,0.002179429,0.018926469,0.000208624,0.000638742,0.014708986,0.000602413,0.010399358,0.000755631,0.013566069,0.005242755,0.12885329,0.004879121,0.136807939,0.002975534,0.021712899,0.004181618,0.005940352,0.000576501,0.000933649,8.70E-05
260,0.001102066,0.30569503,0.002322738,0.001352134,0.000346032,0.008007783,0.002143735,0.002867054,0.002149115,0.000163209,0.000307313,0.000358627,9.48E-05,0.011164327,0.001588289,0.147847129,0.009511294,0.000882324,0.007247493,0.002438735,0.000819039,0.016194017,0.001972663,0.011467698,0.000267434,0.000692743,0.010560178,0.000608758,0.007347423,0.0006931,0.015480998,0.008545488,0.204025078,0.006110605,0.170054789,0.00267468,0.031372807,0.006870854,0.003583035,0.000582243,0.000572822,8.24E-05
261,0.00227745,0.230637684,0.002286683,0.004160739,0.000863702,0.031790646,0.007562726,0.005116715,0.003447918,0.000684692,0.001230508,0.001068559,0.000173989,0.013238339,0.001582404,0.251958216,0.014149187,0.002194403,0.025556524,0.007470289,0.001634323,0.043470811,0.004506497,0.022743106,0.000427205,0.000972372,0.01981108,0.001030061,0.015785377,0.00150072,0.012981814,0.004599104,0.117311658,0.004530002,0.100639072,0.0044887,0.020733971,0.003790629,0.016026936,0.001504015,0.001342535,0.000148469
262,0.004163533,0.200246138,0.002570688,0.007869229,0.00139424,0.087730389,0.018603663,0.008056075,0.006723721,0.001756519,0.002937668,0.002140548,0.0003734,0.018598616,0.002260947,0.110001164,0.007646716,0.004503981,0.085795092,0.020112749,0.002596189,0.083265726,0.010240268,0.024915858,0.000524103,0.001753402,0.026953196,0.001712822,0.025035099,0.002758043,0.013249816,0.003886184,0.074437661,0.00332695,0.068176612,0.005313348,0.028989472,0.004321357,0.030547478,0.002597304,0.0023139,0.000274936
263,0.003320025,0.119421132,0.00549158,0.006287014,0.001741932,0.053231954,0.01806064,0.01055586,0.008690176,0.001577617,0.003018462,0.001407961,0.000320734,0.025926027,0.003507027,0.145768715,0.026820925,0.003978955,0.071248769,0.01046936,0.002694213,0.06759306,0.010191734,0.016392686,0.00077119,0.001940704,0.026760536,0.002371096,0.023315165,0.00322523,0.02409397,0.00796903,0.168413014,0.008749984,0.043917634,0.010956789,0.03487469,0.007238907,0.021892357,0.002836649,0.003574295,0.00032338
264,0.004105484,0.039622781,0.005129299,0.006876491,0.002334247,0.088207924,0.029154432,0.014397159,0.012611304,0.003105863,0.00482463,0.001432113,0.000540796,0.027924017,0.003830944,0.085107455,0.018964215,0.005519037,0.150822635,0.01284363,0.004788348,0.084465144,0.015802719,0.008013383,0.000913869,0.002565432,0.023405991,0.00288923,0.02351161,0.004411338,0.04739925,0.006448598,0.144036795,0.006824718,0.016732035,0.011712528,0.043358754,0.007638321,0.030929017,0.003767145,0.004170351,0.000435517
265,0.004144275,0.076999183,0.001918028,0.005166615,0.001165212,0.139591566,0.027158894,0.010649646,0.006902561,0.002386429,0.00325177,0.001513347,0.000307238,0.019011399,0.001541388,0.042582115,0.004487595,0.004097198,0.230103054,0.014804586,0.002716976,0.12166464,0.016080128,0.01265917,0.000558172,0.001254478,0.022378466,0.001396124,0.022241785,0.00231866,0.015328478,0.002766937,0.074666783,0.002172653,0.025038245,0.004422497,0.023556523,0.002787098,0.048394917,0.005149615,0.002668051,0.000206789
266,0.003803273,0.022524965,0.002742827,0.006266429,0.00147907,0.144699744,0.023919548,0.015751551,0.008269888,0.00293476,0.003289285,0.001567854,0.000323704,0.021907081,0.002304478,0.054772313,0.00810214,0.005442979,0.228040545,0.012901045,0.002823989,0.119467123,0.012960767,0.005927974,0.000603012,0.001934804,0.019135316,0.001830017,0.020281992,0.002697266,0.054896678,0.003900548,0.07282354,0.003138713,0.009948278,0.0063596,0.035511819,0.004101563,0.051322041,0.00342238,0.003962814,0.000268145
267,0.005606308,0.021365338,0.00162242,0.008526793,0.001213851,0.192992997,0.025971384,0.032115428,0.008489951,0.004168185,0.003381274,0.001845296,0.000316593,0.014813677,0.001907044,0.028935054,0.003787618,0.006680198,0.216691111,0.018084442,0.002894882,0.16535442,0.01425445,0.005975676,0.000496705,0.002290871,0.02176998,0.001570342,0.024209011,0.002526782,0.027898372,0.002943409,0.0188727,0.001757357,0.006849744,0.004145723,0.024338578,0.002695864,0.070940981,0.004068849,0.00380353,0.000237942
268,0.015853746,0.007418657,0.001059704,0.002042173,0.000996349,0.064316421,0.029247441,0.088298641,0.031078213,0.051561168,0.039365044,0.001203189,0.000843393,0.001594708,0.000947245,0.003075648,0.001307322,0.004203295,0.249383189,0.012106292,0.006011196,0.123167696,0.034685169,0.007756416,0.002401441,0.000335878,0.006991422,0.001913434,0.011047678,0.003314594,0.003894363,0.002841843,0.001117397,0.000553545,0.000850679,0.000848763,0.001964459,0.000944076,0.13565762,0.055717399,0.001520685,0.00036758
269,0.006778523,0.016660016,0.001053079,0.004079794,0.000713204,0.215676852,0.020379613,0.02028199,0.005606085,0.002734802,0.003914284,0.001440262,0.000236645,0.008946014,0.000915347,0.014415994,0.002102131,0.00437404,0.226782752,0.015588937,0.0019166,0.204641358,0.013423017,0.007567398,0.000376984,0.000968614,0.01400139,0.000932296,0.017870509,0.001414458,0.013542568,0.00188306,0.021177416,0.001092687,0.005596474,0.001860497,0.013048395,0.00140286,0.101308725,0.007416386,0.002567274,0.000144311
270,0.020096829,0.016752844,0.000541905,0.004350871,0.00064003,0.178468853,0.015097598,0.028599983,0.005107005,0.003583145,0.004143675,0.00165953,0.000197351,0.004215351,0.000782828,0.004511551,0.000759178,0.006299037,0.170293333,0.021561435,0.001863497,0.253599286,0.011528997,0.012951911,0.000437857,0.000760271,0.015743025,0.000911049,0.024171515,0.001365318,0.005382349,0.001787387,0.004361081,0.000553858,0.002314311,0.000749336,0.005508682,0.000730044,0.162600633,0.010079339,0.002913558,0.000131249
271,0.025833689,0.025048124,0.000390973,0.006039032,0.000801814,0.166334015,0.003448439,0.012918798,0.001282118,0.001641963,0.0012347,0.00195917,0.00014198,0.003841999,0.000607234,0.002804085,0.000314605,0.007128422,0.052382696,0.019421827,0.001041506,0.322493921,0.003587104,0.018913465,0.000254201,0.000935712,0.02031512,0.000825992,0.028034467,0.001165449,0.00329957,0.001071805,0.002628692,0.000291901,0.003890964,0.000326312,0.005019834,0.000510521,0.253237858,0.001979399,0.003672303,0.000117571
272,0.025737241,0.028672918,0.000259837,0.008892681,0.000489957,0.060543617,0.001743056,0.034203392,0.001856631,0.008246383,0.00119313,0.003693617,0.000171834,0.003415481,0.000534852,0.003027348,0.000155582,0.006706049,0.027524381,0.0259416,0.001322258,0.274915355,0.003299903,0.016535436,0.000411351,0.000566136,0.023434664,0.000725128,0.024859046,0.000983056,0.002965936,0.000926926,0.002843123,0.000233871,0.003210273,0.00023418,0.002791885,0.000376327,0.399288469,0.003159451,0.003577668,0.000112645
273,0.02353673,0.017156735,0.000692637,0.004552365,0.001624123,0.028575419,0.007044622,0.127396962,0.023363694,0.07449145,0.024596307,0.003385873,0.000818856,0.002415628,0.001076374,0.001621246,0.000358137,0.005590163,0.067229909,0.018451034,0.004292183,0.154514999,0.014499704,0.017337921,0.001692378,0.000585339,0.012338185,0.001694991,0.017500006,0.002983682,0.002156629,0.001501205,0.001667653,0.000351359,0.001611354,0.000317369,0.001890886,0.000547696,0.302355355,0.032535079,0.002405044,0.000300005
274,0.017988473,0.039596082,0.000360114,0.014604082,0.000661223,0.082287039,0.002083716,0.026227605,0.002022275,0.006371036,0.001370312,0.002557722,0.000187006,0.00539475,0.000831323,0.00695673,0.000402587,0.007924568,0.029927933,0.017313815,0.001074863,0.266274234,0.00307613,0.018876992,0.000341109,0.000801126,0.039852596,0.000915766,0.032710395,0.001114987,0.005364177,0.00137826,0.004125783,0.000395074,0.007868283,0.000319026,0.004741709,0.000611279,0.344872506,0.002981027,0.005027358,0.000121639
275,0.011088046,0.019280416,0.002230456,0.016453868,0.00652554,0.00617599,0.001748247,0.003684512,0.001815957,0.000490541,0.000263958,0.001797471,0.001090813,0.020895244,0.003029978,0.004829721,0.000932647,0.011469297,0.003304348,0.010042555,0.005311683,0.06943225,0.011238159,0.013935861,0.001984687,0.001409465,0.033891551,0.008649803,0.050309453,0.009964809,0.082472573,0.007598432,0.438045451,0.00369239,0.124468391,0.001862922,0.010413814,0.001860163,0.012569391,0.002194503,0.003031536,0.000370225
276,0.002451862,0.015026978,0.003408926,0.002859848,0.000737911,0.01298386,0.002920447,0.004591088,0.003032852,0.00036687,0.000433089,0.00039621,0.000178276,0.074352482,0.005589039,0.065523726,0.011342609,0.002033889,0.009578585,0.004178181,0.002185079,0.018583452,0.003198626,0.002421765,0.000476023,0.002848084,0.009137567,0.00126116,0.007691729,0.001347127,0.248968219,0.01816379,0.215244813,0.013852976,0.012180173,0.004095882,0.199053076,0.017650288,0.006690455,0.001230299,0.001505574,0.000123219
277,0.002042052,0.023186921,0.006015746,0.002821104,0.000936698,0.019320563,0.004743491,0.005825398,0.004177352,0.000453936,0.000759211,0.000447868,0.000177709,0.026666609,0.00359025,0.225256627,0.033730531,0.002348923,0.014537977,0.00340851,0.001676446,0.024294161,0.004171659,0.003781887,0.000722536,0.001648243,0.011995925,0.001618373,0.009866736,0.001706733,0.151584639,0.019825398,0.248939551,0.01832387,0.019086425,0.006861947,0.077662955,0.014764298,0.008648163,0.001431694,0.00164337,0.000155581
278,0.001743198,0.024331547,0.004575307,0.004022672,0.000765165,0.023839084,0.005124566,0.005970801,0.003361166,0.000734244,0.001024655,0.000360245,0.00013646,0.015418496,0.002509141,0.406559424,0.028768102,0.002378683,0.018942071,0.004069622,0.001419162,0.028618215,0.004037047,0.002413308,0.000521569,0.002252502,0.009300413,0.001310847,0.008248651,0.001411504,0.203833813,0.009292965,0.063095649,0.010848559,0.018471147,0.005322631,0.0565806,0.006005616,0.014281748,0.00129248,0.001395369,0.000134048
279,0.003884703,0.191193665,0.001609668,0.100382768,0.001138273,0.013541812,0.002115127,0.007259764,0.003315541,0.000743665,0.000472096,0.001100574,0.000174471,0.069732438,0.005799017,0.01844056,0.001997858,0.003981088,0.006129342,0.005335178,0.001904936,0.049733724,0.002571449,0.00754098,0.000343685,0.003103559,0.072396699,0.00162732,0.015974397,0.001431835,0.034135194,0.012148496,0.022745829,0.00498493,0.245797503,0.001706812,0.059380281,0.009887381,0.027743184,0.00086334,0.002031323,0.00012339
280,0.005795689,0.170815966,0.001888518,0.175071158,0.001890353,0.012241797,0.001633978,0.007320107,0.002885636,0.000988027,0.000471869,0.001819833,0.000332668,0.066912675,0.007292442,0.012678291,0.000874852,0.005273149,0.005201916,0.006552374,0.002235436,0.066067074,0.002580401,0.009658484,0.000460713,0.003015358,0.119066532,0.003062864,0.023150159,0.001956785,0.028012502,0.010857065,0.020318382,0.00200362,0.190736529,0.001560132,0.012272088,0.002052431,0.036731528,0.000791734,0.002182337,0.000114181
281,0.005446771,0.184748918,0.002936879,0.215891004,0.002204877,0.01148756,0.001465532,0.007975731,0.003055563,0.000866725,0.000374541,0.002106628,0.000366211,0.037563275,0.00791171,0.012823416,0.000714133,0.004264422,0.004532096,0.006088185,0.002052672,0.076679774,0.002705797,0.006238421,0.000510229,0.001604027,0.158672718,0.003975293,0.024579585,0.002037879,0.023467943,0.012763081,0.010404074,0.002189868,0.139898217,0.002239345,0.004993686,0.001506365,0.039923004,0.000772079,0.001632689,0.000114095
282,0.005649388,0.230381495,0.001314934,0.165946674,0.001379109,0.011322381,0.001243666,0.006660218,0.002192245,0.000822759,0.000436519,0.001538768,0.000232941,0.034232208,0.004117371,0.013443311,0.00074502,0.004227546,0.004711646,0.004638302,0.001428048,0.085860764,0.001948856,0.008770178,0.000361512,0.000885336,0.134993698,0.002403207,0.023461165,0.00141526,0.018914497,0.00723914,0.010399521,0.001309088,0.163146138,0.001015345,0.005542654,0.001201421,0.056224398,0.000631523,0.001961626,8.58E-05
283,0.00551083,0.085148909,0.001880923,0.274844002,0.002010032,0.009871055,0.001281517,0.007090306,0.002634467,0.000758447,0.000347494,0.002816519,0.000314278,0.013550015,0.00391952,0.009012022,0.000663058,0.008862838,0.004101315,0.00487647,0.001312765,0.127515825,0.002614249,0.006039961,0.000660028,0.000938494,0.277883195,0.003617455,0.047349999,0.00216549,0.019061347,0.008598427,0.01088956,0.001532856,0.031305471,0.001281086,0.004103067,0.001146056,0.046889192,0.000676543,0.003862601,0.000140961
284,0.003640593,0.280389125,0.001982759,0.193877287,0.001870511,0.011916694,0.001168829,0.005730555,0.002331503,0.000540756,0.000276123,0.001213612,0.000288803,0.019071881,0.005071176,0.024064055,0.000623559,0.003051632,0.003870396,0.004882582,0.001538621,0.072864904,0.002063463,0.00599225,0.000454361,0.000804996,0.183658565,0.003148369,0.02087845,0.00160659,0.013648767,0.00875924,0.006743111,0.001452991,0.095319308,0.001422397,0.00408409,0.00106896,0.034809278,0.000562886,0.001348921,7.78E-05
285,0.005319135,0.255253499,0.004042741,0.128708577,0.003226592,0.01265187,0.001761647,0.008742037,0.004043161,0.00088924,0.000384155,0.001656199,0.000496955,0.026361291,0.010666501,0.018601632,0.000781491,0.003893603,0.004626563,0.007587194,0.002994945,0.06255391,0.00359118,0.010112944,0.000870932,0.001594518,0.153115976,0.005764076,0.021966882,0.002882492,0.021441538,0.017083061,0.009709169,0.003109699,0.163803088,0.003042342,0.005371197,0.00176491,0.028037924,0.000948439,0.001356579,0.000131444
286,0.006495681,0.163824139,0.001040568,0.095052998,0.001035341,0.020574913,0.001750022,0.008848984,0.002461642,0.001079563,0.000606668,0.001845419,0.000210479,0.036754923,0.003246063,0.024076725,0.001534406,0.007940493,0.008021543,0.006015115,0.001230162,0.140422695,0.002195694,0.014947769,0.000334183,0.000899399,0.10975394,0.001911471,0.036267735,0.00144344,0.026596286,0.006127781,0.02007966,0.001490315,0.096966454,0.000993589,0.015924739,0.002424769,0.137544101,0.000699446,0.004896227,9.87E-05
287,0.005756142,0.06657855,0.001416918,0.245783567,0.001840428,0.009738563,0.001296242,0.005594785,0.002184795,0.000588394,0.00030013,0.003031004,0.00031072,0.009401635,0.002708055,0.013850084,0.001333792,0.018963766,0.003718428,0.004965029,0.001178133,0.097174955,0.002632019,0.007581363,0.000527854,0.001160154,0.334609315,0.003274968,0.064066485,0.002272066,0.012583075,0.008115029,0.00639684,0.00195494,0.038569605,0.001003079,0.007641433,0.001709806,0.031844489,0.000696314,0.010522431,0.000162241
288,0.003464922,0.16614885,0.001046555,0.027179117,0.000667202,0.049364082,0.002636728,0.008878939,0.002329093,0.000919104,0.000627533,0.001118589,0.000145187,0.016919927,0.001740327,0.172271166,0.005029637,0.004829833,0.009736442,0.006191607,0.000881862,0.138854456,0.002133812,0.007950731,0.000229981,0.001365975,0.046083665,0.000889115,0.020038231,0.000979329,0.018784241,0.00459955,0.011253594,0.002130164,0.152056469,0.001341405,0.017804058,0.002434243,0.09133336,0.000633567,0.003164351,8.54E-05
289,0.003824972,0.169818497,0.000984619,0.041094164,0.000641056,0.045060173,0.002500263,0.009876281,0.002797817,0.001100794,0.00072422,0.001129642,0.000136937,0.024930291,0.002208149,0.125030385,0.004314393,0.005092771,0.011877415,0.005107088,0.000822202,0.149073285,0.002023588,0.008984676,0.000254408,0.001176803,0.058260709,0.000982375,0.020525973,0.001002428,0.027793956,0.005295498,0.016108525,0.001789226,0.120144786,0.001125818,0.021103897,0.002692703,0.106722684,0.00062344,0.003109377,8.26E-05
290,0.03116138,0.038183146,0.000597132,0.021281276,0.000782216,0.018111972,0.001990984,0.055387897,0.005225789,0.025573169,0.003463341,0.01141504,0.000384768,0.010430404,0.001257994,0.008557536,0.000706239,0.00930182,0.013964821,0.036206571,0.001779946,0.16681815,0.004538835,0.020242998,0.000754508,0.000683835,0.038888103,0.001344385,0.033104541,0.001654232,0.009800497,0.002441782,0.006757149,0.000700751,0.00811594,0.000446925,0.007953896,0.001297543,0.402734259,0.006808647,0.00450324,0.000171284
291,0.006761227,0.09065935,0.000535302,0.023017519,0.000654672,0.086193027,0.002238433,0.01130591,0.001722695,0.001556436,0.00073955,0.001332647,0.000136351,0.012057653,0.001400026,0.044096653,0.001328082,0.007537471,0.014584142,0.007929397,0.000695109,0.273874004,0.00195458,0.015258662,0.000199609,0.0015159,0.052432099,0.000893839,0.031620458,0.000978019,0.009744154,0.002244774,0.006710353,0.000815983,0.03744578,0.000630695,0.009408093,0.001157068,0.236610854,0.000648686,0.005301139,0.000101146
292,0.009885258,0.050983398,0.000436601,0.021723223,0.00054478,0.054297933,0.00210272,0.021098556,0.001839786,0.004138609,0.000986236,0.001941473,0.000146381,0.007308931,0.000993604,0.013654298,0.000719902,0.007806348,0.019692045,0.008617085,0.000747849,0.245571743,0.002108145,0.0181794,0.000254278,0.000716867,0.055122364,0.000874865,0.031287789,0.000937896,0.007912719,0.002003298,0.005524438,0.000567333,0.011155294,0.000457346,0.006570425,0.000953046,0.37955994,0.001393472,0.005201847,9.98E-05
293,0.003335427,0.239056756,0.001112336,0.078808688,0.000859405,0.015336526,0.001597513,0.006548868,0.002256157,0.000686557,0.000364286,0.001127971,0.000123517,0.035986069,0.003215086,0.041893842,0.002680093,0.005185347,0.005779558,0.003438766,0.000959158,0.070818233,0.001752958,0.008573924,0.000282427,0.001031806,0.087377957,0.00134207,0.020238085,0.001124565,0.027273751,0.007791632,0.015406929,0.002571101,0.238581284,0.001088888,0.02480506,0.004307469,0.044305514,0.000555482,0.002808862,0.000105706
294,0.002953927,0.228306173,0.000842415,0.049072504,0.000655286,0.024354143,0.001671137,0.006576053,0.002211808,0.000577761,0.000425447,0.000933976,0.000131753,0.026626948,0.002148582,0.112215024,0.003124718,0.004503406,0.006478381,0.00351871,0.000753346,0.09397302,0.001490292,0.00716467,0.000213416,0.001081078,0.06824015,0.000970567,0.018100299,0.000900283,0.024877652,0.005288155,0.014745715,0.001640097,0.199105133,0.000931701,0.019933576,0.002459022,0.0660931,0.000444508,0.002623012,7.68E-05
295,0.003696042,0.23985659,0.000834807,0.082972295,0.000759914,0.016838482,0.001453673,0.005992634,0.001834778,0.000734666,0.000454055,0.001007601,0.000135899,0.027489661,0.002476023,0.03858234,0.00158058,0.004749806,0.005888138,0.003646498,0.000819796,0.082858313,0.001483768,0.008469639,0.000230432,0.000882194,0.082995699,0.0012473,0.019539437,0.000979411,0.019589754,0.004973897,0.011918385,0.001320965,0.255017821,0.000801087,0.012415412,0.00200348,0.06129428,0.000500405,0.002521363,7.30E-05
296,0.003842209,0.078945244,0.003372069,0.013952579,0.001842278,0.005927637,0.001393193,0.004604928,0.002448682,0.000566162,0.000227284,0.000643274,0.000276655,0.059058338,0.01149323,0.0094609,0.000842236,0.002032939,0.00233745,0.010535571,0.004904885,0.017678493,0.002281704,0.00482082,0.000570553,0.002601538,0.022604487,0.003027961,0.009250516,0.001726201,0.024942629,0.013833282,0.185331647,0.003699946,0.480257684,0.003064873,0.008162029,0.00204158,0.006574834,0.000724721,0.000674096,0.000107454
297,0.003668406,0.032965453,0.002211951,0.008239276,0.002525213,0.003238205,0.001053285,0.002134803,0.001388734,0.000280194,0.00016,0.000775188,0.000352722,0.030046882,0.004237748,0.005990935,0.000728275,0.002593839,0.001827863,0.006070874,0.00398961,0.021353737,0.003433163,0.004787788,0.000823025,0.001109584,0.018688221,0.004103563,0.014329015,0.00324282,0.046350024,0.00837382,0.412421535,0.002902115,0.344450159,0.002184795,0.006592763,0.001409518,0.004964157,0.000776371,0.001062901,0.000128856
298,0.015477404,0.003607328,0.000516105,0.018388255,0.001332111,0.006590009,0.001119275,0.083655598,0.002659432,0.007390962,0.000767229,0.577339587,0.00103161,0.01010826,0.00171561,0.002985385,0.000614343,0.028394409,0.003917506,0.161544642,0.003870327,0.02479703,0.003495533,0.005796669,0.000608198,0.007360496,0.010537609,0.001800815,0.03150616,0.002753942,0.004286022,0.003107793,0.00108279,0.000645149,0.000604267,0.000328518,0.00299931,0.000727768,0.012399122,0.00100607,0.003080604,0.000357294
299,0.013452873,0.003982851,0.000793383,0.018511939,0.002172015,0.007147614,0.001714896,0.137333548,0.004822918,0.013862395,0.00119521,0.492849148,0.002289679,0.003431381,0.002723191,0.003841171,0.000930403,0.071021159,0.006207197,0.096711534,0.005252479,0.034227956,0.006422236,0.006419005,0.001068137,0.002508102,0.012365122,0.003081122,0.035175328,0.004739944,0.00487302,0.005784307,0.001054402,0.001053114,0.000606017,0.000554248,0.002839719,0.001159096,0.01194337,0.001710809,0.004913443,0.000791018
300,0.030830195,0.004962885,0.000910389,0.012087759,0.002678731,0.006619802,0.001454041,0.038186243,0.002633871,0.005363095,0.00070595,0.406767623,0.003251829,0.003656958,0.001660539,0.001278191,0.000308487,0.053425884,0.003343056,0.346641933,0.014530109,0.041507463,0.007665577,0.015461954,0.001389876,0.001632759,0.01136392,0.003377961,0.039518076,0.005670781,0.00283508,0.00351268,0.000914608,0.001010601,0.000549347,0.000569228,0.002974302,0.000695116,0.021013108,0.001973676,0.003640658,0.000978184
301,0.014811059,0.00524426,0.000840481,0.016046242,0.002703505,0.005652959,0.001445348,0.079927126,0.003344775,0.007338909,0.000888631,0.339225658,0.003286862,0.002687423,0.001083301,0.001402038,0.000583276,0.240231265,0.004409776,0.057273854,0.004125941,0.061300588,0.011733432,0.01107412,0.001642277,0.002710356,0.022115607,0.005766098,0.060231141,0.010332832,0.004930034,0.002434767,0.000964545,0.000848303,0.000702727,0.000360841,0.002118244,0.000721872,0.01281125,0.002076092,0.011034389,0.002456815
302,0.024205025,0.018138553,0.000638911,0.012808744,0.001606019,0.009539111,0.001234161,0.052608905,0.002310157,0.005583852,0.000737626,0.393173291,0.001276354,0.00451385,0.001359585,0.003495505,0.000544164,0.035744567,0.004221396,0.229976101,0.00396673,0.061206023,0.004774026,0.059600517,0.000891411,0.001804247,0.020463631,0.002290017,0.044480591,0.00356874,0.004831001,0.002779513,0.005319677,0.000743569,0.001442407,0.000406175,0.004703125,0.000719065,0.031466175,0.001384934,0.010969342,0.000561398
303,0.016161712,0.082137607,0.000755713,0.090034504,0.001482631,0.012788627,0.001084532,0.005944511,0.001366235,0.000796572,0.000411512,0.002509519,0.000310487,0.004123923,0.001199949,0.006442245,0.000399181,0.021867372,0.005016664,0.012235702,0.001024646,0.16942649,0.003108991,0.053452582,0.000573368,0.000888875,0.263248106,0.002286177,0.086603896,0.002390328,0.004974989,0.003421523,0.006180307,0.000818791,0.016687315,0.000555178,0.003774393,0.000726543,0.113737362,0.000771072,0.014414417,0.000215406
304,0.004065655,0.20717423,0.003313782,0.25798839,0.003635104,0.010347791,0.001627439,0.007840726,0.00401569,0.000656648,0.000301186,0.002295276,0.000502283,0.019291053,0.00820793,0.021534502,0.000725281,0.005929831,0.003533657,0.006110272,0.002365358,0.053120344,0.003615711,0.006010456,0.000841494,0.001251988,0.214596262,0.006254227,0.029504033,0.00315209,0.02096507,0.016591108,0.008212127,0.002741191,0.070007712,0.00232211,0.004545498,0.001727529,0.017325401,0.000938178,0.002219094,0.000150335
305,0.004739652,0.170350269,0.001307922,0.152965801,0.002190853,0.006132461,0.0010052,0.004631475,0.001655445,0.000455389,0.000184689,0.002241132,0.000332525,0.004960551,0.002044925,0.011594215,0.000436796,0.019068607,0.002667406,0.004636608,0.001239014,0.088491641,0.002912401,0.037169993,0.000615011,0.000662997,0.329574261,0.003546284,0.064899311,0.002696213,0.006624423,0.005712935,0.010241078,0.001304339,0.035554762,0.000938461,0.003031421,0.000868918,0.020409848,0.000664251,0.011792894,0.000154577
306,0.021401641,0.008106105,0.000386234,0.011185737,0.001174043,0.005572132,0.000981254,0.064843387,0.001789403,0.005055719,0.000580524,0.517619163,0.00096763,0.002557794,0.000885133,0.00212359,0.000586531,0.051475551,0.003987356,0.112249397,0.002141004,0.07199585,0.004543534,0.02689317,0.000755374,0.004307515,0.016175222,0.001964507,0.043436808,0.003250971,0.003423032,0.001340491,0.001595785,0.000510353,0.000685697,0.0002657,0.001822648,0.000443328,0.018969388,0.000979644,0.016392789,0.000639524
307,0.030464309,0.012700544,0.000430752,0.009943536,0.001229236,0.005513805,0.000933152,0.039186098,0.001633127,0.003639638,0.000465733,0.347916946,0.001337281,0.003097697,0.000875691,0.002097137,0.000389811,0.060849913,0.003470483,0.142295369,0.003073039,0.12548294,0.005986797,0.05270606,0.001051978,0.00408157,0.030200082,0.002466342,0.064254043,0.004393581,0.004779142,0.001558201,0.004121942,0.000550457,0.001149994,0.000250263,0.002384935,0.000509013,0.025971501,0.00119908,0.039569086,0.00095219
308,0.007188805,0.131759248,0.000764209,0.108544672,0.001471009,0.006301805,0.000764081,0.004018365,0.001156378,0.000399127,0.000177118,0.001633936,0.000252834,0.003634145,0.001276648,0.008228707,0.00031092,0.017956111,0.002699004,0.004985585,0.000870279,0.112477192,0.002360747,0.063151274,0.000458328,0.000544468,0.356427319,0.002398286,0.068924966,0.002118594,0.004334364,0.00364266,0.008542793,0.000810692,0.02644645,0.000610601,0.002440837,0.000582914,0.042736194,0.000539992,0.012566376,0.000147332
309,0.0037164,0.327762586,0.000982372,0.065698407,0.001714975,0.006685093,0.000839952,0.003506423,0.001289914,0.00032613,0.000178173,0.001860457,0.000276719,0.004968467,0.001438128,0.016761243,0.000427438,0.008750808,0.003116446,0.003789941,0.00093703,0.078581128,0.00236115,0.101991678,0.00050254,0.000439188,0.206003719,0.002568956,0.039565093,0.002059279,0.004845824,0.003927775,0.026510824,0.0010259,0.061268409,0.000837059,0.003048472,0.000704786,0.014079053,0.000540695,0.005243595,9.53E-05
310,0.003836922,0.352155318,0.000920048,0.042163933,0.00145206,0.007537233,0.000886394,0.003971227,0.001334565,0.000356805,0.000195603,0.001633531,0.000236734,0.005321073,0.001525234,0.019612156,0.000508764,0.007956782,0.003597544,0.00325287,0.000896316,0.083013506,0.002289766,0.143659841,0.000495695,0.000470513,0.140259198,0.002501842,0.038663358,0.001975182,0.004535657,0.004106292,0.029538094,0.000924676,0.07021047,0.000753668,0.003346893,0.000750999,0.015371587,0.000564816,0.005108772,0.00010048
311,0.051373967,0.078015868,0.000651071,0.027764945,0.00135905,0.017372325,0.001413812,0.016444133,0.001655215,0.004006032,0.000735952,0.012495256,0.000466137,0.00572635,0.001061821,0.005148157,0.000358309,0.016139481,0.006969588,0.083531212,0.00217257,0.150221713,0.004604576,0.144087182,0.001051963,0.001411848,0.073118746,0.002014925,0.068289143,0.002696193,0.004927229,0.002298327,0.005971972,0.000612741,0.008340424,0.000427541,0.005959069,0.000706741,0.206688944,0.001841177,0.008769867,0.000266749
312,0.015486529,0.179857606,0.00067678,0.024428848,0.001497314,0.011209081,0.000881443,0.006036979,0.001222975,0.000609501,0.000253603,0.00233774,0.000290056,0.003345547,0.001047932,0.008360722,0.0002712,0.014125625,0.004723707,0.006908558,0.001125607,0.134339178,0.003063403,0.320349171,0.000503678,0.000611672,0.100852062,0.002324881,0.058942505,0.002315427,0.00358881,0.003228177,0.009206818,0.000757194,0.020831287,0.000549649,0.002875998,0.000545119,0.04687934,0.00069407,0.008775736,0.000179956
313,0.00890541,0.30828175,0.001098668,0.007634326,0.002588475,0.006888723,0.001115396,0.005156929,0.001487994,0.000598228,0.000234461,0.004821985,0.000508964,0.008032882,0.001424098,0.014594,0.000659638,0.01629523,0.00408543,0.008570192,0.00149149,0.10829715,0.00536953,0.237904179,0.001149769,0.001170172,0.06110267,0.0037271,0.061254789,0.004426234,0.005271786,0.003524887,0.039227416,0.001464733,0.029173196,0.000707349,0.004726274,0.000934743,0.017204646,0.001129531,0.013034292,0.000313085
314,0.016789362,0.197085023,0.000767417,0.00537417,0.00208567,0.005112393,0.000872266,0.004927622,0.001209498,0.000497812,0.000209625,0.004930797,0.000427099,0.003239776,0.001015396,0.006397074,0.000311031,0.011090436,0.002304065,0.01654426,0.001507403,0.081153648,0.004161593,0.498490312,0.000871135,0.000888773,0.031500197,0.002652966,0.041542649,0.003184951,0.002844311,0.002747393,0.011509246,0.000988248,0.01293022,0.000509197,0.002918329,0.000542263,0.0170866,0.000927495,0.006347393,0.000192162
315,0.021403339,0.096896555,0.000629642,0.006464462,0.001540849,0.0047394,0.000761058,0.01171063,0.000993617,0.001003536,0.000241462,0.079078077,0.000593455,0.006407492,0.001015543,0.004479203,0.000420066,0.022647733,0.002283762,0.078955331,0.001825105,0.115300935,0.004142951,0.375097944,0.000849034,0.003776381,0.038287544,0.002271707,0.057709288,0.003143488,0.004821852,0.001899831,0.022834301,0.000719195,0.004963928,0.00038273,0.004355688,0.000565114,0.01324542,0.000828419,0.02623658,0.000440492
316,0.024175755,0.116666004,0.000732663,0.006362876,0.001788912,0.005332,0.000865254,0.005765348,0.000896428,0.000833826,0.000191727,0.018668023,0.000539433,0.007587974,0.001128694,0.00394145,0.000433624,0.023578962,0.002851458,0.037148294,0.001543527,0.161747047,0.005595005,0.348398818,0.001274036,0.007426326,0.046147617,0.002937027,0.071402593,0.004233759,0.006318308,0.001862789,0.028633755,0.000943127,0.004731375,0.000440631,0.004467428,0.000614859,0.020168676,0.001034672,0.033610647,0.000537655
317,0.007165301,0.279805449,0.000862893,0.012057565,0.001643565,0.008851804,0.0011143,0.004299291,0.001149521,0.000488209,0.000249555,0.003732582,0.000348682,0.014685768,0.001137281,0.019587296,0.00099454,0.016401625,0.005672623,0.007848355,0.001069685,0.134716519,0.004088723,0.100017819,0.000702245,0.000950797,0.092973108,0.002793908,0.071147393,0.003400287,0.008730109,0.002896702,0.100702769,0.001221125,0.047732105,0.000645968,0.007926812,0.000945784,0.016356289,0.000811136,0.019528988,0.000352022
318,0.021035257,0.063626997,0.000861155,0.011474508,0.00210289,0.00973126,0.001247224,0.006741749,0.001247143,0.001022248,0.000299502,0.013883491,0.000729861,0.01065493,0.001117925,0.004584163,0.000590534,0.048120375,0.005023156,0.02293399,0.001986848,0.249474274,0.007505471,0.11601514,0.001488126,0.002828404,0.08808233,0.004230764,0.112612238,0.006244872,0.009964527,0.002202704,0.042387854,0.001098792,0.005590876,0.000503222,0.005946439,0.000716183,0.030602265,0.00137862,0.091640728,0.001058578
319,0.004159481,0.410503242,0.000990414,0.026932436,0.001942866,0.007413678,0.000963659,0.003843535,0.001285372,0.000435431,0.00022719,0.002668374,0.000329508,0.007078266,0.001419233,0.019718526,0.000604705,0.007891118,0.004050443,0.004418751,0.001000445,0.072486829,0.002862078,0.079514744,0.000597335,0.000619004,0.117536052,0.002691977,0.040112982,0.00244399,0.005595435,0.003909864,0.064461024,0.001144087,0.082019743,0.000813225,0.004527792,0.000822996,0.012425939,0.000694469,0.004272761,0.000131837
320,0.005314276,0.236210217,0.000590484,0.020630973,0.001083965,0.007556354,0.000892645,0.003323335,0.000834668,0.00043309,0.000206262,0.00210378,0.000230189,0.013665397,0.000766317,0.015207435,0.000964769,0.010269766,0.004703276,0.006311122,0.000819244,0.138021842,0.00252127,0.068098689,0.00042305,0.000670077,0.12487526,0.001764345,0.06792131,0.002058036,0.011090218,0.002102417,0.154205911,0.000941663,0.062222949,0.000539502,0.007906627,0.000862087,0.015075926,0.000560848,0.015929095,0.000234787
321,0.009861472,0.104351836,0.000471921,0.036857314,0.001137967,0.0102974,0.001173663,0.004651991,0.000860532,0.000719333,0.000321213,0.003489976,0.000313608,0.013546583,0.00074095,0.007710964,0.000729742,0.021668732,0.005577906,0.009463956,0.001189648,0.206542974,0.003194723,0.061366379,0.000541263,0.000841283,0.175961746,0.001702245,0.109670903,0.002443644,0.02166527,0.001741617,0.089589685,0.000843726,0.016398037,0.000423752,0.008183919,0.000743277,0.02446291,0.000696759,0.048726084,0.000327837
322,0.014298222,0.008004838,0.002246851,0.018978777,0.007131996,0.00633387,0.002546867,0.016983864,0.003644343,0.002077038,0.000706797,0.055184575,0.004524062,0.005417259,0.002289806,0.002926326,0.000639299,0.398419169,0.003435039,0.03035323,0.010375818,0.074957866,0.032092359,0.010207981,0.005172697,0.001515781,0.054019495,0.019964673,0.083254829,0.033893882,0.037785543,0.006642949,0.00343385,0.003095888,0.001612283,0.000866458,0.0053484,0.001440622,0.011702116,0.004257526,0.01866789,0.008653572
323,0.014577226,0.051191732,0.00074258,0.052473563,0.002205127,0.012442065,0.001497145,0.005543056,0.001186202,0.000921821,0.000413714,0.006379658,0.000649752,0.010890783,0.000968625,0.005063498,0.000582722,0.0601791,0.005972865,0.012142938,0.002565648,0.195184898,0.006614622,0.036741649,0.001082617,0.001478753,0.178538817,0.003907765,0.128772929,0.005694103,0.026160841,0.001990803,0.026622181,0.001022025,0.004572769,0.00045467,0.007895577,0.000844047,0.028744053,0.001177097,0.105242317,0.001105955
324,0.004364333,0.021467472,0.001618089,0.007880213,0.002679365,0.003353474,0.000995199,0.002379737,0.00133408,0.00027766,0.000160988,0.000982701,0.000377928,0.01959099,0.002597706,0.005694527,0.000798783,0.003023748,0.002039413,0.005955765,0.002715866,0.027096706,0.003981936,0.005822413,0.000808957,0.001011234,0.018308508,0.003991568,0.02002418,0.003618436,0.044147203,0.006463823,0.529742032,0.002061546,0.245778575,0.001362536,0.008459034,0.001365929,0.005319282,0.000893952,0.000802745,0.000137198
325,0.015460122,0.023776028,0.002091708,0.032556997,0.006305259,0.009619961,0.002219024,0.005370639,0.001981287,0.000878303,0.000390582,0.003581433,0.001032169,0.025371922,0.002705802,0.006778318,0.00107193,0.035100297,0.005003667,0.013710754,0.005332463,0.133979718,0.013505123,0.021839212,0.00229089,0.001837321,0.07628035,0.009215052,0.095963205,0.011748617,0.094742503,0.006725106,0.252457002,0.003706612,0.040209676,0.001434371,0.015653626,0.002262383,0.019001002,0.002471216,0.012524558,0.000736826
326,0.014048675,0.025073651,0.001342434,0.049620076,0.004021148,0.010591656,0.001824542,0.005257424,0.001555015,0.000839578,0.000394407,0.006136728,0.001012333,0.014031231,0.001888038,0.005711596,0.000768358,0.109166001,0.005142671,0.012673509,0.003901485,0.164756551,0.011231575,0.017612444,0.001981304,0.001974997,0.156658581,0.007101604,0.138445233,0.010118979,0.079693346,0.003739002,0.020736621,0.001912008,0.004837202,0.000743932,0.011308679,0.001336778,0.021206302,0.001888187,0.078642075,0.001613818
327,0.005792647,0.16796786,0.003729951,0.062232337,0.002203831,0.01079649,0.001788129,0.008128957,0.00388397,0.000947251,0.000361578,0.001139102,0.000435805,0.088888815,0.013907319,0.013832038,0.000965112,0.00343705,0.004151753,0.012324559,0.004567506,0.038526392,0.002986095,0.009308766,0.000606985,0.004841341,0.063749614,0.003652947,0.014702466,0.002318167,0.032293998,0.017156672,0.052985956,0.003670587,0.319799627,0.003663478,0.011106267,0.00240927,0.017844151,0.000871995,0.001119566,0.000128991
328,0.006007421,0.187395935,0.004710593,0.041383569,0.004293262,0.009985808,0.002091162,0.009010795,0.004717742,0.000846707,0.000413453,0.002417708,0.000673525,0.025603506,0.01091494,0.015030152,0.000993678,0.003962642,0.003825861,0.009940791,0.004330041,0.038097731,0.005003087,0.016237151,0.001250989,0.002056938,0.085981324,0.007895436,0.019901237,0.004354624,0.026251502,0.020219223,0.077353881,0.004413958,0.325743428,0.003992679,0.00746579,0.002184241,0.013276792,0.001257953,0.001041016,0.000192828
329,0.008519894,0.110781449,0.002281734,0.019712386,0.004555745,0.007493107,0.001664914,0.006215815,0.002633898,0.000724278,0.000301827,0.003442926,0.000721959,0.018105134,0.003504438,0.007713069,0.000918612,0.005107867,0.003318339,0.00999944,0.003121628,0.053989975,0.006979082,0.035322869,0.001345502,0.001597711,0.054869457,0.006756163,0.036328761,0.006482363,0.020368203,0.009540982,0.337669263,0.002684003,0.196994615,0.001793766,0.008570635,0.001754515,0.011319596,0.001614131,0.001158879,0.000222546
330,0.006366252,0.256055777,0.000703552,0.024963892,0.001450761,0.007094051,0.000915079,0.003583485,0.000946685,0.000430895,0.00021947,0.002450316,0.000244919,0.009426235,0.000967219,0.010539196,0.000644526,0.005303222,0.00383423,0.006571711,0.000944696,0.112263515,0.002755822,0.087663989,0.000481966,0.000718044,0.116679142,0.001987037,0.057461962,0.002228824,0.008914549,0.002518995,0.170950058,0.000927099,0.074882918,0.000547421,0.005781748,0.000762368,0.015070281,0.00066666,0.004366065,0.00013915
331,0.013819281,0.092807969,0.001234103,0.054895838,0.003800463,0.010965308,0.001708125,0.005204337,0.00153955,0.000837313,0.000344249,0.003310205,0.000555168,0.019546141,0.001761248,0.007962444,0.00096066,0.01453035,0.005563022,0.011507234,0.00251381,0.152033449,0.007304739,0.049633966,0.001218508,0.001634027,0.129818056,0.004800781,0.088777943,0.005862073,0.033627949,0.003585223,0.205327981,0.001965829,0.032941717,0.000834168,0.011625809,0.001432511,0.023250376,0.001508719,0.005812396,0.000335832
332,0.015933501,0.016520783,0.001489508,0.042820148,0.005250869,0.01002497,0.002121509,0.005763996,0.00186655,0.000996377,0.000431565,0.009245333,0.002373935,0.007618789,0.001804297,0.003126998,0.000653062,0.284528324,0.004628252,0.018098796,0.006654159,0.116560468,0.021503153,0.012422875,0.003330778,0.002085751,0.117250472,0.013999377,0.119334978,0.023482551,0.032352264,0.004444862,0.004505245,0.002117943,0.002243409,0.000664754,0.006575992,0.001178458,0.018723782,0.00288507,0.060023067,0.005862496
333,0.053539509,0.013213828,0.000568298,0.011500302,0.001997555,0.008500546,0.001150987,0.026388131,0.001672496,0.003206709,0.000466584,0.16824152,0.001825197,0.002725602,0.001282256,0.001076614,0.000198232,0.132196121,0.00452901,0.068713853,0.004394345,0.210082681,0.010957513,0.046727454,0.001684734,0.008603325,0.033197008,0.00417098,0.099039406,0.007778728,0.003497949,0.001534633,0.001527316,0.000607482,0.00138511,0.000212328,0.002266984,0.000498464,0.043960684,0.001940267,0.034234348,0.001907903
334,0.05384623,0.013989303,0.00048561,0.010081772,0.001400304,0.009700239,0.001118918,0.015687565,0.001252393,0.002494926,0.000453941,0.094431421,0.002469308,0.002456571,0.000927455,0.001059199,0.000185045,0.09789132,0.004832177,0.060592711,0.005375475,0.273089551,0.008966212,0.049183541,0.001649736,0.006466323,0.040024566,0.003226362,0.112329263,0.006178458,0.003308509,0.001041937,0.001744711,0.000451857,0.001099275,0.000210197,0.002212362,0.000416482,0.042578255,0.001831834,0.082662171,0.001699506
335,0.023517925,0.009979162,0.000425711,0.009270474,0.001154305,0.005096143,0.000988787,0.052978787,0.001844923,0.005001317,0.000599058,0.473656969,0.001520607,0.002366921,0.000760161,0.002075489,0.000479398,0.049431438,0.003800253,0.164004142,0.003309579,0.071679376,0.005024657,0.041905901,0.000930775,0.002134626,0.01799892,0.002074432,0.04130949,0.003586455,0.00350541,0.00159479,0.00240204,0.000482831,0.00078967,0.000224046,0.001901554,0.00045793,0.022726924,0.001189669,0.016698268,0.00074845
336,0.014553694,0.033614366,0.000680031,0.018718954,0.002200638,0.013129603,0.001367021,0.005635703,0.001049976,0.000919478,0.000359608,0.006669087,0.000827125,0.004684143,0.000740736,0.003163977,0.000397432,0.117565776,0.006360431,0.015852351,0.002208274,0.20693921,0.009533487,0.03192295,0.001673191,0.001145648,0.099322096,0.005925155,0.116292908,0.009657558,0.006864748,0.001436632,0.012339232,0.000757706,0.002280849,0.000335549,0.003427209,0.000514068,0.031799829,0.001385519,0.211819318,0.002406786
337,0.013279761,0.085541026,0.000705934,0.016819602,0.001866859,0.012546926,0.001349872,0.00593556,0.0011803,0.000829754,0.000380089,0.006560141,0.000605916,0.013437286,0.0009701,0.007530771,0.000726148,0.043524377,0.00681861,0.014756964,0.001667785,0.249409865,0.006091512,0.064987359,0.001024719,0.001251383,0.123800686,0.00372547,0.114843242,0.005240311,0.012296369,0.002017339,0.062570579,0.000977949,0.012582948,0.000478176,0.00710514,0.000741799,0.030101157,0.001035854,0.070998618,0.001102548
338,0.010907404,0.01720301,0.000389895,0.026043572,0.001346646,0.007719957,0.000911858,0.004081542,0.000787632,0.000617114,0.00026748,0.00481777,0.000747666,0.003638017,0.000560691,0.001904643,0.000273561,0.129580867,0.003536104,0.007996726,0.001975414,0.116914437,0.006036226,0.013760219,0.000913403,0.001124059,0.107330563,0.003856003,0.111768531,0.006540419,0.012930444,0.001117487,0.003455726,0.000524028,0.001118097,0.00020081,0.002960461,0.000368161,0.01777047,0.000885643,0.369797104,0.001958283
339,0.012686122,0.031175294,0.000487255,0.026799797,0.001462337,0.010049388,0.001184975,0.004710048,0.000881623,0.00070398,0.000299643,0.005815691,0.000521993,0.005294044,0.00058362,0.002867585,0.000409538,0.09485291,0.004787285,0.010501207,0.001649381,0.162466393,0.006142969,0.024574407,0.000955864,0.000985854,0.124863398,0.003755694,0.117736833,0.006098319,0.011796249,0.001219448,0.012014241,0.000568486,0.002666518,0.000250167,0.004068166,0.000551683,0.023979237,0.000927765,0.282745837,0.001626374
340,0.055840251,0.015529658,0.000448837,0.010722564,0.001326692,0.007655857,0.001127364,0.020036182,0.00131035,0.002441337,0.000495913,0.174495378,0.001585479,0.002413662,0.000831041,0.001044968,0.000284287,0.087403578,0.004074462,0.083170061,0.00366261,0.223572544,0.008719136,0.059234287,0.001550009,0.004901681,0.033322015,0.003034425,0.101746657,0.005565282,0.003516087,0.001038424,0.001539568,0.000356077,0.001261328,0.00018639,0.002208844,0.000397391,0.039837292,0.00174946,0.056531235,0.001376927
341,0.009632781,0.00601501,0.005311691,0.008149021,0.011851942,0.011523352,0.006812444,0.442646762,0.059356556,0.105799708,0.014754791,0.00717049,0.003971383,0.005442756,0.009395598,0.007693337,0.002850051,0.020434267,0.020985975,0.010481783,0.009288483,0.029117613,0.021549167,0.006720932,0.004463783,0.00149514,0.013681107,0.017012969,0.017644815,0.01750791,0.029801036,0.031471555,0.003253841,0.005639873,0.00213774,0.003838299,0.003502086,0.004018066,0.011534295,0.006724727,0.000971208,0.000736006
342,0.007024699,0.006124183,0.008178078,0.009811638,0.011637877,0.0097935,0.00672674,0.383253097,0.07932256,0.072291544,0.016176023,0.004991883,0.003375796,0.014564429,0.024885614,0.012059094,0.00356014,0.019213363,0.014730735,0.011974615,0.010915404,0.02347079,0.017456078,0.004433724,0.003713604,0.002049104,0.016049455,0.017958255,0.01613986,0.014123042,0.063629818,0.053733593,0.00430527,0.007470917,0.003527923,0.005522448,0.006062727,0.006824412,0.008715676,0.005069802,0.00097582,0.000648633
343,0.03808397,0.019840472,0.000591465,0.011107747,0.00174551,0.009729531,0.001244928,0.014384795,0.001266211,0.001817925,0.000383197,0.084208483,0.001533216,0.005340848,0.00201199,0.002072845,0.000392872,0.079833935,0.004781766,0.051308441,0.00360317,0.21350691,0.008541051,0.069384971,0.001567357,0.024383473,0.056993103,0.003592573,0.107172742,0.006375247,0.006137897,0.001625483,0.007859138,0.000595823,0.001588139,0.00029379,0.003511553,0.00067833,0.035814231,0.001678204,0.129984198,0.001689291
344,0.017410881,0.003843529,0.000975878,0.002421122,0.002239058,0.007550549,0.005543949,0.256704783,0.094057939,0.303858758,0.086308675,0.003248351,0.001917006,0.001430797,0.001823399,0.001192709,0.0007603,0.004746836,0.035113236,0.020524216,0.012129385,0.026371519,0.016713361,0.004696454,0.002477041,0.000455402,0.003792373,0.00273357,0.006526849,0.004931717,0.002769341,0.002232052,0.000652828,0.000548116,0.000637226,0.000447493,0.00097782,0.001002093,0.050319817,0.032055516,0.000779594,0.000535225
345,0.010568274,0.003119671,0.000812591,0.001254283,0.001358884,0.015095145,0.010546474,0.200327569,0.074973153,0.279521197,0.09363205,0.001909501,0.001278116,0.000728121,0.000851916,0.001332536,0.000695767,0.002777335,0.117085248,0.008429585,0.005400076,0.032823034,0.019799949,0.003469505,0.00226212,0.000167798,0.002788775,0.001929088,0.004374735,0.003330692,0.001735955,0.001759298,0.000533709,0.000449104,0.00039378,0.000401183,0.000696304,0.000630499,0.064899591,0.044636505,0.00055641,0.000348773
346,0.034115043,0.017025041,0.000763799,0.007183591,0.001292173,0.009719077,0.003704082,0.182466315,0.019732616,0.109115529,0.016156679,0.008148102,0.001006675,0.003554533,0.001093962,0.001860356,0.000294503,0.008813504,0.023344543,0.044797524,0.006691877,0.117677868,0.010406693,0.017834121,0.001778014,0.000544056,0.016177861,0.001846098,0.021846192,0.002774271,0.002825931,0.001372419,0.002203773,0.000482941,0.001763768,0.000359322,0.001974372,0.00064377,0.294386736,0.019488768,0.002904389,0.000293352
347,0.006503088,0.10457455,0.001478582,0.151674562,0.001582682,0.018298044,0.001875107,0.008550239,0.002513094,0.001053955,0.00057245,0.002457571,0.000262325,0.016698693,0.00310817,0.011236687,0.000820652,0.014623629,0.008313822,0.004689927,0.001158256,0.194412825,0.002716359,0.012572059,0.000488114,0.000734626,0.195914535,0.003114134,0.064413134,0.002034273,0.018773041,0.006730588,0.012741158,0.00128751,0.034558727,0.001145451,0.004222961,0.001145202,0.092894616,0.00074189,0.00976286,0.000149564
348,0.005073998,0.247128845,0.001096825,0.134726242,0.001111382,0.010909872,0.001153185,0.005746397,0.002033807,0.000759336,0.000411593,0.00127722,0.000179036,0.036797059,0.00356166,0.017925799,0.000764665,0.004125563,0.004370266,0.004306248,0.001146202,0.073025329,0.001639227,0.012726435,0.000297817,0.00091618,0.111199325,0.001831513,0.021404057,0.001174038,0.018270842,0.005957067,0.015461274,0.001209998,0.205976606,0.000951357,0.008562648,0.001349576,0.050907059,0.000512339,0.002199823,6.47E-05
349,0.006512096,0.133514243,0.000736049,0.026240439,0.000819591,0.083812772,0.002923734,0.009421148,0.001943427,0.001026177,0.000643766,0.001400558,0.000183442,0.014664397,0.001676035,0.089947144,0.002451304,0.008287724,0.010042373,0.009637422,0.000867275,0.221570315,0.002357334,0.014814921,0.000228626,0.001872998,0.057375259,0.00100241,0.036100032,0.001147073,0.012072467,0.002911257,0.009245287,0.001184003,0.080019197,0.00105756,0.013033541,0.001552868,0.136106756,0.000602417,0.005973783,0.000119825
350,0.005633093,0.01691048,0.00098017,0.004414794,0.00068513,0.217817631,0.02216196,0.025317157,0.005982218,0.003812899,0.003121243,0.001396323,0.000197409,0.009540588,0.001018471,0.01711501,0.002034599,0.004460695,0.244083162,0.016433443,0.001966501,0.18211621,0.013343771,0.006338752,0.000340066,0.001177648,0.014212584,0.000897579,0.017338549,0.001540505,0.017482434,0.001750194,0.022429776,0.001179309,0.005369062,0.002155979,0.014574502,0.001316893,0.089927335,0.005846192,0.002584639,0.00016324
351,0.005185316,0.134730592,0.001814988,0.008101539,0.001054373,0.149745484,0.02111498,0.007415303,0.005348658,0.001796926,0.002778581,0.002562467,0.00033714,0.018708161,0.001710365,0.053191011,0.003647184,0.005105168,0.149399037,0.027372211,0.002303303,0.129546269,0.013326722,0.017727447,0.000505132,0.001764821,0.023009203,0.001351145,0.025149988,0.002217058,0.012579794,0.002732069,0.037661996,0.001828818,0.046871181,0.00378833,0.025446369,0.002588065,0.053356859,0.004040947,0.002378282,0.000202964
352,0.045154044,0.122440761,0.000620664,0.008515772,0.00144152,0.010466423,0.000905828,0.009633618,0.001072602,0.000938744,0.000280364,0.01714518,0.000505862,0.003456361,0.001001049,0.004910455,0.000251398,0.011993756,0.002673912,0.117755133,0.001915324,0.082450024,0.00409422,0.42056863,0.001031847,0.000974041,0.026317235,0.002154117,0.051165729,0.002927224,0.002865846,0.002293931,0.007375769,0.000673586,0.007560468,0.000439919,0.00724582,0.000475152,0.040509605,0.001005032,0.005930398,0.000263815
353,0.005197417,0.083736605,0.001719431,0.361516166,0.001858721,0.00899266,0.001241684,0.006241257,0.002407385,0.00067243,0.000277445,0.002515405,0.000283205,0.017132318,0.004194207,0.010492488,0.000951546,0.007310757,0.003807457,0.004252022,0.001295693,0.075584054,0.002414267,0.005273577,0.000502501,0.001217847,0.271810274,0.003274084,0.03546726,0.001982706,0.019578578,0.008821932,0.011094206,0.001939972,0.044320337,0.001202276,0.006053203,0.001459054,0.028672076,0.000685278,0.002865161,0.000126398
354,0.00322507,0.233404259,0.002878728,0.264948648,0.002720938,0.011553648,0.001310989,0.006644483,0.003236728,0.000507132,0.000241163,0.001386983,0.000366074,0.017703791,0.00702827,0.026161602,0.000676354,0.003688756,0.003388842,0.005248459,0.001772338,0.053183383,0.002741116,0.00445873,0.000656164,0.000944761,0.207053271,0.004575767,0.022445809,0.002199274,0.018661717,0.01340197,0.007113994,0.002174127,0.069800983,0.002057862,0.003914717,0.00134871,0.020913514,0.000720667,0.001367145,0.000102327
355,0.004703549,0.194330508,0.002867317,0.210918909,0.003858038,0.008830154,0.001620203,0.00743306,0.003530916,0.000655629,0.000314427,0.003201193,0.000552434,0.01347044,0.005908423,0.016779563,0.000694949,0.012608819,0.003448137,0.006440604,0.00240141,0.063671222,0.004042949,0.014870852,0.000894226,0.001267211,0.254861537,0.006427473,0.046193543,0.003803042,0.015186362,0.013795261,0.009546112,0.002574603,0.058090248,0.002128266,0.005101388,0.001654986,0.01572191,0.001003898,0.005865515,0.000178391
356,0.006635055,0.177395001,0.000852617,0.077154324,0.001454,0.006578237,0.000834372,0.004046785,0.001245582,0.000314766,0.000183897,0.001648965,0.000251148,0.003763236,0.001392395,0.010704194,0.000318723,0.014891128,0.002886849,0.004406278,0.000894577,0.109890021,0.002374995,0.124676419,0.00054771,0.000520308,0.287405765,0.002509338,0.06127776,0.002109239,0.004409818,0.003822463,0.010825505,0.00079746,0.035245787,0.000664426,0.002381209,0.000655424,0.033046034,0.000538855,0.010697786,0.000125001
357,0.009438174,0.272774899,0.000973482,0.013528001,0.002159994,0.008661175,0.001002999,0.005647306,0.001542287,0.000658095,0.000252769,0.002610805,0.000431706,0.004107264,0.001328046,0.012151496,0.000425029,0.0133117,0.004086343,0.005548811,0.001323905,0.110073785,0.003643037,0.306317055,0.000750083,0.000525934,0.067678414,0.003014955,0.053741759,0.003057435,0.004094662,0.00400884,0.015185469,0.001129068,0.028916575,0.000697565,0.002905291,0.000739404,0.027124384,0.000893609,0.007946578,0.000167692
358,0.009000272,0.057076762,0.001089754,0.124499935,0.001570783,0.014389495,0.001322026,0.007304942,0.001748353,0.000859284,0.000371272,0.002875442,0.000237117,0.006296414,0.001855968,0.007218556,0.000590352,0.022889781,0.005811304,0.006108955,0.001037556,0.189961125,0.00272398,0.01115296,0.000527632,0.000750644,0.267898448,0.00283627,0.089034022,0.002154501,0.010172044,0.004979877,0.007037749,0.001092453,0.012224143,0.000742298,0.00349101,0.000948594,0.120425286,0.000717267,0.015951537,0.000180088
359,0.002593056,0.005767647,0.003823751,0.00260463,0.002469832,0.033795293,0.025014419,0.389367792,0.092722809,0.096370047,0.033512036,0.008942896,0.002390375,0.003362671,0.003781583,0.040479477,0.024509839,0.00786659,0.058821281,0.005890701,0.004048946,0.031011102,0.015011431,0.001684043,0.001133645,0.001247737,0.00579932,0.003605985,0.007837927,0.005117614,0.026727735,0.012334717,0.003607715,0.004886618,0.003179028,0.005900188,0.006693531,0.007521543,0.011396022,0.004774351,0.000903533,0.000526377
360,0.00272214,0.002450479,0.000835113,0.0013546,0.001019853,0.015497007,0.012836194,0.394247046,0.113000072,0.266642008,0.060200552,0.004247877,0.002685317,0.001419691,0.001226545,0.00255708,0.001895186,0.004522107,0.048178668,0.004534554,0.002287813,0.016949249,0.009244741,0.001249267,0.000657227,0.000416918,0.002716842,0.001586978,0.003973965,0.00255683,0.005816626,0.003535467,0.000715717,0.000730287,0.000654101,0.001316006,0.001599973,0.001691477,0.009933827,0.004752465,0.000439888,0.000228676
1,0.019429011,0.001493683,0.006262962,0.002910989,0.019581705,0.001851032,0.010846903,0.007246985,0.028307158,0.001668823,0.004785769,0.004089934,0.047445217,0.001125664,0.003348468,0.000526597,0.001064741,0.286606217,0.005344132,0.00985304,0.026084698,0.016869695,0.191147813,0.002062045,0.017620555,0.002421741,0.008264597,0.054694963,0.014654101,0.135279786,0.002205378,0.004733629,0.000505514,0.001045033,0.000263508,0.001107126,0.000788001,0.002487168,0.003013515,0.026264048,0.00441571,0.032097353
2,0.010402704,0.001006538,0.068867181,0.001771726,0.025394578,0.000866354,0.008433883,0.000964132,0.0041007,0.000203022,0.000742052,0.000439997,0.007734682,0.001210611,0.02182628,0.000752186,0.010453951,0.046778053,0.003703936,0.00229463,0.011461064,0.005624377,0.186022833,0.000917817,0.085819787,0.001438127,0.003597016,0.170751098,0.004880743,0.116358559,0.002374634,0.013049301,0.000897971,0.092323533,0.000393139,0.013773191,0.000819214,0.011570416,0.001056109,0.019558222,0.00121211,0.047455473
3,0.0126286,0.002181106,0.004457693,0.004954127,0.018427425,0.001972593,0.005146338,0.004559778,0.020463322,0.001009896,0.002770876,0.004485211,0.042888463,0.001621023,0.003675238,0.000649583,0.001431231,0.470293616,0.003099253,0.012702358,0.027586437,0.024039674,0.078104388,0.00270167,0.009134179,0.001179192,0.016834862,0.050998085,0.027872515,0.076474718,0.004309634,0.018432951,0.000911264,0.002097248,0.000417141,0.000766583,0.001309943,0.002914604,0.003617851,0.011087868,0.010353984,0.022506968
4,0.021418106,0.001655196,0.006487081,0.003338248,0.01825736,0.001974175,0.011664954,0.007396187,0.02442625,0.001694623,0.004108732,0.003694739,0.03470983,0.001258912,0.003327915,0.000546991,0.001038871,0.258230623,0.005762248,0.009098979,0.023821144,0.01798281,0.217397417,0.002238897,0.022691015,0.004183432,0.00899298,0.052383478,0.015569971,0.126777972,0.002400327,0.004694171,0.000568419,0.001096731,0.000300443,0.001114287,0.000843089,0.002404523,0.003321029,0.031450374,0.004528538,0.046093644
5,0.016731066,0.00095699,0.007470075,0.001846874,0.020221748,0.001202925,0.010300522,0.002650512,0.008856796,0.000622659,0.001822456,0.002254799,0.010843324,0.000788895,0.003171278,0.000336587,0.000980737,0.270304607,0.00434404,0.006027489,0.016455786,0.011072644,0.178787589,0.001341972,0.019167219,0.003852935,0.006169492,0.065185762,0.010546317,0.134353347,0.001363425,0.002969379,0.000334274,0.000846301,0.000172363,0.001182109,0.000523706,0.002382195,0.001818898,0.026509074,0.00353386,0.147794929
6,0.017620667,0.000559351,0.007706682,0.000961734,0.016706036,0.000790238,0.010224112,0.000983043,0.006832686,0.000296095,0.00150168,0.001367312,0.015446046,0.000562365,0.003094818,0.000197256,0.001073638,0.155140614,0.004322007,0.003504424,0.015876835,0.006106233,0.215572422,0.000821327,0.030216539,0.00508168,0.003320124,0.056265182,0.005680601,0.112193911,0.000754188,0.004199206,0.000214149,0.001970336,0.00010302,0.00114741,0.000314544,0.002148502,0.001090079,0.031925885,0.002070222,0.260774361
7,0.023120705,0.000742094,0.006533595,0.001036651,0.011108889,0.001000287,0.012992682,0.00133219,0.009073473,0.000457083,0.002122097,0.001660118,0.024874644,0.00127754,0.003606987,0.000252052,0.001062331,0.099351167,0.005443095,0.004166466,0.021820962,0.006430414,0.288102699,0.001053913,0.048544829,0.018846206,0.002668704,0.039400463,0.004692555,0.106893185,0.000796017,0.002510091,0.000283929,0.001703363,0.000135892,0.000884384,0.000461785,0.002237709,0.001404865,0.044912402,0.001428101,0.201386943
8,0.004583085,0.003425104,0.032777859,0.002232197,0.006355341,0.003057623,0.012386813,0.008166282,0.015175678,0.000672193,0.001644637,0.000279584,0.000760718,0.048486329,0.283340912,0.00189084,0.005417262,0.002050885,0.007088821,0.015253981,0.019007925,0.005396414,0.018420916,0.000551105,0.003159947,0.006951665,0.002010135,0.007157463,0.00231972,0.006428768,0.036018591,0.096166841,0.010352634,0.147862836,0.002987211,0.051432175,0.018769093,0.1151033,0.002852442,0.006723684,0.000241594,0.000389837
9,0.004971418,0.003078305,0.056051591,0.002972867,0.010462531,0.002077257,0.017293123,0.003405182,0.007800552,0.000329311,0.001237743,0.000292403,0.000993298,0.019924381,0.325852201,0.001804046,0.012554281,0.002096165,0.006580902,0.007458157,0.010262247,0.003905717,0.030877451,0.00051936,0.004176804,0.011465816,0.002639168,0.008865107,0.002458433,0.008341021,0.017571188,0.068171084,0.006898145,0.194578519,0.002972476,0.066099972,0.007030484,0.064965959,0.001588582,0.011548211,0.000206439,0.00050609
10,0.003235942,0.005814463,0.015775361,0.001453447,0.00298101,0.004803781,0.013604017,0.008450482,0.010779613,0.000411985,0.00078707,0.000226519,0.000649857,0.031347457,0.078931711,0.006082228,0.024596248,0.002032167,0.013206997,0.013258924,0.013385019,0.007433924,0.016904387,0.000766488,0.003393895,0.002846959,0.002558865,0.00925583,0.002589392,0.008342381,0.042914913,0.088369852,0.030169854,0.299670684,0.005079675,0.030872268,0.060379289,0.144943126,0.003903165,0.005321112,0.000416448,0.000706832
11,0.001666393,0.006579539,0.068536254,0.000973523,0.002237082,0.00349951,0.01443262,0.006619994,0.009018171,0.000294181,0.000674023,0.000195377,0.000338023,0.010893461,0.034445876,0.01267582,0.08571271,0.001082112,0.010517245,0.003022024,0.004032066,0.004505075,0.010051655,0.000651425,0.00299109,0.002360814,0.00191819,0.004579583,0.001931666,0.003763342,0.036947011,0.027948056,0.025223944,0.351979937,0.005312359,0.139823863,0.040721168,0.070794717,0.00209682,0.00329664,0.000253852,0.000231943
12,0.002372201,0.006197683,0.037274723,0.001351402,0.002765394,0.004395456,0.016225229,0.008530662,0.011086987,0.000422176,0.000700337,0.000191708,0.000517314,0.023448033,0.060105776,0.009182779,0.037955491,0.001497942,0.01218802,0.0087979,0.009016535,0.005933647,0.013196536,0.000690707,0.003325157,0.003127662,0.002539717,0.006499287,0.002428761,0.005492467,0.044696478,0.03240524,0.032178636,0.368715363,0.005286096,0.072428426,0.056284285,0.099924472,0.002933645,0.004755419,0.000315857,0.000307668
13,0.011882978,0.000720481,0.011459391,0.001557604,0.040843343,0.000884752,0.008841122,0.001296634,0.00492057,0.000297879,0.001106911,0.001374158,0.006400465,0.000619175,0.004559011,0.000267801,0.001773841,0.288206045,0.003165571,0.004137824,0.012675794,0.00793379,0.115922407,0.00091586,0.012261456,0.001363928,0.004987114,0.106199837,0.008347411,0.135904003,0.001257178,0.010171693,0.000314753,0.00295349,0.000136614,0.001522357,0.000453927,0.00348922,0.001312955,0.016097492,0.002998523,0.167148345
14,0.005511466,0.001956284,0.001798137,0.003855099,0.008709079,0.003002933,0.006136923,0.048301238,0.488769198,0.02028477,0.120961212,0.004106949,0.101188627,0.008002782,0.004054965,0.001969593,0.001495031,0.034107745,0.012028783,0.003597673,0.022313894,0.008589215,0.016242972,0.001315218,0.003157871,0.001100833,0.004322286,0.007816543,0.005878969,0.013734549,0.016806756,0.010812663,0.001656554,0.001087726,0.00087616,0.000695653,0.002954449,0.002348034,0.004101056,0.008984541,0.000625829,0.001242251
15,0.018305901,0.005711804,0.005841357,0.014107705,0.016125456,0.004811546,0.007027563,0.008014418,0.033321776,0.001686449,0.004810345,0.004159672,0.026577869,0.004959315,0.005959747,0.001477725,0.002445731,0.30329614,0.005341761,0.018517568,0.026712428,0.043703763,0.09560961,0.006587148,0.015811045,0.001853983,0.028138334,0.051184797,0.044300686,0.085974123,0.013271025,0.051543135,0.002890725,0.003395212,0.001060385,0.001590289,0.003154224,0.004702265,0.007621362,0.014368173,0.010459001,0.009436622
16,0.013232024,0.001148737,0.017242281,0.002564285,0.054242583,0.001174517,0.009175921,0.001082746,0.005121414,0.000265847,0.001081768,0.000921539,0.008909404,0.001139297,0.011550502,0.000524976,0.004668878,0.168656209,0.003638783,0.004081911,0.013965729,0.008805441,0.149476012,0.001267838,0.022182415,0.001918716,0.005697684,0.143358746,0.008950247,0.13963953,0.002509184,0.046674899,0.000800452,0.02038849,0.000320328,0.002705623,0.000968891,0.008608173,0.00156782,0.019327031,0.002564743,0.098915097
17,0.015059006,0.0020357,0.017000242,0.00479933,0.044095228,0.001720666,0.00931145,0.001458118,0.004727094,0.000296867,0.001169925,0.001093632,0.006339874,0.001883843,0.015521793,0.00075066,0.007351543,0.109865703,0.004096264,0.005704239,0.01528244,0.013697505,0.162243379,0.002206772,0.023573394,0.001741843,0.008422197,0.131836609,0.013223623,0.136173027,0.004396197,0.095934622,0.001454277,0.05393451,0.000476516,0.006020248,0.001528002,0.012136089,0.00258775,0.019969233,0.002636186,0.048505183
18,0.020121459,0.000776307,0.012657126,0.001554693,0.010378115,0.001001327,0.007988198,0.000966414,0.007901999,0.000316928,0.001431754,0.000900028,0.046025927,0.001944436,0.00861894,0.000427892,0.00328758,0.062061016,0.003580226,0.00234719,0.035933579,0.005475131,0.206083572,0.000921983,0.18403459,0.024425803,0.002877315,0.055654838,0.004463999,0.085750429,0.001388504,0.007753572,0.000554869,0.017963446,0.000187948,0.002306284,0.000737,0.005072689,0.001154537,0.028632895,0.001189838,0.14420669
19,0.010348869,0.000974973,0.016304174,0.002044966,0.043200022,0.000913241,0.007662767,0.000880374,0.004591177,0.000217215,0.000876246,0.000631505,0.007494906,0.001183068,0.012304849,0.000512672,0.005755839,0.14334859,0.003192943,0.002808529,0.010746621,0.006450463,0.140889067,0.000983771,0.023300431,0.001530169,0.004106103,0.142692337,0.006467096,0.134773746,0.002464743,0.060539575,0.000847174,0.021086212,0.000305292,0.002930041,0.000874998,0.009361371,0.001142921,0.016595449,0.001662582,0.153742432
20,0.007195085,0.000508266,0.010850587,0.001095938,0.020641644,0.000515363,0.005727907,0.000569025,0.003307894,0.000129525,0.000522587,0.000638486,0.004251431,0.000422645,0.004078389,0.000249252,0.00176518,0.160966385,0.002299627,0.002728574,0.006906194,0.004971189,0.109885299,0.000563547,0.019166217,0.000807059,0.003662147,0.08096386,0.005759806,0.094102403,0.000769115,0.006652752,0.000256231,0.008052075,0.000124688,0.001712152,0.000309271,0.002829969,0.000760083,0.013443813,0.002477771,0.412317005
21,0.013768313,0.000773645,0.010318556,0.001281605,0.014739455,0.000749927,0.008355698,0.000955424,0.004970733,0.00022784,0.000921886,0.000885548,0.009115775,0.000510979,0.004277478,0.000241986,0.001696263,0.191899925,0.003438838,0.003508271,0.01487569,0.00791488,0.167834558,0.00105679,0.033507475,0.00119959,0.005610123,0.064118766,0.0088443,0.099300802,0.000955858,0.004437227,0.000332639,0.007449859,0.000238435,0.001727479,0.000378724,0.002810699,0.001108915,0.025129781,0.004001377,0.28102465
22,0.015746937,0.00067736,0.007241851,0.001177659,0.012279906,0.000799656,0.009491461,0.000966462,0.005606598,0.000286861,0.001343082,0.000886655,0.011746658,0.000679464,0.003670647,0.00024112,0.001264323,0.17761085,0.003966702,0.003636367,0.016482259,0.00693371,0.187904504,0.000933962,0.036787945,0.004509557,0.004627074,0.04951888,0.007307665,0.100799819,0.000825668,0.003766591,0.00025549,0.003886125,0.000120528,0.00124552,0.000397911,0.002504364,0.001115049,0.02870375,0.00321258,0.285399373
23,0.00949598,0.000833524,0.057703608,0.001463348,0.035085194,0.000825291,0.008721518,0.000876384,0.004288963,0.000182132,0.000770174,0.00032664,0.008572762,0.0011033,0.01920866,0.000708997,0.009002502,0.055792906,0.003853551,0.001733753,0.01220448,0.004816761,0.181570373,0.000630689,0.076547278,0.001407707,0.003318909,0.177283466,0.004508095,0.118503355,0.002120802,0.015422191,0.000736365,0.074676895,0.000338982,0.010513197,0.000775561,0.010656258,0.000929596,0.021153781,0.001290606,0.069688101
24,0.003099978,0.001859299,0.197910731,0.002157946,0.323919155,0.001227378,0.014437726,0.002989657,0.009257371,0.000248409,0.001058815,0.000334045,0.001233465,0.006669803,0.027871377,0.00068774,0.007990441,0.003826875,0.003775607,0.001991782,0.003229296,0.002783214,0.054671229,0.000556681,0.003158176,0.001422319,0.002880622,0.210872532,0.002074401,0.018940448,0.011623337,0.024867281,0.002483181,0.00874501,0.001390369,0.04345538,0.001299303,0.00445373,0.000837963,0.020883195,0.000191896,0.001116667
25,0.007646617,0.005314256,0.302383658,0.008848506,0.061195404,0.00298289,0.010776728,0.006344778,0.014550414,0.000527662,0.001283666,0.001010212,0.006510624,0.010195411,0.018187902,0.001194124,0.013507094,0.009288972,0.004072645,0.005457208,0.011495861,0.010983326,0.05232615,0.003224627,0.026044852,0.002282468,0.010708883,0.126353768,0.008723334,0.038764831,0.027146203,0.026312614,0.006159852,0.022386495,0.003234303,0.118739392,0.002893662,0.006628388,0.003084779,0.011721463,0.000477826,0.001701726
26,0.001984307,0.009280885,0.01029488,0.001552759,0.003107289,0.008081231,0.019966745,0.008902713,0.020616078,0.000841202,0.005039714,0.000270081,0.000552067,0.006868268,0.011543292,0.061788042,0.276151237,0.00230403,0.015829477,0.002434787,0.003455743,0.008174009,0.014850145,0.00104558,0.001082332,0.003321561,0.003065826,0.004244697,0.003279417,0.005295225,0.041864219,0.247664828,0.034799466,0.007140773,0.007422202,0.010771919,0.02964399,0.099543904,0.003842251,0.004865606,0.000448157,0.000585614
27,0.021061414,0.015461513,0.009330473,0.025459113,0.023423466,0.009629606,0.01130084,0.035158671,0.114484776,0.006400852,0.017893625,0.00435603,0.006274864,0.022672355,0.016615491,0.00493242,0.006335199,0.029685827,0.010810587,0.024362152,0.026378106,0.048306286,0.050913505,0.013111254,0.011577546,0.003511261,0.032490336,0.041203601,0.038479668,0.046258489,0.066980528,0.149516118,0.014472678,0.005294351,0.006626045,0.004750554,0.008967598,0.009644513,0.012343836,0.012053247,0.001727109,0.001009682
28,0.00622867,0.00294418,0.378645149,0.006126908,0.03682332,0.001650865,0.006362619,0.002914138,0.007063806,0.000308369,0.000758463,0.000506937,0.005349143,0.004430025,0.012350332,0.000721807,0.013178719,0.009818925,0.002991227,0.00260345,0.007400881,0.006769448,0.05770417,0.001988561,0.053985483,0.001556283,0.005319453,0.125924144,0.005747419,0.044079566,0.011052733,0.010884808,0.00272189,0.042595167,0.00143628,0.105929323,0.0014873,0.005555049,0.001793804,0.009786788,0.00030926,0.00277373
29,0.026225933,0.011840862,0.00968858,0.024171566,0.023779375,0.008152112,0.010244605,0.011150911,0.02980457,0.002009873,0.004912163,0.004326698,0.00707474,0.010899371,0.013114952,0.002749955,0.004290723,0.077174317,0.007670819,0.024251321,0.032177746,0.057545929,0.106101286,0.012864848,0.021516694,0.003309671,0.031209405,0.051964234,0.047600289,0.086913382,0.033175713,0.147161961,0.008759629,0.006991355,0.003133255,0.003765187,0.006113269,0.009163399,0.012248999,0.020327116,0.003598468,0.002128585
30,0.01710704,0.009286193,0.006076749,0.018512236,0.016358762,0.00871117,0.013527162,0.054750484,0.254032517,0.016497569,0.052558073,0.005518556,0.012225241,0.00983176,0.006570651,0.004151445,0.004799167,0.07886032,0.015480005,0.018601764,0.01845363,0.047841095,0.059316363,0.009883148,0.011876171,0.002546773,0.025583289,0.028506205,0.038813124,0.042272689,0.027794932,0.027209262,0.006108638,0.004337607,0.002546542,0.002684309,0.005206324,0.004577421,0.011174186,0.012859328,0.003320655,0.002023993
31,0.01250264,0.002399234,0.004168514,0.006074691,0.022950801,0.002487466,0.006097975,0.008835035,0.102034113,0.002206512,0.009119006,0.003582073,0.164975428,0.002114422,0.004079251,0.000830558,0.001369929,0.307434024,0.004749588,0.009134427,0.038379863,0.023007316,0.066601233,0.002782292,0.013300138,0.001861788,0.015903103,0.034383151,0.024951238,0.056441654,0.004975768,0.015449557,0.00101001,0.002558678,0.000445102,0.000910682,0.001482415,0.002554016,0.003740981,0.011414032,0.007547899,0.008754513
32,0.00349169,0.003105274,0.002456314,0.003530684,0.003448715,0.004341381,0.007960303,0.113894963,0.467392882,0.040531633,0.12457301,0.002075216,0.003257946,0.016825036,0.013301061,0.003334209,0.004160316,0.009851297,0.012627932,0.005122439,0.004984168,0.009697423,0.012397836,0.00161698,0.001594234,0.000941666,0.004958008,0.008159972,0.005552188,0.007877193,0.026851038,0.053079277,0.003943779,0.001961302,0.002192657,0.001700453,0.005227919,0.004733023,0.00436789,0.00527965,0.00045559,0.000513536
33,0.010325407,0.004887279,0.005375354,0.009447006,0.017346,0.005855494,0.01105406,0.091529805,0.376366618,0.030902857,0.079820258,0.004550351,0.021455788,0.004913506,0.005920947,0.002494711,0.00236379,0.054057635,0.015328402,0.008269031,0.015963886,0.025499982,0.041828079,0.004898725,0.007233472,0.002196714,0.01332712,0.02300533,0.019489993,0.030875031,0.013942931,0.017264683,0.002686159,0.003634025,0.001255213,0.001949281,0.002817829,0.003495079,0.007312222,0.011004402,0.002085463,0.001732007
34,0.005433628,0.004140143,0.002760482,0.006883938,0.006316297,0.004034866,0.005555377,0.151663919,0.494070846,0.035374351,0.081327031,0.004379764,0.005827493,0.007348786,0.006000988,0.002820839,0.001960602,0.015048253,0.010656571,0.005717217,0.006619408,0.013863906,0.013630666,0.003006598,0.002466287,0.00108541,0.009195074,0.010743476,0.01004952,0.010863385,0.022134399,0.023332814,0.003874807,0.002277819,0.002372515,0.001535428,0.002568824,0.002671264,0.005279974,0.005442399,0.000688337,0.000591525
35,0.007163882,0.004776208,0.003054943,0.007078108,0.007767444,0.00587329,0.00975395,0.113623839,0.475099462,0.033221019,0.096943261,0.003782976,0.004837869,0.006097388,0.004612836,0.003288179,0.003103325,0.018855275,0.016704545,0.006813479,0.007838495,0.018757072,0.02168239,0.004535354,0.003796779,0.001284929,0.010209931,0.013183202,0.012696867,0.014859791,0.019744693,0.020800727,0.003888966,0.002791757,0.001776208,0.002008117,0.00292163,0.002636889,0.006747568,0.00735101,0.000693745,0.000729072
36,0.005949788,0.011983588,0.009695376,0.01227356,0.012916735,0.004991886,0.009444234,0.015602298,0.043262854,0.001355249,0.005355626,0.001287943,0.001119401,0.073884536,0.179200051,0.003601375,0.00706726,0.00505253,0.00544593,0.021173036,0.020564514,0.012466194,0.015327423,0.002438563,0.001564506,0.004868704,0.013063635,0.01890908,0.008323877,0.00937044,0.091888391,0.297106041,0.021625575,0.006686835,0.011942242,0.004312295,0.009551753,0.024391031,0.004339351,0.005046181,0.000583756,0.000390753
37,0.005235726,0.009564669,0.007865172,0.011137987,0.011226764,0.00604131,0.011923465,0.026297378,0.108334402,0.003425691,0.015593051,0.001849891,0.001426875,0.054279962,0.051267291,0.006888351,0.015862203,0.006352829,0.010892123,0.01410595,0.012799217,0.013450989,0.016046413,0.002716194,0.001861926,0.002505256,0.012601764,0.023533507,0.009302059,0.010465459,0.084695891,0.367190012,0.016567879,0.002771468,0.008198041,0.004389022,0.012552903,0.020041387,0.004654831,0.004696245,0.000590959,0.000421866
38,0.004158732,0.006679153,0.005634915,0.006796124,0.006105634,0.0071891,0.018314982,0.050253467,0.235711847,0.009685032,0.034916344,0.001798058,0.002244846,0.04287036,0.031570787,0.00943198,0.020820989,0.008970416,0.018243546,0.010962455,0.009055972,0.012982981,0.018774864,0.002183303,0.001768688,0.002008589,0.008941813,0.01534879,0.007779286,0.009818972,0.068241616,0.251562794,0.01128084,0.002917641,0.005217092,0.003967131,0.016418101,0.017794574,0.005071956,0.00527726,0.000619688,0.00065167
39,0.009587874,0.012444277,0.013215537,0.0188118,0.027061615,0.004914176,0.009896035,0.008565759,0.017336669,0.000732023,0.002295436,0.0013652,0.001540734,0.03284451,0.144630251,0.002353325,0.006050642,0.006984271,0.004876136,0.017492001,0.022529808,0.016204218,0.024072368,0.003907823,0.002834744,0.005192099,0.021069851,0.0405727,0.01249825,0.017809763,0.066486667,0.349876281,0.018465364,0.013335851,0.010736639,0.005443284,0.00659135,0.022360895,0.004584812,0.00780691,0.000775494,0.000464585
40,0.003059296,0.006052738,0.002769194,0.003386258,0.002567835,0.006753219,0.010625118,0.049731163,0.149966713,0.005686064,0.015479276,0.00121442,0.002671049,0.076693964,0.051354972,0.008727123,0.012733059,0.006624718,0.010788127,0.013395066,0.01038234,0.011244777,0.010926113,0.001234678,0.001020582,0.002283248,0.004898793,0.006238341,0.005147395,0.005545633,0.105951162,0.220628856,0.025369457,0.003522785,0.005020984,0.002159126,0.071572466,0.065792198,0.005674054,0.003340322,0.000644378,0.000456864
41,0.002839548,0.006116871,0.003136672,0.003037577,0.002882812,0.009654702,0.014656894,0.061294613,0.215212493,0.008295773,0.022217489,0.001699155,0.005587575,0.025580285,0.021134422,0.024051056,0.024090885,0.01258917,0.016572788,0.006252619,0.005644943,0.012939841,0.014635949,0.001451146,0.001411699,0.001984275,0.005232155,0.00934129,0.006376034,0.008696149,0.082778491,0.210663482,0.020084889,0.005372668,0.004676132,0.003441633,0.062655229,0.051229259,0.00560726,0.003780796,0.000850895,0.000734887
42,0.01378558,0.0094612,0.015285211,0.015492979,0.03203222,0.004190195,0.011471396,0.004604679,0.007518432,0.000585519,0.001228314,0.001456583,0.002327814,0.013573552,0.10151587,0.001509846,0.005380305,0.012281394,0.004983082,0.016509589,0.029207528,0.019692962,0.042539174,0.005396398,0.005741966,0.005412262,0.018765332,0.049955305,0.016634114,0.034661688,0.034858521,0.371623275,0.011238128,0.033320939,0.005539044,0.010965364,0.004743741,0.022872074,0.005208509,0.013338627,0.00094584,0.000769074
43,0.002712563,0.010921856,0.004096721,0.002240035,0.001996246,0.008718375,0.012004348,0.023959844,0.055825802,0.001811369,0.006426238,0.00057207,0.001545226,0.025365381,0.022442087,0.051655486,0.051222207,0.003846401,0.012191966,0.007408739,0.006827516,0.010774801,0.009459792,0.001388085,0.000864946,0.002305449,0.004387536,0.003371999,0.004630225,0.004029262,0.095562945,0.252066678,0.048480253,0.005620409,0.008973898,0.004195154,0.085402344,0.142109764,0.004792328,0.003339143,0.000690402,0.000370267
44,0.00220388,0.004613947,0.019500064,0.001185726,0.003052615,0.003366479,0.015688833,0.004306311,0.007531588,0.000342287,0.001297821,0.000173751,0.000484141,0.010912406,0.041068996,0.014586416,0.115506637,0.00241483,0.009265142,0.003210872,0.005271269,0.00445492,0.01610181,0.000582326,0.001599684,0.004889692,0.001896157,0.006544249,0.002033393,0.006690896,0.028127911,0.338896648,0.021598899,0.036534354,0.003798597,0.014331234,0.031141844,0.211113332,0.002103934,0.005157496,0.000275917,0.000834983
45,0.01955587,0.011418408,0.010142076,0.018419891,0.02676025,0.005915694,0.009988749,0.006887958,0.014003281,0.00084833,0.002037187,0.002463625,0.003027704,0.012870496,0.033708496,0.002235866,0.005001351,0.026075682,0.005498591,0.018748529,0.029019916,0.032962771,0.063062362,0.008761203,0.01267898,0.003743752,0.023241749,0.050590452,0.027408635,0.060994814,0.038313305,0.352568152,0.011735761,0.009293967,0.005025305,0.005102524,0.005974378,0.01713741,0.007989697,0.01467751,0.001497253,0.001005033
46,0.027099831,0.007324198,0.010254357,0.015146442,0.022672654,0.005045076,0.009192369,0.003818487,0.007608816,0.00080181,0.001953656,0.002749869,0.004864403,0.005619021,0.015301301,0.001272274,0.00424094,0.081246525,0.00538468,0.018293169,0.029085939,0.039704746,0.135220275,0.00813642,0.02388607,0.002339525,0.021172741,0.057218847,0.033001622,0.104189284,0.015366148,0.199176111,0.005251706,0.029932279,0.001797356,0.009313616,0.0036782,0.010070294,0.008281266,0.022985614,0.003234259,0.004959049
47,0.013749243,0.00588251,0.03285556,0.011616545,0.030384821,0.003203996,0.011806695,0.003672816,0.005964188,0.000566957,0.001230529,0.001156034,0.002119944,0.008520319,0.07644305,0.001347781,0.011592773,0.010101023,0.00551912,0.011827451,0.025613647,0.015279805,0.054518968,0.003840692,0.009391295,0.003813185,0.012429059,0.045428934,0.012447901,0.036341214,0.022096115,0.138180004,0.007178901,0.213978538,0.00330988,0.125788548,0.003410002,0.015720527,0.003945217,0.017771196,0.000699916,0.000840069
48,0.01938797,0.004843447,0.020213301,0.009106266,0.022597343,0.003153303,0.008807715,0.002574446,0.004869165,0.000504961,0.001067312,0.001335509,0.003524962,0.003779758,0.022679125,0.0010179,0.007156945,0.024511114,0.004551295,0.009389727,0.024696909,0.020161336,0.098200233,0.004657064,0.021069576,0.002009177,0.011299525,0.047803747,0.016257537,0.075509871,0.011000254,0.093315696,0.004360249,0.269472326,0.001589683,0.105385603,0.002503146,0.009013318,0.00462887,0.020503455,0.001083684,0.001676346
49,0.02337745,0.00804196,0.013380268,0.015915032,0.025420895,0.004814808,0.009836132,0.003948645,0.006297887,0.0006874,0.00141073,0.002379661,0.003291804,0.007593063,0.032208574,0.001332518,0.004616047,0.03397359,0.005344588,0.018088187,0.032096263,0.032626387,0.091383115,0.007605572,0.01834503,0.00323097,0.018992306,0.051938961,0.027036509,0.076743018,0.020284352,0.273197677,0.007677115,0.063572275,0.002965929,0.022987901,0.003820062,0.012390764,0.007502845,0.020268243,0.001616554,0.001830543
50,0.02049555,0.003635535,0.016527554,0.007837791,0.028706029,0.002672309,0.009084182,0.002091209,0.00482085,0.000444033,0.001287909,0.001415533,0.004874197,0.002969569,0.015993619,0.00084178,0.006502422,0.066744282,0.00451404,0.009280864,0.021520871,0.021627326,0.152027683,0.004154225,0.025384621,0.001640954,0.011503211,0.079303154,0.018331248,0.112078649,0.007227776,0.119206607,0.00268076,0.141619166,0.000945801,0.030927201,0.002073943,0.010491678,0.004357691,0.022045043,0.002193513,0.014551707
51,0.006511993,0.005051108,0.085603984,0.004777074,0.018381339,0.002235226,0.017595677,0.003588062,0.008188415,0.000377641,0.001502711,0.000514634,0.001267723,0.01883971,0.226875113,0.001675219,0.012149483,0.003148482,0.006225152,0.008362179,0.013138433,0.005463484,0.039446985,0.00103064,0.006874726,0.009379023,0.005162649,0.019852722,0.003739941,0.011997503,0.021563414,0.055586185,0.007757354,0.188719236,0.004818716,0.131464251,0.004680527,0.033449177,0.001812354,0.014897184,0.000296529,0.000623261
52,0.006416466,0.004947168,0.0581118,0.006564537,0.020623389,0.002056901,0.011016482,0.003175185,0.006255141,0.000339641,0.000918325,0.000648559,0.00124104,0.014636907,0.144654236,0.001290965,0.011151308,0.00356094,0.004502282,0.008627574,0.01613814,0.006221472,0.03397706,0.001339617,0.005857333,0.004517209,0.007059701,0.027177336,0.004628339,0.013478782,0.022746412,0.091104186,0.00753676,0.234902562,0.004612047,0.192740834,0.002880745,0.014670702,0.001870575,0.012379056,0.000332842,0.000534748
53,0.003796645,0.00190782,0.063646868,0.001505138,0.008325606,0.001727774,0.013709652,0.002835733,0.006409201,0.000253836,0.000924257,0.000161134,0.00077896,0.017391921,0.330080093,0.001412454,0.007648858,0.001554515,0.005534474,0.005861558,0.009531075,0.002824053,0.022540346,0.00032724,0.004338832,0.009386442,0.001288376,0.007963621,0.001564969,0.006491733,0.013633295,0.061999725,0.005463593,0.183931275,0.001680526,0.097549159,0.008148197,0.087108933,0.001392502,0.008224344,0.00015069,0.000393456
54,0.00452701,0.003642157,0.016452552,0.001716114,0.004984065,0.003884642,0.015079543,0.007220376,0.011144895,0.000467403,0.001293258,0.000240835,0.000713351,0.041602998,0.185937541,0.00277472,0.024107733,0.001926943,0.011594859,0.019401032,0.022339218,0.006451086,0.018053142,0.000611197,0.002099467,0.005506318,0.002018729,0.006524232,0.002258302,0.006536844,0.03205967,0.094761729,0.019606893,0.158274347,0.00311265,0.017523377,0.041126891,0.209260988,0.003694998,0.006480269,0.000244946,0.000533866
55,0.003456188,0.003148227,0.00837588,0.001577579,0.002738973,0.003164103,0.010275958,0.007886338,0.01239394,0.000664534,0.000995819,0.000233033,0.000470667,0.038447734,0.17593126,0.00216364,0.008386725,0.001739946,0.008123609,0.014512321,0.01627925,0.005582416,0.011448046,0.000512759,0.000935402,0.004657369,0.001928195,0.003669121,0.002089473,0.004079446,0.034722738,0.201077383,0.019448533,0.024832842,0.002699001,0.004006305,0.043963049,0.315339904,0.003159976,0.004452263,0.000244408,0.000386667
56,0.002725252,0.005019893,0.104561289,0.001433991,0.005939683,0.004358809,0.018163084,0.00874736,0.012996906,0.000471923,0.00087503,0.00024758,0.000573265,0.023991364,0.095924762,0.006527363,0.036012309,0.001779134,0.010767857,0.006080765,0.008901155,0.006074251,0.015306141,0.000686468,0.002968141,0.005818537,0.002328148,0.006399396,0.002433206,0.00513167,0.043667569,0.044543625,0.02328691,0.115565356,0.004341325,0.187588044,0.053545528,0.123966492,0.003035254,0.005864475,0.000318168,0.000421319
57,0.002865389,0.002919606,0.002415867,0.002369492,0.003115885,0.006519403,0.013231524,0.095981982,0.437958602,0.03054626,0.109402941,0.002274546,0.00381902,0.010329786,0.01085692,0.010875481,0.012971535,0.009940817,0.016801436,0.004318436,0.004641343,0.010096833,0.014772611,0.001317774,0.001464466,0.001048564,0.003818175,0.007958499,0.004972651,0.008110286,0.030436741,0.080175247,0.004766682,0.0030565,0.001835898,0.0022169,0.014932215,0.015323434,0.004452614,0.005557733,0.000507075,0.000601348
58,0.004092106,0.000936572,0.000672687,0.00090024,0.001800999,0.002968224,0.003891234,0.04643983,0.561158326,0.040400936,0.24650151,0.000769889,0.012598804,0.001521693,0.001495538,0.003637592,0.00144796,0.005056672,0.014618133,0.001666815,0.006399109,0.005527412,0.007792266,0.000689858,0.001315337,0.00032515,0.00137213,0.002318216,0.001945592,0.00381226,0.006990674,0.005729029,0.000712388,0.00048754,0.000366416,0.00031795,0.003732789,0.001623974,0.004642633,0.010899415,0.000209296,0.000328235
59,0.002680291,0.00232106,0.001696097,0.001490381,0.002192371,0.009043392,0.017088395,0.084406869,0.47333436,0.042404446,0.200972189,0.002201778,0.004195808,0.0027909,0.003140265,0.012199695,0.012675869,0.006270916,0.024992863,0.003053704,0.003870992,0.010867447,0.014379583,0.000982168,0.001230639,0.000768604,0.002704686,0.004378628,0.003590843,0.005406773,0.010030004,0.019694795,0.002610278,0.001869969,0.001251363,0.001779289,0.004182643,0.004543582,0.005358996,0.007655267,0.000406222,0.000483839
60,0.002825065,0.007829882,0.003623417,0.002740435,0.00310804,0.016745144,0.027572661,0.067521743,0.259312741,0.012550659,0.044636697,0.002547775,0.006023965,0.008049853,0.007062867,0.069162568,0.068165665,0.009990487,0.035090146,0.005450792,0.004923107,0.01687952,0.020853024,0.001551983,0.001528542,0.001714969,0.005141673,0.006231301,0.00661829,0.007769236,0.054561107,0.109652549,0.021240044,0.005277565,0.005724162,0.004458006,0.03163086,0.027059115,0.007304845,0.005975448,0.00087712,0.000755145
61,0.006358694,0.001931566,0.000837048,0.000743028,0.00139542,0.016197796,0.015233698,0.106047339,0.282260641,0.083640793,0.289516516,0.001111944,0.003339344,0.000808164,0.001041382,0.001775401,0.001316906,0.003156635,0.098210669,0.00349159,0.007645782,0.020732651,0.016780523,0.001203823,0.001578675,0.000227451,0.001837194,0.002203425,0.002550579,0.00383061,0.002542096,0.0034672,0.000499217,0.000497497,0.000376309,0.000685864,0.001061053,0.001028345,0.017654739,0.019620213,0.000335144,0.000419476
62,0.002931771,0.005999563,0.002011058,0.002474815,0.002595068,0.036352543,0.047829321,0.082242522,0.376402123,0.031435458,0.10503984,0.001763631,0.00731635,0.003245072,0.003315222,0.014160791,0.011397731,0.00606718,0.112499947,0.005101281,0.004961721,0.0307253,0.023547316,0.001437884,0.001157347,0.001074466,0.004843977,0.003696206,0.005903722,0.00564694,0.008991714,0.015696525,0.003686525,0.001787462,0.002732296,0.003225969,0.006313724,0.005615964,0.011967126,0.007016536,0.000803783,0.000496775
63,0.003246366,0.013322706,0.005774908,0.004029482,0.004009623,0.036269933,0.047542442,0.052958149,0.130895762,0.011166241,0.028467886,0.001588873,0.003314315,0.007838574,0.007797488,0.113710082,0.125209243,0.005784831,0.069503211,0.007089841,0.005539875,0.02977457,0.026980087,0.002059957,0.001482386,0.00262636,0.007184604,0.005512332,0.008633185,0.008032975,0.046521248,0.068647083,0.023753621,0.006826408,0.009536271,0.009026638,0.022700344,0.020517482,0.013589852,0.007256528,0.001125061,0.000800398
64,0.00604172,0.002327995,0.000814144,0.000860448,0.001111572,0.039568752,0.031747791,0.107873239,0.168818824,0.072840752,0.162789796,0.000976146,0.002272636,0.000880699,0.001242766,0.002529002,0.002030371,0.002683588,0.236148184,0.004611777,0.006153397,0.047158263,0.023098769,0.001651917,0.001398811,0.000254407,0.002461899,0.001731642,0.003671491,0.003001661,0.002976508,0.004824551,0.000748422,0.000507819,0.000561895,0.000762872,0.001282602,0.00141247,0.040073659,0.023685283,0.00046219,0.000317008
65,0.010107304,0.003318027,0.001223892,0.00083336,0.001300478,0.044394743,0.032644793,0.07655994,0.076138566,0.057094424,0.099459986,0.00067008,0.001208992,0.000712054,0.001100163,0.002305601,0.002375969,0.002981138,0.299991701,0.006439977,0.01059578,0.066454758,0.038665999,0.002889376,0.003198502,0.000224028,0.003027597,0.002263346,0.004471912,0.004052129,0.002606476,0.005283639,0.000687355,0.000531324,0.000513128,0.000615784,0.000918955,0.00130613,0.070336655,0.072679108,0.000608227,0.000428553
66,0.020171274,0.00050559,0.01616062,0.001006369,0.009503278,0.0024779,0.100203598,0.001725855,0.005345829,0.001117929,0.009017116,0.000184992,0.002720132,0.000852976,0.006130608,0.000314752,0.00178164,0.009918651,0.025395749,0.001088403,0.015315829,0.00363749,0.401392651,0.000372299,0.025194602,0.001417739,0.001053356,0.026566094,0.001657823,0.033822258,0.001158999,0.003433633,0.000343515,0.003311814,0.000176467,0.009462018,0.000677751,0.005094755,0.001864686,0.24883401,0.000199722,0.005134221
67,0.001937873,0.006691917,0.037605544,0.001191867,0.003908813,0.006877246,0.022669799,0.005797625,0.006869434,0.000778191,0.001202495,0.000202821,0.000851404,0.004354879,0.023790915,0.048070722,0.208714587,0.002624542,0.023449318,0.002468469,0.004596704,0.0064018,0.026845432,0.00074039,0.00767849,0.002467808,0.002186665,0.014238798,0.002525956,0.011826619,0.020560422,0.029892064,0.020584025,0.332410208,0.005481352,0.045853328,0.014988668,0.042998429,0.003344896,0.006982955,0.000326985,0.001083994
68,0.002825777,0.005064916,0.028653223,0.001257873,0.005396053,0.008835991,0.038588124,0.005223336,0.014132713,0.001166973,0.005458742,0.000215307,0.001030163,0.002845965,0.020308785,0.029603705,0.374624848,0.00404683,0.041327241,0.002353727,0.006202653,0.007262941,0.047417577,0.000616917,0.005428443,0.002249911,0.002123162,0.01407611,0.002420782,0.013961788,0.009758,0.092420953,0.009202501,0.107576372,0.003280048,0.02891334,0.006224456,0.039493381,0.003446099,0.010067518,0.000337945,0.001714978
69,0.004573027,0.004147116,0.003033152,0.002064573,0.003922969,0.051341168,0.110007996,0.065382993,0.184309897,0.025567044,0.073252058,0.001168305,0.003615864,0.002620175,0.006457646,0.008403618,0.010134677,0.005143778,0.215713241,0.006144375,0.010917959,0.041265342,0.058936911,0.001407696,0.001900047,0.001362817,0.004169181,0.005552883,0.005776934,0.010146637,0.005884409,0.013394514,0.00277268,0.002072856,0.001842908,0.003833984,0.00453935,0.00989943,0.020970546,0.015594152,0.000729828,0.000980902
70,0.003990602,0.008336397,0.023762115,0.002341026,0.010100003,0.022707373,0.099595654,0.013134685,0.04030985,0.003279877,0.012645666,0.000474191,0.001711804,0.004409472,0.019209516,0.043879377,0.212841971,0.006389433,0.090606095,0.004567848,0.011128643,0.017943664,0.082954083,0.001242138,0.00424602,0.003560159,0.004153991,0.016902753,0.004955119,0.019605136,0.013626772,0.071445749,0.011497937,0.016762358,0.005320996,0.026197458,0.008832992,0.033979888,0.008398691,0.016974305,0.000675503,0.002486253
71,0.004601003,0.004756615,0.020749842,0.00221791,0.012120818,0.023415816,0.164723353,0.009331694,0.031950112,0.002941834,0.009953317,0.00044698,0.002320958,0.003001799,0.02389274,0.011945435,0.063972664,0.008074885,0.166559318,0.004674222,0.020019557,0.016998905,0.121199825,0.000896585,0.005509389,0.00336175,0.003357684,0.021536474,0.004174357,0.027526905,0.005949838,0.056501992,0.004478997,0.032431356,0.002480136,0.033442335,0.005158047,0.041367276,0.008138408,0.01939441,0.00053753,0.003460203
72,0.008255278,0.002023744,0.004509735,0.001063293,0.003828554,0.044005493,0.168054649,0.028868511,0.050572734,0.011748198,0.023822476,0.000374038,0.001735829,0.001292494,0.005215199,0.003221261,0.00664536,0.004935957,0.291889688,0.005134696,0.015362623,0.041453364,0.128193848,0.001075586,0.005446829,0.000979382,0.002321507,0.007092468,0.003417987,0.013786633,0.002643273,0.014494225,0.001290284,0.002278337,0.000807721,0.003186578,0.001811389,0.0068756,0.028525205,0.057616119,0.000418844,0.001473385
73,0.001195634,0.004820768,0.071792512,0.000800317,0.00265559,0.005748349,0.016162328,0.00466216,0.004967992,0.000664522,0.001127371,0.00015727,0.000599164,0.0027159,0.01766699,0.02768809,0.19827476,0.001677452,0.015419277,0.001638552,0.003398496,0.005053182,0.018169633,0.000579049,0.008689274,0.00140652,0.001611108,0.011324617,0.001874551,0.008414977,0.012639568,0.013314921,0.013400691,0.368759398,0.003744003,0.114300596,0.009616275,0.030521262,0.002422331,0.003903605,0.000248725,0.000665015
74,0.00287172,0.004080073,0.10344313,0.001469596,0.010589796,0.0082741,0.053928712,0.007445886,0.017207763,0.00169384,0.00410796,0.000266301,0.001558498,0.002815751,0.014480908,0.021180828,0.227382319,0.005027433,0.018254383,0.001743566,0.010709213,0.006606621,0.054071008,0.000597765,0.003994088,0.002513187,0.002155505,0.017598319,0.002657401,0.01661668,0.008907526,0.020207022,0.00771463,0.037199951,0.002974381,0.247743337,0.006700639,0.029161152,0.002923473,0.014677136,0.000331763,0.002220938
75,0.0068574,0.002511402,0.079527119,0.001974216,0.018233081,0.008004633,0.15663292,0.005329263,0.014162251,0.001577628,0.003671073,0.000280416,0.003166685,0.002556359,0.015371742,0.006152449,0.070324768,0.0098086,0.028800421,0.001642505,0.03024971,0.007031138,0.142976021,0.000553196,0.007756318,0.003699971,0.002179503,0.031085091,0.002940318,0.036015196,0.004062898,0.012504567,0.002332752,0.026769969,0.001233739,0.190286192,0.00316043,0.029246427,0.002408737,0.032851474,0.000351729,0.004624661
76,0.013271051,0.00083144,0.041796644,0.001744053,0.018626043,0.0034256,0.202120185,0.002138301,0.007701584,0.000903612,0.002081926,0.000212689,0.0039451,0.001797231,0.011223725,0.001246067,0.014319339,0.012455948,0.026689253,0.001125381,0.038341779,0.004336663,0.295283354,0.000374384,0.01430012,0.003208077,0.001467445,0.037818361,0.002354058,0.045696837,0.002027169,0.007257551,0.000720697,0.006679956,0.000396275,0.063382537,0.001365431,0.015023402,0.001837056,0.095938665,0.000252985,0.006076808
77,0.011932697,0.001705743,0.018834671,0.001495176,0.008011555,0.013528909,0.208013951,0.005261156,0.00836158,0.002318811,0.003139289,0.000246502,0.003114637,0.001490472,0.008884743,0.002091859,0.008831794,0.007337797,0.133656116,0.003297275,0.030698754,0.013570305,0.2371243,0.000561327,0.01275807,0.00190693,0.001778839,0.016027731,0.002574782,0.025753056,0.001753772,0.006909635,0.001067719,0.021004582,0.000720657,0.065711761,0.001627556,0.01227764,0.006385712,0.095137035,0.000306252,0.002963916
78,0.00121246,0.004566876,0.182772889,0.000780283,0.005421812,0.003071183,0.013627703,0.004554126,0.007475062,0.000317391,0.000648951,0.000127931,0.000406911,0.004919047,0.022334161,0.017513577,0.188249173,0.001532048,0.007822446,0.00138999,0.002933137,0.003431269,0.012145216,0.000508099,0.002283638,0.002323827,0.001448867,0.008079808,0.001557917,0.004577267,0.022101721,0.040323606,0.016376391,0.080173347,0.003622379,0.251961692,0.020161597,0.05599473,0.001558829,0.004001695,0.00019167,0.000519061
79,0.000895755,0.002888764,0.089421673,0.00045825,0.001746863,0.00281699,0.009838393,0.00254288,0.003700668,0.000394169,0.000767382,0.000120627,0.000389495,0.001900326,0.013306688,0.016528609,0.286232213,0.001142985,0.007061382,0.001047889,0.003194074,0.002572885,0.010272459,0.00030788,0.005419123,0.001015546,0.000888553,0.007114598,0.001041175,0.005516887,0.008845086,0.015791867,0.00815042,0.214799461,0.002226251,0.243028768,0.00706914,0.024572798,0.001351978,0.001888047,0.000134109,0.000388303
80,0.000559822,0.003146715,0.11273388,0.000385016,0.001031889,0.001770634,0.007068979,0.002626632,0.003999942,0.000190902,0.000545951,5.82E-05,0.00019945,0.002719629,0.010838414,0.014142326,0.240110312,0.000645645,0.006447941,0.000696304,0.00146534,0.001984315,0.007385522,0.00030042,0.00374537,0.000775104,0.000837963,0.004465554,0.000795085,0.003101339,0.014206776,0.019792867,0.012143159,0.248834336,0.002698362,0.231393367,0.012997169,0.029718857,0.000851795,0.001689536,0.000124518,0.000221949
81,0.001835706,0.004803665,0.078911272,0.001143517,0.004948662,0.009629606,0.044524445,0.005285654,0.008571857,0.001621211,0.0029771,0.000228081,0.001052528,0.002136761,0.014251461,0.017723492,0.184919052,0.002799319,0.02716287,0.002288341,0.011051053,0.007119074,0.028651081,0.000611563,0.006199195,0.001640087,0.001909013,0.010440666,0.00230201,0.010623799,0.006052012,0.012094737,0.006543661,0.146876339,0.002659285,0.297221744,0.004808615,0.025984692,0.003109989,0.005391863,0.000286096,0.000887737
82,0.003708145,0.00213016,0.073681628,0.001339625,0.008386223,0.009016764,0.12101529,0.004329685,0.008908173,0.00170631,0.002064896,0.000230039,0.002312666,0.001815761,0.014191722,0.005149297,0.068095168,0.005020186,0.056422471,0.001842897,0.028564742,0.007211118,0.078336553,0.000475901,0.006833771,0.002063704,0.001675403,0.014191588,0.002335403,0.019249939,0.00287061,0.011055757,0.001856007,0.083187026,0.000911592,0.311998429,0.002646328,0.026179556,0.002944464,0.013233187,0.000278804,0.001797547
83,0.002266775,0.005280342,0.068512673,0.001540911,0.00645483,0.017179532,0.065454886,0.009741743,0.011645586,0.004181034,0.003497673,0.000303196,0.001423063,0.002794098,0.019429398,0.023292715,0.118832225,0.00368026,0.065160213,0.003037079,0.01295618,0.012343422,0.042919878,0.000881424,0.008719682,0.002278215,0.00268543,0.014211082,0.003360123,0.014360305,0.007540097,0.017919434,0.007533474,0.177896155,0.003131268,0.194449109,0.00598828,0.033931206,0.005456538,0.007343592,0.000426683,0.001298889
84,0.00332291,0.005650946,0.036379536,0.002188017,0.007396096,0.021383101,0.096468936,0.010718613,0.014191115,0.003160117,0.004206741,0.000347831,0.001816304,0.003332735,0.027363115,0.023771369,0.109735878,0.004916221,0.108705976,0.004423085,0.015927768,0.01491106,0.060251666,0.000980577,0.008788565,0.002999286,0.003481496,0.017363213,0.004369538,0.018356992,0.008168824,0.032492757,0.008323825,0.168742627,0.003790216,0.081547499,0.007181624,0.045733233,0.006846777,0.010240431,0.00055087,0.001835269
85,0.003632455,0.003224803,0.047544756,0.001480127,0.006202866,0.01839513,0.139848999,0.007429416,0.010064274,0.003127785,0.002129879,0.000269656,0.002029324,0.001815223,0.014661074,0.005869212,0.046900851,0.004199067,0.150138771,0.002747654,0.022401239,0.014333881,0.083618131,0.000591318,0.007457203,0.00168086,0.002362296,0.012630532,0.002789364,0.016199717,0.003011597,0.012848952,0.002247337,0.101583947,0.001366685,0.204688915,0.003184091,0.022152083,0.005889016,0.016003922,0.000389423,0.001434345
86,0.003721067,0.003658406,0.023411353,0.001685119,0.007805844,0.021248825,0.164223099,0.009124379,0.016999593,0.003085691,0.006601068,0.000340249,0.002111255,0.002306577,0.023183834,0.010595365,0.056875913,0.005520941,0.198274096,0.003629834,0.020603611,0.014144607,0.098162222,0.000682836,0.006825961,0.002360619,0.002486154,0.01682629,0.00320469,0.020518325,0.00490145,0.032918597,0.003856742,0.096635993,0.001874141,0.053685237,0.004522203,0.036314982,0.007098134,0.016131927,0.00038817,0.002249015
87,0.006202478,0.002414708,0.013985406,0.001570738,0.009081418,0.022144199,0.226697524,0.009212486,0.036053,0.00339961,0.014887383,0.000290643,0.002270781,0.001943389,0.013637388,0.005008066,0.020767361,0.007654993,0.202288445,0.003370157,0.022124856,0.016784235,0.173747242,0.000609252,0.006186319,0.002169836,0.002290981,0.017799455,0.0030962,0.026738831,0.003307176,0.024682459,0.00213837,0.012382639,0.001188413,0.022096895,0.002768753,0.021446882,0.007698705,0.033168619,0.000369189,0.003205436
88,0.019563482,0.002978082,0.00351067,0.000923742,0.002879789,0.029092643,0.070628964,0.039347487,0.039009815,0.023589356,0.047086702,0.000568381,0.002054126,0.000866825,0.003096325,0.001596808,0.002732951,0.004592081,0.245963271,0.008178316,0.016898559,0.048637754,0.108605575,0.002884558,0.009317406,0.000462072,0.002541811,0.005869593,0.003985749,0.010000528,0.002052652,0.00784079,0.000758186,0.001311814,0.000525882,0.00107193,0.000973077,0.00264339,0.05663125,0.17785911,0.000529605,0.001140963
89,0.012646884,0.001240406,0.013962698,0.00102968,0.005787152,0.013092536,0.222678389,0.006135397,0.011969706,0.002402266,0.007232507,0.000276825,0.002332158,0.00106335,0.006886314,0.001608354,0.005862173,0.006713704,0.181791148,0.003382071,0.019949063,0.012700923,0.235565519,0.000474476,0.012519234,0.001327758,0.001270293,0.013245808,0.001912825,0.02248111,0.001412474,0.005797566,0.00092075,0.015668513,0.000563471,0.013094712,0.001268412,0.008123406,0.007542638,0.120651389,0.000234066,0.002682504
90,0.023473808,0.000886637,0.009793923,0.001072933,0.006129864,0.009881515,0.149996382,0.006604408,0.012348835,0.002730696,0.009063114,0.000252345,0.002789057,0.00081285,0.005985986,0.000797566,0.002372972,0.007686609,0.137938559,0.00290613,0.01944803,0.011450667,0.259217362,0.000614654,0.021558758,0.001087421,0.001187926,0.014220921,0.001904682,0.024056877,0.001261353,0.00598797,0.000490226,0.00414116,0.000303408,0.003611627,0.000795635,0.005289915,0.009317628,0.224334474,0.000232437,0.002978046
91,0.017650888,0.000434633,0.0140067,0.000838968,0.0057281,0.002590056,0.099220115,0.00164963,0.004519279,0.000673838,0.00340387,0.00014667,0.002502624,0.000668895,0.004218682,0.000330817,0.001252746,0.007985674,0.046414686,0.001024472,0.013243406,0.003791253,0.36941608,0.000295883,0.024389946,0.000932648,0.000907754,0.018726855,0.00134122,0.027367411,0.0010031,0.002593199,0.000313355,0.004249954,0.000177504,0.007420868,0.000550808,0.003720924,0.002040211,0.302775369,0.000147836,0.003816707
92,0.013747979,0.000338484,0.012911478,0.000510579,0.006478004,0.000930811,0.03649987,0.001143482,0.005473069,0.000566218,0.003423405,6.74E-05,0.001733052,0.000410301,0.002926897,0.000135949,0.000828688,0.006972279,0.020734349,0.000619912,0.010997165,0.002513079,0.322284409,0.000296642,0.020328272,0.000505955,0.00067513,0.021607397,0.000964642,0.024255944,0.000688603,0.001743716,0.000199831,0.002577341,0.00011974,0.002269393,0.000257989,0.001562387,0.00184306,0.467657855,0.000134629,0.003872167
93,0.018206288,0.001086799,0.008248426,0.000673218,0.0050044,0.004609653,0.021858414,0.014909514,0.045459564,0.011314869,0.048715855,0.000276626,0.003672645,0.000562233,0.003082308,0.000374157,0.000975274,0.005228511,0.047710634,0.002698291,0.019154846,0.011778019,0.154140632,0.001232848,0.019842247,0.000503802,0.001053392,0.013001579,0.001857168,0.016700846,0.0008071,0.002520223,0.000265466,0.001807802,0.000185135,0.001266181,0.000364096,0.001690492,0.017908327,0.494117026,0.000206503,0.002124324
94,0.01454132,0.000518704,0.028264931,0.000888701,0.019139994,0.001160915,0.047832325,0.001782989,0.006735531,0.000978644,0.005090153,0.000155111,0.002197584,0.000893068,0.005849408,0.00035124,0.003137284,0.013372365,0.015066261,0.001069341,0.013690508,0.002693545,0.305647324,0.00041465,0.021918982,0.000914551,0.00105383,0.056280707,0.001404113,0.048036682,0.001648607,0.004372817,0.000468431,0.005189937,0.000205877,0.007732071,0.000537275,0.003249362,0.001658667,0.352020465,0.000155724,0.007788336
95,0.009190215,0.002055652,0.021663503,0.003791983,0.01275448,0.00140289,0.005190955,0.001177854,0.002919033,0.00019697,0.000575914,0.00066504,0.001961447,0.001847901,0.017599747,0.000780775,0.009579937,0.011013462,0.003014254,0.003280271,0.009050743,0.008715849,0.060542668,0.00215121,0.011524958,0.000974172,0.0048916,0.03059837,0.006540741,0.048282984,0.004959239,0.052768242,0.001948647,0.461867331,0.000689043,0.179940117,0.001420402,0.008880414,0.002134344,0.010515695,0.000473112,0.000850294
96,0.002143217,0.003535268,0.016175295,0.0008467,0.002376508,0.002778644,0.010334619,0.00352253,0.004659666,0.000213033,0.000841804,0.000137574,0.000482735,0.009724435,0.065539843,0.010633559,0.102076624,0.002390311,0.007735927,0.003726831,0.004225942,0.00349253,0.017734115,0.000423294,0.003495498,0.00232792,0.001338639,0.011437392,0.001527613,0.010124708,0.020704746,0.244289003,0.016460856,0.195015076,0.002902921,0.017619242,0.023869847,0.175751891,0.001642101,0.003975114,0.000187914,0.001145582
97,0.001855525,0.006432762,0.023776914,0.00093176,0.002815108,0.00377159,0.013864056,0.004465032,0.005676702,0.000222896,0.000679415,0.000145425,0.000629457,0.007226242,0.031995391,0.030798239,0.204755795,0.002415616,0.010742933,0.002636561,0.003579569,0.00463428,0.021225465,0.000758467,0.006107403,0.00221714,0.002069205,0.014609042,0.002105348,0.011727052,0.027323013,0.087815654,0.027393826,0.302332705,0.005315611,0.030771044,0.023895445,0.075064733,0.001920894,0.004901256,0.000288313,0.00118265
98,0.001825547,0.005008503,0.021906472,0.00091659,0.003732194,0.004008597,0.01735174,0.003256494,0.006951844,0.000421553,0.001594128,0.000139162,0.000541351,0.003660404,0.016319355,0.032525974,0.458258676,0.002632833,0.013385554,0.001595291,0.003165469,0.00418949,0.023020445,0.000629842,0.002985493,0.003012909,0.001563203,0.00904178,0.001738069,0.008581423,0.015061423,0.152419301,0.017376875,0.060132898,0.004023035,0.024636184,0.010474978,0.055763677,0.002135225,0.007153875,0.000220997,0.001057771
99,0.003055788,0.001592673,0.273904578,0.00127483,0.091769409,0.001692172,0.018414829,0.002749863,0.007636624,0.000311907,0.001036121,0.000148,0.001175613,0.006035837,0.077851048,0.002395704,0.022390686,0.004167069,0.00605164,0.001696007,0.004372743,0.0026491,0.051520434,0.000394279,0.005758932,0.005859989,0.001481252,0.071069821,0.001580036,0.015588251,0.010941651,0.027923435,0.003936141,0.021976833,0.001186914,0.172155703,0.00840565,0.055834727,0.001071562,0.020928165,0.000153338,0.001679895
100,0.004121218,0.001726486,0.280264077,0.002242288,0.128905407,0.001451217,0.017025103,0.002876992,0.008663559,0.000340902,0.00123317,0.000260208,0.001643413,0.007759597,0.074745499,0.001115881,0.011258434,0.004240737,0.005133839,0.002172458,0.005781891,0.002913868,0.064162256,0.000510547,0.006628699,0.003438943,0.002496311,0.099292521,0.002092469,0.018590924,0.010937612,0.028279775,0.002686824,0.017049881,0.001449713,0.14130349,0.002078602,0.016423371,0.001023608,0.030079914,0.000151963,0.001388149
101,0.004353258,0.001878734,0.269635164,0.00222077,0.174281871,0.001288192,0.016981017,0.003135726,0.009795135,0.000353488,0.001236455,0.000349028,0.001079775,0.00871419,0.048837109,0.000897785,0.008199945,0.004005804,0.004397404,0.002757155,0.005685276,0.002903576,0.068737862,0.00065309,0.004500698,0.002157959,0.002847552,0.141709113,0.002197893,0.018697748,0.013198052,0.029963263,0.003007835,0.009599196,0.001606001,0.10621718,0.001379357,0.004696768,0.000960596,0.033942829,0.000198419,0.001134186
102,0.003835863,0.000952542,0.342177431,0.00126766,0.138279046,0.000961466,0.021136537,0.001849987,0.006572819,0.0002297,0.001017144,0.000175856,0.001424457,0.003929237,0.036389132,0.000722255,0.010859787,0.003704604,0.003820829,0.001369597,0.004226318,0.00193764,0.076149089,0.000358923,0.004539752,0.001141168,0.00152528,0.118840472,0.001279469,0.017446884,0.006784801,0.018903255,0.0015856,0.008737162,0.000815125,0.117836259,0.000922815,0.003899295,0.000670336,0.0459489,0.000101946,0.001487054
103,0.004767537,0.001460725,0.093002093,0.002406319,0.322943954,0.001025443,0.011253568,0.002377607,0.008688235,0.00025595,0.000973232,0.000274106,0.003144916,0.003705927,0.014507509,0.000595689,0.006227168,0.011565522,0.002774718,0.001317868,0.0038177,0.002748452,0.096268974,0.000532273,0.004419706,0.000919487,0.002769046,0.285995324,0.002282367,0.044884789,0.007881887,0.018693378,0.001677641,0.01049441,0.000860801,0.019226923,0.001125914,0.003016551,0.000775863,0.028625906,0.000187328,0.003907722
104,0.003052592,0.002160854,0.338026141,0.002872419,0.180234943,0.001521465,0.018819623,0.003216391,0.009890682,0.000329974,0.001097567,0.000406347,0.001287212,0.007212406,0.026762804,0.000927776,0.011138415,0.003764765,0.00480198,0.002512608,0.004177228,0.003450544,0.062621391,0.000766402,0.003294936,0.001197629,0.003792336,0.160746543,0.002486803,0.017548457,0.013169931,0.019765548,0.003261272,0.006571048,0.00170171,0.0639381,0.001448693,0.004382844,0.001094144,0.023774627,0.000183911,0.001135804
105,0.003863311,0.003739483,0.326952098,0.004400664,0.105711354,0.002067768,0.014167829,0.004646761,0.012881172,0.000384262,0.001459281,0.000564596,0.001622233,0.013740766,0.037885504,0.001039258,0.00964673,0.004376666,0.004771252,0.004749114,0.007246472,0.00491118,0.054364211,0.001103887,0.004960841,0.002228337,0.005678138,0.126427538,0.003563732,0.017794259,0.022473966,0.029391644,0.005536823,0.00843618,0.003196138,0.128521158,0.002137293,0.005143351,0.001587816,0.020204824,0.000261077,0.001010365
106,0.006552435,0.001047905,0.255141503,0.001431501,0.100857657,0.001062312,0.022347617,0.002037413,0.008450573,0.000343217,0.001357075,0.000228334,0.0021624,0.00333263,0.037394931,0.001115816,0.015246813,0.0087777,0.004306908,0.001427223,0.007571389,0.002212727,0.124415295,0.000421139,0.010353406,0.000735152,0.001723715,0.122541478,0.001542124,0.034565628,0.006047236,0.025208082,0.00147655,0.022902548,0.000729636,0.080350087,0.00138469,0.00800804,0.00080469,0.08153273,0.000128568,0.004109131
107,0.005203287,0.001371214,0.077324531,0.002325089,0.246397087,0.000967287,0.007056082,0.001948665,0.006449108,0.000207841,0.000692353,0.000283578,0.003643564,0.002713104,0.007071801,0.000686736,0.006771253,0.024574172,0.00215302,0.001152112,0.004801295,0.003027284,0.10955758,0.000670026,0.011139875,0.000933318,0.002800951,0.322994701,0.002478892,0.077629113,0.006875703,0.010674532,0.00149145,0.006962712,0.000697774,0.01380128,0.001141507,0.003408446,0.000831497,0.033305998,0.000227591,0.012307154
108,0.002943532,0.00113948,0.246342105,0.000821166,0.026030456,0.002875662,0.051951792,0.002683111,0.011680795,0.000697414,0.002314297,0.00015646,0.001221615,0.00142981,0.009764394,0.004898669,0.128718182,0.007137726,0.009713923,0.000802147,0.004852273,0.002729197,0.148090999,0.000292399,0.006241751,0.001125443,0.001065456,0.042846376,0.001267564,0.024349385,0.003447542,0.010163427,0.00176868,0.008954473,0.000706198,0.17325672,0.001796583,0.008460677,0.000989955,0.044682372,0.000148879,0.004061263
109,0.002444566,0.000934423,0.34411578,0.000771401,0.03766528,0.001740535,0.038599625,0.001752911,0.008012345,0.000404022,0.001621237,0.000125508,0.001104158,0.001466881,0.014004754,0.002690302,0.081946423,0.005387596,0.007210034,0.000826475,0.003896739,0.00185556,0.131136242,0.000246586,0.006421964,0.000790268,0.000956996,0.053989753,0.0009855,0.019524775,0.003203048,0.011699691,0.001235213,0.010475109,0.000565965,0.146740091,0.001310127,0.007296898,0.000686867,0.04659962,8.28E-05,0.003014382
110,0.02112602,0.001085932,0.059995015,0.000870303,0.034991269,0.001289532,0.015784746,0.005673128,0.025597662,0.004986837,0.018025634,0.00025671,0.00660348,0.001386011,0.015575131,0.000719979,0.006056221,0.011087158,0.008900002,0.002021416,0.024920498,0.004968515,0.145675591,0.000935687,0.014513975,0.000559508,0.001317125,0.059619209,0.001635094,0.037333198,0.002724236,0.012748001,0.000756574,0.013298528,0.00037658,0.015439888,0.000811311,0.005030455,0.005103409,0.416984317,0.000184009,0.004904931
111,0.006137003,0.000695023,0.112900498,0.000923225,0.030432378,0.001404647,0.059205945,0.001493374,0.007739078,0.000397833,0.001309305,0.000151705,0.001640055,0.001232648,0.008970334,0.001277214,0.028664926,0.014071345,0.007271698,0.000733083,0.006129067,0.002083368,0.326457804,0.000330473,0.013746531,0.001121969,0.001146914,0.068654908,0.001339383,0.049523637,0.002478511,0.008294204,0.000815552,0.009207615,0.000386872,0.073159269,0.000862618,0.005532729,0.000715903,0.137865877,0.000146944,0.008599563
112,0.009789457,0.000711068,0.064251825,0.000904048,0.035750974,0.001035505,0.03532895,0.00210795,0.008928091,0.001111327,0.004112804,0.000168202,0.002156113,0.001296598,0.009882421,0.000767102,0.009915716,0.01398877,0.008667192,0.001111463,0.01124807,0.002445468,0.278098444,0.000447288,0.016589838,0.000692574,0.001202969,0.082259753,0.001342857,0.049106064,0.002545924,0.009262595,0.000763867,0.009715404,0.000358141,0.020942986,0.00082571,0.004526208,0.001367,0.293071664,0.000140032,0.008375706
113,0.001862459,0.001053703,0.437870168,0.000803964,0.057466674,0.001167424,0.018735676,0.001696075,0.006368819,0.000304242,0.000872348,9.75E-05,0.00095169,0.001663589,0.015401265,0.002670936,0.050336045,0.00496515,0.005289222,0.000693117,0.00285008,0.001503917,0.070430536,0.000266485,0.007240247,0.000958286,0.000931756,0.064010377,0.000943124,0.017203563,0.004360879,0.014787431,0.00214435,0.008737499,0.000676092,0.153996695,0.002200759,0.012174824,0.000534899,0.028179967,8.37E-05,0.002672256
114,0.001454811,0.000528946,0.474519352,0.000547734,0.034200386,0.000909145,0.023410452,0.0009987,0.004778185,0.000211273,0.001077755,7.52E-05,0.000706664,0.001062006,0.009406048,0.001314127,0.079740445,0.003786304,0.004067535,0.000443133,0.002426671,0.001107919,0.080220313,0.000159931,0.004402258,0.000462113,0.000603535,0.042888419,0.000655113,0.013147357,0.002127738,0.008313047,0.000711566,0.00600709,0.000343741,0.160200473,0.000689572,0.004341417,0.000414946,0.02981165,6.01E-05,0.002161908
115,0.002111142,0.000676184,0.441067952,0.000716334,0.048604787,0.000890042,0.021463542,0.001207142,0.005714448,0.000254102,0.000921356,0.000102088,0.001074606,0.001533706,0.016010609,0.001248938,0.030410024,0.004035856,0.005055381,0.000642441,0.003351201,0.001368453,0.085303316,0.00025055,0.00535536,0.000526281,0.000825779,0.057200794,0.000838065,0.01533739,0.003079206,0.01018423,0.000953017,0.008054939,0.000427324,0.180052247,0.000738355,0.004788804,0.00052484,0.041178935,7.52E-05,0.00214587
116,0.003884072,0.005040707,0.128651084,0.003521043,0.01673249,0.00174727,0.008587146,0.00414666,0.009032418,0.000320273,0.000868643,0.000560453,0.00108867,0.021155771,0.075492421,0.001415998,0.015054491,0.00308372,0.003295995,0.007149433,0.010656464,0.004446522,0.021699941,0.00097455,0.006920154,0.002908297,0.004391251,0.025287541,0.003057584,0.010362126,0.025229163,0.036895215,0.007882312,0.162725294,0.005281486,0.350680338,0.002650547,0.010275757,0.001553721,0.007051326,0.000223228,0.000547996
117,0.004004129,0.001963241,0.042454811,0.003018074,0.009328213,0.000982722,0.005022892,0.001513686,0.002836717,0.000176065,0.000395289,0.000295059,0.000829454,0.003198333,0.029894662,0.000973559,0.014697118,0.00295788,0.002475325,0.002483167,0.007184508,0.003765681,0.020367739,0.000916458,0.005671205,0.001187168,0.00322459,0.018469127,0.00292676,0.01482705,0.007424123,0.02764008,0.003092446,0.365146476,0.00149856,0.387331811,0.001514385,0.00750604,0.001068283,0.005148706,0.000175872,0.000475954
118,0.0140928,0.000949224,0.002097084,0.001426435,0.030078434,0.001094058,0.006234167,0.003168739,0.088394855,0.001222164,0.011830104,0.001192173,0.548766784,0.001916766,0.008688941,0.000540261,0.001014022,0.025716332,0.003934014,0.00494127,0.172933663,0.004387917,0.024853034,0.00077033,0.006805792,0.006396516,0.001994524,0.009294492,0.003001905,0.028827046,0.003748627,0.004175091,0.000899708,0.001262802,0.000423028,0.00056143,0.00072371,0.002480867,0.001654078,0.010334544,0.000400572,0.002704797
119,0.014861581,0.001315227,0.002232333,0.001977217,0.022053255,0.001483295,0.006140598,0.004767595,0.121289496,0.001448911,0.017436898,0.003127495,0.478807477,0.002601021,0.003149353,0.000658147,0.001182139,0.070267523,0.005453564,0.00969517,0.111329366,0.007513702,0.041830751,0.001301666,0.00986119,0.001389401,0.003152811,0.011280159,0.005176368,0.030895999,0.005469393,0.004814087,0.0012215,0.001300103,0.000589314,0.000615072,0.001012724,0.001916682,0.002301289,0.013438261,0.000906176,0.005384845
120,0.030812996,0.001532407,0.002711007,0.002527646,0.025791287,0.001323466,0.006263457,0.002531742,0.042144272,0.000791743,0.006148012,0.002227717,0.380821733,0.001513068,0.004423427,0.000358021,0.000702187,0.035332295,0.003354186,0.010253593,0.327761332,0.007824919,0.053217565,0.001574497,0.027367668,0.001976738,0.003604983,0.011798116,0.005477464,0.041454042,0.003516973,0.003566766,0.001059384,0.001664174,0.000478971,0.000629886,0.000746527,0.002289894,0.002245429,0.018364911,0.000679671,0.004132751
121,0.015596139,0.001189788,0.003345172,0.002229957,0.027087685,0.001332825,0.005629477,0.004207414,0.080518948,0.001301255,0.01090164,0.00342714,0.289727297,0.001159304,0.003636807,0.000398991,0.001042733,0.229515484,0.004135124,0.008161409,0.049139344,0.011783452,0.091397433,0.001490061,0.018300344,0.002221899,0.006189843,0.025077175,0.010566164,0.057230601,0.002143525,0.006745994,0.000504141,0.001573383,0.000269295,0.00067506,0.000669743,0.0020771,0.002096421,0.015881134,0.003065642,0.014117412
122,0.031362378,0.000929735,0.006760001,0.001477868,0.020224394,0.001081155,0.009077104,0.002532942,0.057366721,0.001074554,0.008602086,0.000953261,0.349902722,0.001434882,0.006812233,0.000448728,0.001821622,0.031466068,0.004202118,0.003681924,0.184843405,0.004817223,0.068666726,0.000920678,0.099642658,0.002940909,0.002194192,0.023181549,0.003378723,0.047280347,0.002689439,0.004952861,0.000685159,0.006264253,0.000357063,0.001307105,0.000668123,0.003740652,0.001668723,0.032515677,0.000522306,0.01284487
123,0.013584697,0.000909201,0.069315581,0.001652827,0.072315843,0.000827532,0.008610607,0.001247961,0.004716512,0.000223713,0.000976038,0.00022706,0.003589796,0.001532794,0.006190904,0.000362681,0.002813754,0.02635999,0.002786419,0.001295721,0.014216714,0.003388605,0.196479187,0.000711644,0.054881598,0.001264046,0.002212124,0.241915354,0.002646299,0.095946218,0.003601963,0.005183384,0.000808136,0.006098112,0.000376121,0.004889796,0.000633717,0.003275975,0.000847703,0.136901957,0.000277092,0.015365268
124,0.0035893,0.003050494,0.207200246,0.005168787,0.271971876,0.002031495,0.011317207,0.004979905,0.013765018,0.000341895,0.001252443,0.00068373,0.003626997,0.009210193,0.023088014,0.000852064,0.007200708,0.008108914,0.003557734,0.003085866,0.004691376,0.005180777,0.049945269,0.00116657,0.004028332,0.001634786,0.005901263,0.215260787,0.004409306,0.033875842,0.020047057,0.027779593,0.003871547,0.007966736,0.002221124,0.034896247,0.00222995,0.004651963,0.001486685,0.012593963,0.000300814,0.002173401
125,0.003659993,0.001754013,0.216622421,0.002608899,0.169625632,0.001053961,0.004959,0.002011891,0.005854928,0.000223248,0.000578963,0.000348873,0.002962343,0.0031425,0.011039524,0.000510395,0.006700702,0.018839659,0.002040618,0.001760716,0.004598126,0.003741282,0.077011367,0.000917763,0.041611224,0.001058433,0.003209705,0.28106215,0.003066048,0.064644237,0.007756186,0.009437567,0.001667553,0.01254137,0.000944887,0.018267921,0.001029107,0.003804913,0.000967171,0.015805225,0.000204187,0.009786496
126,0.020341956,0.000719104,0.003692126,0.00102334,0.016266091,0.000918911,0.005859266,0.002572461,0.076103914,0.000974124,0.011134425,0.000795555,0.475770109,0.001362011,0.004096231,0.000361737,0.001259902,0.039895763,0.004353558,0.002313754,0.076275286,0.004652565,0.091110459,0.00078683,0.049830421,0.004283114,0.001983801,0.019358822,0.003167001,0.039028933,0.002324383,0.004491852,0.000595313,0.002834908,0.000267382,0.000702167,0.000492252,0.002034849,0.001213736,0.022003351,0.0006582,0.023233907
127,0.029976268,0.000726592,0.005696943,0.001369418,0.017891652,0.000899944,0.006885383,0.001641615,0.033589468,0.000604179,0.004319115,0.00129463,0.249400168,0.00098684,0.005105021,0.000290424,0.001568639,0.064003666,0.003637965,0.004071858,0.086059958,0.006325279,0.171991848,0.001053984,0.098150452,0.003390371,0.002818802,0.038978629,0.004711542,0.074418506,0.001493926,0.006364754,0.000420537,0.005288977,0.00018951,0.000960697,0.000479571,0.002905752,0.00140722,0.029553123,0.001208017,0.051641125
128,0.006039363,0.001179144,0.135100339,0.001968314,0.107580122,0.000805385,0.004601182,0.00142671,0.004356045,0.000170596,0.000537144,0.000252324,0.002745983,0.002146234,0.00723359,0.000329796,0.003504088,0.021025719,0.001827674,0.001158274,0.006347229,0.002946872,0.123534986,0.000637558,0.077489818,0.000894557,0.002434858,0.319513972,0.002412954,0.073419565,0.005151207,0.006018051,0.001120241,0.008340451,0.000607905,0.009444456,0.000736374,0.002851489,0.000755723,0.052167702,0.000193282,0.01219854
129,0.003077719,0.001414007,0.318082651,0.002085627,0.096796088,0.000895651,0.005226927,0.001650593,0.004931099,0.000183727,0.00062214,0.000238198,0.001845878,0.002822418,0.011831823,0.000499538,0.00832751,0.010828444,0.002122933,0.001333007,0.003815508,0.002957694,0.067585367,0.000691216,0.088232006,0.000972748,0.002540264,0.243125525,0.002303881,0.04382739,0.006315002,0.007226839,0.001491071,0.014357912,0.000906863,0.02680026,0.000881672,0.003743104,0.000815213,0.01295614,0.000147187,0.005314947
130,0.004081895,0.00192961,0.331844182,0.002734623,0.050179489,0.001212647,0.007492574,0.002326667,0.006479471,0.000254321,0.000731044,0.000384236,0.002769593,0.003887962,0.016367507,0.000677763,0.011212241,0.01315353,0.003220749,0.001778176,0.004934668,0.004021882,0.089759834,0.001000233,0.123042811,0.001392499,0.003552402,0.155501745,0.003127277,0.053725767,0.008663076,0.0092125,0.001993412,0.018962961,0.001145844,0.034862296,0.001196144,0.00529128,0.001089115,0.016471606,0.000203121,0.005954439
131,0.053012966,0.001116924,0.038091297,0.0015911,0.026733943,0.0010753,0.01459285,0.001686669,0.010114813,0.000855141,0.004497792,0.000444845,0.010135647,0.001160442,0.007091833,0.000332857,0.002265067,0.019874028,0.005744141,0.002593833,0.063128915,0.005897735,0.175273965,0.001280115,0.159799899,0.001557132,0.002368707,0.068100057,0.003522217,0.074375892,0.002437253,0.004645769,0.00065239,0.005519112,0.000316342,0.003546125,0.000596795,0.004457208,0.001867878,0.227418863,0.000384303,0.008769681
132,0.015868081,0.001284818,0.110234151,0.002083767,0.024281145,0.000871968,0.009149217,0.001541921,0.00520291,0.000209377,0.001117092,0.00035514,0.004500828,0.00168768,0.00700593,0.000388098,0.003364812,0.01897746,0.00419778,0.001638635,0.014431014,0.00427075,0.1751218,0.001038429,0.318672321,0.001124549,0.002672538,0.088279563,0.003167147,0.069581337,0.004484811,0.004826068,0.001007721,0.008013237,0.000546663,0.006862375,0.000687198,0.003239654,0.001073716,0.074792558,0.000266522,0.008826154
133,0.010100907,0.00200095,0.215948762,0.003149852,0.010917833,0.001480208,0.007399605,0.001831393,0.005414767,0.000233558,0.000711706,0.00054497,0.005632893,0.002807589,0.021867913,0.000789931,0.009321102,0.023871209,0.003552515,0.002301861,0.009122851,0.007602327,0.122569028,0.001776568,0.257188389,0.001933459,0.004477453,0.072886832,0.005996523,0.072338345,0.005899031,0.00726588,0.001697591,0.043556072,0.000830185,0.020396146,0.001276313,0.008290974,0.001661283,0.018585302,0.000539826,0.010124773
134,0.026310266,0.001176453,0.084196448,0.001821859,0.007394519,0.000876914,0.006596591,0.001213734,0.004723119,0.000257383,0.000943809,0.000386073,0.008211916,0.001174118,0.008578471,0.000387323,0.003790275,0.014370416,0.002940746,0.00177254,0.021987957,0.005320877,0.104751343,0.001189586,0.533874663,0.001595519,0.002597689,0.03164309,0.003732758,0.046180737,0.002779549,0.003291249,0.00081682,0.015104218,0.000398065,0.00669245,0.000616897,0.003944814,0.001176917,0.035897105,0.00037823,0.006153343
135,0.02009408,0.000708577,0.023394141,0.001098739,0.007573601,0.000643379,0.004362081,0.000899512,0.012084185,0.000214917,0.001515779,0.000533437,0.08808518,0.001217118,0.008783521,0.000352487,0.003474984,0.024487893,0.001931744,0.001700895,0.063720636,0.003536058,0.102719891,0.000735191,0.460854776,0.008354771,0.001903847,0.037879053,0.002781218,0.047440482,0.001810629,0.005703732,0.00059047,0.023542066,0.000250441,0.00310084,0.000593565,0.00502046,0.000841148,0.012830444,0.000491804,0.029337133
136,0.018217432,0.000847698,0.036062923,0.001644984,0.006892863,0.000740896,0.004867981,0.000851138,0.004406124,0.000196855,0.000698849,0.000389948,0.017785994,0.001021088,0.009900942,0.000430846,0.004450105,0.024796199,0.002389668,0.001720805,0.031557283,0.004625807,0.149628716,0.000926128,0.458347437,0.006814515,0.00255659,0.04889166,0.0037253,0.059731352,0.001557675,0.006506433,0.00058331,0.035443817,0.000242852,0.004090061,0.000698857,0.005707813,0.000902229,0.018487284,0.00062,0.03008382
137,0.007856304,0.001745308,0.223532171,0.002606775,0.013425473,0.0012965,0.008480155,0.001621516,0.004832908,0.000260548,0.000727616,0.000533711,0.005422192,0.003008014,0.034576634,0.001043657,0.01432515,0.026993135,0.004004727,0.00223358,0.01020395,0.006200028,0.117817688,0.001372714,0.125234029,0.002354063,0.004020679,0.104904527,0.005067598,0.082598098,0.005758033,0.010620367,0.001760889,0.091412582,0.000877311,0.031600681,0.001326295,0.013785442,0.001408683,0.015194556,0.000629938,0.015229863
138,0.015967836,0.001090622,0.03365422,0.002010407,0.012940976,0.000977413,0.008214146,0.001067359,0.005114198,0.000249855,0.001023076,0.000583297,0.016835154,0.001218258,0.013980757,0.000546693,0.005659728,0.062702505,0.003776069,0.002457083,0.024999659,0.006741026,0.220810064,0.001221818,0.161969288,0.003823021,0.0041469,0.089697469,0.005948566,0.103525875,0.002090433,0.010688047,0.000823912,0.047269666,0.000308967,0.004915111,0.000741445,0.007656327,0.001263123,0.027715551,0.001499002,0.091887256
139,0.003680488,0.001510776,0.440460132,0.00242301,0.035277926,0.001096177,0.006759277,0.001718088,0.004797099,0.000224927,0.000679287,0.000305234,0.002466073,0.00297872,0.018898523,0.00075904,0.015723493,0.009002866,0.002951305,0.001392576,0.004025873,0.003586917,0.058619511,0.000903231,0.064721958,0.001487546,0.002697415,0.127470471,0.002738849,0.041607485,0.006394777,0.006981218,0.001617117,0.040597325,0.000882306,0.06654083,0.001113613,0.007139821,0.000991521,0.009967745,0.000167071,0.003310321
140,0.005448136,0.00102033,0.24553874,0.001508462,0.01883614,0.000923446,0.00808875,0.001076229,0.003534331,0.000151483,0.000540029,0.000202246,0.003206478,0.001926634,0.032917558,0.001127759,0.021218413,0.013937049,0.004074322,0.001249211,0.005163815,0.003351638,0.101354182,0.000620302,0.066480228,0.001903711,0.002225892,0.129178892,0.002689883,0.068177438,0.003603423,0.009520164,0.001328487,0.142537476,0.000564742,0.062831927,0.001166624,0.014801415,0.000764722,0.011656435,0.000367147,0.011686702
141,0.007531387,0.0006929,0.119904857,0.000964492,0.032386156,0.000591635,0.007180586,0.000727231,0.003180123,0.000158288,0.000522774,0.000210255,0.003851696,0.00109979,0.021926816,0.000834113,0.012309422,0.019127777,0.003269181,0.001145597,0.008277233,0.002762869,0.152927238,0.000507863,0.086621105,0.001353743,0.001804619,0.186328462,0.002368333,0.098583386,0.002150543,0.0146604,0.000784263,0.132947131,0.000362407,0.028545144,0.000789244,0.011508791,0.000550447,0.016018518,0.000425408,0.022247876
142,0.01390005,0.002810119,0.004883894,0.006417275,0.017844272,0.002368027,0.005329444,0.004429714,0.019341265,0.000966701,0.002691074,0.004328115,0.061350957,0.0020357,0.005347649,0.000737017,0.002051385,0.41165909,0.003320982,0.01303299,0.030083165,0.026973889,0.080925863,0.003297362,0.011993941,0.001293937,0.019262751,0.048556255,0.030260245,0.075592318,0.005189986,0.042526921,0.001209631,0.004962963,0.000509886,0.001463514,0.001634081,0.004223377,0.004128305,0.012350792,0.010342168,0.012359693
143,0.013026264,0.000853003,0.049812287,0.001619049,0.056082628,0.000904591,0.010537721,0.000850344,0.004772047,0.000217846,0.000960967,0.000336659,0.00727081,0.001043101,0.016890263,0.000674606,0.00869098,0.044321773,0.004013347,0.001695851,0.011929159,0.004827677,0.182460892,0.000824408,0.057362907,0.001508473,0.00270561,0.1784461,0.004192102,0.124790407,0.002044337,0.035948247,0.000769189,0.073794204,0.000293751,0.011367485,0.000842632,0.01113007,0.001044966,0.022591807,0.000828488,0.057396074
144,0.004393961,0.002262,0.040608844,0.002929842,0.007879937,0.00109767,0.004822437,0.001743973,0.003256481,0.000221839,0.000405232,0.000366571,0.001184342,0.002813643,0.020090106,0.000981862,0.01540983,0.003502073,0.002715138,0.002833999,0.006923186,0.004876983,0.020703263,0.00131525,0.004907508,0.000867911,0.004076236,0.018193992,0.003682382,0.015457763,0.007715642,0.021201948,0.003028118,0.379485111,0.00134976,0.386854571,0.001482602,0.008046951,0.001290603,0.00480241,0.000215404,0.000431719
145,0.014515986,0.00202145,0.022110504,0.004273498,0.025650991,0.001651663,0.007829282,0.001513126,0.003586366,0.000330922,0.00073421,0.000709564,0.003700521,0.002051242,0.020624462,0.000849632,0.010803887,0.027934875,0.004184778,0.004480607,0.012279347,0.011592642,0.110874182,0.00231873,0.019509086,0.001351308,0.00650695,0.062680883,0.009674962,0.077806184,0.004949134,0.065858028,0.001831211,0.357864313,0.000561576,0.074841175,0.00157815,0.013971735,0.002443748,0.016457824,0.001090994,0.003794382
146,0.014917086,0.001680545,0.019926101,0.003720862,0.050814554,0.001532553,0.010410972,0.001280802,0.005160647,0.000317789,0.001235125,0.000704891,0.006486302,0.001927784,0.020001019,0.00087195,0.009409988,0.091680931,0.004404388,0.004141913,0.014282754,0.010549343,0.162347784,0.001708872,0.023974843,0.001871741,0.006548,0.143737519,0.010046583,0.128698225,0.004213581,0.103428609,0.001377577,0.052512368,0.000476658,0.006294319,0.001534723,0.015561656,0.001916931,0.020120924,0.002159352,0.048053461
147,0.004742635,0.004652114,0.230204045,0.003857797,0.050350824,0.002363767,0.015353077,0.004937485,0.01270413,0.000382039,0.001533014,0.000547883,0.001496015,0.021705094,0.101589492,0.001378248,0.012855811,0.003890276,0.005195305,0.005985957,0.011603859,0.004970132,0.04069611,0.001071135,0.006485703,0.004980426,0.004646271,0.056598967,0.003548202,0.014200272,0.026355204,0.040275222,0.006890962,0.037274046,0.004556853,0.226645345,0.002873391,0.013261275,0.001703733,0.016229039,0.000258003,0.000790756
148,0.005838083,0.006070745,0.238430814,0.007766235,0.044716934,0.003046228,0.011465277,0.006653226,0.014781622,0.000510146,0.001348671,0.000946806,0.002804505,0.016068188,0.030919778,0.001327527,0.013683312,0.00579599,0.004122557,0.007398447,0.011194527,0.009187399,0.035924345,0.002303589,0.010273449,0.00230779,0.010742832,0.084095947,0.006945295,0.021141709,0.033867774,0.035153905,0.008886742,0.038575211,0.005021866,0.247428329,0.003279055,0.007072638,0.002699055,0.01093011,0.000415657,0.000885444
149,0.008592736,0.003313398,0.134660781,0.004838615,0.024678997,0.001884414,0.007283913,0.003158899,0.007017237,0.000343548,0.000658833,0.000624349,0.004295171,0.003934124,0.015609032,0.000994945,0.0149572,0.005820395,0.003425134,0.003576429,0.009899832,0.008505719,0.045661933,0.002394573,0.027364929,0.001545864,0.006759565,0.062266691,0.006651761,0.032350203,0.012082693,0.014394115,0.003333518,0.203813818,0.001612877,0.302465864,0.001834224,0.007834337,0.002262187,0.009535052,0.000356536,0.000791012
150,0.006554235,0.001092224,0.244353023,0.001583978,0.02658024,0.000858766,0.006918889,0.001082344,0.003604118,0.000177246,0.000499082,0.000227699,0.002757406,0.001518178,0.016747006,0.000822574,0.017939498,0.006224137,0.003613287,0.00128355,0.004917388,0.003401895,0.087801335,0.000777987,0.070115872,0.001126982,0.002075805,0.113916019,0.002650487,0.055996823,0.003676295,0.007835199,0.001116951,0.176688782,0.000517682,0.108101996,0.000968771,0.008847978,0.000834187,0.012067031,0.000205145,0.002289626
151,0.01232779,0.0013138,0.08104136,0.002682628,0.047606901,0.001294912,0.009208622,0.001235152,0.004326751,0.0002737,0.000766989,0.000403149,0.00381904,0.001465522,0.016352552,0.00082991,0.012639498,0.011961727,0.004495519,0.001996133,0.008108627,0.006459321,0.125626573,0.001284124,0.041820354,0.001505762,0.003456443,0.106230169,0.005167924,0.078098612,0.003352745,0.018969653,0.001074908,0.291268006,0.000415743,0.075183601,0.001143316,0.009896428,0.00142173,0.018566874,0.000455652,0.001866028
152,0.015508712,0.002180532,0.012491287,0.004261738,0.046615612,0.001923659,0.009215459,0.002219127,0.006114884,0.000455019,0.001218402,0.002166817,0.009185994,0.001815368,0.010392259,0.000721512,0.003998606,0.251459415,0.004168167,0.009376396,0.020012292,0.018349437,0.132126829,0.00259293,0.018089909,0.001932581,0.01215194,0.106047864,0.019585709,0.121528065,0.004268332,0.058567196,0.001407018,0.013357006,0.000447993,0.00262956,0.001404611,0.007986594,0.003038959,0.019634662,0.006441474,0.046210815
153,0.034064635,0.000863487,0.005737151,0.001678493,0.019459755,0.001152992,0.010626791,0.003898036,0.02582795,0.001003619,0.003367819,0.002478416,0.098964752,0.001068896,0.003717525,0.000272773,0.001019904,0.126517839,0.00531882,0.006352704,0.030690585,0.009664314,0.299475357,0.001310389,0.051100313,0.009354565,0.004029421,0.036107333,0.007183493,0.095200631,0.00125193,0.00436177,0.000337985,0.001781498,0.000155441,0.000881182,0.000499581,0.002213946,0.00191361,0.041723686,0.001909918,0.057026061
154,0.030826669,0.000682693,0.00597235,0.001070154,0.015080525,0.000970074,0.011368403,0.001624055,0.016180566,0.00047025,0.002743925,0.00186876,0.073495719,0.000918805,0.003186132,0.000263529,0.000986659,0.085369282,0.005364848,0.004425905,0.03242054,0.007153948,0.320271658,0.001079974,0.057689432,0.007623012,0.002830686,0.039451237,0.004968176,0.104995811,0.000984011,0.003927329,0.000313566,0.001723011,0.000121533,0.000826622,0.000397472,0.002064615,0.001437862,0.046581279,0.001433252,0.109645475
155,0.026431239,0.000695972,0.004084938,0.000992482,0.015619452,0.000838594,0.005511667,0.001761345,0.05051904,0.000630935,0.006746006,0.000991373,0.421209675,0.001006203,0.004337154,0.000342065,0.001137177,0.04154983,0.003300409,0.002714605,0.117441337,0.004710039,0.095648115,0.000859008,0.081867104,0.003968435,0.002015573,0.023076119,0.003364181,0.043821314,0.001581192,0.004603866,0.000403459,0.003428265,0.000209867,0.000724819,0.000443417,0.002104794,0.001195663,0.021979463,0.00071084,0.025933087
156,0.013354963,0.000802641,0.024751527,0.00162216,0.021625234,0.000903107,0.008982817,0.000996948,0.00512382,0.000253104,0.000911655,0.000711586,0.01067217,0.000794767,0.009410048,0.000377817,0.003776141,0.123665265,0.003939874,0.002770658,0.014878073,0.00722354,0.199709906,0.000920062,0.06116136,0.001424982,0.005227446,0.107323702,0.007586631,0.11288699,0.001404497,0.008394414,0.000468675,0.021813525,0.000205521,0.003861901,0.000515157,0.005215012,0.001114739,0.026333092,0.003200763,0.181177244
157,0.011552007,0.001108605,0.056466257,0.001964245,0.018388353,0.000892422,0.00934751,0.000990479,0.004565519,0.000202606,0.000881635,0.000453343,0.009081665,0.001476388,0.021025461,0.000747052,0.009116141,0.055347389,0.004049623,0.002380354,0.015655013,0.005993484,0.20505577,0.001042009,0.095526704,0.001535204,0.004015459,0.136278286,0.00554856,0.119110845,0.002735972,0.013350685,0.000997492,0.078093995,0.000420597,0.010463705,0.000843995,0.011035742,0.001132388,0.023512923,0.001397169,0.065386538
158,0.009258699,0.000591351,0.014555849,0.00127696,0.035883219,0.000707996,0.006998339,0.0007334,0.003875048,0.000188297,0.000712297,0.000447035,0.007067497,0.000746857,0.007975511,0.000373717,0.003617779,0.121541542,0.002765896,0.001763229,0.00961044,0.004286481,0.13122552,0.000624325,0.02385854,0.001312634,0.002718365,0.120574763,0.004419569,0.118702279,0.001406757,0.026249274,0.000467324,0.014211475,0.000183536,0.002424694,0.000530957,0.005509375,0.000803881,0.015966013,0.001289118,0.29961719
159,0.009246001,0.000629847,0.029417439,0.001245309,0.033419887,0.000705573,0.007647486,0.000852297,0.003952029,0.000208465,0.000873091,0.000442393,0.007595657,0.000803896,0.010569785,0.000412336,0.004602743,0.096502947,0.003171674,0.001959772,0.009154501,0.0047222,0.160827244,0.000644136,0.042685311,0.001144626,0.003231862,0.150249394,0.004692833,0.117932564,0.001452103,0.015548089,0.000532618,0.032058117,0.000204637,0.005804814,0.000540562,0.006139139,0.00087645,0.018515214,0.001636027,0.21453246
160,0.03652251,0.000713018,0.005880194,0.001027008,0.018396094,0.000871912,0.009653639,0.001678204,0.021272091,0.000503703,0.003241477,0.001354354,0.123215584,0.000777035,0.003421963,0.000262812,0.000972559,0.075803991,0.004690211,0.003473261,0.035297239,0.006952277,0.30282102,0.001082042,0.068952069,0.005060265,0.002717873,0.035435982,0.004740435,0.095939943,0.000928946,0.004185652,0.000267951,0.001977982,0.000139271,0.000778957,0.000397002,0.002087848,0.001477271,0.043986627,0.00130071,0.081303313
161,0.011204218,0.008277346,0.003983741,0.012673938,0.010139628,0.007917738,0.012935225,0.072913323,0.409724082,0.020796824,0.085977666,0.004298889,0.007505555,0.010008844,0.005743182,0.004332509,0.004511275,0.024274464,0.018678224,0.011700902,0.011233675,0.032077152,0.031294377,0.008379712,0.005892811,0.001963208,0.017775136,0.017431751,0.023430451,0.02164827,0.0301457,0.024113248,0.006101627,0.003046808,0.002727956,0.002373041,0.004632878,0.003355636,0.009233731,0.00909201,0.00114191,0.000876635
162,0.008695732,0.008321546,0.00581421,0.011495829,0.010048795,0.007011456,0.011696391,0.09062,0.379514277,0.026506246,0.065207666,0.00367045,0.005984939,0.021840433,0.011012924,0.004766907,0.006317277,0.018687844,0.015401273,0.011229172,0.011230267,0.023003449,0.025163455,0.005857832,0.004394202,0.002096759,0.01677805,0.021045112,0.016275452,0.018525812,0.04877934,0.048992566,0.008557511,0.003665962,0.004695427,0.003590122,0.005517594,0.005191567,0.007681231,0.007483058,0.000939064,0.000857791
163,0.026857298,0.000784978,0.007816086,0.001310888,0.0124706,0.001239903,0.00925205,0.001340307,0.015456731,0.000387196,0.00232143,0.001466639,0.112924405,0.002352255,0.006634853,0.000328476,0.001964695,0.077474673,0.004283271,0.003275652,0.043163487,0.006460597,0.214730136,0.001208376,0.087026188,0.02563398,0.002878355,0.053566496,0.004780811,0.090911163,0.001420164,0.00686779,0.00044991,0.007105215,0.00022496,0.001321935,0.000722626,0.003710392,0.001354408,0.035483579,0.001434456,0.132498135
164,0.028048324,0.002009025,0.003017914,0.001106766,0.004789716,0.005016558,0.007688399,0.071793355,0.230280397,0.080555262,0.238042992,0.001044331,0.006345179,0.000971898,0.002982828,0.000611929,0.00062393,0.006968697,0.032497243,0.004743156,0.034530361,0.014010304,0.050429554,0.001981648,0.008397734,0.000452568,0.001785343,0.008848938,0.002918647,0.01600488,0.001513519,0.003159204,0.000443018,0.001114959,0.00032599,0.000711865,0.0006436,0.001573292,0.018679124,0.129908107,0.000348765,0.001793868
165,0.015798525,0.00278853,0.001599437,0.000842714,0.002164067,0.018243968,0.011832866,0.099271893,0.140688759,0.103179478,0.210990961,0.000588442,0.002767652,0.000723057,0.001381103,0.001412007,0.001065312,0.003878584,0.131686408,0.00546042,0.015034114,0.038721903,0.035944868,0.002765281,0.004915087,0.000238816,0.002463102,0.004381983,0.003645697,0.007643252,0.002194751,0.002495884,0.000549834,0.000595417,0.000375663,0.00048612,0.000673137,0.000897446,0.048487941,0.092771626,0.000475718,0.000896578
166,0.037240027,0.001166416,0.010626399,0.000860605,0.012003466,0.002416772,0.01243661,0.018120957,0.085369658,0.017729791,0.07387999,0.000523553,0.011919926,0.000985191,0.006286897,0.000445255,0.001255298,0.010190721,0.01880954,0.003760896,0.044227535,0.008497317,0.113011309,0.001383343,0.016132684,0.000640166,0.001310853,0.020752167,0.002119811,0.02767663,0.001356556,0.004615907,0.000492323,0.002944696,0.000218481,0.002174877,0.00062293,0.002762313,0.011021495,0.426698889,0.000243171,0.003462593
167,0.005355665,0.001224507,0.090266954,0.001853741,0.176051135,0.000961271,0.015003851,0.002129932,0.007620571,0.000243433,0.000798258,0.000262873,0.002856832,0.003381197,0.016845372,0.000567866,0.00561729,0.01831037,0.002933412,0.001276263,0.004521561,0.002681158,0.16993714,0.000572852,0.008615662,0.000744133,0.002473984,0.237623083,0.00212405,0.066559271,0.007241063,0.020723481,0.001502136,0.015240048,0.000766061,0.019091617,0.001001281,0.002895127,0.000782185,0.091466443,0.00019613,0.009590332
168,0.003196011,0.001069597,0.33768852,0.001198679,0.14145642,0.001012743,0.018987795,0.001807466,0.006663505,0.000242606,0.000876454,0.000215749,0.001235114,0.003838943,0.033942719,0.000896951,0.014990826,0.003707526,0.004024742,0.001230381,0.004129007,0.001767467,0.073620456,0.000345805,0.005286094,0.001022823,0.001433719,0.118222065,0.001226283,0.017188727,0.006564936,0.019020579,0.001487613,0.010480578,0.000829079,0.129676019,0.001013217,0.004484323,0.00063435,0.037730585,9.14E-05,0.00156559
169,0.00499958,0.001177145,0.153900325,0.001122082,0.026658724,0.003450998,0.07650777,0.003017827,0.012191127,0.000871429,0.002468364,0.000175892,0.001865996,0.001646815,0.011018963,0.003319862,0.068055355,0.011635427,0.010884441,0.000929563,0.008352304,0.003387919,0.213905641,0.00036044,0.009039512,0.001774168,0.001321674,0.051853749,0.001686034,0.0404563,0.003213833,0.009506866,0.001542205,0.011161482,0.000708616,0.172147649,0.001650394,0.00998512,0.00113998,0.059720254,0.000190865,0.006657602
170,0.005748254,0.001524546,0.020163665,0.000941191,0.005552231,0.01709012,0.228509867,0.007359251,0.019460047,0.00314071,0.007329274,0.000219004,0.001786458,0.001111583,0.010202436,0.003001661,0.015786409,0.005168401,0.238180413,0.002681064,0.017859132,0.013375374,0.17033751,0.000451489,0.007096134,0.001275104,0.001325402,0.013027476,0.0018915,0.018675932,0.001980191,0.012535259,0.001431313,0.04258274,0.000805092,0.034294331,0.001679238,0.0139028,0.007051744,0.048824252,0.000243117,0.002110902
171,0.005817369,0.002181942,0.041337214,0.00158776,0.008976756,0.011282632,0.186526216,0.004518396,0.00844055,0.001883865,0.001863008,0.000266336,0.003286203,0.001504409,0.012027742,0.003364207,0.029393274,0.006365719,0.098385598,0.002221511,0.037920682,0.011284842,0.148629545,0.000520076,0.006560881,0.002090543,0.002006629,0.014555921,0.002558181,0.023428062,0.002141798,0.008875102,0.001277696,0.043834953,0.000800507,0.213352754,0.002015081,0.020026133,0.004616937,0.031978767,0.000344044,0.00226491
172,0.056537378,0.001159947,0.033790335,0.001653992,0.011933505,0.000998983,0.009576373,0.001091522,0.010462248,0.000293194,0.001768981,0.000518579,0.031724534,0.00114779,0.006258934,0.000296468,0.002285298,0.01533441,0.00271291,0.003023277,0.115020468,0.005988969,0.084397033,0.00141708,0.464826254,0.001329866,0.002517046,0.022350146,0.003877136,0.049257572,0.002338946,0.002840815,0.000662213,0.008816306,0.000333721,0.002623032,0.000573978,0.00466961,0.001540019,0.055207983,0.000433146,0.006012635
173,0.00469414,0.001673651,0.101382905,0.00285466,0.387243786,0.001235648,0.011224682,0.002956162,0.010060581,0.000276595,0.001172098,0.000372129,0.002681626,0.005049597,0.017521046,0.000725787,0.005964041,0.006825178,0.003053825,0.001485581,0.003471776,0.003131156,0.067989048,0.000606462,0.003333274,0.001249252,0.00321266,0.254410819,0.002446536,0.032151131,0.010366551,0.022075728,0.002184705,0.009413206,0.001108363,0.025380493,0.001517321,0.004152398,0.000925589,0.021063896,0.000187586,0.002003055
174,0.003511091,0.002765924,0.27657328,0.003687869,0.203871012,0.00191066,0.016591098,0.00457008,0.014275264,0.000359201,0.001509181,0.000534387,0.00214125,0.010093803,0.029117618,0.000986163,0.009814655,0.005240723,0.00492681,0.003134764,0.004815244,0.004493683,0.056283155,0.000930059,0.003280149,0.001672466,0.004986559,0.186411509,0.003384518,0.024594275,0.019026973,0.030323401,0.004226794,0.008316091,0.002181591,0.045876136,0.00197365,0.00480331,0.001399001,0.017319987,0.000239612,0.001320481
175,0.004118693,0.00307233,0.20456575,0.005676768,0.240159867,0.001885875,0.007534897,0.004480146,0.011136849,0.000337389,0.000963242,0.000608137,0.004695633,0.007258833,0.015857538,0.000849303,0.006809464,0.014004781,0.002824459,0.002954584,0.00546209,0.006082303,0.056590999,0.001479398,0.014953645,0.00150274,0.006044523,0.232279269,0.005136979,0.050281926,0.017680836,0.020873569,0.003367632,0.010913439,0.001973724,0.028602794,0.002034543,0.004546941,0.001700502,0.010789577,0.000326354,0.005066944
176,0.006384012,0.001386491,0.168918769,0.002264023,0.072376913,0.000970278,0.005846512,0.001714574,0.005157151,0.00019445,0.000562655,0.000351481,0.003191633,0.002587314,0.008712975,0.000408306,0.004626013,0.020736018,0.002674879,0.001533537,0.006920107,0.003577701,0.140989103,0.000792954,0.153686383,0.000958431,0.002936492,0.21666417,0.002829895,0.074687006,0.00632991,0.007511811,0.001408656,0.009392315,0.000772083,0.011969234,0.000812975,0.003330496,0.000913084,0.041534336,0.000234013,0.011169189
177,0.010385297,0.00205053,0.203700876,0.002944588,0.017245209,0.001294477,0.007915989,0.002144342,0.006102313,0.000251259,0.000791731,0.000495767,0.004363957,0.002721427,0.014192469,0.000558522,0.006759914,0.019820519,0.00364349,0.001982856,0.008795134,0.006339819,0.140079975,0.001788712,0.285660057,0.001464866,0.004013814,0.077775632,0.004880239,0.070261353,0.006415896,0.006746448,0.001583263,0.018897223,0.000875824,0.016660039,0.001179888,0.005090712,0.001475484,0.027716494,0.000353355,0.008088266
178,0.008617831,0.001045014,0.056844739,0.001819798,0.117609493,0.000840862,0.009228307,0.001400566,0.005663233,0.000197545,0.000827309,0.0002624,0.003215986,0.001904082,0.006113653,0.000416762,0.00370102,0.031580518,0.002635781,0.001154856,0.006902555,0.002869988,0.190943449,0.000622204,0.018858406,0.000887552,0.002307171,0.268012871,0.002314515,0.102606476,0.004621442,0.008241844,0.000945284,0.008141976,0.000505643,0.006962957,0.000765359,0.002714845,0.00074138,0.110324669,0.000213829,0.018741109
179,0.002829392,0.005667705,0.002433644,0.002413475,0.003068557,0.024006575,0.03382293,0.081803864,0.404162476,0.027647457,0.098111641,0.002475812,0.009246532,0.004012107,0.004078675,0.030738507,0.033568356,0.008252362,0.056643715,0.005232518,0.005999497,0.02135595,0.020397187,0.001419909,0.001368559,0.00131684,0.004669256,0.004612149,0.005926658,0.006513304,0.015825666,0.032918296,0.005605782,0.002900409,0.003175702,0.0042036,0.008706506,0.007903915,0.008766923,0.006188807,0.000761381,0.000591605
180,0.003309337,0.002206372,0.000949314,0.001045435,0.001660375,0.013711017,0.018011857,0.073374726,0.438836099,0.051189822,0.265707556,0.001245632,0.006270396,0.001288638,0.001550524,0.002856048,0.002091507,0.004483355,0.049824951,0.002318086,0.0048504,0.014054024,0.013691001,0.000852665,0.001126921,0.000420583,0.002095497,0.00249645,0.002650628,0.003800615,0.003499561,0.006338258,0.000787607,0.000710767,0.000664883,0.001204245,0.001755063,0.001985773,0.007111331,0.008863826,0.000336402,0.000375179
