D99_index,ac,af_l,af_r,ar_l,ar_r,atr_l,atr_r,cbd_l,cbd_r,cbp_l,cbp_r,cbt_l,cbt_r,cst_l,cst_r,fa_l,fa_r,fma,fmi,fx_l,fx_r,ifo_l,ifo_r,ilf_l,ilf_r,mcp,mdlf_l,mdlf_r,or_l,or_r,slf1_l,slf1_r,slf2_l,slf2_r,slf3_l,slf3_r,str_l,str_r,uf_l,uf_r,vof_l,vof_r
0001_LEFT_pu,0.06609729,0.009186587,0.002400596,0.048425927,0.008019316,0.081674691,0.008364587,0.026956928,0.00958548,0.026739784,0.006407526,0.009633634,0.002734596,0.074658567,0.01019565,0.034059206,0.005323066,0.026158191,0.026211645,0.075252132,0.02242501,0.149996878,0.016788955,0.013681634,0.001880591,0.005125254,0.027890945,0.003608424,0.032442809,0.005014004,0.006162206,0.001871422,0.033300152,0.006909203,0.019541214,0.004983678,0.037911602,0.005863662,0.043499164,0.004167548,0.010037354,0.002109631
0002_LEFT_cd,0.038529259,0.010063605,0.001338241,0.029343715,0.005578217,0.132444604,0.008822053,0.030569464,0.009019122,0.058776507,0.009441492,0.013213472,0.001877331,0.063113266,0.007695238,0.042849141,0.007166079,0.021679962,0.0456368,0.098204799,0.01838134,0.099400021,0.011892211,0.011283356,0.001209149,0.006382769,0.016612598,0.00239976,0.026044482,0.003488387,0.004297565,0.0018787,0.043639806,0.005796935,0.017429196,0.003560437,0.044684884,0.005880434,0.03137528,0.003392965,0.006071295,0.001338028
0003_LEFT_nan,0.083245297,0.005925048,0.001243887,0.030912309,0.006614624,0.065779452,0.0095336,0.025146011,0.007857564,0.101292814,0.018312862,0.016148135,0.002557868,0.039474826,0.008157926,0.025860072,0.005233836,0.024624074,0.034981664,0.112434603,0.023509666,0.127231308,0.018162443,0.01555627,0.002027618,0.004662559,0.018463153,0.002808292,0.030637823,0.005046799,0.003122035,0.001517376,0.023605488,0.004406117,0.013696798,0.002937767,0.020916516,0.005432687,0.05138408,0.005677114,0.008051472,0.001896856
0004_LEFT_GPe,0.102741433,0.009335502,0.002312834,0.051708787,0.008221359,0.086245591,0.009728192,0.026562663,0.009123005,0.021811835,0.005974872,0.01152569,0.00465526,0.068898802,0.009028731,0.028682264,0.005409392,0.027971679,0.027064494,0.07325132,0.025640945,0.130935262,0.019194569,0.015183166,0.004461853,0.005581853,0.025068049,0.003796457,0.030927038,0.005769374,0.005970489,0.0017821,0.030113404,0.005537882,0.020543231,0.004061374,0.03080039,0.005099623,0.035565847,0.004927009,0.010243809,0.002329056
0005_LEFT_GPi,0.074387486,0.00995703,0.002148904,0.077920348,0.011162695,0.055964425,0.007921923,0.024571365,0.008822558,0.01119875,0.003893783,0.014238725,0.003103478,0.140961644,0.012221216,0.015006891,0.00385833,0.040106156,0.013793749,0.095966495,0.025577247,0.097461784,0.014069484,0.019797987,0.002099006,0.021711896,0.026149929,0.00429033,0.050077737,0.006508219,0.005048338,0.001536026,0.020924992,0.00471017,0.014739809,0.00332462,0.027101651,0.005502787,0.019748883,0.00332037,0.013986172,0.002404366
0006_LEFT_SNpr,0.028866824,0.004014047,0.001114855,0.058197383,0.011361458,0.076782094,0.008284402,0.017474961,0.008518935,0.010376013,0.00344428,0.00927685,0.002312258,0.241004579,0.02098051,0.024835228,0.006528216,0.020943647,0.016102457,0.051212025,0.017399553,0.064057974,0.011813675,0.010007352,0.001403147,0.127425216,0.010474283,0.002499582,0.027324937,0.006803924,0.005328302,0.001774097,0.018102966,0.003654479,0.008524971,0.002466537,0.033047071,0.00637748,0.014427027,0.002615404,0.006938388,0.002208997
0007_LEFT_SNpc,0.037304604,0.004137245,0.001510333,0.06485042,0.019851576,0.046791173,0.010048171,0.015333232,0.008957211,0.01275469,0.004610504,0.015097884,0.003514888,0.192551811,0.031771529,0.012004347,0.004282389,0.029041451,0.013233735,0.074818606,0.026958085,0.067308228,0.016759059,0.012927365,0.002002666,0.120498547,0.011352461,0.003171495,0.034314193,0.01150825,0.004111095,0.001714975,0.014394059,0.004214695,0.006405372,0.002999922,0.026202807,0.008119383,0.017336792,0.00370222,0.00905649,0.00352416
0008_LEFT_SNpl,0.031844555,0.004963654,0.001412137,0.115643367,0.013298805,0.03955184,0.007365691,0.01638688,0.007747631,0.007843045,0.003135393,0.013102547,0.00244709,0.25286349,0.020836683,0.014121257,0.004057811,0.027330261,0.011296811,0.069508766,0.021159803,0.060601491,0.012382586,0.011606205,0.00154123,0.085338462,0.012555747,0.003230862,0.034647057,0.008037031,0.004634593,0.001643271,0.015350658,0.003712868,0.007664605,0.002489294,0.025114916,0.006218572,0.013354242,0.002814818,0.008281092,0.002447849
0009_LEFT_STN,0.034135701,0.006228007,0.001430807,0.106950965,0.012631297,0.042673412,0.006963585,0.017232372,0.007598637,0.008042062,0.003045475,0.014520422,0.00235363,0.229758343,0.01370239,0.018795462,0.004943048,0.030629266,0.011407707,0.0917062,0.02016827,0.076833599,0.012672042,0.016573904,0.001527399,0.036476542,0.017318043,0.003090139,0.04223775,0.007490324,0.006621373,0.001555091,0.020192789,0.003913479,0.009972467,0.002811582,0.0375003,0.005587254,0.017127515,0.002897681,0.010117233,0.002359293
0010_LEFT_VP,0.096009641,0.005744449,0.001129644,0.03749518,0.007102633,0.043072995,0.007886338,0.020139494,0.006726958,0.079218096,0.012818133,0.03324422,0.002868841,0.042761476,0.007730308,0.018468887,0.004444618,0.032645982,0.02598158,0.145577232,0.023684668,0.122857003,0.01402475,0.029569238,0.002153928,0.007542051,0.019495622,0.002854084,0.039586899,0.005533503,0.002798464,0.001196814,0.018636901,0.003653227,0.010242728,0.002406288,0.018440017,0.004598,0.046749772,0.004086154,0.011103706,0.001923526
0011_LEFT_AV,0.024577103,0.004124154,0.000602779,0.028810506,0.004421957,0.179727939,0.00875236,0.025011543,0.005996992,0.017107859,0.004626104,0.035675845,0.002888485,0.022094144,0.004860861,0.024121454,0.005791245,0.025715964,0.028306746,0.317027329,0.020721414,0.073824703,0.008394756,0.0168811,0.001428941,0.002959301,0.012159209,0.001455061,0.058491695,0.003863369,0.003474534,0.001203453,0.018397203,0.002601412,0.00490315,0.001814254,0.031025807,0.00403476,0.014007176,0.002394639,0.006965372,0.001147373
0012_LEFT_AM,0.038020012,0.004455888,0.000769169,0.025918942,0.007590228,0.156331188,0.011780822,0.020617664,0.005299145,0.014501025,0.004844395,0.03424871,0.005358803,0.020286011,0.007015987,0.01100694,0.00296582,0.049019917,0.023789558,0.296582219,0.044245627,0.081047145,0.013183788,0.017075277,0.002391612,0.003773266,0.011044322,0.00223193,0.050598974,0.0075116,0.002097841,0.001123288,0.01143235,0.002641887,0.005350843,0.001686835,0.022002985,0.005763745,0.018125557,0.003277231,0.007213446,0.001854035
0013_LEFT_VApc,0.021071016,0.002984681,0.00088922,0.031309461,0.008981087,0.260182874,0.015255941,0.03182889,0.012041105,0.017668469,0.00631782,0.010587956,0.002754187,0.0394534,0.010921627,0.050388093,0.013635097,0.029188658,0.043893026,0.083986699,0.024094364,0.072362615,0.012176904,0.008004298,0.001426533,0.007083442,0.008122342,0.001969475,0.025740508,0.006559552,0.006845925,0.002577507,0.027384459,0.004885754,0.007702475,0.003205004,0.062420744,0.010486198,0.012923803,0.002623681,0.005482753,0.001698456
0014_LEFT_VAmc,0.029318999,0.003995311,0.001042993,0.045773991,0.012831383,0.205394435,0.016032037,0.029182891,0.010721412,0.0185218,0.005708378,0.010766909,0.003745056,0.065590917,0.015114168,0.027851093,0.008644564,0.030758249,0.038821814,0.077445384,0.029233529,0.071510482,0.014112342,0.009344302,0.001757892,0.005631653,0.009108527,0.002365306,0.029221835,0.007868436,0.007766288,0.002703323,0.028167769,0.005241748,0.007041606,0.003178091,0.079858907,0.014041816,0.01361752,0.003047407,0.0063966,0.002086435
0015_LEFT_LD,0.023432365,0.003242076,0.000637886,0.050024237,0.006567262,0.114430002,0.008014784,0.012641638,0.005613106,0.008396346,0.003184668,0.030758499,0.002731174,0.044670654,0.007640151,0.01549191,0.004954914,0.025335738,0.013545196,0.296507516,0.024604664,0.07829752,0.009144468,0.022811122,0.001339664,0.004227299,0.012746045,0.001643456,0.081181677,0.006090769,0.005414195,0.001519102,0.015822116,0.002940221,0.004747353,0.001864876,0.070239672,0.006185304,0.014258229,0.002018534,0.011435227,0.001524376
0016_LEFT_MDmc,0.043407171,0.003085213,0.000991733,0.027608876,0.010288644,0.144973376,0.02254224,0.022225858,0.009003631,0.016156697,0.006811323,0.019886797,0.007768419,0.021152892,0.010179483,0.013688071,0.005138623,0.068519827,0.024178807,0.197147902,0.075753967,0.069756276,0.021034412,0.013666207,0.004057412,0.004203027,0.009513535,0.0030396,0.040520194,0.01300984,0.002877222,0.001592133,0.01361406,0.003763194,0.005295683,0.002321052,0.02951125,0.011386636,0.017053356,0.004920674,0.007966338,0.002949606
0017_LEFT_MDpc,0.025930217,0.003436997,0.00132854,0.035702558,0.016523149,0.163598014,0.022159098,0.02188587,0.011011399,0.013214129,0.005736629,0.016183012,0.00456397,0.0312503,0.018855445,0.034538471,0.010520015,0.042970932,0.025310757,0.137358392,0.045810243,0.062895406,0.016536927,0.012282585,0.002283194,0.00340376,0.00956524,0.003083471,0.039655028,0.01139349,0.007063067,0.003399104,0.024118097,0.007034311,0.006674127,0.003912519,0.069247113,0.023558648,0.012321837,0.003610141,0.007488539,0.002581959
0018_LEFT_MDmf,0.017460322,0.003401052,0.001063471,0.042599549,0.011873145,0.129424653,0.017297121,0.022153762,0.012293236,0.010652638,0.004876228,0.01202508,0.003068236,0.051016648,0.014661004,0.051496559,0.018074186,0.031323921,0.020808094,0.133529443,0.030227335,0.048625635,0.01307096,0.010628854,0.001618802,0.004636481,0.010500381,0.0026255,0.04187685,0.0073872,0.012727717,0.003637871,0.032686309,0.007047675,0.008776452,0.004246342,0.128438152,0.016553921,0.008696976,0.003061318,0.008275027,0.002007018
0019_LEFT_VLc,0.015091379,0.003967781,0.001060534,0.059259427,0.01163679,0.132582876,0.014479614,0.020424453,0.011953268,0.010222224,0.004472963,0.010471485,0.003089854,0.072012653,0.014807211,0.049664037,0.012994624,0.028205455,0.020099809,0.094297528,0.027942038,0.046946625,0.012147744,0.008903144,0.001566434,0.004386041,0.009844406,0.002401373,0.036124902,0.007428786,0.014245321,0.003775869,0.040031809,0.006729504,0.009942937,0.003872175,0.152106802,0.015553891,0.008890804,0.00278304,0.006690537,0.001877769
0020_LEFT_VLo,0.014793566,0.004425704,0.00105326,0.045433904,0.010610861,0.091247988,0.011661728,0.022064279,0.012783115,0.010490934,0.004255944,0.008772106,0.002515358,0.15919916,0.016401561,0.050611759,0.013172166,0.020995519,0.017836386,0.076705413,0.021002166,0.041233781,0.011025957,0.007106762,0.001314758,0.021513771,0.008547269,0.002240661,0.025893392,0.005416643,0.017460192,0.004152842,0.048347214,0.006807732,0.010117573,0.004025602,0.150093609,0.012994468,0.009236685,0.002599451,0.004933884,0.001595046
0021_LEFT_VPI,0.016723479,0.010059551,0.002681623,0.136944399,0.020513579,0.036121919,0.009037947,0.031958893,0.010109145,0.006590484,0.003489314,0.009530487,0.003048603,0.189766288,0.022428803,0.01094484,0.004804118,0.035082774,0.010177469,0.084798764,0.026439751,0.047541926,0.015061754,0.009683715,0.001782853,0.014905273,0.014721154,0.004293287,0.028942355,0.007343218,0.012357881,0.002334728,0.034041943,0.00704763,0.011562617,0.005189199,0.082799624,0.010475139,0.009520795,0.00362546,0.006301142,0.002594675
0022_LEFT_VPM,0.01705248,0.00693391,0.002255011,0.091664603,0.03342747,0.051295948,0.019582241,0.018450424,0.012371721,0.006902297,0.004369546,0.00852989,0.003830839,0.134161031,0.0433086,0.016718846,0.009003286,0.028386432,0.012329501,0.078632107,0.035617335,0.035875123,0.016613244,0.007138742,0.001914874,0.007953042,0.010157872,0.003924097,0.024614417,0.009063364,0.014113113,0.004409611,0.037211662,0.011449413,0.010117911,0.006851047,0.119573848,0.03678843,0.007583019,0.003961819,0.004882874,0.002418389
0023_LEFT_VPMpc,0.017189054,0.006845861,0.002167975,0.104792027,0.030694023,0.047456173,0.013216289,0.022085715,0.011137821,0.007100266,0.004001119,0.008434139,0.003545061,0.156956943,0.035519275,0.019592308,0.00781953,0.032003182,0.011881442,0.080876309,0.030413692,0.04114989,0.015601285,0.008373371,0.001900757,0.010641435,0.012210602,0.004045802,0.02701403,0.00815,0.012977535,0.003497523,0.037980317,0.009083793,0.011634073,0.006124821,0.106144787,0.022363354,0.008612095,0.003677568,0.005825362,0.002495252
0024_LEFT_cnMD,0.018637077,0.006248018,0.002141118,0.074701856,0.03133945,0.064261552,0.021515023,0.016659732,0.012833332,0.007379049,0.004809198,0.00833962,0.004455012,0.097881119,0.042630075,0.026814103,0.01150324,0.030095833,0.014846394,0.072229249,0.040302101,0.041232411,0.017649937,0.008241145,0.002241406,0.006242773,0.012241283,0.004139011,0.029001611,0.010427792,0.013979892,0.004654989,0.034704406,0.012483661,0.009845887,0.006962602,0.127263175,0.039547909,0.008354144,0.004231429,0.006199734,0.002637393
0025_LEFT_Pf,0.029745664,0.00531239,0.001860237,0.103726735,0.031911795,0.067989742,0.015618972,0.019581621,0.010747015,0.009722051,0.005571184,0.012475526,0.005152695,0.070919593,0.039015362,0.013216346,0.007062504,0.045256469,0.018864794,0.089371413,0.040556691,0.057825727,0.019630581,0.012861144,0.002918819,0.037349274,0.013721058,0.004096685,0.044297695,0.010791993,0.005816136,0.003509245,0.020945085,0.008111368,0.006316986,0.005022147,0.062879735,0.024441339,0.011478502,0.004766372,0.009367402,0.00323981
0026_LEFT_LP,0.016906865,0.004096667,0.001259653,0.103387101,0.012737697,0.085197091,0.011428305,0.015354026,0.008595601,0.007368108,0.003363324,0.012218595,0.003283042,0.086983156,0.015616243,0.020237096,0.006462648,0.027812018,0.011953649,0.131575318,0.029901572,0.051002588,0.012263584,0.012822091,0.001643884,0.005712617,0.010810735,0.002654867,0.055538831,0.008518283,0.015046499,0.003208938,0.032328189,0.0061016,0.006816003,0.003535202,0.14082652,0.014051225,0.008612705,0.002788568,0.009571175,0.002121625
0027_LEFT_VPLc,0.015404736,0.010382196,0.002386605,0.138571467,0.019743272,0.052264822,0.012421329,0.026163934,0.010454035,0.006845191,0.003615804,0.009287894,0.003106931,0.11633552,0.022519871,0.016574626,0.006534749,0.034106973,0.011068107,0.090698887,0.030421646,0.04006905,0.01378571,0.008256657,0.00165349,0.009932863,0.013288667,0.00384714,0.031112185,0.007592472,0.019712447,0.003228121,0.038971424,0.007883986,0.011028533,0.005088366,0.122924471,0.017533742,0.008366216,0.003391192,0.006196096,0.002312852
0028_LEFT_PM,0.02425035,0.004487073,0.00099968,0.054548576,0.006877203,0.044749924,0.00824101,0.018916537,0.00631303,0.010539841,0.004295144,0.027972365,0.003296507,0.036255909,0.007368328,0.010642293,0.004140812,0.069580604,0.010975828,0.252298392,0.030133802,0.086020672,0.012269688,0.027689482,0.001811988,0.00449161,0.015335837,0.002395863,0.124989707,0.005517198,0.005429958,0.001431999,0.016516647,0.003666449,0.005129013,0.002349957,0.045162051,0.005319748,0.013186091,0.003059132,0.019495244,0.001939565
0029_LEFT_PL,0.019629283,0.004331744,0.000755177,0.056421714,0.005533222,0.039739596,0.0064037,0.014406697,0.004877766,0.007450184,0.00321331,0.024084068,0.002948682,0.026303446,0.005483028,0.007603722,0.003052384,0.052476014,0.008728575,0.246574801,0.023396508,0.108810163,0.010276911,0.036337633,0.001542266,0.003591725,0.016109193,0.00203063,0.188629325,0.005073135,0.003289442,0.000999601,0.012709163,0.002601405,0.004143471,0.001708389,0.032090612,0.00398511,0.011159574,0.002401899,0.026025874,0.001695906
0030_LEFT_PI,0.018809171,0.002928224,0.00049551,0.096680561,0.004606133,0.02042411,0.004191123,0.010192917,0.003573007,0.004289274,0.001928923,0.033905035,0.002806146,0.022194543,0.004135987,0.004295478,0.001720424,0.044312638,0.004970275,0.187765424,0.017127708,0.134366895,0.009313423,0.039870115,0.001483294,0.003927614,0.017020468,0.001536377,0.232988602,0.005240804,0.001580687,0.000575105,0.006779782,0.001534298,0.00264692,0.001021451,0.017212953,0.002512633,0.01012516,0.00193166,0.029180292,0.001530581
0031_LEFT_MDdc,0.021853064,0.003000672,0.000899533,0.03782122,0.008049367,0.117092032,0.013561322,0.01655949,0.008633425,0.012715773,0.005026693,0.015400028,0.002952275,0.038846706,0.010156263,0.030042842,0.008027362,0.033338338,0.020534993,0.121211197,0.029427293,0.051418375,0.012283322,0.011669325,0.001696566,0.004128395,0.009033958,0.002049493,0.040232639,0.006038083,0.007835172,0.002351653,0.023291424,0.004389542,0.005121687,0.002558647,0.064853211,0.009181756,0.010190428,0.002813765,0.007184107,0.001755675
0032_LEFT_LGN,0.01564403,0.004106565,0.000722063,0.124808303,0.008517119,0.035821303,0.005179988,0.011334257,0.004568698,0.00505035,0.002419767,0.020476227,0.002703594,0.088002565,0.007719152,0.006162994,0.00241271,0.038249875,0.006496286,0.170922981,0.022861291,0.100307162,0.010246964,0.028053987,0.001127957,0.005963964,0.014781382,0.001961104,0.156181947,0.012329576,0.003444272,0.00097757,0.010349325,0.002159129,0.003547754,0.001421503,0.029674893,0.003717886,0.007879923,0.00167721,0.023364356,0.002606739
0034_LEFT_Hl,0.037360905,0.003652547,0.001438976,0.037335423,0.011824099,0.10486453,0.026753729,0.025750866,0.011311407,0.018875742,0.010031423,0.011497231,0.010003933,0.029862155,0.014770288,0.020810879,0.007913443,0.057472445,0.024581922,0.177275784,0.095334315,0.053398003,0.026530539,0.0097311,0.005804302,0.005757305,0.009534542,0.003957269,0.029011411,0.012963334,0.004610885,0.002449437,0.023834998,0.006834345,0.007701001,0.003780185,0.043426516,0.014665424,0.012880653,0.006284328,0.005529741,0.002770809
0035_LEFT_Hm,0.040537731,0.002723432,0.001680876,0.022432069,0.016136447,0.067113981,0.054370922,0.032139658,0.014408778,0.018786946,0.016771016,0.009158789,0.014736955,0.016500679,0.018308639,0.013755607,0.01324074,0.05999585,0.031110209,0.136703291,0.122530871,0.037681384,0.044764013,0.006994125,0.008480931,0.004914573,0.0065057,0.00532158,0.020396098,0.016590244,0.003236758,0.002237697,0.029946624,0.008802645,0.005544465,0.005133446,0.02302196,0.019676573,0.008682909,0.011197655,0.003911954,0.00391161
0036_LEFT_r,0.017676524,0.006822195,0.001284223,0.08802701,0.009384777,0.065326346,0.007223602,0.022137095,0.009118637,0.00843558,0.003306589,0.00986137,0.00215338,0.159449035,0.01203598,0.027074605,0.006710145,0.03703165,0.012821231,0.104368042,0.01893997,0.063812594,0.010705775,0.014315503,0.001334203,0.022371436,0.014037066,0.002751387,0.06551385,0.00592717,0.012029775,0.002495629,0.032214241,0.004734085,0.00918302,0.003001774,0.088935127,0.007106481,0.009909009,0.002426874,0.012480693,0.001851483
0037_LEFT_zic,0.028708651,0.005665892,0.001900951,0.054391378,0.014120634,0.076363304,0.009276945,0.022915588,0.011070069,0.009610444,0.004115418,0.008879292,0.002775868,0.198731656,0.022991725,0.043982468,0.011498976,0.022294925,0.016368412,0.068757247,0.021677159,0.066103949,0.015024186,0.011260112,0.001961408,0.03558357,0.014763559,0.003704894,0.030114465,0.007037765,0.01025738,0.002612106,0.032752124,0.006059785,0.013605054,0.004202401,0.067754577,0.008039737,0.01369057,0.003864268,0.007303385,0.002441116
0038_LEFT_Pa,0.037179808,0.003753585,0.001874511,0.022318437,0.018290459,0.05784507,0.030522,0.012039679,0.009790944,0.005252893,0.005314501,0.03043379,0.011900654,0.015414282,0.016752195,0.005637955,0.004800766,0.077102319,0.010476024,0.264838479,0.118092929,0.048802367,0.031460499,0.015771699,0.005489426,0.005385108,0.007918523,0.005871449,0.046822822,0.020257064,0.002045551,0.001817174,0.010094932,0.004976349,0.003874292,0.003354333,0.020671184,0.013959921,0.010388768,0.007812883,0.006654528,0.004595909
0041_LEFT_RNpc,0.031604155,0.005501322,0.001866823,0.079057769,0.027195658,0.060142204,0.012053962,0.020223305,0.011423493,0.01210488,0.005163583,0.01167216,0.004540705,0.108887585,0.042878636,0.017097886,0.006006934,0.031690055,0.015472315,0.070424679,0.030471647,0.06758211,0.021585493,0.012967436,0.002995911,0.107536998,0.013051831,0.004168237,0.036527128,0.011590889,0.005264691,0.002216824,0.018835596,0.005162246,0.008518589,0.003718448,0.041083905,0.010313969,0.014140099,0.005293168,0.009153911,0.00430258
0043_LEFT_4th,0.029392716,0.003629922,0.001568911,0.04192667,0.029786745,0.033398541,0.016427929,0.012196399,0.010091878,0.009178033,0.00581577,0.014217972,0.005962322,0.096002849,0.046857301,0.011346984,0.005721919,0.024854771,0.012021634,0.058215084,0.03696225,0.058725278,0.026435925,0.012463879,0.003850179,0.246546179,0.008880651,0.004037303,0.029655601,0.013095011,0.003803899,0.001715413,0.013257224,0.004749858,0.005720568,0.003502259,0.02457223,0.010147997,0.012192351,0.006871358,0.009382722,0.005291784
0044_LEFT_SC,0.017602359,0.005328208,0.001600433,0.131841105,0.0277893,0.02482239,0.012215835,0.038211359,0.012038143,0.005567465,0.003612663,0.020086158,0.007018402,0.042307918,0.020474987,0.007440416,0.004012256,0.072705579,0.009262409,0.077647305,0.039495761,0.068531344,0.023246734,0.019203345,0.003847482,0.074772685,0.017375246,0.004551148,0.079320981,0.019993786,0.003491253,0.001701345,0.011339513,0.003988419,0.005789794,0.002832224,0.027461221,0.010669787,0.010174589,0.00428473,0.015674594,0.005542624
0045_LEFT_IC,0.013184776,0.003294078,0.001857648,0.113080706,0.067508405,0.01338888,0.011532074,0.014047577,0.023587313,0.002946063,0.002981,0.016907026,0.010883687,0.055629263,0.037409866,0.003892783,0.004071758,0.038117013,0.005732582,0.035677394,0.0375046,0.037091738,0.034094789,0.012616311,0.005172008,0.262433685,0.008575781,0.006592053,0.028446128,0.024100176,0.00231212,0.001623707,0.006170187,0.003762592,0.002714334,0.002890702,0.012530486,0.011879898,0.005669094,0.006006597,0.009122275,0.008362139
0070_LEFT_SNpm,0.05221384,0.00506525,0.001699836,0.085482699,0.02504084,0.053456924,0.011920043,0.019870453,0.010760693,0.022270224,0.006007162,0.016660899,0.003895867,0.110353466,0.03527888,0.013442404,0.004662845,0.031929147,0.017617836,0.089101868,0.030057235,0.082668521,0.018232395,0.015971698,0.002386,0.065917059,0.014856913,0.003643606,0.039732939,0.01147297,0.004066827,0.002302439,0.015612657,0.005044971,0.007842381,0.003308777,0.028773438,0.011199699,0.020388091,0.004298586,0.009869942,0.003379407
0103_LEFT_VLps,0.019970687,0.003226232,0.000790229,0.068659345,0.007136814,0.099325819,0.007146368,0.014443541,0.007435748,0.006828879,0.002915108,0.014154728,0.001933063,0.075251142,0.009304171,0.021733183,0.007041096,0.024207308,0.011513078,0.193998412,0.019804896,0.07215022,0.009292877,0.01888554,0.001099313,0.004885698,0.011348762,0.00181985,0.095558567,0.007311846,0.011357705,0.00227732,0.024094849,0.00423113,0.005172783,0.002521676,0.111683302,0.006989549,0.009632352,0.001960812,0.013051229,0.001738333
0104_LEFT_csl,0.025333233,0.00270744,0.000845996,0.040192155,0.009459618,0.14598724,0.013133639,0.019345709,0.008824696,0.012047643,0.00459226,0.022351147,0.002951422,0.022133916,0.010714496,0.027445608,0.010124492,0.038517088,0.021934362,0.248293691,0.030308941,0.068061151,0.01197403,0.016297852,0.001565776,0.004326038,0.01113484,0.002167913,0.06739854,0.006827183,0.004262371,0.00221237,0.015909396,0.004337607,0.004499924,0.002686,0.056107063,0.011012341,0.011254444,0.002836235,0.01079303,0.001805128
0105_LEFT_cl,0.015479196,0.003513256,0.001262479,0.05410804,0.013646915,0.085623445,0.016144715,0.017520017,0.010987532,0.009001806,0.004095661,0.008290602,0.003030823,0.099530778,0.018473031,0.032587052,0.010740145,0.025694926,0.015007335,0.097676477,0.029444786,0.039853825,0.013174399,0.008722601,0.001626522,0.006883009,0.010251049,0.002984724,0.03213479,0.007282559,0.020584252,0.004359192,0.04435631,0.008273463,0.010435785,0.004566361,0.189337813,0.019060833,0.007979087,0.003136016,0.007111282,0.001989081
0106_LEFT_cim,0.038804988,0.003424831,0.001488923,0.024741642,0.017260819,0.07314375,0.031394086,0.013804793,0.012433564,0.010896458,0.006750413,0.018946591,0.010025426,0.019061378,0.015211285,0.011048154,0.006062261,0.102538003,0.013554644,0.207466417,0.110941526,0.050658496,0.029284299,0.012582149,0.004717833,0.005446057,0.007894777,0.005053817,0.041824402,0.021582743,0.003045332,0.002359525,0.012803112,0.005657711,0.005250094,0.003398171,0.030392814,0.019312795,0.009963318,0.006495613,0.007505846,0.004795444
0122_LEFT_RNmc,0.034161652,0.005057456,0.001706119,0.055074555,0.019207969,0.087967087,0.011095603,0.020594051,0.0102152,0.012965538,0.004815312,0.012952077,0.003304968,0.102727387,0.031298796,0.023571461,0.007112212,0.026332223,0.018919352,0.073069065,0.026273858,0.072777189,0.017047097,0.013259333,0.00236598,0.126518743,0.012381972,0.003562492,0.03510787,0.008728211,0.005605732,0.002098758,0.021609322,0.005090151,0.009698107,0.003566564,0.042427263,0.008723604,0.016109726,0.004062518,0.009010996,0.003407914
0127_LEFT_pt,0.0394817,0.005122323,0.000907616,0.023375832,0.009979223,0.090918805,0.02081068,0.010307776,0.00594093,0.008656866,0.003996806,0.044414007,0.010278368,0.017801334,0.009282631,0.006728471,0.003239423,0.046451008,0.011508185,0.347404366,0.075186981,0.064409975,0.018221331,0.020053541,0.004348236,0.004056921,0.010055077,0.003285933,0.05392891,0.01045002,0.001928096,0.001073287,0.010380961,0.003056156,0.00398338,0.002191875,0.02250648,0.008179011,0.013859469,0.005028122,0.007022632,0.002348905
0128_LEFT_AD,0.040915376,0.007247008,0.000766201,0.030156242,0.006140358,0.089006625,0.00913437,0.010093385,0.003683636,0.00959445,0.003834963,0.04988933,0.004025623,0.025823105,0.006751593,0.006580421,0.002210441,0.018304065,0.010161463,0.419509133,0.033566972,0.077456172,0.010655032,0.021239217,0.002090419,0.002571278,0.015994596,0.001987214,0.057432086,0.004839904,0.001539583,0.000752699,0.019760864,0.002284465,0.009403256,0.001582095,0.022865784,0.003994445,0.024447025,0.002923192,0.007155504,0.001417855
0129_LEFT_pcn,0.035793848,0.003993178,0.001088577,0.034508652,0.013048197,0.086849217,0.018942555,0.01660102,0.007460292,0.008999188,0.004655371,0.027338173,0.010675886,0.025833151,0.011348137,0.009744168,0.004640879,0.072999158,0.014973082,0.234024578,0.08514901,0.066319074,0.023013029,0.016721072,0.004624836,0.004894833,0.010984864,0.003929325,0.056756635,0.016802114,0.003037075,0.00172964,0.011212015,0.004145066,0.004681145,0.002611721,0.037052341,0.012479249,0.013502562,0.005292093,0.008661669,0.003934966
0130_LEFT_clc,0.046046273,0.004653066,0.001153259,0.033274861,0.011146247,0.088907055,0.017827897,0.016146424,0.006976304,0.010459156,0.004252778,0.032006768,0.009130716,0.025737623,0.00931002,0.0102726,0.003684652,0.067373965,0.014098769,0.248820461,0.075292646,0.074896253,0.019579743,0.018862044,0.003718834,0.005104529,0.012854033,0.003726266,0.055494452,0.013749376,0.002378732,0.001144703,0.011592585,0.003283638,0.005823123,0.002174614,0.030384149,0.007915809,0.018655659,0.004662959,0.009245383,0.003175127
0131_LEFT_Re,0.040914933,0.004924991,0.001439473,0.052683585,0.019637152,0.082805431,0.015598727,0.01865633,0.008566291,0.009865031,0.005044855,0.019453973,0.007885864,0.051757435,0.018614441,0.011018003,0.004688857,0.066616863,0.015329545,0.154771996,0.067128292,0.064000796,0.022274705,0.015385728,0.003964518,0.033293533,0.012698634,0.004138855,0.049631978,0.012526029,0.003512534,0.001754084,0.01409666,0.00469526,0.005136856,0.003251357,0.049285567,0.013735207,0.012915875,0.005874551,0.009491141,0.003284271
0132_LEFT_Pulo,0.017517159,0.007184988,0.001909791,0.090722051,0.01891179,0.068605711,0.015637199,0.018202471,0.011052616,0.007623891,0.004073086,0.008609525,0.003692619,0.091843794,0.023240008,0.023815107,0.00865989,0.035891592,0.012966159,0.085520305,0.035374902,0.04726377,0.014776876,0.010279096,0.001889808,0.006304805,0.014521188,0.003816823,0.034559577,0.008677927,0.019043522,0.003667841,0.03980521,0.008740156,0.010448194,0.005217201,0.149783371,0.021585096,0.009059519,0.003644806,0.009177812,0.002336835
0133_LEFT_PAG,0.025962106,0.003708483,0.001886191,0.07995077,0.034698924,0.031345404,0.02087294,0.022414331,0.014248787,0.00718099,0.005445752,0.013116105,0.007189628,0.071697103,0.037637195,0.007949944,0.005053226,0.043363934,0.010867454,0.053422113,0.046549446,0.046150025,0.029258002,0.011957108,0.00433758,0.21675375,0.009162844,0.005394182,0.034009463,0.017330742,0.002854482,0.001850786,0.009808339,0.005255243,0.004616633,0.003748062,0.020645081,0.012192118,0.00836253,0.006640818,0.00883797,0.005640915
0143_LEFT_VPLo,0.018628769,0.007727812,0.001992156,0.067013437,0.021892925,0.056747004,0.015398808,0.016051676,0.010503446,0.007927653,0.0039585,0.009323979,0.003282725,0.16590363,0.02836293,0.015796372,0.006816492,0.024650173,0.011877953,0.093425539,0.030926705,0.034965537,0.014324636,0.007290905,0.001710117,0.006207061,0.00907167,0.003264637,0.025279673,0.008039483,0.019466026,0.003632394,0.047224091,0.009195719,0.01044832,0.005617194,0.150600314,0.024359729,0.00757558,0.003471083,0.004687601,0.002134036
0159_LEFT_PN,0.006493616,0.002193269,0.000705635,0.036318173,0.008818317,0.01726509,0.004759776,0.009500964,0.005692762,0.003362765,0.001317702,0.003904441,0.001499446,0.197725061,0.031618713,0.010070312,0.003269865,0.011698336,0.005278026,0.022882603,0.009916616,0.018562159,0.006572003,0.003846031,0.000833052,0.308478229,0.004527831,0.001398725,0.010678964,0.005205713,0.005873606,0.001394343,0.01559679,0.002768252,0.005604473,0.001674703,0.035213128,0.006466113,0.003582267,0.001320675,0.003085037,0.001341911
0177_LEFT_MR,0.014549786,0.002029044,0.001453084,0.022936344,0.018157168,0.026433566,0.011639369,0.007717712,0.012998625,0.005036298,0.003098917,0.007538131,0.005085649,0.073407943,0.052395359,0.008065726,0.003952528,0.020372338,0.008100751,0.02602101,0.026255585,0.030652197,0.019226159,0.006941195,0.003004527,0.485995285,0.005768532,0.003437529,0.01533823,0.009519555,0.002684568,0.001111123,0.009070084,0.003773962,0.003556699,0.00271859,0.014370991,0.007289317,0.006106917,0.004945662,0.006184103,0.004541274
0178_LEFT_NRTP,0.018301962,0.003240784,0.00105198,0.037876334,0.010647935,0.056061419,0.00932787,0.015008695,0.009374089,0.008207328,0.003246596,0.008147213,0.002474532,0.148402975,0.034240849,0.026970067,0.006998595,0.019737041,0.01209602,0.043151858,0.017164812,0.045991658,0.011934,0.007605237,0.001538165,0.292753963,0.007459683,0.002310507,0.021858635,0.007124343,0.00661982,0.002183449,0.020586722,0.003850627,0.00705677,0.002551534,0.041349015,0.009394723,0.01059527,0.002592313,0.005743324,0.002340697
0179_LEFT_RMTg,0.021024354,0.002526019,0.00149225,0.033733825,0.02273512,0.027942383,0.014409509,0.01109872,0.010286896,0.006160342,0.003785474,0.008316861,0.004625767,0.111405095,0.071917007,0.010491515,0.005749054,0.022308461,0.009212771,0.039214012,0.02946056,0.038943713,0.020545216,0.008961243,0.002484914,0.340030782,0.00734705,0.00320554,0.020471113,0.016404733,0.002656909,0.001693123,0.011083339,0.004382258,0.004683622,0.003113066,0.019634741,0.010154186,0.008426584,0.004482025,0.008072799,0.004939128
0180_LEFT_vnll,0.007170715,0.002124284,0.000832375,0.043775462,0.033874734,0.015134377,0.008679703,0.013076653,0.014308642,0.002198466,0.001477394,0.009600563,0.005846063,0.053789824,0.023780026,0.003679281,0.00211087,0.029387785,0.004319673,0.024397621,0.021142909,0.030854258,0.017760061,0.009613317,0.003821189,0.528475239,0.004963692,0.003176329,0.020773677,0.016188558,0.001578412,0.00093038,0.004615083,0.002059279,0.00252469,0.001442555,0.008792845,0.005774955,0.004072823,0.003363593,0.008689889,0.004881975
0181_LEFT_dnll,0.004314954,0.000821706,0.000601863,0.024157967,0.01359405,0.003126736,0.004329447,0.004271443,0.006610591,0.000858001,0.001335319,0.004339642,0.003086843,0.015382662,0.01158016,0.001084022,0.002214183,0.009628693,0.001841174,0.005025419,0.013141684,0.008799058,0.014438607,0.00256598,0.001360398,0.141197252,0.001348682,0.0023476,0.004477053,0.003819521,0.000463235,0.000306276,0.001193684,0.001237188,0.000694462,0.001205987,0.002545814,0.004141813,0.002224529,0.002570668,0.001633715,0.003415255
0183_LEFT_nbic,0.016893823,0.006888806,0.001499065,0.228890032,0.025321064,0.020974739,0.009785598,0.0202952,0.011589245,0.00411309,0.002657178,0.013573398,0.005147063,0.077469989,0.018477161,0.006494786,0.003213355,0.050019898,0.007157441,0.06347347,0.02943072,0.074773703,0.019631183,0.018373038,0.002912132,0.085551028,0.019737675,0.004195968,0.053371072,0.012985938,0.004399793,0.0014083,0.01161607,0.003470519,0.006089431,0.00251898,0.023251699,0.0075467,0.011339972,0.003768744,0.015182342,0.004459922
0184_LEFT_pbgn,0.010068997,0.004055446,0.001430854,0.160480154,0.023432247,0.015108152,0.008194638,0.0192458,0.012123851,0.003345516,0.002130996,0.021823391,0.004311543,0.10479228,0.023991287,0.004212367,0.002919629,0.043081883,0.005637612,0.040726795,0.022460695,0.040921958,0.016348136,0.013066212,0.002766693,0.282719353,0.009175169,0.003644752,0.030460358,0.016286089,0.001936784,0.000941365,0.006403771,0.002769149,0.003334238,0.002012694,0.011409429,0.006392136,0.007409188,0.002819392,0.008857336,0.004681367
0186_LEFT_riMLF,0.028642455,0.004228297,0.002143789,0.098310422,0.022105353,0.03790554,0.013579496,0.016810849,0.01167421,0.008629484,0.005587428,0.013386085,0.006558951,0.097781746,0.028372311,0.01035091,0.004971716,0.043549989,0.011689315,0.090650885,0.050806557,0.060061286,0.02377735,0.013636417,0.003339852,0.117699946,0.010825853,0.005005054,0.043602653,0.012406701,0.00303728,0.001339848,0.012822185,0.00562431,0.005981372,0.004095149,0.040802382,0.008785955,0.011850545,0.006315826,0.009398995,0.003841502
0188_LEFT_S4,0.007440911,0.001433996,0.000954206,0.010770867,0.010267448,0.005195203,0.005437873,0.003267599,0.003063586,0.001267818,0.002134124,0.001961267,0.001484603,0.022348182,0.018440201,0.003147252,0.002452192,0.007567401,0.002565953,0.00827455,0.009505322,0.009243019,0.008692848,0.002176367,0.00092892,0.059729088,0.002881674,0.001641806,0.003556857,0,0.001165013,0.000936269,0.003012596,0.00274562,0,0.001674291,0.007028355,0.004758174,0.003379071,0.002545333,0.001803005,0.001052505
0189_LEFT_ldtn,0.021604915,0.00224944,0.001072096,0.036655405,0.012992635,0.047272237,0.010917363,0.015210244,0.005442451,0.006356385,0.003158436,0.009574159,0.002943078,0.089417931,0.015594912,0.012440789,0.003522022,0.020859783,0.011318942,0.064927386,0.024664186,0.046424723,0.013737291,0.00854361,0.002238298,0.065653032,0.006174859,0.002424549,0.025095062,0.008225007,0.003938599,0.001269958,0.014853774,0.003136217,0.005980832,0.00230801,0.026184648,0.005990218,0.009356261,0.003258362,0.006869992,0.001817246
0202_LEFT_Ch2,0.102333147,0.005809861,0.002411475,0.024521546,0.00884791,0.032017073,0.008336795,0.018105522,0.009756032,0.012675101,0.006416206,0.019660413,0.002902126,0.029296603,0.012954711,0.020726482,0.009623408,0.083557191,0.022984173,0.235042646,0.073631074,0.071192545,0.017426354,0.01792361,0.001739281,0.005990464,0.016305419,0.00358258,0.043482682,0.007043735,0.002851092,0.001350812,0.031745563,0.007463629,0.014433346,0.005293299,0.011987898,0.006794491,0.020090813,0.005118053,0.0124048,0.00244623
0203_LEFT_Ch3,0.067009367,0.006194072,0.001095819,0.034113382,0.006105049,0.036314017,0.007663192,0.016813562,0.007964852,0.035672956,0.009369265,0.022518209,0.002525728,0.041086729,0.007513655,0.018683444,0.006762658,0.031068256,0.020545131,0.122205194,0.029857304,0.145878152,0.012537972,0.02479081,0.001621206,0.004476847,0.022494871,0.002309732,0.043182153,0.005251852,0.003050232,0.001331552,0.019019943,0.004682985,0.014343691,0.002910676,0.019356104,0.005416252,0.068940103,0.003285614,0.010535318,0.001713553
0204_LEFT_Ch4-al,0.078783263,0.006782266,0.001276715,0.041813138,0.006498464,0.037441824,0.007202491,0.018309561,0.006869085,0.047087842,0.012333867,0.028621284,0.002384837,0.047701036,0.007720657,0.018264082,0.004025459,0.031237179,0.020717398,0.132172188,0.023804342,0.161806439,0.013527484,0.034439094,0.001953562,0.005214927,0.024801578,0.002941678,0.048949558,0.004512888,0.002995191,0.001405423,0.021644674,0.004073494,0.012548313,0.002577587,0.018915672,0.004863802,0.059187207,0.003833183,0.01399977,0.001746365
0205_LEFT_Ch4-am,0.088814877,0.005736634,0.0011462,0.034785729,0.008003344,0.037297521,0.00815926,0.02075262,0.007686521,0.04491776,0.016240792,0.030214468,0.002300584,0.042336024,0.011620635,0.020177719,0.004630689,0.041432088,0.034649063,0.153018507,0.041057159,0.111614139,0.015422559,0.025327031,0.001514498,0.013069648,0.021170832,0.002754241,0.042259096,0.005580228,0.003046473,0.001330113,0.024313669,0.004297614,0.012857334,0.002636759,0.01569898,0.005331642,0.043775331,0.004172684,0.011917566,0.002114138
0206_LEFT_Ch4-id,0.105682597,0.006393638,0.001187643,0.035235658,0.006374673,0.047669337,0.011010759,0.016589662,0.007355731,0.019591159,0.007620534,0.040376471,0.004571246,0.035038143,0.008322948,0.014730518,0.005825206,0.046232047,0.015884672,0.21280394,0.042676873,0.100872272,0.017005167,0.027573904,0.003435302,0.005310482,0.020082876,0.003212622,0.049759686,0.006698111,0.002492048,0.001186791,0.019020824,0.004304733,0.010288123,0.002887627,0.019094592,0.005037148,0.037148866,0.004624288,0.01218624,0.002199289
0207_LEFT_Ch4-iv,0.099353581,0.006787698,0.001399726,0.034361584,0.007576793,0.046118512,0.01212478,0.016793557,0.008552302,0.022540919,0.008268224,0.035863026,0.004959965,0.035599328,0.010720613,0.016630144,0.008130412,0.042815522,0.019985832,0.176372256,0.045722209,0.10662938,0.018278353,0.026008685,0.003412999,0.006691078,0.02344287,0.003534609,0.043963439,0.007852912,0.002738749,0.00131159,0.02050009,0.005129458,0.012030552,0.003407423,0.019322347,0.00590602,0.044229815,0.005020209,0.011589087,0.002524104
0208_LEFT_Ch4-p,0.059822522,0.005622276,0.001071428,0.036701103,0.008478938,0.044492754,0.01982938,0.015343446,0.008094887,0.008415972,0.004948031,0.044793565,0.007658167,0.036700627,0.01090479,0.009578902,0.004974945,0.043895521,0.012428877,0.237160215,0.057045618,0.088340388,0.018286406,0.024414948,0.003396106,0.008798728,0.021068136,0.002966168,0.061371449,0.009689198,0.002877099,0.001255327,0.018102851,0.003936054,0.009393311,0.002384439,0.018506442,0.00757149,0.040061561,0.004578221,0.012667226,0.002592252
0209_LEFT_Ch1,0.123261931,0.006678867,0.002816193,0.018095535,0.009682851,0.028682616,0.011065313,0.017861937,0.008945303,0.014303619,0.012759981,0.010702865,0.004127407,0.023095178,0.019152071,0.011425482,0.004717765,0.116176141,0.025147366,0.170077606,0.071416549,0.064358537,0.025488956,0.016352351,0.004771248,0.002948526,0.018246954,0.005219979,0.043064356,0.009832207,0.003659637,0.002484466,0.033737864,0.00865103,0.011895691,0.005211241,0.011953871,0.011359281,0.016028831,0.009400242,0.019845529,0.002833849
0210_LEFT_OT,0.070060555,0.00507526,0.000755098,0.0257262,0.003996399,0.031091545,0.00627158,0.016018842,0.00614034,0.092891214,0.016209996,0.022002112,0.001482408,0.034509233,0.006005145,0.016369812,0.003782027,0.033361275,0.02025675,0.144530813,0.025865331,0.120368831,0.010534861,0.022494366,0.001319025,0.002726437,0.017477861,0.001853444,0.036381808,0.002944832,0.002554109,0.001326281,0.021570953,0.00350341,0.013443418,0.00211842,0.014461462,0.004514528,0.056096393,0.003432818,0.009050357,0.001319958
0226_LEFT_DR,0.042433838,0.004101488,0.002449894,0.043841093,0.028163464,0.047778039,0.020518181,0.01514995,0.011447182,0.017946747,0.009444989,0.01057503,0.00603074,0.096128522,0.052171111,0.012725707,0.006464078,0.026652495,0.017486289,0.065275952,0.049586907,0.059929795,0.032230836,0.011494636,0.003682261,0.152168139,0.010930799,0.004953426,0.026811475,0.015304322,0.003466188,0.00211519,0.014178953,0.00704998,0.006644346,0.005316385,0.024362207,0.011292812,0.015013248,0.009592624,0.006823149,0.005249496
0227_LEFT_DTg,0.034879282,0.003643992,0.002210309,0.044511102,0.026419897,0.048259206,0.016979812,0.013714136,0.010227709,0.010398635,0.005680937,0.011776271,0.00601332,0.10320122,0.040746914,0.013316855,0.005715374,0.027825863,0.014291634,0.061681759,0.047530181,0.059021728,0.028269674,0.012300842,0.003745743,0.19248041,0.010190257,0.004982436,0.028509166,0.013660843,0.004015884,0.001689217,0.014907494,0.005957412,0.006699033,0.004413318,0.027933326,0.009640078,0.012494833,0.007280187,0.00912544,0.004892751
0229_LEFT_cdc,0.038778164,0.003782755,0.001030029,0.028485152,0.016292291,0.066517106,0.024876857,0.014575333,0.009051141,0.009919797,0.004836689,0.029474216,0.008356554,0.018621223,0.015131835,0.008390032,0.004831207,0.091847912,0.012080918,0.240751486,0.088171503,0.060968638,0.024791082,0.016883874,0.003929876,0.005336049,0.009164201,0.004256806,0.055126694,0.019081122,0.002160521,0.00175909,0.010396336,0.004593923,0.004125287,0.002822165,0.025380088,0.017745087,0.012004655,0.00569071,0.008749546,0.003869325
0230_LEFT_AN,0.012114763,0.002763254,0.001426467,0.035006919,0.023272209,0.020150243,0.014245395,0.01452748,0.01931146,0.004083145,0.004017907,0.006064586,0.004894247,0.102375727,0.059584116,0.006162293,0.005824864,0.028542982,0.008635165,0.034404437,0.026526176,0.024039977,0.02245981,0.005888562,0.002877751,0.396247998,0.005732471,0.003772725,0.014823197,0.0109877,0.003445877,0.001867503,0.011037205,0.004587015,0.003793003,0.002877115,0.021985056,0.011933191,0.004568543,0.004732147,0.00675012,0.005734552
0302_LEFT_CE,0.052930474,0.004366333,0.001142943,0.039243409,0.006991857,0.032141746,0.009655237,0.013253814,0.006360766,0.009472457,0.005081369,0.059568761,0.005495022,0.032483159,0.007087526,0.006025334,0.003815478,0.04490419,0.010147012,0.290121833,0.036934224,0.1126995,0.014474031,0.031432093,0.002550691,0.005927527,0.016800569,0.002875255,0.10006978,0.007893311,0.001588103,0.001018416,0.012941102,0.003598511,0.00473681,0.002265971,0.013481539,0.004674192,0.014301308,0.003787651,0.018599186,0.002165041
0307_LEFT_Ld,0.032388694,0.004437624,0.000848132,0.044214308,0.006464745,0.023317405,0.005413363,0.014653618,0.00552514,0.009192636,0.00319754,0.127088355,0.003159361,0.038215029,0.006202518,0.005902323,0.002663177,0.040914592,0.007695805,0.253789584,0.02183191,0.106063322,0.010171795,0.043273125,0.001729282,0.009828754,0.020562013,0.002408146,0.075017516,0.006234527,0.001533126,0.000864815,0.009353286,0.002610703,0.005613122,0.001663415,0.011481675,0.003523155,0.050667523,0.002471977,0.015823781,0.001790732
0311_LEFT_AAA,0.062830405,0.005769828,0.000989575,0.043098402,0.006379916,0.027311834,0.007252255,0.011826635,0.005822403,0.010343832,0.004360599,0.058400259,0.003174711,0.032193952,0.006497114,0.007642506,0.004376818,0.042216375,0.009705902,0.209257447,0.026547806,0.119271649,0.012124441,0.040088356,0.002109362,0.007023528,0.039147253,0.00278665,0.074742193,0.006033544,0.001566174,0.000752238,0.011450338,0.002995614,0.008244406,0.001962288,0.01112578,0.003690271,0.078001909,0.002862367,0.018605453,0.00205808
0319_LEFT_Lv,0.03350685,0.004876737,0.000872653,0.036145099,0.005571014,0.023453659,0.005182291,0.018914143,0.006186502,0.012836405,0.003505664,0.148717995,0.003262634,0.035090995,0.005562324,0.006667572,0.002744525,0.039186377,0.009595127,0.227801491,0.020332954,0.109902878,0.010506556,0.043293629,0.001748747,0.00989969,0.023711012,0.002237461,0.06031299,0.006039034,0.001518021,0.000976046,0.009382971,0.002631227,0.008045183,0.001623563,0.010047507,0.003231259,0.065902117,0.002448697,0.012873537,0.001871712
0324_LEFT_COa,0.026178552,0.004179824,0.000579802,0.02971652,0.004145955,0.015726686,0.004515707,0.008254289,0.003673893,0.005189642,0.001972089,0.027940824,0.001889306,0.029650046,0.004914499,0.008889426,0.001936365,0.021985406,0.005384241,0.103773165,0.016787122,0.085009652,0.006552121,0.019176977,0.001082026,0.00567466,0.026767864,0.001564197,0.044977177,0.003939281,0.001454889,0.000725616,0.008578345,0.001926133,0.011218321,0.001323415,0.009028581,0.002610782,0.077177018,0.001573859,0.010608544,0.001152099
0331_LEFT_ABmc,0.027766045,0.005415237,0.000735865,0.039967044,0.005590294,0.019258282,0.004349776,0.015477144,0.005318265,0.01005814,0.003292932,0.126593055,0.002711191,0.05898727,0.00533481,0.007862615,0.002415827,0.035266718,0.008601214,0.197447428,0.019059591,0.120838743,0.00906758,0.041291909,0.001504459,0.011944157,0.031913108,0.002117255,0.061907684,0.006413204,0.001788517,0.000813589,0.011130653,0.002293373,0.00943797,0.001438585,0.010650853,0.002872883,0.078350115,0.002096,0.016042959,0.001713553
0340_LEFT_Bi,0.031468558,0.005730649,0.000860614,0.038878792,0.005926859,0.023567609,0.005224067,0.018060167,0.005914299,0.014540824,0.003981147,0.140773127,0.00301128,0.038886606,0.005741489,0.006563228,0.002470492,0.040988981,0.010286033,0.200844263,0.021278419,0.124832894,0.010163282,0.038821281,0.001664029,0.009420173,0.026427522,0.002278187,0.066310592,0.006116379,0.001671469,0.00092917,0.010927385,0.002637021,0.008989425,0.001635061,0.010427913,0.00339297,0.058100632,0.002422495,0.016280723,0.0018268
0346_LEFT_COp,0.021527312,0.004285997,0.000468082,0.032147289,0.003321827,0.01421678,0.003512213,0.011245635,0.003842533,0.008651581,0.002572059,0.096069918,0.001810681,0.059603399,0.004080051,0.006205791,0.001619224,0.022493563,0.006620544,0.140336639,0.012545354,0.09930924,0.006033549,0.032671754,0.001016811,0.010045371,0.024310858,0.001239726,0.051821452,0.003361815,0.001221359,0.000680008,0.007321273,0.001699523,0.007796003,0.00097879,0.007671307,0.002335121,0.055501628,0.001376477,0.012326555,0.000974494
0356_LEFT_Abpc,0.030643379,0.005853504,0.000755315,0.038308194,0.005238372,0.018929393,0.004366805,0.01684862,0.005399651,0.011729906,0.003460477,0.152685963,0.00254175,0.041909519,0.005271641,0.007857297,0.002397781,0.035648068,0.009097495,0.173268143,0.017299762,0.130157211,0.008758259,0.040663106,0.001560678,0.009546598,0.033379771,0.002023275,0.062795123,0.005374549,0.00160073,0.000794011,0.010291484,0.002326011,0.012081748,0.00149677,0.009113596,0.002891325,0.077056722,0.002096422,0.016945715,0.001571361
0436_LEFT_ME,0.015096776,0.003753364,0.00069634,0.051761518,0.006315701,0.019320576,0.004201565,0.010949168,0.00461964,0.005222246,0.002425097,0.055789177,0.002243204,0.067814673,0.00695888,0.005177367,0.001833771,0.034431701,0.006040786,0.25666044,0.018913795,0.134870552,0.008591617,0.039744818,0.001131896,0.007487783,0.018981541,0.001731766,0.150661442,0.006682836,0.001390441,0.00081691,0.009226366,0.002388201,0.003846891,0.001363302,0.011368775,0.003361531,0.019453444,0.001720216,0.024623526,0.001706962
0437_LEFT_AHA,0.018818269,0.003348144,0.000457634,0.016821401,0.001855921,0.008313318,0.002308046,0.009960757,0.002545698,0.005962996,0.002224609,0.215178617,0.001707746,0.021617401,0.001934165,0.003745984,0.001014096,0.01624023,0.004502397,0.081304657,0.007386359,0.066668197,0.004643964,0.039647575,0.001341296,0.004720442,0.019189274,0.001187795,0.028579367,0.00221051,0.000597897,0.000344392,0.004208536,0.00120469,0.005830466,0.000761635,0.003743825,0.001133899,0.048620322,0.001205157,0.008584635,0.000807619
0445_LEFT_Bmc,0.040793814,0.004492367,0.000844421,0.039408693,0.006217534,0.024269744,0.0069346,0.014780019,0.005965317,0.008563585,0.003411084,0.102933676,0.003669779,0.047262803,0.006021635,0.006848082,0.004114889,0.041217027,0.009060534,0.245626219,0.0265582,0.113570987,0.0111886,0.040172884,0.001903416,0.008545708,0.022661779,0.002455272,0.075865801,0.007041408,0.001765385,0.000883278,0.010973749,0.002860621,0.005857107,0.001779099,0.012344182,0.003727237,0.046973012,0.002657592,0.017436438,0.001914704
0449_LEFT_CM,0.005822798,0.068324638,0.002163215,0.130317537,0.007437777,0.011587224,0.003746523,0.020249068,0.008277843,0.004757463,0.002510899,0.002863739,0.000903207,0.061223139,0.006913641,0.046880838,0.004228934,0.024460314,0.010694331,0.020311014,0.011973346,0.060212231,0.007565925,0.012426529,0.000663631,0.001580552,0.173391311,0.004028121,0.013259646,0.002282384,0.004520244,0.001421001,0.073500453,0.005609139,0.153569521,0.00398461,0.013449414,0.003576991,0.024677835,0.001841083,0.012740533,0.001355355
0466_LEFT_Bpc,0.031863293,0.00599988,0.00080928,0.036988489,0.005027956,0.018386694,0.00435617,0.01938468,0.005856104,0.0129702,0.003659436,0.190718397,0.002802896,0.030321206,0.004953395,0.007526154,0.002420932,0.038627666,0.008904742,0.156705252,0.017506948,0.121897688,0.009152751,0.041745551,0.001658722,0.008545062,0.029426305,0.002136126,0.059322468,0.005318126,0.001612648,0.000880855,0.009602962,0.002424362,0.010555812,0.001550437,0.008290692,0.002930658,0.075557662,0.00227079,0.016067852,0.001672702
0474_LEFT_cla,0.037176337,0.01137415,0.001362974,0.047981337,0.00572587,0.034236874,0.007105647,0.021147199,0.008536782,0.016266026,0.005588548,0.025598222,0.00196278,0.036431983,0.006661223,0.031231109,0.004943992,0.026848544,0.023648213,0.065707234,0.015700232,0.202647912,0.011215017,0.028329076,0.001674344,0.003155791,0.064709006,0.002719955,0.04519945,0.003849222,0.00314738,0.001533932,0.026618852,0.004938859,0.031911233,0.003173649,0.017566593,0.004487052,0.099305678,0.002788154,0.018061847,0.001556388
0477_LEFT_PL-prime,0.027475612,0.00561925,0.000829332,0.030844955,0.005065805,0.018308911,0.003968851,0.021149714,0.005523877,0.016051136,0.004393157,0.207934154,0.002535262,0.022309503,0.00466319,0.007755767,0.002017314,0.038441727,0.009191808,0.151210826,0.016893161,0.124025663,0.00938508,0.044472326,0.001637879,0.006330944,0.030028825,0.002204514,0.05287866,0.005367155,0.001367463,0.000919997,0.008599966,0.002460215,0.009316748,0.001440825,0.007232282,0.002944539,0.088532941,0.002343463,0.014190574,0.001799317
0478_LEFT_NLOT,0.016772379,0.004328854,0.000443878,0.026601405,0.002620199,0.009966768,0.002072798,0.00872446,0.003007316,0.006340826,0.001983422,0.076509762,0.00106348,0.023354576,0.002740272,0.007734065,0.001319513,0.017597399,0.005172521,0.087939574,0.007794544,0.080905457,0.004007207,0.023301474,0.000663597,0.003625294,0.028895744,0.001095216,0.03452076,0.002404922,0.001241644,0.000479448,0.006711701,0.001366288,0.009939944,0.000872652,0.006092804,0.001568204,0.077969736,0.001031052,0.010253511,0.000788256
0479_LEFT_PAC3,0.01769795,0.003854145,0.000440559,0.026122007,0.002849158,0.010382206,0.002284539,0.011261591,0.003317523,0.006873805,0.002264442,0.111340839,0.001203621,0.034659663,0.003159144,0.006377739,0.001375008,0.019777595,0.0053765,0.098659173,0.008497434,0.080406729,0.004663524,0.02770689,0.000823507,0.006343841,0.02440364,0.001205686,0.040103012,0.002459501,0.001196916,0.000530131,0.006400311,0.001425722,0.008801354,0.000887476,0.005787754,0.001786481,0.066928087,0.001177619,0.010886998,0.000834816
0480_LEFT_PACs,0.015697904,0.003528899,0.000427789,0.019939436,0.002541778,0.008588179,0.002172887,0.013224325,0.003203196,0.005648699,0.00181035,0.181781255,0.001126181,0.021709772,0.002546773,0.004367296,0.001062811,0.022011783,0.005205854,0.084629647,0.007601795,0.074401029,0.004684098,0.035885709,0.00090445,0.005039756,0.021757249,0.001095837,0.034541605,0.00241125,0.000739322,0.000473151,0.004636655,0.001429522,0.007047251,0.000954751,0.003961405,0.001458943,0.04948898,0.001155409,0.011006692,0.000864722
0508_LEFT_PACo-Pir,0.012112415,0.003151427,0.000394684,0.018487025,0.002410589,0.008262224,0.001759307,0.008032139,0.002484556,0.005589367,0.001674417,0.082506405,0.001091148,0.012413355,0.002298916,0.00468678,0.001137785,0.017656138,0.004210741,0.072348541,0.007204704,0.068298273,0.004070525,0.020869708,0.000717162,0.003515744,0.023158299,0.001278937,0.027859789,0.002369981,0.000665053,0.000359418,0.005002815,0.001152128,0.006770926,0.000708838,0.003659677,0.001307772,0.071095932,0.001013651,0.008347344,0.000746754
0509_LEFT_PAC2,0.010644189,0.002823776,0.000274861,0.021029918,0.002083353,0.009339874,0.001327875,0.013301288,0.002151677,0.004407941,0.001535277,0.13666036,0.000743951,0.016052836,0.001460069,0.00444008,0.000562628,0.020685633,0.003751744,0.084086074,0.007985301,0.063886872,0.002974308,0.018578654,0.000471325,0.004129913,0.018387312,0.001002163,0.028352583,0.001611415,0.000956267,0.000250079,0.006574354,0.000687881,0.007494675,0.000531104,0.005746437,0.000671126,0.056733703,0.000683233,0.009406155,0.000645506
0510_LEFT_MGv,0.015303671,0.004929679,0.000951018,0.253414955,0.013544945,0.028473842,0.006718878,0.013056177,0.006322217,0.003870167,0.002177539,0.022158517,0.003122739,0.063071274,0.011799525,0.007892485,0.00315218,0.04301406,0.006633119,0.092824585,0.021917705,0.084402792,0.01236479,0.023332985,0.001738908,0.012497294,0.018161121,0.002968911,0.095045743,0.009932096,0.005804764,0.00149038,0.012598391,0.003004339,0.004783126,0.001976513,0.036611475,0.007429408,0.009656211,0.002343595,0.0188506,0.002606518
0511_LEFT_MGad,0.017842062,0.009474949,0.001393858,0.29430535,0.014289762,0.026300964,0.007188586,0.016861004,0.007339761,0.004393709,0.002365064,0.011879354,0.003158024,0.045433909,0.010036678,0.009307388,0.003116988,0.052261618,0.008035011,0.066178482,0.024209318,0.083122709,0.014449809,0.016935922,0.001703175,0.012715339,0.032191795,0.00461045,0.077064957,0.009107304,0.007392139,0.001489303,0.016061702,0.003305309,0.008566145,0.002321295,0.040483715,0.006188501,0.014344543,0.002906626,0.015835115,0.002861028
0512_LEFT_MGm,0.015185632,0.008893787,0.002177501,0.25745941,0.024084625,0.027367784,0.00990555,0.020920111,0.009432735,0.004426865,0.00303065,0.011229452,0.003398027,0.079905154,0.021667363,0.00888634,0.004736267,0.047903517,0.008413553,0.070462371,0.02654315,0.065147526,0.014950146,0.01301421,0.001696511,0.032665371,0.021350965,0.005245372,0.051483093,0.010302413,0.007428481,0.002494509,0.017757678,0.005629505,0.007901109,0.003519478,0.042366517,0.014076489,0.010939522,0.00337818,0.011630458,0.002759971
0513_LEFT_MGz,0.014883301,0.008161866,0.001408357,0.294383439,0.014883778,0.030720058,0.007882356,0.014358198,0.007025221,0.004230159,0.002444877,0.013495853,0.003201129,0.049875546,0.010890679,0.01019802,0.003329596,0.050395584,0.007572536,0.075118756,0.025291234,0.072783809,0.014518352,0.015185171,0.001827746,0.010038252,0.027305633,0.004787098,0.071442051,0.010209312,0.009485763,0.001590469,0.017958538,0.003523617,0.008638558,0.002378977,0.048492526,0.007248031,0.012650286,0.002920605,0.014305414,0.002758643
0514_LEFT_MGpd,0.01664986,0.004293142,0.000603887,0.218512104,0.009975681,0.026190401,0.006667662,0.013087418,0.008012919,0.003982051,0.001862895,0.020852708,0.003344157,0.034390856,0.008736116,0.006981527,0.002746225,0.049250007,0.005736978,0.114896652,0.022469483,0.101690462,0.011335695,0.025727623,0.001848936,0.01427057,0.023918741,0.002272959,0.148224869,0.010317044,0.003739817,0.001077692,0.009673947,0.002149567,0.004229038,0.001339193,0.029236859,0.005447379,0.010883214,0.002088159,0.021475328,0.00266184
0523_RIGHT_pu,0.069373108,0.002825084,0.005756884,0.007449041,0.048463203,0.008833385,0.075759317,0.009494195,0.027270297,0.005205148,0.027145297,0.003403575,0.010680284,0.011626989,0.071417956,0.006914933,0.035603988,0.026148327,0.025310301,0.023994825,0.082501002,0.018218262,0.14130131,0.003765282,0.008517225,0.00477067,0.004633929,0.016900041,0.006715334,0.030499181,0.002378187,0.00788491,0.013750631,0.029552457,0.00566644,0.021921778,0.007018426,0.038297699,0.004041506,0.043606516,0.002087074,0.010768458
0524_RIGHT_cd,0.039389101,0.00215997,0.004497618,0.005223958,0.031138181,0.011213318,0.133182765,0.009279412,0.034526515,0.007959101,0.053489331,0.002314704,0.014421318,0.008330473,0.058322499,0.009928112,0.038927779,0.02292016,0.050820603,0.022103156,0.109107951,0.012913455,0.098045605,0.002109112,0.008242042,0.005937378,0.002978491,0.011462765,0.004532384,0.028637408,0.002268078,0.004902922,0.012858999,0.023528472,0.003397893,0.014828341,0.006589416,0.045273763,0.003435013,0.031425063,0.001344003,0.007439081
0525_RIGHT_nan,0.082775106,0.001922792,0.004689687,0.006862233,0.027098447,0.011776581,0.06072824,0.008545036,0.023208459,0.012875006,0.092333626,0.003021681,0.016044476,0.00945757,0.037463839,0.005869729,0.026473294,0.027298238,0.03315722,0.024579685,0.121011446,0.018983788,0.124551106,0.003040844,0.011253178,0.005353264,0.003667403,0.013206468,0.006553056,0.025216024,0.001622878,0.003909526,0.008838235,0.019865869,0.003094709,0.015897933,0.006334085,0.020065334,0.005491954,0.061363603,0.00197763,0.008472963
0526_RIGHT_GPe,0.101449512,0.002739382,0.006450684,0.007121826,0.048144159,0.011231238,0.087121439,0.008813813,0.022943922,0.005581661,0.020440414,0.005140256,0.012749924,0.009594158,0.069736236,0.006629549,0.031487194,0.028544287,0.027994506,0.026532737,0.08249435,0.020635892,0.128116095,0.005368201,0.012427068,0.005722522,0.004543899,0.016463,0.007326927,0.030813375,0.001922543,0.005045127,0.010713867,0.024516456,0.003957861,0.019946621,0.005937583,0.029595885,0.004673056,0.032466956,0.002447205,0.012161662
0527_RIGHT_GPi,0.075462461,0.003467896,0.006859442,0.009754345,0.073363,0.008834147,0.053502125,0.009416725,0.022511944,0.003516928,0.010958361,0.00366013,0.013434875,0.013929912,0.152001888,0.004644206,0.017106595,0.039823157,0.014287975,0.024915021,0.102531147,0.01404079,0.090814885,0.003701146,0.00939673,0.026342344,0.004816571,0.016634181,0.006940898,0.047109735,0.002007293,0.004436457,0.008464796,0.019148194,0.00386542,0.015617523,0.006734498,0.026045766,0.003303387,0.019481329,0.002245763,0.016659729
0528_RIGHT_SNpr,0.029049331,0.001600504,0.003077039,0.008362537,0.049604378,0.007336957,0.079449942,0.006290936,0.019588322,0.003197554,0.010047909,0.001979574,0.008502604,0.018978403,0.278154584,0.00545365,0.023713763,0.018508374,0.017396703,0.012911737,0.060065998,0.009265275,0.060339282,0.001877972,0.004985205,0.121835095,0.002457056,0.007882077,0.004579327,0.025524998,0.001979128,0.00490665,0.006128534,0.012788022,0.002275327,0.009715093,0.006389301,0.034248337,0.002060983,0.013809562,0.001375666,0.008148421
0529_RIGHT_SNpc,0.033100832,0.001930884,0.003126112,0.012373012,0.059898202,0.008736402,0.056807443,0.006588134,0.018332171,0.003793626,0.01126453,0.00275943,0.012485946,0.022952706,0.230295958,0.004677827,0.014733156,0.024252471,0.014079178,0.017618125,0.081415121,0.012280792,0.067299978,0.002695281,0.007541786,0.123483967,0.003372373,0.008969419,0.006819048,0.035669367,0.001740417,0.003556481,0.006769429,0.010456715,0.002484497,0.008299285,0.007669213,0.024072784,0.002747705,0.019642303,0.002071891,0.010404206
0530_RIGHT_SNpl,0.029500539,0.002287703,0.003687988,0.010609659,0.093628696,0.006692685,0.036311134,0.006299425,0.018116197,0.002794548,0.008199784,0.002130583,0.010308711,0.020786925,0.302270905,0.003865527,0.013083509,0.024726516,0.010540533,0.015206019,0.072414526,0.010073186,0.058800918,0.00225903,0.006783451,0.085881321,0.003456892,0.009108274,0.005419457,0.034381357,0.001674952,0.004100697,0.006623346,0.011871909,0.00258256,0.009367155,0.006652293,0.02544555,0.002353656,0.014862303,0.001739409,0.010223763
0531_RIGHT_STN,0.033794712,0.002607174,0.005470405,0.01083536,0.092197378,0.007611442,0.044747645,0.007563222,0.018401632,0.003238682,0.009338425,0.002282578,0.013196344,0.017541699,0.22493097,0.005108108,0.018134845,0.029919798,0.012779234,0.018868269,0.093130903,0.012363596,0.080046554,0.0025748,0.009918349,0.037419558,0.004096616,0.013241992,0.005994267,0.052848476,0.001931332,0.004994715,0.007749807,0.015075067,0.003144962,0.01259214,0.006639501,0.032808499,0.00279913,0.017992435,0.001776593,0.015468901
0532_RIGHT_VP,0.092557798,0.001720597,0.00403354,0.006111974,0.030771169,0.009773402,0.036642778,0.006853182,0.017369702,0.010172265,0.063082617,0.003559731,0.032147255,0.008105723,0.040644583,0.004428348,0.016210811,0.030365697,0.021079376,0.026939179,0.165910019,0.015454967,0.124070943,0.003224357,0.03004881,0.007356708,0.003123676,0.01621893,0.006216709,0.039284527,0.001330435,0.00256655,0.006958111,0.012830096,0.002287989,0.011583899,0.005216092,0.014924663,0.004110524,0.05783459,0.001848331,0.012951745
0533_RIGHT_AV,0.025644262,0.000635015,0.002536535,0.002428625,0.022194065,0.005307806,0.142930392,0.003859216,0.019953488,0.002721686,0.013271894,0.001292635,0.027617306,0.003258372,0.021044022,0.005162896,0.024274034,0.022335178,0.016168112,0.009128068,0.256980795,0.005331356,0.063165467,0.00114544,0.010800855,0.00272524,0.001047742,0.009781769,0.002338752,0.043324909,0.000977934,0.003024885,0.004342235,0.009083282,0.001139243,0.006926203,0.002716393,0.02351762,0.001253102,0.01399665,0.000666066,0.006832579
0534_RIGHT_AM,0.033501846,0.000984678,0.003094405,0.005436415,0.025533103,0.012818263,0.150170724,0.00509771,0.023954917,0.003691461,0.014373808,0.004561673,0.034735123,0.005636009,0.021867629,0.003442237,0.012382775,0.043005053,0.025900011,0.043361584,0.284811259,0.011140574,0.084593671,0.002735605,0.01319632,0.004281103,0.001636848,0.010698208,0.008152844,0.041697595,0.001107388,0.00201813,0.004208154,0.007667152,0.001448579,0.006179984,0.005416566,0.020972615,0.002231269,0.017039948,0.001395457,0.00807915
0535_RIGHT_VApc,0.023539611,0.00120803,0.001794459,0.007870828,0.029085431,0.015630706,0.273110474,0.010229398,0.035732273,0.005912426,0.018300764,0.003119702,0.009769295,0.010238489,0.04751445,0.013913669,0.048552755,0.023721463,0.040683863,0.025159589,0.093155116,0.01188702,0.069290014,0.002189317,0.004726821,0.011899402,0.002174903,0.005818437,0.00625922,0.027217825,0.002792636,0.005867725,0.010622276,0.012525078,0.002864377,0.0090126,0.010428495,0.05230568,0.002547418,0.010598575,0.00138979,0.005869796
0536_RIGHT_VAmc,0.021943037,0.00151961,0.002175284,0.009318176,0.035398934,0.013324355,0.185355918,0.007521779,0.027471183,0.004683865,0.014928241,0.00381748,0.008359996,0.012311081,0.065023054,0.00778855,0.028219403,0.02112961,0.029716081,0.025904301,0.069232108,0.011913433,0.055421142,0.002533966,0.00409324,0.004936508,0.002433193,0.005216777,0.006883234,0.02023716,0.002671407,0.006448126,0.010222785,0.014831581,0.002105712,0.00915146,0.012107271,0.054243179,0.00274926,0.009140374,0.001593669,0.004589842
0537_RIGHT_LD,0.024159326,0.00081392,0.002072792,0.004685727,0.039798143,0.005882306,0.107859914,0.004833269,0.014835787,0.00225389,0.009199502,0.001674322,0.032624832,0.006026577,0.034605538,0.004831676,0.012524774,0.022041158,0.012217642,0.013050001,0.332065386,0.007135593,0.069831977,0.001628153,0.015684086,0.003274224,0.00163636,0.010990913,0.004491766,0.075273594,0.002322473,0.007001952,0.005245053,0.013255315,0.001424829,0.006720425,0.005920047,0.066035996,0.001508787,0.014267848,0.001083647,0.010383998
0538_RIGHT_MDmc,0.039025828,0.001564988,0.002289459,0.010804037,0.027885828,0.024152287,0.130895717,0.010066482,0.023070559,0.006847679,0.015163403,0.00670922,0.02070681,0.010323675,0.024706815,0.006570838,0.017136295,0.059239023,0.025185744,0.065366765,0.195808139,0.018917844,0.077560268,0.004455322,0.010047728,0.005084828,0.003133399,0.008652137,0.013658009,0.041308281,0.002267686,0.003039416,0.008612184,0.008337991,0.002838082,0.006394902,0.012090987,0.030109352,0.003936022,0.015187543,0.002550412,0.009513851
0539_RIGHT_MDpc,0.024501523,0.001986505,0.002525792,0.016561929,0.036593101,0.024273845,0.150382928,0.010496831,0.026390184,0.005203864,0.012073287,0.005116909,0.016388268,0.018569614,0.035744239,0.013013364,0.036081341,0.034945051,0.022341031,0.038974895,0.15238537,0.0169834,0.057905052,0.003978256,0.008046166,0.004015459,0.003438051,0.008268489,0.011751538,0.039107317,0.004577302,0.007397087,0.012604241,0.013192113,0.003517272,0.008008542,0.02676891,0.071252521,0.003297302,0.011079097,0.002233302,0.008357967
0540_RIGHT_MDmf,0.018546854,0.001586905,0.002875965,0.01154717,0.050834909,0.017105474,0.10267949,0.010123663,0.027213504,0.003795763,0.010020437,0.003239749,0.013840969,0.013894526,0.045522364,0.016265138,0.043629909,0.029400674,0.016503335,0.026327152,0.157109624,0.012343928,0.048725571,0.002611676,0.006642006,0.005312355,0.002734815,0.010536155,0.007874767,0.047923723,0.00539462,0.012522342,0.012449321,0.021696517,0.00355826,0.010040289,0.01936707,0.133182529,0.00238796,0.009028459,0.001647042,0.011089743
0541_RIGHT_VLc,0.014574906,0.001681417,0.002687701,0.011669228,0.062315423,0.01621286,0.13328496,0.01036396,0.027811055,0.003926526,0.009546701,0.003205913,0.010076241,0.014612725,0.075800735,0.014542202,0.045578659,0.024951482,0.018438441,0.025351663,0.1014216,0.0125881,0.042016993,0.002611324,0.004658286,0.005349597,0.00288616,0.008316696,0.007734479,0.037520165,0.005369497,0.013599186,0.012937943,0.025951825,0.003586835,0.012969078,0.018015143,0.14651666,0.002571698,0.008277617,0.00164379,0.00717492
0542_RIGHT_VLo,0.016927417,0.001763158,0.002822,0.010537302,0.040113678,0.012935671,0.089565432,0.01066749,0.029330147,0.004291095,0.010860313,0.00257584,0.009396773,0.017424348,0.157512158,0.013412993,0.047089985,0.018680574,0.019741892,0.020734658,0.077815533,0.011718982,0.039461605,0.002180072,0.004326266,0.023520807,0.002936994,0.007060277,0.006158228,0.021814083,0.005563948,0.015114097,0.013857759,0.030301522,0.003808337,0.014809496,0.016060391,0.154000443,0.002654841,0.009465253,0.001454283,0.005014499
0543_RIGHT_VPI,0.013685971,0.004128611,0.004910133,0.015793657,0.132672631,0.008685564,0.026796202,0.011586834,0.027501663,0.00259755,0.006173493,0.002465245,0.007111776,0.020194935,0.143942678,0.005197084,0.009887462,0.031542602,0.009259314,0.021815761,0.075435628,0.01284224,0.036397829,0.002830152,0.003557036,0.015654967,0.005170055,0.008376317,0.006606149,0.015165958,0.002904136,0.009349146,0.01211738,0.019875642,0.005370124,0.012554249,0.010434119,0.061061611,0.002874788,0.008420529,0.002166801,0.004735585
0544_RIGHT_VPM,0.017322985,0.004160878,0.00450716,0.034242614,0.103588141,0.02528448,0.044920679,0.011709884,0.022051862,0.004631959,0.007585555,0.005028656,0.008383293,0.040933838,0.12476935,0.009825453,0.016993722,0.026662763,0.013760461,0.037385799,0.076195668,0.020313598,0.034792359,0.004559083,0.004171904,0.00823121,0.005940495,0.008350322,0.012855019,0.017991248,0.005762143,0.01154951,0.017770711,0.028215599,0.005856282,0.01557334,0.039039663,0.10668407,0.004179365,0.008149288,0.002745669,0.004697578
0545_RIGHT_VPMpc,0.016278037,0.003900452,0.005006435,0.027787902,0.120837295,0.016001931,0.040419286,0.012185789,0.027237114,0.004150995,0.007663919,0.003833531,0.007900739,0.030259981,0.148828166,0.008513036,0.01952416,0.033130314,0.013612585,0.032502703,0.077512321,0.017451574,0.038490731,0.003648483,0.004242753,0.008833722,0.005792494,0.00997538,0.010222581,0.020857438,0.004985706,0.013600819,0.015034251,0.029404823,0.00538567,0.016381905,0.024411299,0.100464151,0.003770793,0.008716302,0.002577509,0.006007904
0546_RIGHT_cnMD,0.017434875,0.003763892,0.003921551,0.031453245,0.083598577,0.026144348,0.060406012,0.011737983,0.021257045,0.004780281,0.007981437,0.005061992,0.007861796,0.037010158,0.09941093,0.012287873,0.023310279,0.026769909,0.015641759,0.037729722,0.073405414,0.019773389,0.035313411,0.004399526,0.004041493,0.007978897,0.005467869,0.008218229,0.013220095,0.019912331,0.00641757,0.012046215,0.017682731,0.030985028,0.005504392,0.015489941,0.041508075,0.128345046,0.00399406,0.008022434,0.002694435,0.005143274
0547_RIGHT_Pf,0.020218917,0.002473208,0.002743061,0.023674988,0.089593508,0.017580917,0.07316495,0.008208175,0.021937534,0.004683286,0.00756956,0.00494549,0.008899376,0.02447904,0.067379041,0.005657651,0.011618767,0.032486483,0.019550936,0.037756794,0.073234531,0.018149871,0.04567853,0.003930661,0.004998232,0.024416766,0.004264073,0.00714945,0.010749978,0.034301216,0.00270351,0.005256289,0.012040447,0.011473614,0.003994768,0.007342205,0.017763166,0.048459413,0.003640066,0.008686041,0.00253957,0.007614169
0548_RIGHT_LP,0.017776735,0.001781509,0.003259688,0.011112717,0.109530139,0.012315325,0.082030119,0.007107445,0.018903718,0.002893777,0.008691187,0.00314307,0.011915024,0.013487573,0.09371395,0.006392216,0.017198462,0.02474144,0.011823122,0.021235747,0.161289874,0.011764395,0.047337222,0.00288919,0.006496901,0.00708147,0.003290081,0.010046062,0.009108585,0.052571302,0.003514518,0.012237745,0.009551897,0.02430371,0.003115277,0.01094851,0.013743695,0.117610536,0.002372162,0.009973354,0.001752553,0.009420422
0549_RIGHT_VPLc,0.014697781,0.003822775,0.005955183,0.018505902,0.153830947,0.015451392,0.049460882,0.010827614,0.028677593,0.003618265,0.007874038,0.003554169,0.008060917,0.020044042,0.11897189,0.006963906,0.016784449,0.03422406,0.012500147,0.029393519,0.095614129,0.014824622,0.039419164,0.003229088,0.004291268,0.011294208,0.00521262,0.01182034,0.00931762,0.024381618,0.004257624,0.014248449,0.013304446,0.028540667,0.005061664,0.016267876,0.019369742,0.102939277,0.003233105,0.008683677,0.002240187,0.006161524
0550_RIGHT_PM,0.024396781,0.001436002,0.003484467,0.006201158,0.054492801,0.009368619,0.041101036,0.005907446,0.027677244,0.004226474,0.010802708,0.003056727,0.029510918,0.006289231,0.027223448,0.004122538,0.009151518,0.064213207,0.010425093,0.028327955,0.280498664,0.011532663,0.084251456,0.002719947,0.013498511,0.005240738,0.002668269,0.012980949,0.007023054,0.111648164,0.001350579,0.004547872,0.006535675,0.009820955,0.001946406,0.006300601,0.005203412,0.038233045,0.002492832,0.014263613,0.001752095,0.023400919
0551_RIGHT_PL,0.020074738,0.001097975,0.002510597,0.004979639,0.052569488,0.006795074,0.042415443,0.004132193,0.019049824,0.002492118,0.008447952,0.002358077,0.026873557,0.005027861,0.02313687,0.003724941,0.008367665,0.050272329,0.008336771,0.020801621,0.272167768,0.008935474,0.102950099,0.002246757,0.013581426,0.004057972,0.002083311,0.012981663,0.005800913,0.197653622,0.00102914,0.002643571,0.005569702,0.00638133,0.001524361,0.004277049,0.004016247,0.029848982,0.001808594,0.012736848,0.00150976,0.034174826
0552_RIGHT_PI,0.016596221,0.000892923,0.002052431,0.005015483,0.078585153,0.005308363,0.028310286,0.003411819,0.015816743,0.001866219,0.006423485,0.002211815,0.028337171,0.004953841,0.023580579,0.002859735,0.005977366,0.046372819,0.006075074,0.016315933,0.227551714,0.00792709,0.120827393,0.0020105,0.012501465,0.00572046,0.001773874,0.011181409,0.005443139,0.25649833,0.000769754,0.001630042,0.004130288,0.004259199,0.001287262,0.003061857,0.003318519,0.019232654,0.00158073,0.011208141,0.001431679,0.043752413
0553_RIGHT_MDdc,0.025061002,0.00141962,0.002839266,0.010189354,0.044524747,0.020577668,0.113361417,0.009269692,0.023796333,0.005570338,0.011343443,0.004897536,0.01694491,0.011766128,0.035875067,0.012787979,0.036070625,0.034140203,0.021777019,0.034610567,0.184174854,0.015774513,0.059687021,0.003550642,0.007866588,0.004810357,0.002953502,0.009829935,0.009862465,0.062278331,0.003648433,0.007803274,0.010483656,0.014117441,0.00299875,0.008067708,0.01467157,0.081469565,0.003207994,0.010617968,0.001897531,0.013031888
0554_RIGHT_LGN,0.014981471,0.001155589,0.002446991,0.00986869,0.108463885,0.005914303,0.036574836,0.0037291,0.011999115,0.001930676,0.006817546,0.00214342,0.022179022,0.009442666,0.069147041,0.002873726,0.00633589,0.037373263,0.006054672,0.019846256,0.226007779,0.008979974,0.094990298,0.002307576,0.007623409,0.004327262,0.002345435,0.010184264,0.009613781,0.178667304,0.001061512,0.003565395,0.004414592,0.00712922,0.001467754,0.004565361,0.00460774,0.028910964,0.001554075,0.008408054,0.001755284,0.032817377
0556_RIGHT_Hl,0.031036066,0.001813599,0.002487281,0.011459436,0.031706172,0.033252238,0.101358175,0.010369603,0.022022802,0.025759147,0.030825542,0.006347473,0.013015173,0.012119322,0.038212623,0.009187791,0.026192491,0.05362509,0.03215322,0.081529238,0.158344122,0.026251142,0.052895886,0.004113785,0.006270481,0.005569596,0.003074914,0.006437476,0.011728989,0.024625477,0.002757268,0.006128419,0.0156917,0.012671954,0.003444599,0.009936897,0.013048148,0.050292336,0.006597517,0.010858975,0.002016992,0.0062262
0557_RIGHT_Hm,0.029409836,0.00137814,0.001934674,0.0155288,0.012539782,0.044494044,0.074019401,0.009801931,0.016749671,0.0070333,0.009603634,0.011315,0.012987746,0.01444271,0.015424072,0.008151692,0.018757093,0.078316252,0.049260912,0.148399101,0.186202815,0.02346267,0.043824984,0.005617655,0.005455457,0.003486907,0.003444025,0.003746748,0.019471624,0.016802895,0.001295716,0.001923651,0.038549414,0.012577904,0.002666353,0.016009061,0.013544597,0.022042184,0.004973973,0.007053578,0.006406988,0.005516499
0558_RIGHT_r,0.016183278,0.002252864,0.003626396,0.008851339,0.090486853,0.008346807,0.061053905,0.008801148,0.026778454,0.002944922,0.008735055,0.002075126,0.011101944,0.013058495,0.161336781,0.00755471,0.027077901,0.036874149,0.014452762,0.016886533,0.109457239,0.010190607,0.059285312,0.002105182,0.006004712,0.022297031,0.00342955,0.011837093,0.005870654,0.067930768,0.003725351,0.011714431,0.009913925,0.0210903,0.003336011,0.011120096,0.008920919,0.089991807,0.002239535,0.010784519,0.001589116,0.015500603
0559_RIGHT_zic,0.028821109,0.002508271,0.004550621,0.011764931,0.047363117,0.010672525,0.082293083,0.009826356,0.023063528,0.003886674,0.01192402,0.00240532,0.009269577,0.023846988,0.189210931,0.010104862,0.040194024,0.023592408,0.019921168,0.017729306,0.070617007,0.014472992,0.069205217,0.002400301,0.005825499,0.035713984,0.004495642,0.012099235,0.005650651,0.040322106,0.002979529,0.009631363,0.011173308,0.02279333,0.003834029,0.015266194,0.008771982,0.071778004,0.003732511,0.013693312,0.00158731,0.011576223
0560_RIGHT_Pa,0.04112969,0.001697773,0.00311248,0.013883962,0.029451207,0.030541268,0.045729996,0.007512275,0.015769605,0.004766311,0.007353318,0.009654037,0.028538512,0.01223391,0.019982763,0.004714697,0.005812402,0.081805996,0.009790457,0.103364077,0.271708824,0.023895646,0.059788775,0.006130959,0.013744327,0.00600934,0.003182003,0.010382986,0.019849255,0.041046674,0.001547,0.002320019,0.006974751,0.006128285,0.002141073,0.00462493,0.011754891,0.020731628,0.004312587,0.014359743,0.003495025,0.009310279
0563_RIGHT_RNpc,0.02673699,0.002652584,0.003989606,0.022132929,0.094222489,0.012161924,0.057333913,0.009883855,0.022942438,0.006015695,0.010478114,0.004298148,0.010888734,0.032086179,0.135976351,0.006063201,0.014146215,0.033287537,0.015853591,0.025591763,0.077596549,0.021006823,0.065987002,0.004963378,0.006762425,0.097525404,0.005730015,0.010947977,0.01167307,0.041068358,0.002356214,0.004994676,0.008621307,0.013054392,0.003668218,0.009263019,0.010671108,0.034400282,0.004810289,0.01371955,0.003347329,0.012220162
0564_RIGHT_3rd,0.037821951,0.002976692,0.003028604,0.030190628,0.043402459,0.019576184,0.032400599,0.010239301,0.013453644,0.011240708,0.011036218,0.005483455,0.010555143,0.055698533,0.100086859,0.006864184,0.008330039,0.026438621,0.013111709,0.030315955,0.065851149,0.03099206,0.05286977,0.006294222,0.007263557,0.207872968,0.007444088,0.007784465,0.015407961,0.034585012,0.002291364,0.002434352,0.010295171,0.00797484,0.004646822,0.006150932,0.01385331,0.016407451,0.007522017,0.015505184,0.005085122,0.010502091
0565_RIGHT_4th,0.026673872,0.003369835,0.002510231,0.044544662,0.051051661,0.019337178,0.026095255,0.011168058,0.013771375,0.007372668,0.00712037,0.006062692,0.010766224,0.05478008,0.087524533,0.006474947,0.007682041,0.028203231,0.011084733,0.033267199,0.064892415,0.03123258,0.046437564,0.007266496,0.005804356,0.236865399,0.008323175,0.006476216,0.018264067,0.025993166,0.00249158,0.003094817,0.009743893,0.007311882,0.004809556,0.005487307,0.014924741,0.017386748,0.00668215,0.012014325,0.004712719,0.009428584
0566_RIGHT_SC,0.016109252,0.002190142,0.004129905,0.02238098,0.124587744,0.011567479,0.023564962,0.009584282,0.05835579,0.003259641,0.005932,0.008161292,0.017046572,0.015371652,0.042979231,0.003883961,0.00690942,0.06951887,0.009042179,0.034944577,0.101999217,0.019986555,0.076519581,0.005703472,0.008447997,0.075321502,0.004491537,0.016347868,0.016110495,0.082864563,0.001711856,0.002268083,0.006485563,0.007041394,0.002495072,0.005811618,0.009182752,0.0274566,0.003506119,0.010980148,0.004020077,0.021408358
0567_RIGHT_IC,0.013097437,0.002382694,0.002494132,0.044185215,0.117101428,0.010161959,0.017924383,0.010849299,0.039527079,0.002589431,0.004142842,0.008511561,0.015530129,0.033396621,0.064201545,0.003431026,0.004729428,0.038828744,0.006253402,0.022971706,0.057421133,0.02312318,0.05285399,0.007143495,0.008249528,0.250763448,0.005929205,0.00844239,0.015581043,0.037062656,0.001732734,0.002066129,0.005454007,0.004879418,0.002336331,0.003713543,0.008818266,0.015040707,0.004204536,0.008094636,0.005284681,0.012888593
0592_RIGHT_SNpm,0.04992036,0.002126025,0.00305514,0.017136445,0.072296366,0.01024325,0.046388166,0.007215486,0.019202974,0.004464756,0.020102779,0.003521535,0.014667227,0.025574577,0.182818457,0.005420664,0.013464486,0.026136947,0.015191148,0.022359123,0.092263354,0.015574373,0.076301862,0.003546,0.01078636,0.078939114,0.003874457,0.010111301,0.009028953,0.039172531,0.001981598,0.003618748,0.007529629,0.010837556,0.002709951,0.008429681,0.010798287,0.022188403,0.003433341,0.024149098,0.002295969,0.011041463
0625_RIGHT_VLps,0.016783023,0.001111112,0.002527671,0.008769347,0.074423734,0.008902751,0.102415807,0.005256529,0.015598264,0.002452164,0.008757953,0.002757109,0.015380731,0.009050261,0.064964257,0.007354872,0.021385074,0.020772745,0.010519537,0.015560017,0.221540295,0.010121537,0.064570167,0.002141573,0.008697095,0.004577692,0.002311372,0.012939029,0.007346698,0.09362063,0.002283561,0.006746317,0.007894369,0.016333478,0.003227403,0.008937345,0.007061506,0.091824809,0.002048658,0.011195807,0.001786297,0.012766533
0626_RIGHT_csl,0.026150457,0.001116284,0.002014944,0.006700101,0.035018585,0.012595782,0.124923671,0.008210429,0.030865511,0.00349658,0.012028222,0.00268541,0.022918595,0.007195112,0.025180983,0.013354439,0.032155874,0.035962856,0.020509621,0.020683061,0.259947958,0.010534575,0.062065048,0.002236739,0.011084835,0.00433486,0.002314349,0.010016657,0.006180258,0.059532065,0.002942854,0.008682744,0.007796392,0.008307533,0.002897846,0.004896319,0.008841557,0.067571428,0.001824385,0.011406122,0.001521422,0.011882428
0627_RIGHT_cl,0.018719903,0.001688974,0.003402106,0.010923019,0.060219108,0.015453473,0.090469281,0.007937259,0.020255579,0.002685882,0.007990979,0.003253554,0.009319086,0.013943327,0.082355996,0.0078473,0.0248224,0.025571272,0.013387446,0.022399003,0.138709234,0.011683363,0.043507229,0.002654913,0.005415358,0.008094571,0.002705193,0.010520723,0.008150303,0.046559579,0.004646182,0.014807446,0.010155758,0.035465124,0.002931868,0.014467309,0.018903226,0.163852933,0.002277404,0.008567764,0.001806707,0.00978126
0628_RIGHT_cim,0.041577432,0.00192956,0.002090447,0.016773816,0.027378288,0.041253862,0.056471676,0.008994954,0.012812865,0.00662304,0.007634486,0.011469149,0.023054435,0.011791507,0.021933915,0.007078752,0.006575881,0.092837977,0.013808926,0.108334504,0.222846425,0.028499929,0.052855432,0.006015646,0.011880233,0.005990825,0.00401865,0.007868731,0.018841278,0.037560935,0.001965326,0.001625401,0.010145971,0.007805654,0.00394551,0.004394584,0.01549481,0.024829446,0.006727737,0.011114668,0.003292264,0.00912428
0644_RIGHT_RNmc,0.029482279,0.002455914,0.003716228,0.018085454,0.064359711,0.012641625,0.075962785,0.00961979,0.022598489,0.004798442,0.012392395,0.003979444,0.010429684,0.028445438,0.130210143,0.006877491,0.018120668,0.028367715,0.02016628,0.025711753,0.078013517,0.019555538,0.070471758,0.004406217,0.007191231,0.121846018,0.004586941,0.010430066,0.010464813,0.033229053,0.002490923,0.004784272,0.008813127,0.013088016,0.003492151,0.009641045,0.010155044,0.03430307,0.003964977,0.014832961,0.002934153,0.010676181
0649_RIGHT_pt,0.032902238,0.000716764,0.006171162,0.004073674,0.027148781,0.013626019,0.089578323,0.004223462,0.021083306,0.002907066,0.010276936,0.005713577,0.042118437,0.004005435,0.021479093,0.002353518,0.010391621,0.034114179,0.015080657,0.074910895,0.345059631,0.011662548,0.078882781,0.002937164,0.014082269,0.003760837,0.001829052,0.015422262,0.009426919,0.050068645,0.000696195,0.00147177,0.003808979,0.009087329,0.001149288,0.008008666,0.004360444,0.014015422,0.002182523,0.017636913,0.001458821,0.009197198
0650_RIGHT_AD,0.038391667,0.000673445,0.004397738,0.003165033,0.025373791,0.007180727,0.085442515,0.003527807,0.016989704,0.00232964,0.010776164,0.00301101,0.051339664,0.003774806,0.023607567,0.003318514,0.013386229,0.023757486,0.011052832,0.037359534,0.399990915,0.008401469,0.075525273,0.001939094,0.01616478,0.002557506,0.001453989,0.01409549,0.0050408,0.049842219,0.000836817,0.001712588,0.003779987,0.010724063,0.001102688,0.008765905,0.003701548,0.018469153,0.001745212,0.018503788,0.000999336,0.00816803
0651_RIGHT_pcn,0.036624824,0.001836125,0.002667342,0.012958854,0.037128632,0.019918829,0.081177962,0.007437165,0.018002498,0.003896905,0.010820355,0.007530275,0.031263995,0.012236395,0.032533202,0.005112352,0.010292017,0.060687579,0.015506583,0.064279339,0.233201458,0.018006785,0.070133787,0.004958553,0.015123627,0.005355125,0.003425134,0.010292059,0.01543149,0.048791629,0.00223442,0.00348296,0.007151523,0.00896757,0.002277415,0.006140072,0.015076649,0.036548438,0.003439522,0.017400204,0.002770935,0.00966894
0652_RIGHT_clc,0.044541733,0.001497433,0.003780279,0.007967017,0.034756094,0.011269224,0.079949772,0.007247536,0.018019072,0.002971316,0.010558032,0.005239164,0.035687833,0.007044131,0.03343072,0.004016311,0.009576631,0.063870961,0.014176979,0.042813112,0.266476474,0.012716662,0.084522989,0.003536748,0.017761417,0.005818601,0.002516922,0.013750455,0.010579947,0.057352481,0.001222455,0.002125211,0.005026126,0.008496624,0.002139176,0.007074937,0.00649948,0.025235318,0.002269524,0.021618757,0.002093738,0.013278884
0653_RIGHT_Re,0.04357743,0.002242219,0.003357122,0.016835419,0.052252199,0.019538734,0.070651456,0.008477055,0.021716515,0.004682086,0.012633255,0.007183172,0.022251174,0.020114844,0.051328991,0.006136548,0.012050049,0.056368732,0.017071788,0.059984246,0.167343552,0.020641997,0.068819239,0.005259787,0.011366731,0.027518973,0.004302385,0.011097357,0.015713789,0.04152087,0.002797999,0.003811574,0.010727978,0.011070041,0.002955214,0.008116077,0.017673331,0.035786173,0.003982551,0.017701432,0.003583849,0.010357773
0654_RIGHT_Pulo,0.016943521,0.002688407,0.004955057,0.015913821,0.106825397,0.019096127,0.061459961,0.009542184,0.021777832,0.003820688,0.008415801,0.004093688,0.0091594,0.018038145,0.097296442,0.007651195,0.020918092,0.029088724,0.013478878,0.029331961,0.110523313,0.015277213,0.041765119,0.00345007,0.004860934,0.008918792,0.004411487,0.010669237,0.009895435,0.034675755,0.00448275,0.01692401,0.011972847,0.031883444,0.004029035,0.01541784,0.021503986,0.133974726,0.003261558,0.008774917,0.002142653,0.007954405
0655_RIGHT_PAG,0.019613198,0.001905473,0.001986391,0.024036987,0.0685817,0.016307767,0.028844128,0.008378462,0.034180544,0.003594846,0.005491977,0.005455691,0.01026253,0.024716546,0.078922293,0.003826143,0.005428318,0.03362051,0.008951739,0.031979061,0.053420965,0.019287765,0.041042515,0.004700899,0.005804505,0.171744459,0.003807085,0.006407482,0.014184323,0.034779251,0.001629108,0.002060641,0.005978574,0.005294677,0.002935867,0.003938062,0.010246345,0.016231636,0.00314269,0.008175203,0.003371483,0.008200615
0665_RIGHT_VPLo,0.017222853,0.003452343,0.004494261,0.02227594,0.075573596,0.019292527,0.047447458,0.009929526,0.023584315,0.004166534,0.00862663,0.003926012,0.00955735,0.029015694,0.163770243,0.007842548,0.015313507,0.02200789,0.013720856,0.033677315,0.090026855,0.016180076,0.034434013,0.003418184,0.004775543,0.00672067,0.004928229,0.007511955,0.010057795,0.019077036,0.005483014,0.014943878,0.016501903,0.032650019,0.005459851,0.015150311,0.029333548,0.135962769,0.003515966,0.008617293,0.002173925,0.004254874
0681_RIGHT_PN,0.00815431,0.001347044,0.001730503,0.010636565,0.034571841,0.006494542,0.018869339,0.005342551,0.014188723,0.001856134,0.003611635,0.002146526,0.004967007,0.042793337,0.237118328,0.004145243,0.010281047,0.013940753,0.006075615,0.011350674,0.03105037,0.008601298,0.02040434,0.001997664,0.002613219,0.39213327,0.002335985,0.003732726,0.00509012,0.012411551,0.002085159,0.004583128,0.005929133,0.010343151,0.002137839,0.005704708,0.008339395,0.032311123,0.001718029,0.004425623,0.001672945,0.004064965
0698_RIGHT_cir,0.021092269,0.001929086,0.002834118,0.021491432,0.035116736,0.016584792,0.017412418,0.005218475,0.009237356,0.00369462,0.00582926,0.004809049,0.008655392,0.032033316,0.062608595,0.004827903,0.005602486,0.020474913,0.008548063,0.026499556,0.050536452,0.022282117,0.032283566,0.005111454,0.004158594,0.124806194,0.00464402,0.004252504,0.011832969,0.023427645,0.001555553,0.002502639,0.006550716,0.006959402,0.002378701,0.004731157,0.013594422,0.013837069,0.004838283,0.00852529,0.004594145,0.006735606
0699_RIGHT_MR,0.017585797,0.001637572,0.002042539,0.016516815,0.02840814,0.014537519,0.028910575,0.007785289,0.013016902,0.003755602,0.005326334,0.005525419,0.006553099,0.042601078,0.097807708,0.004788043,0.007604359,0.020325634,0.009766115,0.024104306,0.037683361,0.021376303,0.034783956,0.004967288,0.004039784,0.433756613,0.004004218,0.005394132,0.011641076,0.015813554,0.001563737,0.001770941,0.007091786,0.006269232,0.002909733,0.004753951,0.010134653,0.01341105,0.00443852,0.007909746,0.004221156,0.007372309
0700_RIGHT_NRTP,0.021621754,0.001497049,0.002739219,0.011474684,0.04157948,0.010166491,0.0601399,0.006145375,0.016528075,0.003240375,0.008653957,0.002681702,0.008880318,0.032525959,0.174646991,0.006003277,0.020876016,0.019779929,0.014210374,0.016917812,0.060555357,0.011969504,0.052123456,0.002524733,0.004744529,0.239968133,0.002692218,0.006889051,0.00705392,0.023462073,0.002425669,0.004768055,0.007650677,0.012561621,0.002535437,0.009244107,0.011010824,0.037733794,0.002454184,0.012930495,0.002084568,0.007707401
0701_RIGHT_RMTg,0.021364413,0.001640778,0.002360613,0.019221059,0.038422555,0.010007324,0.028722492,0.007118465,0.015328199,0.00335953,0.006731113,0.004146964,0.008861679,0.04596937,0.157478498,0.004532464,0.011285361,0.022258066,0.009195257,0.020450331,0.049912828,0.018818483,0.045107794,0.004865021,0.00551995,0.310546329,0.003619394,0.006322532,0.010556501,0.031990036,0.001901505,0.002390285,0.006482977,0.007471369,0.002034882,0.006140945,0.010373317,0.018195704,0.003625485,0.011078559,0.004734858,0.009799969
0702_RIGHT_vnll,0.010103586,0.001561238,0.001848368,0.027784162,0.055855725,0.010432864,0.017393211,0.010749823,0.047855489,0.002862494,0.003779042,0.008350367,0.007984128,0.030156619,0.096989033,0.00336273,0.00492983,0.032547473,0.005529741,0.024726981,0.036889787,0.016379349,0.03128959,0.005618462,0.005659362,0.396129466,0.003529011,0.005475795,0.013002902,0.029254578,0.0014549,0.002423407,0.004233247,0.00413767,0.002355662,0.00275659,0.008852192,0.012311513,0.002790306,0.00504343,0.003530922,0.009953366
0703_RIGHT_dnll,0.004187174,0.000682733,0.000377921,0.031425046,0.038965205,0.003916963,0.004709137,0.002712943,0.004396698,0.00097408,0.000850384,0.005547893,0.002707117,0.030249581,0.067826958,0.000890341,0.001065779,0.00912272,0.001752493,0.013304276,0.011121607,0.01154256,0.006903321,0.003346774,0.001322421,0.298936127,0.002443101,0.001452243,0.007921261,0.005981026,0.000779974,0.000480822,0.002689484,0.001479133,0.000794483,0.000707814,0.004873632,0.004817339,0.001683692,0.001050485,0.002667668,0.001980736
0705_RIGHT_nbic,0.017050443,0.0020133,0.003122835,0.019426357,0.22116906,0.007345219,0.023818267,0.00837184,0.044796971,0.002254011,0.005170128,0.005127269,0.013607407,0.014887331,0.063812848,0.003169233,0.005811677,0.044647385,0.007572002,0.019464004,0.094363346,0.015905285,0.079404975,0.004437426,0.007796516,0.07742671,0.004053544,0.01149634,0.009730894,0.079851283,0.001606558,0.003922153,0.006221894,0.006791473,0.002291742,0.005033945,0.006439395,0.025556134,0.003131029,0.010677367,0.003270081,0.018829745
0706_RIGHT_pbgn,0.009849666,0.001417037,0.001985483,0.014222069,0.162071465,0.005223384,0.01065913,0.005409678,0.028236883,0.001641153,0.003069328,0.005363523,0.026035202,0.020127578,0.097886817,0.00208876,0.003067491,0.042571971,0.004250011,0.014768009,0.048992206,0.011156501,0.051953192,0.003789087,0.011762919,0.26636449,0.002884898,0.006415696,0.007866986,0.044033606,0.000752437,0.001127427,0.003756731,0.003247697,0.001382697,0.002424376,0.004366138,0.008410401,0.002339848,0.007642229,0.00251551,0.015188645
0708_RIGHT_riMLF,0.019269397,0.00168665,0.002536934,0.009410038,0.064255024,0.007419836,0.025798671,0.005231609,0.013839305,0.002962648,0.008127942,0.003982767,0.011628015,0.013084304,0.091180928,0.00252608,0.007130227,0.023464823,0.008077774,0.032545983,0.07557524,0.011980178,0.039385555,0.002741225,0.007232683,0.065964941,0.002607573,0.007011493,0.005548837,0.028106859,0.000987611,0.002748177,0.007130052,0.007876383,0.002564124,0.005510903,0.004461229,0.02244579,0.002668547,0.009347631,0.001750112,0.007262025
0710_RIGHT_S4,0.004879346,0.000502002,0.001315408,0.00311024,0.009259727,0.002146614,0.005170903,0.001361197,0.002614501,0.000503799,0.002021534,0.000799363,0.001371992,0.006258083,0.019081964,0.001141956,0.002124839,0.004558463,0.002111198,0.003800696,0.008196034,0.002729254,0.007355446,0.000628323,0.000913887,0.04952768,0.000778223,0.001632791,0.001577984,0,0.000373676,0.000569784,0.001075031,0.003016075,0,0.0022316,0.002682819,0.003772043,0.000918833,0.002149709,0.000402382,0.002001263
0711_RIGHT_ldtn,0.012880005,0.000667311,0.000981627,0.005336612,0.020202214,0.004605376,0.035570945,0.002975339,0.005110292,0.001768687,0.004245089,0.001224802,0.006075314,0.005216843,0.0736552,0.001249971,0.004702803,0.011480785,0.007520251,0.011052807,0.034134302,0.00455829,0.041784359,0.00072676,0.003652265,0.032989843,0.001366696,0.003038463,0.002811801,0.014742665,0.000403979,0.000909518,0.003970205,0.004116928,0.001098292,0.003356231,0.001851707,0.011865482,0.001115253,0.009363535,0.000740839,0.00501384
0724_RIGHT_Ch2,0.083144652,0.001593654,0.006288389,0.006244044,0.027717595,0.01122692,0.02133271,0.008012909,0.023675606,0.006880066,0.008936794,0.001986691,0.02186353,0.009784512,0.032867104,0.005077451,0.0189065,0.108102409,0.016252499,0.048747345,0.237284817,0.012262477,0.083092222,0.002282806,0.009566359,0.004276318,0.003290004,0.015465553,0.005908451,0.048252745,0.001703719,0.002505991,0.01314679,0.018016739,0.002686143,0.014741498,0.0057918,0.017400754,0.003061106,0.02244643,0.002643673,0.017757847
0725_RIGHT_Ch3,0.066939516,0.002202507,0.005829553,0.007447645,0.034572565,0.012839122,0.028097562,0.008067131,0.016575512,0.007672806,0.031842294,0.00353938,0.025366871,0.009396632,0.030685746,0.005609991,0.018461414,0.042675981,0.018359888,0.031336334,0.158467666,0.015815841,0.146588169,0.003496281,0.01754858,0.004777293,0.004196912,0.019783166,0.008702595,0.040552219,0.001621944,0.00278214,0.008860466,0.016366084,0.003157638,0.019414592,0.007035716,0.014544288,0.003877759,0.072558312,0.003071348,0.013977773
0726_RIGHT_Ch4-al,0.073603335,0.002067294,0.005770186,0.005972124,0.035920639,0.010235784,0.0306464,0.00711053,0.016951251,0.008181716,0.041860779,0.003355773,0.029382172,0.007990177,0.035092234,0.005026179,0.019151418,0.030995676,0.018384616,0.026646357,0.140895561,0.014358661,0.162871119,0.002892798,0.030629675,0.004994232,0.003306114,0.019248669,0.006175215,0.045625289,0.001421657,0.002869638,0.00797277,0.015963183,0.002681762,0.01702778,0.005323286,0.014286315,0.003808565,0.072808466,0.001822278,0.016595132
0727_RIGHT_Ch4-am,0.067317407,0.002015331,0.00425816,0.006871029,0.030019567,0.012895173,0.027027409,0.010186174,0.019620801,0.015366212,0.049012104,0.002360293,0.031239528,0.010734183,0.031090112,0.00697894,0.019602128,0.047644978,0.028716801,0.028076461,0.184854759,0.015838873,0.117997757,0.003000401,0.017533996,0.00717683,0.004344384,0.015712377,0.007527683,0.048134807,0.001673378,0.002215906,0.010757872,0.013831915,0.003679451,0.012622795,0.006027994,0.013853889,0.0039014,0.04740242,0.003306127,0.015247952
0728_RIGHT_Ch4-id,0.089187134,0.001853428,0.003906648,0.006148547,0.034653201,0.013093585,0.038674839,0.007426788,0.016804676,0.00757546,0.024360749,0.005009137,0.040191468,0.008531733,0.02909115,0.005737258,0.012687898,0.042613943,0.01523008,0.035632653,0.220302194,0.017578835,0.102091516,0.004332884,0.023412016,0.005006986,0.003642631,0.016569551,0.007744009,0.055792043,0.001473606,0.002332034,0.008422643,0.011559707,0.00254215,0.010353595,0.00607662,0.01799966,0.005012928,0.034729468,0.002409944,0.015069746
0729_RIGHT_Ch4-iv,0.091963443,0.002141394,0.004565798,0.006822316,0.033282794,0.014217308,0.034875053,0.008053285,0.017970749,0.008604532,0.025968124,0.004511303,0.035304097,0.009630917,0.028330903,0.006377132,0.015034738,0.042340839,0.018825509,0.035990059,0.192244407,0.0171815,0.111315653,0.00393623,0.026234899,0.005044722,0.003981517,0.018148826,0.007889484,0.045414774,0.001695459,0.002535038,0.009583793,0.013286908,0.003175154,0.012950209,0.00662727,0.01550888,0.004534897,0.048717152,0.002293283,0.013965429
0730_RIGHT_Ch4-p,0.049702111,0.001525775,0.003174996,0.006915688,0.030370261,0.016259969,0.032650288,0.006756143,0.016594394,0.004553324,0.007461675,0.005967974,0.048097115,0.009257362,0.037616515,0.00577119,0.009999631,0.047338397,0.010634577,0.062812062,0.276792019,0.014825567,0.085470595,0.003596208,0.022713159,0.009563597,0.003266333,0.014499121,0.010252003,0.072488034,0.001441291,0.002169559,0.007886876,0.009156389,0.002219332,0.007956854,0.008183327,0.016651863,0.003510195,0.02709383,0.00217666,0.014811171
0731_RIGHT_Ch1,0.098804062,0.002544368,0.005771951,0.00521613,0.022811134,0.010047608,0.021176325,0.009563775,0.029811657,0.004440241,0.013313922,0.002819457,0.017681129,0.00957467,0.029720282,0.008913113,0.019868592,0.13265634,0.011692849,0.055609511,0.196943322,0.015406404,0.069154895,0.003807555,0.010864973,0.003250329,0.004856547,0.013209763,0.009427595,0.0370385,0.002502906,0.003289852,0.01839115,0.021227765,0.004352526,0.012722293,0.006987901,0.020866894,0.003437048,0.018761928,0.005276259,0.016427032
0732_RIGHT_OT,0.056056155,0.001638957,0.0047886,0.005953074,0.029944002,0.011148366,0.027191063,0.008107492,0.01541072,0.014993785,0.105135904,0.002657272,0.026395792,0.00921212,0.025288438,0.005288317,0.016132398,0.02663889,0.02279519,0.026149994,0.137089697,0.012497448,0.152493497,0.002375616,0.0208744,0.003124134,0.003048637,0.016187593,0.005973263,0.039059164,0.001522996,0.002435026,0.008799897,0.013775002,0.002938161,0.015276133,0.005681102,0.013112785,0.003293321,0.090904193,0.001986431,0.01294873
0748_RIGHT_DR,0.034024719,0.00207091,0.002649768,0.031595732,0.053838112,0.013894386,0.039822479,0.00851347,0.012810051,0.004387415,0.010658514,0.004573274,0.012090345,0.038782003,0.10826108,0.004901848,0.008300583,0.036677823,0.012194102,0.029817791,0.073742165,0.021004514,0.054802623,0.004106394,0.007315313,0.221225842,0.004865367,0.007676765,0.010293625,0.027429618,0.001426036,0.002550398,0.007149035,0.008500109,0.00302203,0.006617024,0.009336706,0.019228403,0.004835492,0.014656671,0.003424168,0.008580618
0749_RIGHT_DTg,0.033481341,0.002513516,0.002466908,0.027781715,0.042979501,0.023752368,0.036535129,0.009343284,0.014176952,0.007442425,0.008864199,0.005901469,0.010268372,0.041214659,0.097890339,0.006811815,0.008028677,0.023585296,0.013114063,0.037649523,0.065480216,0.032195651,0.050884256,0.006554922,0.006780921,0.239825717,0.005860919,0.007114279,0.016298736,0.024788313,0.002076273,0.002942439,0.009004012,0.008257624,0.003744038,0.006000341,0.014009353,0.0197683,0.006972898,0.013096427,0.004319613,0.009266204
0750_RIGHT_cif,0.031371481,0.001778356,0.001789137,0.01517949,0.02156203,0.034852047,0.059098128,0.009090066,0.014364909,0.005930098,0.009176899,0.011389727,0.024581174,0.011188813,0.016732175,0.005433727,0.007676674,0.071323201,0.014008638,0.131267519,0.23092781,0.027101421,0.056704559,0.007462514,0.013861269,0.004066722,0.004088499,0.007712619,0.025410254,0.041595577,0.002051462,0.002120221,0.012264203,0.00571521,0.002651465,0.004179137,0.017489168,0.025114342,0.005069306,0.013115596,0.003998303,0.008177581
0751_RIGHT_cdc,0.034926659,0.001905011,0.002471209,0.013754807,0.02896829,0.025007913,0.061617006,0.008276443,0.015059099,0.004612651,0.007678004,0.008345076,0.031090812,0.012284878,0.027392628,0.00499043,0.00795326,0.081119954,0.011463242,0.069237198,0.272038019,0.021531022,0.060739992,0.005402485,0.014211055,0.005948075,0.003621926,0.010664602,0.016347789,0.044749024,0.002009534,0.002422101,0.00678875,0.007305386,0.002768834,0.005161686,0.014654733,0.026510095,0.004208188,0.014607466,0.002932263,0.009559636
0752_RIGHT_AN,0.011911858,0.002032549,0.001367919,0.023180838,0.029288728,0.016765804,0.016110447,0.007742966,0.024479807,0.003477783,0.003296791,0.006568148,0.005477683,0.056988065,0.090493406,0.005680293,0.006877899,0.023139662,0.007193062,0.024286759,0.031880704,0.020662111,0.027188956,0.005087027,0.003349325,0.441316792,0.0042885,0.003922448,0.012191262,0.012968096,0.002250849,0.002272231,0.007383049,0.005668063,0.002606356,0.003580261,0.014587912,0.017550042,0.003830328,0.005596509,0.003661443,0.006742139
0824_RIGHT_CE,0.049235182,0.001355593,0.002494535,0.004695192,0.027578395,0.009385788,0.031784205,0.00601146,0.018407877,0.005966723,0.019893693,0.003497615,0.062090812,0.006543604,0.026707448,0.004342466,0.007078413,0.037667824,0.012513479,0.029079708,0.324562159,0.01223951,0.09782148,0.002809779,0.015989854,0.004164263,0.002679497,0.011197694,0.00580573,0.084998299,0.001088272,0.001454486,0.00791606,0.006950374,0.001821875,0.005344629,0.004687685,0.014287751,0.00319455,0.023853782,0.001686047,0.016719074
0829_RIGHT_Ld,0.04009963,0.001166186,0.003311299,0.004234537,0.036697326,0.005054102,0.01916196,0.004181673,0.018118454,0.003262034,0.012321954,0.002402016,0.103653922,0.005218636,0.032094146,0.002564731,0.006726979,0.031327561,0.007499162,0.016956457,0.255903679,0.008294462,0.097330636,0.002044512,0.058271534,0.006032596,0.002103987,0.028411127,0.00444099,0.074135766,0.000796459,0.001267208,0.004960217,0.006773613,0.001326158,0.007102923,0.003053811,0.010353758,0.002004534,0.065766076,0.001293372,0.017490141
0833_RIGHT_AAA,0.067086943,0.001471638,0.005233857,0.005219632,0.038480349,0.007981509,0.021761602,0.00512428,0.014185623,0.005235276,0.020239262,0.003547674,0.047814313,0.006722084,0.032784957,0.003334033,0.008919987,0.036848795,0.010340139,0.027592712,0.202342913,0.011918661,0.116967339,0.002880626,0.039738014,0.006001915,0.002723035,0.037466478,0.005933446,0.059640231,0.000989854,0.001627425,0.005527064,0.009793068,0.001563001,0.011427211,0.004220009,0.010585489,0.00310926,0.086488049,0.001580784,0.018737378
0841_RIGHT_Lv,0.039700939,0.001095672,0.003787532,0.003811885,0.02960012,0.005094607,0.019073733,0.004164225,0.020425361,0.00323581,0.012496607,0.002573854,0.132640785,0.004715102,0.026693088,0.00256355,0.007080051,0.029255363,0.008060884,0.01696466,0.230505526,0.008538309,0.097732406,0.00222003,0.067039888,0.005082939,0.002015046,0.034827278,0.004260083,0.058534721,0.000775612,0.001231084,0.004965494,0.007584326,0.001276758,0.00836359,0.002845101,0.009010693,0.002092069,0.073130614,0.001263101,0.015187615
0846_RIGHT_COa,0.03272078,0.001344436,0.004388527,0.005584998,0.028333502,0.006363841,0.012669855,0.00370174,0.011984513,0.002097467,0.007033521,0.002097376,0.025819106,0.006714206,0.029172854,0.00294576,0.010960191,0.027754786,0.005888145,0.016859095,0.136149929,0.007965064,0.093847567,0.002072207,0.013676455,0.008387854,0.002421409,0.02696462,0.005541163,0.038161041,0.000778027,0.001306088,0.004639136,0.009130326,0.001483307,0.015125365,0.004247019,0.007858274,0.001870055,0.084206975,0.001633966,0.012346273
0853_RIGHT_ABmc,0.030947075,0.00119963,0.004453606,0.004609431,0.027796501,0.004939501,0.015059791,0.003941368,0.02270613,0.002558781,0.009241585,0.002559754,0.101367664,0.005236527,0.03479009,0.002493688,0.007130958,0.033668051,0.007104266,0.018668097,0.259869752,0.008241824,0.102787314,0.002177152,0.052941764,0.007120816,0.002208466,0.03914076,0.005450994,0.060713357,0.000749599,0.001269068,0.006065233,0.007249057,0.001202323,0.008841314,0.003006012,0.008195064,0.001819389,0.075270914,0.001520807,0.016901944
0862_RIGHT_Bi,0.039031895,0.00126786,0.004056594,0.00453099,0.028638201,0.006605868,0.01998136,0.004836244,0.020208347,0.003858946,0.013335371,0.002994369,0.123597428,0.005820603,0.030891354,0.003196183,0.007732132,0.03327794,0.008910354,0.023056022,0.242394351,0.009750903,0.10140011,0.002410893,0.046642642,0.006487522,0.002318173,0.028003481,0.005315729,0.059635842,0.000958193,0.001400152,0.005938377,0.007794612,0.001477304,0.008513582,0.003685668,0.010020145,0.002223698,0.062413182,0.001524443,0.01632722
0868_RIGHT_COp,0.023859075,0.001119775,0.003213122,0.00453045,0.021563356,0.004413152,0.012831039,0.003756815,0.022309355,0.00193989,0.007634519,0.00246079,0.110011346,0.005533373,0.026066271,0.002381275,0.005942097,0.027880123,0.00602741,0.015648987,0.223256633,0.007987619,0.084597495,0.002147318,0.042695258,0.007113916,0.001961978,0.028840751,0.005589444,0.046919793,0.000663472,0.001025456,0.005519734,0.005993654,0.001057835,0.007078968,0.003068019,0.006977895,0.0017272,0.058008427,0.001324453,0.013306774
0878_RIGHT_Abpc,0.030781747,0.001214582,0.004457935,0.004064589,0.028985557,0.00459564,0.016047131,0.004042257,0.023719399,0.002605668,0.01016748,0.002543999,0.127539375,0.004756271,0.027369947,0.002583955,0.007907623,0.032094365,0.007046793,0.016874068,0.238137807,0.008179164,0.107797749,0.002173488,0.053706759,0.005436798,0.002157042,0.032299253,0.004824145,0.064799207,0.000758224,0.001295573,0.005485275,0.007559775,0.001256079,0.009516161,0.00291706,0.008658929,0.001884052,0.076329633,0.001468375,0.016847769
0958_RIGHT_ME,0.020206706,0.00123376,0.001879373,0.008170298,0.032693432,0.007174823,0.018525081,0.003910404,0.017650717,0.002217146,0.006620987,0.002456782,0.058507136,0.008597325,0.043379845,0.002707776,0.004462814,0.035055076,0.006150352,0.022608467,0.311345713,0.00972174,0.112408908,0.002533718,0.016334716,0.008716059,0.002639777,0.012054275,0.008480447,0.132298867,0.000789083,0.00108448,0.006129218,0.003987021,0.001311319,0.003294086,0.004909049,0.010150623,0.001960504,0.013107884,0.001963507,0.030172457
0959_RIGHT_AHA,0.024572768,0.000838226,0.003508537,0.002001166,0.01965329,0.00268442,0.011525379,0.002719421,0.023199332,0.001767144,0.008436695,0.002267808,0.177550409,0.002565392,0.016999684,0.001863387,0.007575317,0.018091531,0.004821105,0.009780203,0.142888961,0.006321318,0.085616213,0.001925483,0.066856333,0.004238832,0.001346556,0.02822465,0.002836127,0.044327734,0.000511972,0.00092153,0.002656666,0.006850545,0.000826866,0.010012923,0.00165821,0.006352239,0.00135032,0.073585114,0.000867303,0.012645157
0967_RIGHT_Bmc,0.040795891,0.001236653,0.003646757,0.004684471,0.027336687,0.006663423,0.020401844,0.004706335,0.021635421,0.003709199,0.011726024,0.003043058,0.097062942,0.005955922,0.035691786,0.003145265,0.00702199,0.035867965,0.008347235,0.024081256,0.29698237,0.010026885,0.098278958,0.002531311,0.04100068,0.006656621,0.002381207,0.019314668,0.005576784,0.069430075,0.000897827,0.001390568,0.006399229,0.006975729,0.001400429,0.006824519,0.003798481,0.010736161,0.002425924,0.037956596,0.001620187,0.016570893
0971_RIGHT_CM,0.004382064,0.004179066,0.07250533,0.004573554,0.138896447,0.002636706,0.009096968,0.00929628,0.02036075,0.001434875,0.003957334,0.000754455,0.003325596,0.006458147,0.063633859,0.00311003,0.038789502,0.025356632,0.007458781,0.01013089,0.022374573,0.005314686,0.052622495,0.001018365,0.004929313,0.001780666,0.003460975,0.131665148,0.002296865,0.014972334,0.002141477,0.003934825,0.008738888,0.106865899,0.003588147,0.154640471,0.003574062,0.01252241,0.001413209,0.019985235,0.001020246,0.014199242
0988_RIGHT_Bpc,0.030109164,0.001094754,0.005112124,0.003334824,0.028885061,0.004323073,0.016336484,0.003911978,0.02217201,0.002828161,0.012267164,0.002465205,0.15647469,0.00420938,0.023010278,0.00252953,0.00922738,0.027164642,0.006910039,0.015363937,0.187972822,0.007799099,0.108699073,0.002065676,0.059508073,0.004656521,0.001876257,0.042668749,0.004000525,0.052977225,0.00075622,0.001304144,0.004384337,0.009349516,0.001234713,0.012425593,0.002661655,0.008247075,0.001906031,0.10225031,0.001274043,0.016196322
0996_RIGHT_cla,0.031289146,0.00229365,0.013016142,0.004542275,0.052583324,0.006377316,0.032795883,0.007199003,0.0198611,0.004207829,0.016576024,0.002049347,0.021323974,0.006103836,0.033732621,0.005291922,0.03471881,0.027356626,0.022076179,0.013805033,0.067414984,0.010958567,0.19574625,0.002254361,0.021128682,0.002573449,0.003094729,0.0591931,0.003985879,0.044421287,0.001515723,0.004380907,0.007855911,0.035689207,0.003267352,0.041474163,0.003752283,0.015568856,0.00254331,0.101125169,0.001394798,0.020363737
0999_RIGHT_PL-prime,0.02603484,0.001029583,0.005801056,0.002798134,0.034785825,0.003626993,0.013779827,0.003765701,0.017316007,0.002356903,0.010063223,0.001864768,0.179744666,0.003905983,0.018923289,0.002135228,0.009546136,0.022516734,0.005849671,0.012069007,0.162719362,0.006653948,0.099080971,0.001692296,0.065737959,0.004501231,0.001590897,0.067856391,0.00312038,0.046568201,0.000709242,0.001230847,0.003697976,0.010320675,0.001080144,0.013692447,0.002561978,0.007006962,0.001695472,0.114689755,0.000914175,0.016235535
1000_RIGHT_NLOT,0.021402255,0.000881907,0.005238813,0.002818587,0.024567322,0.003210615,0.009321945,0.002964758,0.015832816,0.001679156,0.007370149,0.001278094,0.062723281,0.003733986,0.016766429,0.00249909,0.009398769,0.019666485,0.005530967,0.009527101,0.124344059,0.005338427,0.108534802,0.001302613,0.034210871,0.003032853,0.00145615,0.038154236,0.003169819,0.040842834,0.000543623,0.001116326,0.003567752,0.008366662,0.001076146,0.012958791,0.002150572,0.005402123,0.001219976,0.098967861,0.000955443,0.013634218
1001_RIGHT_PAC3,0.021921983,0.00088664,0.004046966,0.003131422,0.021191852,0.00323084,0.011171321,0.003036365,0.02288204,0.001903795,0.008134215,0.001828286,0.119364816,0.003271583,0.018022403,0.001933976,0.007333121,0.024787623,0.006051339,0.012149332,0.153595203,0.006303255,0.09459847,0.001677932,0.04596784,0.003265984,0.001609659,0.032687441,0.004001687,0.046456185,0.000546908,0.001040709,0.003945636,0.006730223,0.000879537,0.009466854,0.001852806,0.005771483,0.001405253,0.075946872,0.001042103,0.013969154
1002_RIGHT_PACs,0.020663287,0.000682822,0.004057646,0.002134038,0.018190274,0.002516075,0.009980675,0.002632692,0.026401033,0.00171133,0.008244681,0.001953161,0.203689563,0.00205102,0.011562354,0.001830214,0.007100002,0.020997826,0.005015495,0.010193447,0.115988236,0.005754668,0.088241646,0.001525094,0.072479076,0.003283673,0.001223419,0.033684042,0.002749244,0.040691925,0.000459202,0.00088693,0.002664969,0.006343752,0.000791704,0.009663493,0.001323506,0.004741843,0.001320715,0.075440241,0.000786552,0.014547376
1030_RIGHT_PACo-Pir,0.016612698,0.000744527,0.003528073,0.002637695,0.017230592,0.003300083,0.00891067,0.002470388,0.015228253,0.001927202,0.007750376,0.001235771,0.069306892,0.002992823,0.014917364,0.001887612,0.006996092,0.015543612,0.004530183,0.007730636,0.083039805,0.004763212,0.079379533,0.001257778,0.028548977,0.003210655,0.001278494,0.042303137,0.002834094,0.028890374,0.00047865,0.000721709,0.00271558,0.007105006,0.000766665,0.009354886,0.001895732,0.004561657,0.00111646,0.08999079,0.000738941,0.009724015
1031_RIGHT_PAC2,0.016669474,0.000563334,0.004249805,0.00180654,0.016748178,0.001985468,0.009875284,0.001962548,0.025839809,0.001274099,0.007360815,0.00139424,0.118487934,0.001285024,0.009295161,0.001567503,0.00748273,0.018751456,0.004348939,0.009111597,0.082273892,0.004555672,0.087870101,0.001238273,0.038519493,0.001536477,0.001037345,0.035186,0.002491712,0.040255526,0.000313347,0.001204974,0.002508905,0.006002324,0.000775969,0.008841878,0.000968838,0.004753148,0.001136111,0.114380352,0.000565729,0.012599879
1032_RIGHT_MGv,0.014209164,0.00177942,0.002718446,0.012389962,0.248864356,0.007011731,0.035721736,0.00547241,0.017138913,0.002154661,0.005258483,0.003164978,0.021052203,0.010646252,0.064349609,0.003427308,0.008166209,0.037209797,0.007390198,0.019614246,0.128590912,0.011084305,0.071227319,0.00279288,0.008732659,0.014278982,0.003094283,0.009508604,0.007746938,0.094581016,0.001536039,0.004166469,0.00592991,0.009012395,0.001955181,0.005613314,0.007646311,0.037339316,0.002166157,0.008977995,0.002006531,0.017478994
1033_RIGHT_MGad,0.020114223,0.002899584,0.005339762,0.011528185,0.28086015,0.007034841,0.031901854,0.007274078,0.022088157,0.002304319,0.005262459,0.003375822,0.011309644,0.009222907,0.046949333,0.003418624,0.009110269,0.049463884,0.009325667,0.020526697,0.091997101,0.01472501,0.096973723,0.003613901,0.007452138,0.014642615,0.004428934,0.021742323,0.008262053,0.069283217,0.0016948,0.004975309,0.006638247,0.010034328,0.002462247,0.008663646,0.006640647,0.040818245,0.002612805,0.014564303,0.002433348,0.018240062
1034_RIGHT_MGm,0.019720686,0.003609901,0.00471572,0.016008201,0.258046104,0.009001503,0.033236009,0.007632291,0.021819819,0.002434704,0.005431249,0.003497287,0.012183316,0.014158791,0.073581424,0.003849712,0.009420377,0.045040381,0.009460914,0.022829919,0.092755213,0.014779848,0.082620936,0.003420004,0.007234687,0.029605782,0.004744652,0.016862469,0.008566393,0.050704623,0.001919668,0.004259456,0.008386393,0.010574441,0.003159983,0.00880444,0.010550603,0.04049759,0.002722737,0.012564662,0.002485617,0.015534813
1035_RIGHT_MGz,0.016672463,0.003138968,0.004469179,0.012774228,0.288267184,0.007568634,0.03367105,0.007747509,0.020709165,0.002243992,0.004931718,0.003298858,0.014455725,0.010451548,0.046392486,0.003443756,0.008949977,0.047163055,0.008804366,0.02127677,0.105581542,0.01342574,0.082988622,0.003302472,0.006996827,0.014571464,0.004591803,0.015491752,0.007970478,0.069492508,0.001806307,0.004867571,0.007356104,0.01158404,0.002548284,0.008492594,0.007833998,0.044859223,0.002608503,0.01079404,0.002351775,0.015967634
1036_RIGHT_MGpd,0.016629715,0.001225169,0.00274238,0.009648447,0.191822255,0.005892224,0.022912004,0.004548337,0.022161122,0.001968276,0.004960805,0.003500131,0.017824661,0.006740602,0.02650054,0.002403165,0.005548201,0.051127819,0.006732949,0.018633622,0.152516445,0.012326764,0.119694482,0.003222897,0.009539966,0.013534365,0.002797002,0.013725534,0.00902333,0.163389381,0.00089144,0.002305614,0.003815117,0.005390553,0.001377741,0.004063061,0.004469349,0.02681871,0.002096308,0.012192106,0.002268662,0.033488063
