D99_index,ac,af_l,af_r,ar_l,ar_r,atr_l,atr_r,cbd_l,cbd_r,cbp_l,cbp_r,cbt_l,cbt_r,cst_l,cst_r,fa_l,fa_r,fma,fmi,fx_l,fx_r,ifo_l,ifo_r,ilf_l,ilf_r,mcp,mdlf_l,mdlf_r,or_l,or_r,slf1_l,slf1_r,slf2_l,slf2_r,slf3_l,slf3_r,str_l,str_r,uf_l,uf_r,vof_l,vof_r
300,0.010226064,0.002556339,0.000846038,0.007138565,0.004998524,0.102212298,0.048563686,0.095692542,0.028184474,0.088065776,0.027444177,0.004707138,0.001507649,0.010609948,0.00797401,0.041733562,0.025886714,0.012349188,0.212955469,0.024440021,0.013887249,0.047879394,0.024973949,0.003277751,0.001083029,0.001620714,0.003420861,0.001857015,0.008668856,0.00493383,0.021893322,0.005275306,0.041678041,0.008948399,0.005842391,0.007787652,0.012479024,0.010117098,0.010061107,0.004216921,0.002341896,0.001498639
301,0.021363313,0.00144949,0.000589409,0.008490089,0.003333352,0.118039655,0.018624665,0.044620264,0.011426299,0.092925083,0.020925732,0.004762416,0.001485866,0.010505719,0.005172012,0.016411958,0.006732904,0.009483323,0.232254485,0.028429068,0.013142034,0.183580681,0.020871231,0.006556182,0.000957318,0.001336729,0.007795416,0.001382761,0.013397418,0.004145123,0.003150811,0.001251047,0.015129073,0.004091581,0.006201335,0.002656848,0.007981992,0.004897185,0.039066566,0.003460663,0.004162706,0.001185055
303,0.025548047,0.002344542,0.001489792,0.010331637,0.008655013,0.047034815,0.034496831,0.022956143,0.014537936,0.176066254,0.13093177,0.003827795,0.00321715,0.014639029,0.011723898,0.010862555,0.009171823,0.01297341,0.072743694,0.028507059,0.022989928,0.08305053,0.047873848,0.005179217,0.002469469,0.002138885,0.005870257,0.00408818,0.011479495,0.006389319,0.00250447,0.002324826,0.013491813,0.006880033,0.005796763,0.004444331,0.008089864,0.00773297,0.049352681,0.037119205,0.002914487,0.002413687
305,0.013902558,0.004573271,0.000169256,0.011264699,0.000930829,0.049954947,0.003056079,0.012064168,0.002025706,0.027276242,0.004848998,0.00889413,0.000530356,0.0034695,0.000942589,0.00679309,0.001154734,0.009060969,0.034147391,0.018183448,0.002687556,0.380194785,0.004211426,0.030908594,0.000338383,0.000904087,0.061636923,0.000453482,0.030345172,0.001101688,0.00061104,0.00045479,0.002816605,0.000513168,0.007920923,0.00038532,0.001301469,0.000643718,0.250390602,0.00106246,0.014340186,0.000485212
306,0.028433105,0.003105939,0.001148019,0.014611113,0.00588937,0.063626949,0.024839975,0.021495734,0.011780549,0.215997665,0.071006773,0.004930208,0.002343833,0.020492502,0.008520069,0.014019144,0.007076536,0.013369822,0.077321346,0.032316543,0.017101784,0.120338845,0.032191345,0.007217978,0.001782152,0.002302138,0.0101838,0.003006956,0.015414345,0.004801888,0.00279334,0.001769307,0.01501869,0.005243393,0.007434028,0.00333053,0.010801652,0.006023193,0.069257924,0.020018643,0.004467237,0.001855446
308,0.019063911,0.004766795,0.00035357,0.015195593,0.001597576,0.00884998,0.002089035,0.011923204,0.002062136,0.006582204,0.001871265,0.33108757,0.00134068,0.00738744,0.001724401,0.004533889,0.001000589,0.014171078,0.004979341,0.078352092,0.00580283,0.084485951,0.004420238,0.197370551,0.001462925,0.016528237,0.031508867,0.000854514,0.024574777,0.001649102,0.000688617,0.00031371,0.004317561,0.000965264,0.011841085,0.000619644,0.003218977,0.001056312,0.086424674,0.001207616,0.016308445,0.000655317
309,0.005051952,0.004472224,0.001063172,0.006164298,0.004974214,0.019534387,0.018643842,0.297014343,0.109063345,0.076304746,0.032000289,0.007242477,0.001791329,0.017042232,0.019184743,0.029984389,0.028456477,0.013424939,0.049173426,0.018418602,0.012453399,0.015865152,0.01285487,0.00205053,0.000879754,0.002391716,0.003001633,0.001734428,0.00525455,0.003279705,0.031574028,0.029090879,0.029251513,0.011956602,0.005954279,0.004530377,0.025411558,0.035734028,0.004036113,0.003618723,0.001413676,0.00113792
312,0.017112707,0.001905965,0.001108845,0.008338793,0.006590001,0.039687929,0.026197701,0.049032532,0.023474239,0.241235761,0.153595316,0.003218357,0.002165654,0.011026879,0.008437909,0.008753173,0.00736312,0.011579409,0.096662143,0.023345533,0.017631242,0.069696599,0.038219603,0.004231785,0.001709883,0.00193883,0.00427947,0.002682052,0.00882676,0.005279384,0.002094619,0.00266676,0.012105646,0.005339711,0.004453942,0.003353954,0.006105253,0.005827978,0.035620779,0.023954355,0.00247252,0.001997994
313,0.006200371,0.044705696,0.000911825,0.080254835,0.004050799,0.008729415,0.003238145,0.013828579,0.006802196,0.003265314,0.001376165,0.008032608,0.001001348,0.014463866,0.004609948,0.026102015,0.005240341,0.056634092,0.009547362,0.025993279,0.007512371,0.071096663,0.007316848,0.040051765,0.000912717,0.002022934,0.3199079,0.00280027,0.04565714,0.004159925,0.001541381,0.000953056,0.020592125,0.004651543,0.03944068,0.002797517,0.007223277,0.003541339,0.039881692,0.001262303,0.061792617,0.002056848
314,0.006006127,0.009981638,0.006078479,0.015314883,0.021247204,0.011579423,0.005892062,0.325940033,0.083423412,0.035976291,0.01117703,0.02069838,0.003331441,0.012750596,0.015223971,0.006248741,0.004782731,0.108451157,0.022998693,0.059164981,0.033835334,0.024173321,0.019125264,0.006820922,0.00215738,0.005325491,0.009433546,0.008785307,0.017238921,0.008000272,0.01072807,0.009695134,0.012715262,0.009274911,0.004704539,0.005746558,0.007402075,0.005923715,0.005472042,0.003980575,0.005126134,0.004684861
315,0.006128767,0.007852463,0.002181468,0.01968755,0.015961524,0.014398619,0.005904264,0.303434548,0.046615907,0.031530876,0.009253851,0.005728326,0.003284147,0.014911287,0.008963459,0.010800438,0.005447994,0.191644045,0.02265121,0.027125127,0.018758573,0.032142254,0.022849899,0.009021553,0.002415586,0.022464854,0.008573147,0.005868401,0.027412533,0.018856449,0.006198354,0.003472892,0.013317921,0.004286602,0.005075725,0.002799298,0.007085074,0.004456721,0.005054264,0.003014213,0.010441159,0.009741241
316,0.017323082,0.002063654,0.000379,0.011565769,0.002087388,0.117226302,0.008290887,0.026536521,0.004899681,0.051742038,0.011016884,0.007548558,0.000694425,0.009238855,0.002418958,0.020426289,0.00279523,0.008486639,0.095257673,0.023965589,0.005081895,0.333313671,0.009311505,0.015866334,0.000473364,0.001401025,0.022232468,0.000856251,0.023830596,0.001783709,0.001350568,0.000969712,0.010130227,0.00165539,0.012530777,0.001032626,0.004248566,0.001810634,0.121417659,0.002237171,0.008593651,0.000663201
317,0.036890474,0.0041773,0.000758537,0.017150324,0.005491262,0.008430385,0.003821889,0.014317584,0.00450953,0.00465797,0.001997873,0.306686442,0.004011022,0.008242466,0.003914601,0.002919224,0.001908281,0.041675571,0.005335107,0.128022676,0.01437686,0.095914152,0.014011348,0.109593165,0.004766542,0.005483546,0.014770301,0.002383155,0.04952114,0.007137238,0.000772545,0.000661791,0.004632481,0.002088745,0.003445626,0.001333012,0.003792229,0.002248176,0.026135889,0.00260384,0.023059479,0.002640439
318,0.007373145,0.039352064,0.001793978,0.033341518,0.007219283,0.006095941,0.002553996,0.017534037,0.008572868,0.003103668,0.001736927,0.008728014,0.001954673,0.009396885,0.004520184,0.003740867,0.00183127,0.149669236,0.00539167,0.038112739,0.013614335,0.100603321,0.012943117,0.101821331,0.001683425,0.003105332,0.064706303,0.004985636,0.098627693,0.009654721,0.002859531,0.00104158,0.013842284,0.002973369,0.018092093,0.002316841,0.004534288,0.001975267,0.015888893,0.001898993,0.17569412,0.006007469
321,0.005589038,0.011438805,0.004971599,0.016848917,0.024363258,0.020383971,0.008450977,0.332252869,0.06393725,0.029307885,0.009374626,0.002411233,0.002769921,0.023588421,0.025270538,0.027738681,0.011772978,0.072896394,0.02654186,0.02731888,0.026726718,0.020308386,0.019827098,0.00401258,0.002175386,0.005953301,0.010703391,0.008704854,0.009009854,0.008425453,0.024497047,0.008112917,0.034249567,0.012990213,0.006542162,0.009172657,0.017378983,0.009489102,0.00472774,0.003886166,0.004825796,0.004422038
322,0.008977205,0.038916047,0.002071481,0.11634267,0.008010084,0.012353935,0.004095461,0.021579312,0.009456176,0.00561212,0.002220428,0.005961089,0.001000948,0.082297138,0.009014026,0.04400588,0.004495204,0.029580098,0.011534952,0.026601537,0.01351257,0.095114497,0.007741166,0.014391924,0.000733797,0.001979341,0.134441971,0.003624065,0.018640985,0.002988158,0.00669684,0.001712966,0.066070952,0.007739732,0.110623907,0.005143054,0.018408273,0.004623565,0.047006888,0.001630835,0.013084099,0.001454126
323,0.005010483,0.042894888,0.003456768,0.128573001,0.019522614,0.007780042,0.00404692,0.034907219,0.016587222,0.003851089,0.002524544,0.002481776,0.001242898,0.045992741,0.018349306,0.02015182,0.005989037,0.053683253,0.007939461,0.032769973,0.019569866,0.041862647,0.012588427,0.013605479,0.001034259,0.002048896,0.203613164,0.007296932,0.01892902,0.004812514,0.004630807,0.00317486,0.050489561,0.014412614,0.095318292,0.009844209,0.014150721,0.007550497,0.014112368,0.002404877,0.019094309,0.002771076
325,0.004255566,0.005452373,0.004200882,0.012828821,0.016126469,0.010635889,0.006520913,0.386967743,0.11900695,0.039320062,0.015662761,0.011094912,0.00297192,0.014055687,0.014492844,0.007742932,0.005519455,0.056899473,0.024074212,0.03479968,0.027822722,0.018510217,0.013986653,0.004739696,0.001412958,0.009667904,0.005260299,0.004864131,0.011574477,0.006088171,0.019169903,0.013921663,0.015870105,0.009785131,0.004219307,0.005062581,0.009271516,0.008214601,0.004281137,0.003206375,0.003562314,0.002664365
326,0.020148959,0.00627592,0.000909183,0.023285771,0.004080298,0.019034805,0.003774903,0.025296351,0.006068704,0.014530104,0.004222501,0.224736072,0.001553397,0.013296419,0.003865922,0.004710163,0.001530812,0.035493927,0.01113603,0.100426195,0.012075531,0.139398857,0.008195801,0.065082868,0.00105134,0.010673496,0.031086917,0.00184429,0.041435261,0.005078275,0.00122632,0.00092652,0.005115002,0.002456936,0.008112853,0.001333573,0.004833691,0.002851055,0.130996961,0.002049362,0.011714103,0.001653826
327,0.021586726,0.001849556,0.000935173,0.009743183,0.005229355,0.12321012,0.03176865,0.045928107,0.012006258,0.110976229,0.046247497,0.003332106,0.001970703,0.011316176,0.005966511,0.015248614,0.009919426,0.011983307,0.167879094,0.025986358,0.016594147,0.155818728,0.038857354,0.00622396,0.001197359,0.001747557,0.006715815,0.001915183,0.015127656,0.005909115,0.002828062,0.00160967,0.013910736,0.005135491,0.005361373,0.003039668,0.008005351,0.005325836,0.031663134,0.009079761,0.004083804,0.001880037
328,0.007042219,0.126917755,0.007242239,0.04501003,0.018693676,0.008964308,0.004684559,0.074287991,0.016286742,0.004571412,0.002805848,0.00259579,0.001868427,0.041889113,0.013603408,0.008636655,0.004552119,0.114826838,0.008937359,0.032910093,0.024983104,0.037266385,0.017153209,0.010011053,0.001449692,0.004048096,0.039466581,0.009104692,0.019788313,0.007448332,0.02313558,0.003113458,0.113861616,0.011247122,0.062552663,0.008879977,0.015796151,0.005188552,0.009062044,0.00365586,0.037511017,0.004394507
329,0.0077436,0.118429692,0.008760905,0.042335447,0.024364421,0.008949933,0.005315764,0.068732018,0.018862414,0.00474918,0.003155912,0.002639992,0.00234004,0.043757304,0.016556687,0.008674718,0.005231599,0.109784711,0.009166604,0.037731851,0.031531116,0.033841234,0.021580089,0.00887351,0.001814249,0.003952378,0.032694484,0.012783471,0.0169199,0.00901562,0.024249875,0.003408324,0.107895953,0.013659931,0.061607178,0.011028675,0.017342666,0.005879524,0.008347345,0.00460498,0.034599277,0.005096377
330,0.004632919,0.004637273,0.000979915,0.007469445,0.003180794,0.062770286,0.014041533,0.032149768,0.022272824,0.016893266,0.005581536,0.001215358,0.00075926,0.043308544,0.009515188,0.284390504,0.039679077,0.007579992,0.05014033,0.010215273,0.007302933,0.025525746,0.008638345,0.001869592,0.000519592,0.001804468,0.004774883,0.001433101,0.004827872,0.002298055,0.043680966,0.005102404,0.139010953,0.012167223,0.023649662,0.007902623,0.068043874,0.014356701,0.00489204,0.001970971,0.002047713,0.000846637
332,0.014877588,0.009865898,0.001200286,0.034065706,0.005500452,0.008821712,0.0029988,0.01633622,0.007011567,0.003595676,0.001920632,0.011221585,0.002499359,0.012041113,0.003893273,0.004276758,0.001787889,0.144837365,0.007009229,0.051703084,0.013876644,0.171480995,0.013788444,0.06064218,0.001853879,0.004504334,0.032398768,0.003348436,0.189280251,0.010540532,0.002371718,0.000866111,0.006503389,0.002286231,0.007907247,0.001695169,0.004961534,0.001916921,0.020213652,0.001937087,0.098189611,0.0052638
333,0.011000742,0.017618822,0.001170543,0.064803585,0.005735137,0.018287487,0.005164231,0.021393066,0.009329957,0.005881107,0.002505122,0.004817224,0.000907971,0.054405544,0.010219948,0.139553046,0.008350086,0.024337637,0.015414953,0.024378068,0.010240461,0.124325177,0.007274424,0.017482119,0.000661629,0.002254285,0.089219991,0.002358566,0.03362738,0.002492882,0.003838831,0.002208588,0.053154253,0.00907186,0.116222486,0.005499297,0.029534352,0.007840364,0.041762779,0.001623628,0.016042608,0.001256588
335,0.007257597,0.003251022,0.00072677,0.008028121,0.0033711,0.146481226,0.020218773,0.066601446,0.01791596,0.048792566,0.011586426,0.002526356,0.000821405,0.025197375,0.00709888,0.083295844,0.021410919,0.009844851,0.18606977,0.018732794,0.007411117,0.051878917,0.014255263,0.00341028,0.000607786,0.001554533,0.004705021,0.001328602,0.008977875,0.002591342,0.049970779,0.00500103,0.080628697,0.008087375,0.010249622,0.005941416,0.031257132,0.009496025,0.009144969,0.002726573,0.002778786,0.000904697
336,0.005909621,0.117254896,0.0033552,0.084453693,0.011303163,0.011494566,0.004171313,0.033188103,0.010447614,0.005470525,0.002321063,0.003092005,0.000950034,0.066024356,0.009165812,0.03974042,0.005015908,0.028557123,0.011487775,0.021992375,0.014579769,0.052748333,0.009570494,0.010030212,0.000723726,0.002160129,0.116968625,0.004900282,0.01254229,0.002729877,0.005687407,0.001985097,0.094467383,0.007763022,0.155092082,0.005689346,0.013387818,0.004449939,0.02116975,0.002101069,0.01489228,0.001687826
337,0.006253589,0.083919475,0.002487875,0.049714161,0.018424052,0.007219625,0.00367553,0.031562651,0.011915884,0.004168901,0.002222344,0.005735662,0.001900567,0.010927654,0.007434151,0.007745718,0.003242159,0.144079269,0.008465704,0.0369712,0.018284838,0.067614804,0.020587315,0.037809922,0.001999065,0.002254187,0.121654711,0.010242304,0.046745705,0.012738849,0.002174391,0.001520633,0.026492678,0.004905271,0.040187932,0.0039789,0.00505498,0.003224668,0.014361252,0.002468806,0.115334831,0.005933057
339,0.011541401,0.001732924,0.000514029,0.007888553,0.00266279,0.20143237,0.016091363,0.064272982,0.010906228,0.043365728,0.012780479,0.003578971,0.00093461,0.012463723,0.004407744,0.043573596,0.009823159,0.00877833,0.220402844,0.021526864,0.007984332,0.140051436,0.014350961,0.004832343,0.000615738,0.001328318,0.004656358,0.001013529,0.010790119,0.002636694,0.006703395,0.00152813,0.042347256,0.004235827,0.011369145,0.003249923,0.012512246,0.005096623,0.021468632,0.002474759,0.003132385,0.000821589
341,0.00539713,0.035553084,0.007890504,0.031850324,0.020236601,0.011075227,0.006842939,0.036569361,0.022882207,0.005861488,0.004077324,0.001693421,0.001607428,0.084312673,0.025175594,0.014313257,0.008018324,0.043049962,0.012550181,0.034685731,0.032863565,0.020906762,0.016878623,0.004101121,0.001232009,0.004671752,0.015675136,0.00726542,0.008848336,0.004744254,0.205994688,0.00810223,0.103522782,0.019585832,0.041974534,0.014175129,0.058321704,0.010937931,0.005847994,0.004147172,0.007153961,0.003215095
342,0.021939965,0.003324047,0.000315692,0.011156806,0.00148933,0.005662969,0.001943966,0.00659582,0.001779245,0.002879754,0.001040328,0.171718638,0.002102489,0.004907998,0.001422127,0.002043222,0.000786765,0.014904162,0.00280018,0.095955516,0.00649143,0.076515611,0.00626642,0.40718522,0.002162312,0.004632813,0.023008474,0.000951232,0.034149497,0.002125279,0.000517062,0.000269057,0.002597628,0.000794452,0.004784723,0.000531065,0.002369312,0.000825102,0.043530078,0.00124633,0.034125188,0.000915345
343,0.01119978,0.001856994,0.000713748,0.006831935,0.004917393,0.03530163,0.02654122,0.120104939,0.024104359,0.264879571,0.107716673,0.002853085,0.001531011,0.009646925,0.006285754,0.012081597,0.00941483,0.010888449,0.130145012,0.017936605,0.012874964,0.0502178,0.032799316,0.003473449,0.001207644,0.001879023,0.00332386,0.001811833,0.007078155,0.004225562,0.003110512,0.003343502,0.011620945,0.004330129,0.003510138,0.002694338,0.005765868,0.005002939,0.019035982,0.010868547,0.00208523,0.00153295
344,0.005720204,0.028255974,0.001620961,0.113867481,0.009079825,0.012901169,0.004541142,0.021064625,0.012045018,0.00455292,0.001976794,0.003564151,0.00109344,0.050274593,0.012241276,0.033631902,0.007342721,0.038876785,0.0123013,0.023384254,0.0117324,0.063746938,0.008576067,0.02099108,0.000816253,0.001745804,0.238169937,0.003622678,0.027771982,0.003492603,0.004350236,0.001994324,0.040999858,0.010069239,0.102719986,0.006477247,0.018483612,0.006452068,0.026147414,0.001741279,0.026305167,0.001813841
345,0.016777611,0.001886933,0.000902651,0.009584679,0.00515799,0.107861863,0.03554397,0.062155573,0.017125035,0.123468874,0.055645833,0.003402395,0.001725351,0.01240231,0.00659636,0.015328987,0.010150196,0.010833922,0.165623475,0.023480817,0.01432898,0.116590743,0.037786937,0.004995885,0.001181575,0.001647542,0.005397169,0.001933914,0.012041381,0.00490824,0.003627974,0.002513552,0.014125191,0.005072362,0.005166728,0.003119385,0.009379593,0.005775215,0.031209255,0.009169855,0.003265416,0.001673492
347,0.005788474,0.001894829,0.000567806,0.004095158,0.004045623,0.024787701,0.020279855,0.251258966,0.045245849,0.228182766,0.062750943,0.002304334,0.00115659,0.007645588,0.006416018,0.024931082,0.021838423,0.01079274,0.112504721,0.011672078,0.008658656,0.027870636,0.016818945,0.002230293,0.00091038,0.002355143,0.002262887,0.001522484,0.004647747,0.002870434,0.009888152,0.006880237,0.015337904,0.007186941,0.003669365,0.003671586,0.00931709,0.010707613,0.008342919,0.00556926,0.001604769,0.001074789
348,0.004631976,0.032407237,0.005845254,0.035574411,0.016009577,0.014663113,0.006898489,0.067810003,0.029484656,0.008802827,0.004320314,0.00137998,0.001386179,0.088827604,0.032823145,0.027801077,0.010589615,0.021638388,0.014386477,0.02644013,0.025903446,0.018590145,0.01342225,0.003628733,0.000967079,0.00359902,0.025006819,0.005731152,0.006628127,0.003259654,0.131155593,0.019022365,0.093728132,0.025357591,0.080520096,0.015788992,0.057444803,0.018386919,0.005634352,0.003676182,0.006324039,0.002248678
349,0.007446715,0.004165938,0.001179096,0.007921604,0.003724113,0.091372409,0.023637859,0.044130406,0.027799216,0.028146534,0.010519354,0.002699104,0.000994426,0.031039676,0.011715128,0.165302681,0.04634264,0.007679919,0.104391336,0.017980159,0.009457802,0.07203599,0.013557241,0.004741578,0.000817399,0.001477637,0.007794745,0.001628954,0.010278945,0.003169192,0.010363042,0.004702682,0.091245827,0.018050639,0.032716735,0.009950262,0.03344154,0.018371452,0.016258184,0.002715718,0.003355585,0.001101883
350,0.015935183,0.003395361,0.000496295,0.015570018,0.003565241,0.007350115,0.002168887,0.025658274,0.003605763,0.004446188,0.001189834,0.45041777,0.00190204,0.00893948,0.002548611,0.002448274,0.000881572,0.033311573,0.004410905,0.054710409,0.007179821,0.079127852,0.007162462,0.10894592,0.00216691,0.029320255,0.015698962,0.001453649,0.03780872,0.004126943,0.000547945,0.000409188,0.003531202,0.001053842,0.003742477,0.000752848,0.002831123,0.001140861,0.039443181,0.001172983,0.019229223,0.001503147
351,0.006411133,0.041582079,0.001084161,0.052236806,0.004294892,0.005545461,0.001838717,0.015852455,0.007127718,0.002652381,0.001239664,0.014716059,0.001388533,0.006005402,0.002877169,0.003755933,0.001240008,0.087156148,0.004815024,0.03578766,0.008555058,0.136883919,0.008341074,0.104277738,0.001295038,0.001911374,0.126774984,0.003181936,0.126343559,0.004543334,0.001400887,0.00078258,0.012606782,0.001713706,0.022442825,0.001222854,0.003131475,0.00129883,0.020573735,0.001326028,0.120711828,0.002875604
352,0.016018,0.005782496,0.00115745,0.023486394,0.006786723,0.01053812,0.003265933,0.055232392,0.010641663,0.008200014,0.002643147,0.300517328,0.002630216,0.011018933,0.004865319,0.004363933,0.002286216,0.070877328,0.007885798,0.117885761,0.01425791,0.084971122,0.012488439,0.062877303,0.00244389,0.005319223,0.015082639,0.002687913,0.060186039,0.009342847,0.0016347,0.001232211,0.006569235,0.002870419,0.004826271,0.00180082,0.004729649,0.00300033,0.031359705,0.001975762,0.019056481,0.003166982
353,0.010280476,0.001507623,0.000436332,0.006998529,0.002417108,0.120269324,0.020170687,0.042297327,0.011523595,0.073842442,0.019976258,0.003653154,0.000825551,0.008907902,0.003596951,0.028889576,0.007188839,0.006671397,0.215952598,0.016306104,0.006725022,0.233535308,0.018210313,0.007460636,0.000617849,0.000990218,0.009719976,0.001024837,0.011855556,0.002428333,0.002626276,0.001688222,0.016310791,0.003276261,0.014045848,0.002512141,0.006489773,0.003447138,0.048968049,0.002821515,0.004828778,0.000829847
354,0.010705652,0.016717796,0.004879425,0.04898179,0.020886041,0.01499693,0.006905562,0.088241776,0.031032688,0.007213971,0.004687031,0.003621798,0.003845425,0.038403521,0.016118729,0.013693354,0.006783157,0.220600462,0.013094413,0.042460026,0.030955633,0.051595673,0.026905369,0.012225808,0.00300927,0.006214747,0.026867679,0.009210739,0.03749434,0.020157207,0.025325433,0.005635747,0.025718171,0.008894389,0.011235026,0.006064458,0.016969064,0.006782876,0.010718835,0.004223373,0.040415102,0.009785545
355,0.006005875,0.003568977,0.000937151,0.008916652,0.004322002,0.096838307,0.017917326,0.031985944,0.022203885,0.030493569,0.010214113,0.001731098,0.000951421,0.035174065,0.010568851,0.151355783,0.036739626,0.010632042,0.102793557,0.016816547,0.008503428,0.031587772,0.01100025,0.00275092,0.00065748,0.002233118,0.004808819,0.001654238,0.007955903,0.002951307,0.088308423,0.007309961,0.128046742,0.012465639,0.010807039,0.007637418,0.047359249,0.01426558,0.005961401,0.002326538,0.00247392,0.001093653
357,0.021721653,0.005929737,0.000803271,0.036760778,0.006790637,0.017868123,0.004397202,0.013932183,0.005026349,0.009299892,0.002365843,0.066850885,0.002359701,0.021853039,0.004848605,0.00567234,0.002153473,0.042518831,0.00839428,0.188955019,0.012504765,0.113769037,0.010191676,0.062015789,0.001738159,0.005676784,0.069816151,0.00224094,0.060293041,0.006604218,0.001172613,0.000530225,0.008001456,0.002388856,0.009530627,0.001514705,0.007861018,0.002677519,0.151312281,0.001704076,0.016174732,0.002173027
358,0.005983674,0.019266546,0.001290338,0.03236941,0.006266434,0.005273225,0.00227467,0.016971431,0.007622839,0.002383817,0.001660821,0.004171214,0.001783149,0.012475798,0.004043205,0.003547911,0.00174749,0.172372778,0.004537939,0.026222669,0.011930276,0.093821749,0.011669199,0.061096417,0.001446102,0.003384366,0.046387249,0.003627403,0.107386376,0.009869524,0.00380169,0.001122225,0.008038748,0.002503886,0.011373411,0.001804444,0.004586128,0.001941101,0.009826349,0.001558215,0.272213544,0.005734249
359,0.003496371,0.024046652,0.002836041,0.019544696,0.007088624,0.012260987,0.007175858,0.052638517,0.029132893,0.006643552,0.003558061,0.00096844,0.001134773,0.106399168,0.030213262,0.023028324,0.010373103,0.012745784,0.011073099,0.014155136,0.015576079,0.012099271,0.010161407,0.002182571,0.000737286,0.00212754,0.011463026,0.003445945,0.003883532,0.002120503,0.154094469,0.01500679,0.141827085,0.02987942,0.048144554,0.013832174,0.126050026,0.030722846,0.003265387,0.002669515,0.003555842,0.001377082
360,0.034861393,0.004646538,0.000927823,0.02350462,0.003930233,0.04890272,0.007095105,0.019905291,0.004912815,0.115449176,0.016299881,0.009405331,0.001401412,0.023272022,0.004834992,0.01558262,0.003358998,0.013804556,0.034281457,0.036801345,0.009700275,0.213779193,0.012821376,0.012737391,0.001001384,0.002070484,0.027283183,0.001850042,0.024093502,0.002798574,0.001936631,0.000831924,0.011603387,0.003039539,0.010017459,0.002135602,0.010550846,0.002770554,0.218748755,0.004544035,0.008142835,0.001128985
361,0.008329934,0.029587663,0.001518043,0.097809496,0.007613232,0.013019039,0.00411061,0.019310313,0.009358531,0.00480195,0.002125055,0.003961875,0.00089386,0.083016268,0.010944947,0.068683266,0.006264879,0.024411628,0.01072264,0.021553268,0.011409457,0.079906067,0.007335851,0.013908011,0.00064917,0.00193292,0.119896258,0.002954551,0.019783751,0.002488192,0.00416213,0.001844633,0.066446865,0.008997754,0.184458666,0.005824342,0.02038485,0.005946746,0.034271519,0.001602647,0.013515509,0.00130179
362,0.004454212,0.009009477,0.003666232,0.014633035,0.018053727,0.012770405,0.007556079,0.397596807,0.124188214,0.030791803,0.012931329,0.00270837,0.003381748,0.016380233,0.015593551,0.013136668,0.008553031,0.0589877,0.022582489,0.021353974,0.022653461,0.018871379,0.017789795,0.004230991,0.002219153,0.008209058,0.00963102,0.006830256,0.009332646,0.00784088,0.015039817,0.00925569,0.018934255,0.008517549,0.006051208,0.005607373,0.010792023,0.007381859,0.003940466,0.003299758,0.005047224,0.003461799
363,0.030837551,0.002880296,0.000767156,0.015495092,0.004023158,0.096895302,0.012760838,0.021795104,0.007243317,0.143032234,0.026472393,0.006596375,0.001497623,0.017801574,0.005130557,0.012269261,0.004417846,0.012673294,0.082157742,0.036353228,0.010715963,0.20940242,0.018338742,0.010797108,0.001022053,0.002153459,0.016135974,0.00171055,0.02096346,0.003187737,0.001888992,0.001187244,0.010757317,0.003343655,0.007229948,0.002046181,0.009477005,0.003575382,0.118133968,0.006493902,0.006119589,0.001212996
364,0.010304196,0.001945639,0.000743668,0.007797062,0.00416764,0.121610501,0.036129112,0.138646117,0.021980373,0.091861084,0.026191696,0.003943445,0.001304585,0.010474233,0.005910827,0.026300842,0.014536374,0.011758623,0.206272044,0.021165428,0.011352065,0.079906084,0.02317049,0.00453253,0.000929625,0.001794879,0.004454121,0.001549149,0.011134718,0.003981539,0.012859701,0.003770855,0.020263644,0.005764356,0.005547769,0.004875667,0.011571463,0.00624291,0.016935041,0.003809166,0.003278481,0.001243192
365,0.017273214,0.004976303,0.000753278,0.022063066,0.00447689,0.009634523,0.003088862,0.033954694,0.006285027,0.008259087,0.002719298,0.353617523,0.001870809,0.012719945,0.003557214,0.007148508,0.001724736,0.052343394,0.006498545,0.095330895,0.011138904,0.090049982,0.00933051,0.057914291,0.001812397,0.013956243,0.020649678,0.001920074,0.048260074,0.00645298,0.001440545,0.000926989,0.00581694,0.001967149,0.006060423,0.001216291,0.004948762,0.002356251,0.059987423,0.001698456,0.017073034,0.00224736
366,0.008518577,0.017275252,0.000595678,0.06475506,0.0036846,0.006218824,0.001958003,0.007008657,0.003788887,0.003649365,0.001139725,0.017398877,0.001205372,0.007939545,0.002434587,0.006987661,0.001461168,0.049897256,0.005249739,0.040602868,0.006823346,0.113273185,0.007107998,0.070173408,0.001138705,0.002136183,0.306359447,0.002162557,0.078553968,0.003787001,0.000817652,0.000416669,0.006502699,0.001489501,0.02308762,0.001013915,0.003610523,0.001228063,0.07746009,0.0011395,0.050206646,0.001897945
367,0.043491102,0.00372697,0.001137578,0.022023002,0.00547662,0.050459013,0.01306917,0.030792388,0.009299064,0.191533073,0.041420494,0.012993672,0.002254595,0.025825459,0.007228437,0.016102635,0.006728284,0.017209591,0.051842047,0.050854147,0.013753267,0.145500212,0.021636136,0.014031833,0.00171439,0.00297176,0.014910885,0.00274503,0.028512001,0.004360315,0.002567073,0.001516944,0.014163393,0.004695026,0.009001334,0.003007137,0.011675128,0.004742649,0.08550749,0.00995306,0.008071118,0.001745521
368,0.061761281,0.005471939,0.001010332,0.029781796,0.00639203,0.061527038,0.009969667,0.029019261,0.008070478,0.132133556,0.017709197,0.015755452,0.002365163,0.038905479,0.008298999,0.026290831,0.005811688,0.023682968,0.040659964,0.08218007,0.016529443,0.142652226,0.015283402,0.016839958,0.001828152,0.005923504,0.016626037,0.002391376,0.035227957,0.004780365,0.003016163,0.001616494,0.021012808,0.004491201,0.013364057,0.00282232,0.020826352,0.005530676,0.063868144,0.004090208,0.009043155,0.001744188
369,0.004757642,0.003105407,0.001951335,0.004076281,0.00583604,0.028651393,0.021353809,0.130900298,0.06546574,0.021686408,0.008717356,0.001758436,0.001282437,0.031380337,0.023811876,0.088935965,0.074500563,0.008326844,0.032075671,0.01006463,0.011071705,0.013889646,0.015490568,0.00138207,0.000907856,0.00193649,0.002272074,0.002908814,0.003451227,0.003569344,0.1101009,0.029197832,0.064513476,0.029942878,0.00610119,0.017223344,0.0611887,0.04729525,0.00343346,0.004070853,0.001678285,0.001549665
370,0.008911265,0.022567919,0.00124707,0.104770715,0.006255904,0.016156904,0.004262541,0.015616148,0.007242219,0.006813145,0.001849401,0.005724669,0.000944147,0.028165059,0.00588583,0.020039102,0.0030365,0.038244799,0.014898141,0.027847356,0.008564955,0.13160259,0.007279232,0.031280174,0.000803138,0.001960854,0.251216076,0.003021806,0.045803922,0.003277338,0.003677722,0.001311296,0.024543587,0.004050278,0.055832173,0.002421012,0.012648828,0.003573437,0.057175467,0.001274354,0.027099063,0.001539031
371,0.010073023,0.016872705,0.003787156,0.049747785,0.014696227,0.01404495,0.005603577,0.087347419,0.022664275,0.006449141,0.003814025,0.004818537,0.003547425,0.031757204,0.011055776,0.0121144,0.004975173,0.24905467,0.011720275,0.046474585,0.026516329,0.066458891,0.022851378,0.015975524,0.002527461,0.007028886,0.026444188,0.007094704,0.061381006,0.018044155,0.017199139,0.003309144,0.022899684,0.006754394,0.011424131,0.004765556,0.013366999,0.00467507,0.012010961,0.003403084,0.036656713,0.009864533
372,0.0285388,0.004527465,0.000521568,0.017070428,0.002916475,0.005530134,0.002484068,0.013683764,0.002743297,0.002948641,0.001174963,0.417007999,0.002871258,0.009298796,0.002409932,0.002318247,0.001240844,0.027068739,0.003387017,0.054177893,0.009059826,0.100395723,0.008679002,0.118744953,0.0035133,0.015104485,0.016606106,0.00141225,0.044712274,0.00392044,0.000719404,0.000388817,0.003439287,0.001210998,0.004165271,0.000823475,0.002561783,0.00126634,0.02812578,0.001828802,0.036823701,0.001599782
373,0.015032136,0.008217511,0.000611011,0.016323079,0.003063593,0.004394889,0.001754763,0.009088615,0.003293721,0.00218762,0.000956957,0.124538527,0.00170469,0.006791082,0.002663736,0.00190242,0.000845118,0.0380351,0.002874066,0.05141162,0.007155296,0.185453031,0.007382044,0.209421427,0.001951372,0.025144625,0.021270365,0.001743042,0.078008572,0.003484208,0.00088492,0.00041252,0.003965989,0.001117887,0.004414742,0.000823883,0.002453943,0.001074416,0.02186705,0.001257303,0.131762406,0.001875389
374,0.009407725,0.001879497,0.000585411,0.00559996,0.002634247,0.163155744,0.02479999,0.061389539,0.015071971,0.050255358,0.014389637,0.002855748,0.000988414,0.01480609,0.005326401,0.054026289,0.015098441,0.006500435,0.244569046,0.016537101,0.008469411,0.116837643,0.018628976,0.003431515,0.000650764,0.001028968,0.004263983,0.00112288,0.007436949,0.002835566,0.007516028,0.001999237,0.047991724,0.006324182,0.01616355,0.00495709,0.014427846,0.007026188,0.014810343,0.003207731,0.002197856,0.000878898
375,0.005469504,0.014217007,0.008741814,0.023505947,0.021909679,0.015450199,0.007884077,0.088515918,0.030564407,0.00946264,0.005294955,0.001459523,0.001472446,0.067415171,0.026485428,0.024028994,0.011870046,0.028121175,0.018064873,0.033535847,0.032073683,0.018634799,0.016172523,0.003094862,0.001039075,0.004119524,0.008768034,0.006897709,0.006561074,0.003880136,0.22936264,0.008295702,0.07993574,0.021620382,0.018767899,0.015020722,0.059663916,0.013296821,0.005533333,0.00435389,0.004408479,0.00263645
376,0.02347593,0.008066208,0.000587836,0.034339305,0.003792423,0.023014922,0.004400248,0.01037724,0.003397279,0.022765784,0.00453406,0.018347154,0.001428203,0.0145248,0.003223743,0.012237681,0.001942519,0.020920083,0.015411858,0.078092818,0.009942327,0.177612626,0.006966472,0.031078887,0.001176333,0.002327178,0.104417076,0.001501415,0.03355187,0.002968326,0.001216965,0.000564896,0.009995124,0.001737611,0.025891368,0.001081533,0.006054465,0.002024993,0.280521204,0.001641631,0.014960997,0.001101297
377,0.019405914,0.004302815,0.00051725,0.019205316,0.003299519,0.013522641,0.002708863,0.0168463,0.003499631,0.010498483,0.002451813,0.278303475,0.001529603,0.011264604,0.002965262,0.004424246,0.001355892,0.026346188,0.007793999,0.10932807,0.008740801,0.101363998,0.006629286,0.11419283,0.001594297,0.023653635,0.033174859,0.001467632,0.036575664,0.003670984,0.000849391,0.000523939,0.004771662,0.001590341,0.008158207,0.001003335,0.004472186,0.001681429,0.111105976,0.001376275,0.014991109,0.001201064
378,0.004674866,0.056582398,0.002974732,0.130869859,0.012724573,0.010566471,0.004081887,0.027741338,0.011068882,0.004481696,0.002131738,0.002228198,0.000996287,0.059344503,0.011571726,0.040381916,0.005628633,0.029819783,0.010958649,0.021441749,0.014382636,0.047478825,0.009645563,0.011497407,0.000767845,0.001748482,0.184188145,0.005459024,0.01269965,0.003098232,0.004319726,0.001792969,0.0625483,0.008976817,0.15796839,0.006313549,0.014024097,0.004942692,0.016830314,0.001959793,0.011133239,0.001858514
379,0.035611443,0.004271384,0.000724956,0.020114736,0.003870194,0.040708329,0.005989295,0.015555876,0.005049413,0.056784602,0.009282307,0.018149054,0.001617085,0.018595782,0.004507035,0.013429825,0.002958585,0.0138973,0.029016749,0.033782063,0.009621366,0.240935716,0.013470904,0.019337693,0.000941314,0.002485229,0.032067198,0.001507584,0.023679755,0.004268567,0.001846217,0.000982568,0.01129077,0.00298103,0.011980181,0.001904491,0.010121357,0.003047544,0.266340044,0.003907626,0.008571318,0.001357917
380,0.007498769,0.014614759,0.006574103,0.028666531,0.02703544,0.017635291,0.008927796,0.164051692,0.060257666,0.013740511,0.006909534,0.002564903,0.003089559,0.038667532,0.029728748,0.022743475,0.01164759,0.123125967,0.020711518,0.038023667,0.032886505,0.027019254,0.024117005,0.005273264,0.00242307,0.006186179,0.015131382,0.010176519,0.015312136,0.013482424,0.065066865,0.008962637,0.036148826,0.014329368,0.008391998,0.0094908,0.026708303,0.011286296,0.006373422,0.004290965,0.010666443,0.006866273
381,0.021332396,0.005701051,0.001048096,0.018368059,0.00645921,0.008883485,0.003476349,0.035580517,0.007589711,0.006125856,0.00259759,0.333996892,0.003380209,0.009585162,0.004332342,0.00374459,0.002187531,0.071258058,0.007016011,0.10778145,0.01504832,0.088475244,0.014520292,0.075473836,0.003221566,0.003952838,0.016092596,0.002772525,0.048483407,0.010023364,0.001196255,0.000978506,0.005820041,0.002513845,0.004650753,0.001653428,0.004143442,0.002567078,0.028992777,0.002200322,0.021987519,0.003542504
382,0.007510461,0.01195058,0.002578259,0.037270438,0.014099795,0.016114957,0.004810811,0.265455924,0.050851878,0.011177561,0.003148828,0.005365651,0.002357633,0.033182743,0.010314062,0.014175662,0.006271547,0.194682519,0.012996297,0.018637139,0.017387963,0.024158935,0.019484758,0.008420641,0.002265434,0.073739291,0.01204229,0.006884681,0.018108032,0.013056829,0.00851592,0.004450357,0.01852664,0.004554556,0.006614684,0.003636357,0.009299831,0.004941035,0.005009126,0.002144121,0.006444235,0.007466121
383,0.003701135,0.006592225,0.0048424,0.009024633,0.015082321,0.027749375,0.009739071,0.288139029,0.04375931,0.027458106,0.008988544,0.001178744,0.001342464,0.03106582,0.028557622,0.043532783,0.015659908,0.014914849,0.030150349,0.023055529,0.02142927,0.013977503,0.011866464,0.001659641,0.001006043,0.002230879,0.003569474,0.004421291,0.003999383,0.003332655,0.115424988,0.016234274,0.058524592,0.020690588,0.005541577,0.012723862,0.042139989,0.018971142,0.003308178,0.002913632,0.002215009,0.001893935
384,0.013203386,0.004648916,0.000701764,0.017612967,0.004306244,0.008032276,0.002446619,0.035166278,0.005386611,0.006674215,0.002130423,0.419376954,0.00174919,0.009006098,0.003148721,0.003936736,0.001300966,0.046813969,0.006194093,0.068190493,0.009170201,0.080012776,0.008527525,0.067589855,0.001545923,0.026038256,0.019112823,0.001849993,0.039156007,0.005738398,0.000911505,0.000647463,0.004821844,0.001577372,0.005630515,0.001048406,0.0034041,0.001642033,0.053618578,0.001452068,0.016294106,0.001997292
385,0.015894522,0.012969775,0.001295899,0.068329001,0.005481056,0.026714153,0.006281765,0.020850527,0.008684728,0.010047802,0.003097889,0.006642158,0.001210041,0.032706673,0.005392103,0.043965102,0.004698155,0.034171423,0.022872655,0.032312906,0.010436547,0.241368991,0.008161889,0.030034148,0.000820346,0.002121261,0.09984113,0.002875711,0.061356451,0.003122477,0.003468416,0.00129085,0.023161276,0.004150721,0.038437317,0.002792011,0.014349465,0.003612294,0.066928183,0.001753751,0.027696448,0.001425709
386,0.032632331,0.002947394,0.000665923,0.015793641,0.007569179,0.007877495,0.003871102,0.017564453,0.004837757,0.004618929,0.002065601,0.300574629,0.004411973,0.008465085,0.004124424,0.002889558,0.002137409,0.054155779,0.00593532,0.158092609,0.014804856,0.082330415,0.015755888,0.082169879,0.004642959,0.005818224,0.010908796,0.002562834,0.048829172,0.010405834,0.000699534,0.000651803,0.004738389,0.002185361,0.002652476,0.001372047,0.003457092,0.002400288,0.019539521,0.002500785,0.016096869,0.003133142
387,0.009413146,0.041841166,0.005011254,0.051807486,0.016000763,0.011999336,0.004952117,0.058456966,0.019600312,0.005712644,0.00292349,0.003682506,0.002269987,0.043734833,0.012964817,0.013138945,0.006041312,0.18781866,0.011432189,0.039105482,0.023965493,0.0581129,0.01833863,0.016631147,0.001886645,0.005080587,0.034442389,0.008323467,0.036231952,0.012163307,0.034174024,0.004378967,0.046953877,0.010669635,0.022617272,0.007924272,0.022021848,0.006170179,0.013285248,0.003008504,0.068852414,0.006641918
388,0.007430935,0.025956464,0.002546636,0.038466163,0.011163456,0.00820717,0.003370342,0.03448538,0.011608521,0.003507787,0.00206497,0.003963175,0.002256972,0.02151884,0.0070037,0.006935797,0.003033639,0.307081793,0.006997612,0.031013645,0.016113415,0.072088132,0.017149748,0.023906516,0.002019541,0.004406345,0.034418025,0.005534551,0.053358651,0.014485425,0.01264694,0.00236815,0.020946369,0.004589053,0.016181781,0.00325719,0.010412319,0.003450029,0.011129487,0.002113819,0.130688817,0.008265069
389,0.004202978,0.167550372,0.004826874,0.049936738,0.014071623,0.008246972,0.004083808,0.039359223,0.014248662,0.00382416,0.002406395,0.001796855,0.001306133,0.055724307,0.013709215,0.016812553,0.004442216,0.050548984,0.007434426,0.022546884,0.020655834,0.025985009,0.012848711,0.008576927,0.000956148,0.002372535,0.060549626,0.006066883,0.012227506,0.00409632,0.012779811,0.002674605,0.105822264,0.011495771,0.1853489,0.008528771,0.015215865,0.005914706,0.008213195,0.00306944,0.033935568,0.002771099
390,0.016357021,0.006268229,0.000472315,0.013628487,0.002058389,0.004557882,0.001718604,0.005407953,0.002335662,0.001860493,0.000945809,0.03874363,0.001739784,0.004054671,0.001650437,0.001673916,0.000763407,0.034417832,0.00266076,0.061193504,0.006838932,0.089955916,0.00661201,0.462779981,0.002033879,0.00210042,0.03645081,0.001511806,0.060793475,0.002805084,0.000604694,0.00029978,0.003032066,0.000903049,0.004930288,0.000688356,0.002152703,0.000777822,0.04269378,0.001225365,0.075923828,0.001626754
391,0.01273897,0.007685134,0.000667591,0.02518026,0.004016255,0.006000756,0.002105636,0.011517189,0.004195955,0.002823472,0.001253589,0.059860472,0.001688882,0.009525565,0.003258478,0.002566749,0.001062864,0.055678036,0.00431852,0.051135507,0.007954907,0.198776873,0.008166873,0.14034333,0.001606108,0.030637548,0.022889942,0.001812035,0.101874446,0.005262752,0.001065367,0.000529121,0.004142429,0.001330698,0.005249524,0.000965799,0.003194236,0.001421411,0.022636276,0.001273257,0.177478532,0.002462757
392,0.005571272,0.014556261,0.000921475,0.017747928,0.003427248,0.050538367,0.01631175,0.031640287,0.020765639,0.01212717,0.006092113,0.0016901,0.00080571,0.039664005,0.008640576,0.275063897,0.040122542,0.00786741,0.052417924,0.013398383,0.008069455,0.064223541,0.008773244,0.002825256,0.000530583,0.001126314,0.022082263,0.001559319,0.005370766,0.002576285,0.008690847,0.003613657,0.082337144,0.012394343,0.103883502,0.007990544,0.030944456,0.011756879,0.008863141,0.001972934,0.003250524,0.000914837
393,0.006359403,0.070586985,0.001846826,0.059069989,0.010794554,0.007158469,0.002946796,0.02416817,0.01027999,0.003745377,0.001921409,0.008529743,0.001600228,0.009990372,0.00530065,0.006431491,0.002465578,0.124821528,0.007497996,0.035752136,0.013602087,0.094060118,0.014479112,0.049170791,0.001576088,0.002976548,0.135858347,0.006530501,0.062853688,0.008852523,0.001965251,0.001259125,0.021660112,0.003370234,0.035428696,0.002589943,0.00464561,0.002335215,0.018309568,0.00195541,0.123923538,0.004292821
394,0.020706364,0.009804233,0.000754169,0.031591142,0.003418624,0.007870642,0.002333854,0.007694173,0.003832355,0.002950804,0.001418887,0.048035398,0.002523145,0.006395098,0.002506455,0.002254188,0.001061896,0.041541973,0.004186268,0.092250626,0.00966958,0.160869761,0.009264698,0.225668032,0.0025852,0.002900743,0.08264322,0.002360045,0.088467986,0.004283758,0.000716357,0.000412506,0.004230097,0.001402163,0.00851551,0.000983251,0.003369107,0.001252545,0.056284261,0.001773949,0.050695051,0.002023057
395,0.005204076,0.138290895,0.003693363,0.053875299,0.019355245,0.007701103,0.004147367,0.040610802,0.013204252,0.004811304,0.002717456,0.004115714,0.001494177,0.023702891,0.009492198,0.012025255,0.004282216,0.086585969,0.009593499,0.034355267,0.019940383,0.047044918,0.017070172,0.020661955,0.001428198,0.002556483,0.161235732,0.009268122,0.024241427,0.008185738,0.003705904,0.001797187,0.055438179,0.006667349,0.076129702,0.004972621,0.008459432,0.004069023,0.014882139,0.002497877,0.045833715,0.003960838
396,0.005119353,0.003364621,0.000668079,0.004258615,0.00378783,0.057940081,0.028597243,0.279929762,0.029139773,0.128259683,0.020098514,0.004386011,0.001081577,0.008058864,0.006515915,0.044577278,0.026479019,0.013099394,0.144187811,0.012838299,0.009197993,0.032011251,0.015318862,0.002430995,0.000744024,0.002289757,0.00249451,0.00152699,0.005843998,0.003368049,0.021253349,0.006394475,0.027837767,0.007263928,0.003629105,0.004622852,0.010956874,0.009632272,0.006587745,0.002609147,0.002156088,0.001116059
397,0.006559435,0.08210218,0.001822575,0.054511392,0.012057645,0.006551587,0.002946772,0.018109703,0.009676992,0.003299416,0.001903027,0.010819194,0.001755797,0.011547761,0.005532407,0.005493703,0.002455202,0.159574502,0.006565483,0.038005995,0.01369878,0.092088783,0.015677838,0.049250958,0.001750671,0.003872018,0.124243716,0.006541294,0.063728508,0.010934047,0.002122343,0.001057306,0.02799645,0.003346251,0.027599507,0.00249015,0.004813781,0.002239214,0.016200996,0.00194271,0.092956192,0.005173373
398,0.00818112,0.017126415,0.00094431,0.081724224,0.004985027,0.014082814,0.003628301,0.012804006,0.005948291,0.005858095,0.001768495,0.006299498,0.00088823,0.019839894,0.004011231,0.020371466,0.002379359,0.035464275,0.01396854,0.030626351,0.007183783,0.199041721,0.00623044,0.043143596,0.000726084,0.002038984,0.222432781,0.00238528,0.062738528,0.003065681,0.003103842,0.000995793,0.016652269,0.002898136,0.037229312,0.00169457,0.009600135,0.002491392,0.068295371,0.001041361,0.031247364,0.001315259
399,0.011083862,0.010900705,0.000527431,0.045885185,0.0026598,0.007505808,0.002114796,0.007100092,0.003422488,0.003680112,0.001246459,0.029565509,0.001216327,0.009880256,0.002445373,0.006734917,0.001283149,0.030914424,0.004817563,0.060701896,0.006416173,0.137072663,0.005787588,0.083128528,0.001245944,0.002600851,0.240790269,0.001559967,0.061789959,0.002672623,0.000980553,0.00052126,0.006666452,0.001383165,0.018908718,0.000852303,0.004463665,0.001472737,0.154183051,0.001049236,0.036087958,0.00140296
400,0.009890265,0.006035396,0.000256827,0.022857215,0.001461355,0.031647916,0.003770905,0.010489864,0.00275883,0.025649414,0.004438876,0.005604499,0.000528184,0.006033813,0.001505258,0.012666781,0.001431477,0.011531129,0.028621021,0.024485492,0.003548535,0.307684221,0.004184482,0.028707634,0.000386109,0.000912176,0.091427987,0.000741146,0.032049131,0.001303918,0.00082236,0.00042763,0.00576269,0.001011997,0.017923206,0.00062025,0.00271027,0.001108618,0.280960556,0.001048688,0.015150688,0.000510245
401,0.007582553,0.002584982,0.000985611,0.005207579,0.005193928,0.052618318,0.035379169,0.141305306,0.046281967,0.070627287,0.020918803,0.003936896,0.00150569,0.012120532,0.011639069,0.112482283,0.081237723,0.010783319,0.102963541,0.015805885,0.014092281,0.025751628,0.01598429,0.002216663,0.000998065,0.001733171,0.002634437,0.002127363,0.005615124,0.005341777,0.037255481,0.01061111,0.059092282,0.014214011,0.00599048,0.009754636,0.01665822,0.018491847,0.005825806,0.003302585,0.001805987,0.001566167
405,0.011188914,0.002021932,0.000554205,0.008829274,0.002714425,0.099059724,0.021314142,0.044755018,0.013357553,0.053115291,0.015347296,0.004293738,0.00098452,0.012902085,0.005028181,0.043841606,0.011631586,0.00837078,0.20990836,0.020004264,0.007942228,0.209416833,0.017871208,0.009678108,0.000708765,0.001106674,0.010752178,0.001211698,0.016426008,0.002697594,0.006639343,0.001904537,0.026822146,0.004969063,0.017342059,0.004096006,0.011777653,0.005701804,0.046566387,0.002958381,0.006401439,0.000969649
406,0.012099442,0.012664,0.000746631,0.041312725,0.003224618,0.040266937,0.008068805,0.019349686,0.007882692,0.014382422,0.003680858,0.007266754,0.000774806,0.025893308,0.004929487,0.060809173,0.007013662,0.020427765,0.043205189,0.028416867,0.006454844,0.251853562,0.006923903,0.026236318,0.000630407,0.001468708,0.077492298,0.001599805,0.043933594,0.002121862,0.00242296,0.001209039,0.023541387,0.0043251,0.064645283,0.002802869,0.011171539,0.00414475,0.101895839,0.001386605,0.020306511,0.000963751
407,0.005042389,0.00940983,0.010086705,0.020829291,0.027383101,0.017698087,0.009043678,0.073725596,0.031248066,0.009622574,0.005950934,0.001083257,0.001526019,0.065260588,0.031974704,0.027700013,0.013218009,0.014252135,0.020262604,0.035625364,0.037230201,0.014225306,0.019546842,0.001662913,0.001163302,0.003871181,0.00581431,0.008009503,0.004023156,0.003081665,0.233857951,0.010356217,0.076047551,0.025299875,0.012460086,0.017704776,0.068717235,0.016419929,0.004531219,0.005631925,0.002104241,0.002405438
408,0.016660822,0.008390834,0.000495872,0.0363592,0.002868503,0.012222882,0.002485639,0.007981334,0.00303168,0.005974251,0.001994759,0.035364979,0.001941099,0.01173232,0.002598191,0.00718785,0.001297685,0.022438973,0.006621142,0.07108251,0.00770585,0.126935183,0.006560855,0.062115611,0.001990198,0.002740746,0.193965908,0.001333419,0.044751997,0.002781566,0.00111744,0.000543605,0.007780082,0.001478347,0.020984598,0.000823059,0.004835908,0.001651309,0.244567576,0.00157314,0.021308659,0.001191188
409,0.004524921,0.163383672,0.009307823,0.041215376,0.022665878,0.006105328,0.00481853,0.041572325,0.014811483,0.003278503,0.002956082,0.001664023,0.001767476,0.045295166,0.016878823,0.006873954,0.004744632,0.060309687,0.007677294,0.030829553,0.032335118,0.020582019,0.018091596,0.007348538,0.001256437,0.002277796,0.057270319,0.008836332,0.011376605,0.00435738,0.021522518,0.002495487,0.130687801,0.013621535,0.145456569,0.011453751,0.014034387,0.005158781,0.00446542,0.004324209,0.024898621,0.003892215
410,0.038604144,0.003951423,0.000567788,0.029031007,0.00412364,0.019686836,0.003703597,0.013125928,0.003760214,0.006762828,0.002244681,0.094645873,0.002409034,0.015112771,0.003792877,0.004750272,0.002311258,0.028306853,0.006540967,0.227196447,0.011991657,0.123765015,0.009695938,0.139119098,0.002589385,0.007994201,0.038581647,0.001983321,0.067852864,0.006425892,0.000871471,0.000407685,0.005189073,0.001901469,0.005803596,0.001302858,0.009255396,0.002039257,0.062543732,0.002205191,0.021600401,0.002108834
411,0.00773195,0.031102106,0.003993816,0.03429872,0.019299541,0.008738727,0.004774763,0.040002195,0.019229979,0.004080146,0.002927038,0.004138923,0.00305209,0.022299882,0.009879634,0.007154967,0.00430504,0.310031889,0.008671879,0.044533977,0.025703522,0.051615518,0.024804796,0.016641082,0.00262279,0.004704541,0.0296745,0.009983424,0.035846876,0.019695119,0.010748258,0.002748781,0.021468027,0.006443208,0.013957527,0.005056213,0.009856122,0.004067275,0.008403882,0.003403731,0.10364466,0.009494365
412,0.022817572,0.002108284,0.000775451,0.010776332,0.004157391,0.116127159,0.024465993,0.039490889,0.011057037,0.129478975,0.046430398,0.005574635,0.001620429,0.012600382,0.005261251,0.011534399,0.006569936,0.011839191,0.141043081,0.029643873,0.014233349,0.174672577,0.028488744,0.006849502,0.001018095,0.00180015,0.009115734,0.001659857,0.014368522,0.004071774,0.002225882,0.001517237,0.010963825,0.003963658,0.004848907,0.002329709,0.008038294,0.004381461,0.062141919,0.008103987,0.004310385,0.00138519
413,0.012217667,0.010545192,0.000534702,0.046516331,0.003201396,0.021432843,0.003456367,0.011011804,0.003875564,0.013778101,0.003404716,0.012119968,0.000829801,0.013679238,0.002871423,0.014765794,0.001974497,0.021180948,0.018816366,0.033653437,0.005941119,0.202290631,0.005735111,0.032155583,0.000887945,0.001632697,0.160904329,0.001596061,0.039435987,0.002205488,0.001378404,0.00065732,0.012451797,0.001886072,0.030400724,0.001198917,0.00514878,0.001787605,0.232670631,0.001175759,0.021379917,0.000946179
414,0.046424239,0.004588538,0.001178902,0.026559318,0.005766539,0.046287483,0.009485642,0.028514163,0.007308376,0.148549413,0.022027916,0.010519422,0.002096766,0.031169715,0.007338588,0.01925494,0.005174702,0.018116039,0.03895507,0.054372497,0.013716867,0.164246305,0.016600137,0.014695873,0.001727124,0.003225628,0.021557228,0.002298918,0.028512477,0.004393428,0.002640369,0.001349121,0.015465294,0.004355615,0.010855922,0.002914252,0.013893192,0.004435276,0.135509426,0.005458887,0.008107583,0.001613522
415,0.014225809,0.00214373,0.000877082,0.01104028,0.005197649,0.028584653,0.018826004,0.102411771,0.020132825,0.27663004,0.135681226,0.004033896,0.001873336,0.015140104,0.006977659,0.008638135,0.006737733,0.013274912,0.077515195,0.029137625,0.014540087,0.052976691,0.028846352,0.005473433,0.001636793,0.001848594,0.005185313,0.002338616,0.00967784,0.004318312,0.002813431,0.003203114,0.014867628,0.004382501,0.005629159,0.002589004,0.007393549,0.005285343,0.027404466,0.018936327,0.002826763,0.001635657
416,0.104303666,0.006701918,0.001809911,0.037104773,0.010207055,0.049090841,0.011301556,0.022866739,0.009128726,0.04501956,0.009176289,0.011847322,0.005715482,0.050672425,0.011347195,0.02298354,0.006389713,0.02600396,0.022959734,0.062342497,0.02865387,0.149569161,0.037326917,0.017788956,0.002876589,0.004183063,0.021794019,0.003681067,0.032808748,0.011954273,0.003714454,0.001823228,0.023663084,0.006937083,0.015403566,0.004731612,0.026893312,0.007353056,0.057609758,0.009620673,0.01072146,0.004008163
417,0.088314691,0.0075689,0.00176972,0.039334831,0.008865503,0.064048582,0.010877846,0.026912402,0.00901094,0.059171595,0.010858139,0.008107427,0.002772516,0.055732767,0.010952498,0.033506335,0.006117349,0.023525226,0.02764278,0.059865082,0.022977092,0.147487285,0.019992715,0.011471436,0.001784565,0.005101897,0.026676101,0.003025169,0.025004074,0.004775451,0.004284505,0.001692944,0.025238131,0.006585532,0.015900849,0.004683455,0.028539827,0.006681847,0.077547817,0.004958242,0.008777733,0.00209474
418,0.011525773,0.010935757,0.000595616,0.052459055,0.003245392,0.018695368,0.003852808,0.01094698,0.004126544,0.008729916,0.002229552,0.016881008,0.000933749,0.015076494,0.002793931,0.014801213,0.002165139,0.025136051,0.02044361,0.037041234,0.005704532,0.242909668,0.0061144,0.04917145,0.000750383,0.002366132,0.173900746,0.001639545,0.060973246,0.002315783,0.001496873,0.000681179,0.011422199,0.001899373,0.024894115,0.001299331,0.005229285,0.001723044,0.124066815,0.001125899,0.031273842,0.001088616
419,0.005512593,0.176530533,0.005300546,0.034959028,0.02169263,0.008093616,0.004547058,0.040156244,0.015585742,0.00450228,0.002831754,0.003132613,0.002047057,0.029879139,0.012121825,0.008846289,0.004739677,0.128961466,0.008598122,0.035781818,0.024807225,0.033710045,0.020482789,0.014245434,0.001869034,0.002932661,0.057500568,0.011468343,0.020082471,0.01156384,0.009149538,0.002239474,0.089309205,0.008899047,0.073137447,0.007069348,0.011724978,0.004623518,0.006988222,0.003331399,0.045923846,0.005189445
420,0.030726391,0.00482861,0.000463722,0.012162835,0.00228688,0.004986218,0.002353703,0.007592461,0.002411981,0.002432523,0.00111112,0.221651292,0.002952159,0.005218455,0.002143966,0.001873044,0.000912323,0.022615631,0.002708249,0.064844409,0.009244731,0.122975301,0.008534496,0.284955017,0.003824271,0.00774977,0.020250218,0.001464284,0.049933926,0.00300323,0.000597617,0.000357023,0.002918431,0.001002612,0.004254483,0.00069038,0.002164288,0.001062746,0.030264824,0.001887383,0.053892348,0.001465697
421,0.006974285,0.021381433,0.001932208,0.037079955,0.008988355,0.006491644,0.002967698,0.022565088,0.009762659,0.002856594,0.001912899,0.003984866,0.002389653,0.015656046,0.005345208,0.004415145,0.002210833,0.27990268,0.005480359,0.030426326,0.016503867,0.070664101,0.017119163,0.032495508,0.002009845,0.003904472,0.035372885,0.005311873,0.064345769,0.014940359,0.005510669,0.001502502,0.01231135,0.003413893,0.011575978,0.002483555,0.006428289,0.002574426,0.00970138,0.002074291,0.204860553,0.009997053
422,0.008126051,0.005236294,0.000724155,0.010659126,0.003062861,0.085491458,0.027813782,0.031626356,0.017922568,0.032615068,0.012461277,0.002498404,0.001000002,0.017071167,0.006004628,0.107813946,0.018555168,0.007724945,0.182604196,0.014804382,0.008629837,0.168766848,0.016199806,0.006353591,0.00082809,0.00105989,0.013036128,0.001346041,0.011596297,0.002878402,0.007369019,0.002194099,0.044103856,0.00718903,0.059149204,0.005721961,0.014478815,0.007016999,0.026390039,0.003016625,0.005059829,0.000992685
423,0.010370553,0.013836226,0.000860592,0.041819425,0.003334268,0.006205174,0.002042546,0.009065508,0.004649047,0.003282695,0.001146802,0.024568668,0.001544596,0.005347213,0.00239306,0.002897191,0.001079674,0.062676607,0.00511136,0.050383896,0.008210999,0.138346511,0.007904038,0.233233693,0.001609589,0.002993304,0.089979658,0.00262248,0.104311977,0.004414634,0.000933896,0.000475577,0.005131633,0.001396902,0.012306071,0.001044373,0.002797025,0.001094635,0.032763172,0.001326077,0.102584292,0.00251043
424,0.004282313,0.003316563,0.000904033,0.007148019,0.003793037,0.035701969,0.009929834,0.031518612,0.019349522,0.010113131,0.004329889,0.001266194,0.000690822,0.038208823,0.01054566,0.229225041,0.044544342,0.008984406,0.029444952,0.013246496,0.007065097,0.014958958,0.007571989,0.001751368,0.000562292,0.002215725,0.003998262,0.001631285,0.004903005,0.002435729,0.159096866,0.005645231,0.160189562,0.013333534,0.01156643,0.008545649,0.068303279,0.014052616,0.003808873,0.00168075,0.00213441,0.000966954
425,0.009067693,0.002438329,0.000706429,0.00749466,0.003225011,0.166296573,0.024079003,0.066526938,0.018691303,0.049201513,0.014766346,0.002548058,0.000985831,0.020813633,0.006695042,0.063956681,0.022410452,0.009083313,0.203121545,0.017869668,0.008840978,0.081347636,0.015602438,0.003706862,0.000654707,0.001269483,0.005140237,0.001309132,0.008906492,0.003158905,0.015878155,0.003162568,0.06779887,0.007850441,0.012726761,0.005663176,0.020779291,0.009438117,0.012202994,0.002976972,0.002897173,0.0009805
426,0.025483155,0.003278721,0.0005336,0.017170462,0.002468454,0.058308585,0.005750044,0.016805653,0.004157417,0.075002435,0.010752131,0.010494184,0.000859628,0.012352655,0.002638869,0.012886153,0.002217004,0.011086991,0.041944302,0.030232353,0.006051815,0.298328828,0.008511875,0.016179557,0.000584054,0.001428549,0.036095243,0.001166573,0.022706226,0.001951899,0.001320168,0.000770427,0.007632447,0.001577984,0.00929629,0.001001142,0.005590391,0.001763904,0.227579334,0.00293848,0.008118116,0.000733427
427,0.006243324,0.009370477,0.000996959,0.020655341,0.00390477,0.050549488,0.016525313,0.036072012,0.0226279,0.012299641,0.005754337,0.002388275,0.000959488,0.037668674,0.010268543,0.254148131,0.042710861,0.01003975,0.044973304,0.014836118,0.009425133,0.057036189,0.010146771,0.00557773,0.00071968,0.00137898,0.026015246,0.001864287,0.009846443,0.0027761,0.012011829,0.003920021,0.081706028,0.014478166,0.089542433,0.009422127,0.039437316,0.014183801,0.015116671,0.002280411,0.004813615,0.001123041
428,0.007448245,0.117355639,0.013032015,0.035404762,0.029356003,0.009908858,0.006440551,0.07592204,0.026533786,0.005811251,0.003776163,0.002106579,0.002479128,0.045862593,0.020231494,0.010020992,0.006749545,0.090266888,0.01064949,0.043213528,0.038540227,0.025027349,0.025353731,0.005963491,0.001882869,0.003878411,0.026360723,0.015546533,0.012395697,0.00878539,0.029634687,0.004217176,0.098674142,0.019821487,0.064823208,0.015275134,0.019807503,0.007272765,0.00632541,0.006022183,0.017814685,0.005183163
429,0.012325962,0.012246351,0.001262033,0.033445761,0.005918861,0.008580476,0.002942855,0.032181748,0.00802399,0.003923349,0.001914855,0.017817361,0.002364724,0.014214146,0.004534799,0.004879599,0.00196158,0.140894775,0.006515343,0.048393058,0.013034796,0.150778514,0.013267549,0.077370939,0.001831661,0.01239162,0.030342203,0.003382679,0.126147585,0.009947693,0.003380774,0.001071014,0.008298721,0.002403204,0.008504131,0.001732427,0.005625948,0.002081124,0.017810213,0.001849399,0.143997323,0.005380186
430,0.029285822,0.004659048,0.000650076,0.019462133,0.003455896,0.014920642,0.003447406,0.011595093,0.003803876,0.00901427,0.002576824,0.181768102,0.002394676,0.009554784,0.002731085,0.004390704,0.001688638,0.026268347,0.007495089,0.112499715,0.010232641,0.111741681,0.007933319,0.197687594,0.002288719,0.008444972,0.028323156,0.001614111,0.043119838,0.004185645,0.000933067,0.000579094,0.005165168,0.001819552,0.007886092,0.001102595,0.004929481,0.001808412,0.093780296,0.00218401,0.02303641,0.001349037
431,0.008168857,0.006062061,0.000691547,0.013460863,0.003126431,0.108342841,0.028932011,0.038353746,0.017445953,0.037000096,0.01392296,0.002513609,0.000979594,0.018050784,0.005832264,0.101424503,0.017188015,0.008301726,0.166553005,0.01492947,0.0090821,0.156785742,0.01567414,0.00595132,0.000777321,0.001174445,0.018360692,0.001377928,0.009580785,0.00307206,0.004429956,0.001952387,0.036889929,0.00681608,0.061135053,0.005015455,0.012941295,0.006654826,0.029965462,0.002791768,0.004870281,0.001016197
432,0.007101943,0.079277119,0.009878187,0.046702263,0.024602549,0.010580732,0.00619994,0.05502151,0.02264632,0.006065387,0.003721212,0.002212591,0.002051916,0.06958,0.022723871,0.013345793,0.00669491,0.073462566,0.011795029,0.041607745,0.035909361,0.029448597,0.02056288,0.006836831,0.001534453,0.004166423,0.032514132,0.011473316,0.014273262,0.006761807,0.046459802,0.004505598,0.112079039,0.018619862,0.067381377,0.014268693,0.033212698,0.008660383,0.008620196,0.004786491,0.019377379,0.004469864
433,0.028837436,0.005841443,0.000559867,0.029335956,0.003568157,0.012812159,0.003162234,0.008271659,0.003472916,0.004445377,0.001959926,0.05326087,0.002284932,0.011366872,0.003325413,0.003479764,0.001596225,0.028225299,0.00592727,0.177249254,0.009639017,0.131761886,0.008880136,0.128703547,0.002703942,0.003224699,0.085537253,0.001723696,0.063963809,0.003850796,0.000781721,0.000532265,0.004507131,0.001836162,0.005940476,0.001097712,0.005548016,0.001958096,0.14132279,0.001665325,0.027243759,0.001512236
434,0.009274545,0.007337934,0.000392219,0.027858692,0.002113773,0.033805098,0.005067802,0.013405508,0.004066739,0.022052887,0.004368196,0.007455962,0.000597104,0.00979327,0.002328,0.020185793,0.002516482,0.015404591,0.033519582,0.02303987,0.004458904,0.281866912,0.005431624,0.026915055,0.000493856,0.001224929,0.111470458,0.001055538,0.030801299,0.001444527,0.001121218,0.000624079,0.008464058,0.001774771,0.020963663,0.001196148,0.004315522,0.001667529,0.24262174,0.001163256,0.016492295,0.000723518
435,0.003684195,0.03486497,0.002826833,0.036119546,0.006985126,0.01198648,0.005731744,0.027509244,0.018055995,0.004940843,0.002957527,0.000992763,0.00107198,0.147512283,0.023311511,0.021371601,0.007149039,0.013382754,0.009375749,0.015653948,0.016467083,0.013447558,0.009393995,0.002498879,0.000687142,0.002317145,0.016508987,0.003266192,0.004306453,0.001885333,0.095322317,0.00587251,0.183682137,0.02112999,0.094796273,0.010976181,0.113903876,0.017027979,0.003801248,0.002503127,0.00428508,0.001288222
438,0.024556855,0.007664113,0.000777448,0.035575781,0.004753603,0.023714018,0.006087675,0.014336003,0.004270523,0.019899199,0.004660857,0.043973401,0.002138155,0.018576568,0.003855875,0.009988942,0.002453604,0.026491695,0.015801154,0.125201376,0.013411504,0.158391838,0.008724808,0.03792102,0.001519468,0.004360443,0.086623739,0.001828912,0.040634717,0.003884811,0.001431573,0.00074021,0.009974841,0.00217508,0.016325721,0.001416302,0.006629435,0.002546837,0.215426238,0.002154678,0.014835474,0.001257121
439,0.010668125,0.03112251,0.006647759,0.057225918,0.021943106,0.015296465,0.006335621,0.099973922,0.034867086,0.007139794,0.003924713,0.003415303,0.002230412,0.045001943,0.018300848,0.015648244,0.007033731,0.139772339,0.014511007,0.043070506,0.029500245,0.052411717,0.020041305,0.011528702,0.001868184,0.006199152,0.038719637,0.00912344,0.028655048,0.012560468,0.04336897,0.005818647,0.039781954,0.011454507,0.01661902,0.008672562,0.021867911,0.006893053,0.012714555,0.003646468,0.038202381,0.006117954
440,0.01801012,0.00404115,0.000382355,0.014799101,0.002034789,0.006304629,0.002008042,0.018647003,0.002357968,0.005497769,0.001485486,0.451164879,0.001591354,0.007606411,0.001702162,0.003864579,0.001009435,0.020385309,0.004183592,0.058294593,0.006106153,0.078184508,0.005592884,0.121206782,0.001588856,0.027833516,0.0188948,0.000996195,0.026754475,0.002289796,0.000800146,0.00039339,0.004347881,0.000970636,0.010560906,0.000650987,0.002772567,0.001076078,0.055922954,0.001150244,0.018711262,0.00099884
441,0.005868973,0.01201072,0.001022884,0.018850866,0.003633905,0.049673011,0.016407917,0.032621257,0.022104442,0.012244459,0.005976594,0.001685019,0.000887798,0.041346144,0.009638548,0.248521469,0.038969022,0.008422308,0.051902915,0.013662577,0.008658369,0.073931452,0.009948401,0.005250998,0.000633254,0.00139369,0.022356179,0.001674525,0.012778146,0.002607635,0.008867135,0.004031466,0.093972607,0.013425694,0.081829816,0.008242128,0.03418513,0.013143359,0.011654874,0.002196482,0.004925636,0.000982425
442,0.016600489,0.005341106,0.000379105,0.014388896,0.002162266,0.004958013,0.001618206,0.005224623,0.002127159,0.002275907,0.000929957,0.048607512,0.001609634,0.004512408,0.001664439,0.001622975,0.000745503,0.025322915,0.002560353,0.074052152,0.006070266,0.076117122,0.005920546,0.49104301,0.001874607,0.001859037,0.038587245,0.001281428,0.044939716,0.002702525,0.000551442,0.000287655,0.002984113,0.000872782,0.00484283,0.000638774,0.002386744,0.000825163,0.055777275,0.001109562,0.050938036,0.001261613
443,0.010708884,0.029134864,0.000686361,0.062042575,0.003287507,0.005819514,0.001720856,0.009224996,0.00409551,0.00263075,0.001115669,0.029217772,0.001256825,0.006469576,0.002272372,0.00382205,0.001057594,0.061770923,0.004649591,0.057923685,0.006661812,0.179648755,0.006986424,0.112605283,0.001352051,0.002608741,0.126851618,0.002073761,0.111078018,0.003493384,0.001147175,0.000475064,0.010034039,0.001346096,0.019674802,0.000953683,0.002946152,0.001098632,0.04862232,0.001029758,0.072162157,0.002053294
444,0.004464369,0.021489144,0.001653402,0.028926087,0.004568002,0.024507297,0.010689207,0.041827447,0.022511691,0.008685167,0.004450675,0.001209621,0.001088409,0.107966413,0.01921657,0.103612553,0.020330873,0.01138508,0.022410389,0.014257904,0.012888146,0.025812891,0.010989539,0.003993457,0.000766498,0.001252675,0.032853507,0.002636447,0.005486843,0.002085764,0.011498621,0.006005653,0.098688768,0.023713776,0.201847829,0.012350644,0.068935606,0.025531175,0.006372138,0.002767948,0.00452708,0.001329917
446,0.005677137,0.004108338,0.001163059,0.007435879,0.004125831,0.075659496,0.023225595,0.045020747,0.031665399,0.026619182,0.009867986,0.001425538,0.001020064,0.034788049,0.012238174,0.180364978,0.057721988,0.007910923,0.099971654,0.013117066,0.009569776,0.033490951,0.013857476,0.002054844,0.000788139,0.001903811,0.004845636,0.001910007,0.00509158,0.003676473,0.036632486,0.006240454,0.115124985,0.017237258,0.019001391,0.011246758,0.046453479,0.019810422,0.005692975,0.002919723,0.00208879,0.001216148
447,0.011118858,0.017509277,0.000675146,0.070069151,0.003815799,0.013040444,0.003601786,0.009511917,0.004297082,0.006221358,0.00153703,0.014172273,0.001074259,0.01936224,0.003459515,0.012487098,0.002021322,0.028952691,0.013051905,0.038084451,0.006761647,0.152757093,0.005950864,0.046616781,0.000952306,0.002296113,0.267191692,0.001748575,0.055586001,0.002564881,0.001522972,0.000689649,0.01476771,0.002385387,0.03293432,0.001402409,0.007303768,0.002115106,0.09726277,0.001069452,0.036074369,0.001224821
448,0.011024072,0.002763812,0.00042302,0.010792594,0.002053391,0.10514696,0.011218275,0.032033538,0.007222757,0.049432428,0.011121318,0.004814182,0.000833321,0.010009323,0.003239633,0.062620119,0.005156906,0.007721443,0.09911031,0.019371697,0.006762933,0.29591045,0.009407346,0.009782224,0.000607606,0.000959569,0.020958685,0.000974577,0.014936116,0.001939625,0.002384958,0.001065281,0.014646996,0.002704831,0.035774384,0.001601505,0.006129367,0.002832344,0.110937004,0.002201523,0.006236759,0.000653837
449,0.005438888,0.073748575,0.002532774,0.135847026,0.010649626,0.01130868,0.003901773,0.023042228,0.008701044,0.004958602,0.001979441,0.002913222,0.000837234,0.059147887,0.007996459,0.040233581,0.004248649,0.023991665,0.011736113,0.019434118,0.012900825,0.062037909,0.008715131,0.013092023,0.000671629,0.001762357,0.174774579,0.004533289,0.012575137,0.002482373,0.00465319,0.00145596,0.071003158,0.006427877,0.132383018,0.00469122,0.01439464,0.003808872,0.025912067,0.001796032,0.01201253,0.00150175
450,0.009063254,0.015464174,0.000650007,0.072556628,0.00284829,0.00820817,0.002205967,0.008961086,0.004471495,0.003840747,0.001176264,0.021154547,0.00116817,0.008059031,0.002428585,0.006417723,0.00171634,0.046524473,0.007153746,0.050954872,0.006456813,0.145158295,0.006023545,0.096134745,0.001094177,0.002178732,0.221589865,0.002023442,0.089950335,0.003139686,0.00090518,0.000467873,0.006333539,0.001757186,0.018463502,0.001116376,0.003591531,0.00144145,0.067001405,0.001084237,0.058171674,0.001647362
451,0.003377507,0.005204277,0.00124105,0.007000929,0.003774761,0.028601609,0.009688912,0.031995139,0.019054173,0.007877873,0.003713293,0.000832871,0.000666036,0.062695809,0.015730571,0.142053913,0.02221721,0.006438478,0.019819802,0.009260148,0.0072026,0.015236218,0.008186285,0.001550537,0.000515484,0.001762204,0.004669362,0.001945763,0.003411292,0.002058706,0.220825037,0.007322379,0.129792661,0.019567912,0.024018343,0.010149073,0.116996815,0.022336399,0.003577673,0.002102691,0.001839477,0.000943317
452,0.039421714,0.004257527,0.000706267,0.028365588,0.004422139,0.022001386,0.004378053,0.011097383,0.003751326,0.006372622,0.002450386,0.070918031,0.003146973,0.017055939,0.003850301,0.00423804,0.002144981,0.032860525,0.006421903,0.270462046,0.013284376,0.120325167,0.010877298,0.127397602,0.002732619,0.006262733,0.035754752,0.001822769,0.070334299,0.005162547,0.001094524,0.000565152,0.00569526,0.002257119,0.005544708,0.001364722,0.009902258,0.002345695,0.055847742,0.002029737,0.022494369,0.00180379
453,0.005157451,0.08174141,0.003637114,0.082829611,0.016154279,0.009238601,0.004300271,0.040743256,0.013442189,0.005119631,0.002648365,0.002690239,0.001177842,0.038885449,0.010666799,0.023043204,0.004914747,0.055810562,0.010160856,0.0318855,0.019885471,0.044246004,0.013101263,0.011352956,0.000988258,0.00225583,0.207876078,0.007903217,0.016432157,0.004767129,0.004603371,0.002052901,0.055840871,0.008020234,0.119657135,0.005944846,0.011288313,0.00459909,0.015632209,0.002286988,0.020179441,0.002722437
455,0.017689266,0.004408767,0.000697265,0.018791915,0.004642451,0.007719211,0.002469033,0.023166085,0.005305681,0.004537144,0.001432733,0.382077873,0.002382714,0.011818054,0.003182479,0.002903262,0.001163818,0.052845872,0.00500111,0.06682876,0.010211116,0.090382325,0.008993448,0.115044998,0.002652251,0.008043029,0.015673381,0.001707289,0.055023406,0.006174447,0.001173068,0.000770647,0.004332402,0.001604085,0.003261424,0.001048022,0.00318443,0.001858972,0.029732631,0.00168384,0.026713481,0.002245059
457,0.012475568,0.017407522,0.000591698,0.064770532,0.003026799,0.008172389,0.002030294,0.008077966,0.003837985,0.003282982,0.001216146,0.037015971,0.001233575,0.006578294,0.00221217,0.003805225,0.001101747,0.046729143,0.006081829,0.071681498,0.006464707,0.163440487,0.006195978,0.108874769,0.001202153,0.002952475,0.163484513,0.001921881,0.082552952,0.003394797,0.00078669,0.000411859,0.004972692,0.001311174,0.016551053,0.000869024,0.002968407,0.001131324,0.083699098,0.001080478,0.054887151,0.001743561
458,0.026863669,0.00697667,0.000599027,0.025065493,0.003538105,0.010985304,0.002954076,0.007416078,0.003567255,0.003811149,0.001758977,0.058560076,0.002592631,0.007353896,0.002781989,0.002623392,0.001325003,0.036358564,0.00543909,0.125511463,0.010320384,0.16698303,0.009348519,0.20942847,0.002798786,0.002728185,0.064532616,0.002036145,0.07964874,0.004345276,0.000670612,0.000426245,0.00406147,0.00157661,0.006154132,0.00104233,0.00407696,0.001524631,0.062896192,0.001896576,0.040429142,0.001831193
463,0.015812415,0.012700147,0.000520302,0.041090655,0.002540839,0.007487092,0.001990037,0.006382029,0.003101076,0.002955467,0.001186307,0.040215569,0.001612827,0.005352197,0.00189409,0.00344874,0.000923815,0.035156836,0.005648691,0.077741174,0.006542587,0.218593204,0.006512752,0.157193566,0.00174674,0.002512877,0.102549742,0.001646234,0.099767169,0.00311474,0.000701866,0.000337436,0.005385872,0.001081748,0.010603194,0.000751185,0.002709103,0.000966338,0.067245075,0.001145275,0.051360924,0.001529652
464,0.017521322,0.00623332,0.000914285,0.02506245,0.004881156,0.016185437,0.003700808,0.028096934,0.005197225,0.0141591,0.002995169,0.231265931,0.002197847,0.015099641,0.002979605,0.004888051,0.001447583,0.037518849,0.011050294,0.105231655,0.012204216,0.123181766,0.007816379,0.06647095,0.00151018,0.011783605,0.034260672,0.002075119,0.03991736,0.005635305,0.001191018,0.000647509,0.007091953,0.001973887,0.008614031,0.001217378,0.005132269,0.002114794,0.135597644,0.00152737,0.012950929,0.0016779
467,0.017841302,0.004825454,0.000808342,0.019610045,0.004527761,0.015235195,0.003269652,0.029236167,0.004746572,0.012085544,0.002337363,0.306182619,0.001766322,0.013949756,0.003271356,0.005081479,0.001339842,0.038942292,0.009173045,0.09154144,0.010076769,0.105661891,0.008180537,0.062997315,0.001786738,0.028575918,0.025334685,0.001912951,0.036991643,0.004951367,0.001026488,0.00070189,0.005558613,0.001812426,0.006257905,0.001205909,0.004910618,0.001955241,0.097576548,0.001570648,0.013173521,0.0017991
470,0.013752759,0.011136746,0.001511692,0.031007702,0.009449454,0.016003847,0.0043989,0.161087438,0.018800184,0.01502403,0.005664276,0.052843827,0.003286004,0.01806569,0.005582827,0.008059292,0.00334277,0.172305838,0.0138176,0.100733038,0.017156812,0.079870949,0.016432016,0.027814845,0.002742403,0.007923344,0.018041145,0.003282876,0.07903924,0.015237317,0.004091404,0.002183807,0.012328097,0.003140835,0.007869355,0.002191322,0.011603367,0.003436123,0.013116491,0.002109628,0.02524751,0.0056525
472,0.01340431,0.009952094,0.001400366,0.02380125,0.009358415,0.017329338,0.005164429,0.128793275,0.016075899,0.016132892,0.005522757,0.053000957,0.004704797,0.01446827,0.005665726,0.008468556,0.003880728,0.204831715,0.017431176,0.105872485,0.022130993,0.070811164,0.024721118,0.026883112,0.003850743,0.005037788,0.013939142,0.003978912,0.074195383,0.021322747,0.004099398,0.002175994,0.012257986,0.003096488,0.006108613,0.002154039,0.009677932,0.003355008,0.012274048,0.002542712,0.022160306,0.007873983
482,0.00600022,0.008822732,0.008337659,0.015635438,0.041158055,0.010949086,0.006503659,0.250024211,0.098825169,0.022437527,0.007903935,0.010400885,0.00451349,0.01570113,0.02007117,0.007744006,0.00584423,0.158286501,0.018657583,0.038059856,0.037877734,0.019982959,0.03028411,0.005263905,0.003008167,0.00774215,0.007817482,0.016435382,0.013841421,0.014268042,0.011628285,0.008386249,0.012555845,0.011712311,0.004678368,0.007047854,0.007860523,0.006639439,0.004346626,0.004734797,0.005129497,0.008016666
483,0.003877075,0.00460706,0.001117943,0.005908982,0.006610552,0.015480737,0.013282086,0.363410245,0.085975278,0.079432815,0.031860364,0.003860038,0.001795181,0.016214307,0.012350227,0.023950389,0.018628173,0.019670879,0.04737243,0.018681238,0.011796652,0.016503353,0.012309102,0.002483257,0.000927,0.002832289,0.002638171,0.002201748,0.005360983,0.003383969,0.039119391,0.019942644,0.030519072,0.00914208,0.005318607,0.004289376,0.03185828,0.016835508,0.00407163,0.002761763,0.001965487,0.001343197
484,0.006207051,0.001286075,0.000574234,0.003837808,0.004442798,0.049148445,0.064722338,0.187225842,0.059977519,0.140083011,0.063565267,0.002241126,0.00189509,0.004639813,0.005894665,0.037363785,0.028066133,0.009149742,0.170215075,0.009159947,0.017416776,0.027260597,0.024362532,0.001935443,0.001274111,0.001716773,0.002093417,0.001486346,0.004993745,0.005779662,0.004435588,0.004115019,0.017798637,0.004608457,0.00306242,0.002627281,0.005135016,0.007220679,0.004458321,0.005398415,0.00141259,0.00143377
485,0.003350986,0.003782695,0.001327624,0.004781073,0.005421263,0.029147969,0.012103539,0.319717001,0.043661086,0.035142085,0.009026711,0.00193518,0.000972327,0.027481066,0.014194473,0.066851799,0.028210361,0.011687876,0.03297504,0.009453895,0.008832127,0.013002129,0.009246146,0.001465635,0.000679665,0.001745374,0.002382938,0.00218079,0.003623604,0.002585846,0.095737212,0.021289902,0.060109403,0.01294968,0.005502115,0.006902102,0.061056167,0.023411295,0.002847223,0.002180405,0.001736795,0.00110447
486,0.031510519,0.002057499,0.001088973,0.012570749,0.006801887,0.049719555,0.023541752,0.030947144,0.015353835,0.177138258,0.12047093,0.007620366,0.003103874,0.015310801,0.009613874,0.016730107,0.009662783,0.01496638,0.067577883,0.044895049,0.02121446,0.097983727,0.037880099,0.012557197,0.002224744,0.002507927,0.008281767,0.003276845,0.020239718,0.005978752,0.002119938,0.001883785,0.012607834,0.006031124,0.007858201,0.003658988,0.009404724,0.006770427,0.048676609,0.028347747,0.005380103,0.002401026
487,0.027705234,0.00516742,0.000898128,0.018650203,0.005219696,0.007340232,0.003121944,0.01628933,0.005431347,0.004139285,0.001907122,0.344275526,0.003539151,0.008775784,0.003712243,0.002833819,0.001661858,0.047429128,0.004689267,0.096947615,0.013812234,0.099124075,0.012409773,0.112793409,0.003562568,0.005694523,0.016959927,0.002491165,0.050453706,0.006965363,0.000843731,0.000754342,0.004311942,0.002244113,0.00374226,0.001448726,0.003663537,0.002237197,0.02778619,0.002387742,0.029227011,0.002485977
488,0.019961,0.003913764,0.001009905,0.019065909,0.009730808,0.010281528,0.003829533,0.02150361,0.006797869,0.005614549,0.002548987,0.192405313,0.003606582,0.011512813,0.004813297,0.003316048,0.002343931,0.099649599,0.007110518,0.239248182,0.018608881,0.079783259,0.018437439,0.060805612,0.003213809,0.004995666,0.011436808,0.003521696,0.061448315,0.01367821,0.001052444,0.000909536,0.005941552,0.002720928,0.003109519,0.001744387,0.004763448,0.002738909,0.019315578,0.00237452,0.016367894,0.004436192
489,0.023393468,0.00421876,0.000780358,0.016705053,0.00486087,0.008776075,0.003210815,0.015786683,0.004872237,0.004967117,0.001972162,0.304765085,0.002846305,0.009856344,0.003748249,0.002752051,0.001638683,0.040960362,0.005095977,0.194055373,0.011791718,0.089083383,0.010709114,0.108156817,0.002802896,0.004540426,0.013638362,0.002156682,0.056338982,0.005543518,0.000714036,0.000650454,0.004217057,0.002242411,0.003050459,0.001383185,0.003908135,0.002221787,0.021820694,0.001952538,0.026044907,0.002017473
490,0.028000763,0.004236894,0.000826931,0.019198323,0.006403732,0.010058202,0.003881471,0.019794575,0.005586494,0.005814095,0.002390006,0.287738849,0.00346827,0.009565867,0.004139914,0.003509405,0.002210927,0.054324254,0.006958297,0.151611264,0.013795312,0.092180123,0.01309358,0.093557867,0.003743735,0.004735432,0.015275899,0.002457341,0.056976448,0.008247265,0.000856432,0.00079996,0.005318107,0.00250035,0.003486492,0.001516626,0.004434226,0.002675044,0.026326887,0.002306229,0.022010076,0.002784051
491,0.035446363,0.006191262,0.001171758,0.029864304,0.005962894,0.060065805,0.008003152,0.02580222,0.009037959,0.102845363,0.014389853,0.020420362,0.001653358,0.043428743,0.008009827,0.034729258,0.006002071,0.027954922,0.042908681,0.097541182,0.016083482,0.135600697,0.010755122,0.021221377,0.001170599,0.004276869,0.015912803,0.002085351,0.030178329,0.003066806,0.003821594,0.001831217,0.030297709,0.005602144,0.015786497,0.003260588,0.024205672,0.005960868,0.077810588,0.002542584,0.010069288,0.001234284
492,0.0208339,0.0117218,0.000126716,0.0300574,0.00364826,0.0244137,0.000573064,0.00500026,0.00230085,0.0115591,0,0.0706942,0,0.0190523,0.00446668,0.00286863,0.0019347,0.0115308,0.0147321,0.118116,0.00265486,0.235429,0.000968913,0.0438857,0,0,0.0526106,0.00295094,0.0781301,0.000176986,0,0,0.014498,0.00332872,0.0229412,0.00284666,0.00263814,0.000339556,0.159013,0.000420036,0.0235379,0
493,0.019503161,0.005238206,0.00082981,0.021493209,0.00539528,0.007145193,0.002731268,0.026072575,0.005782287,0.004191574,0.001396156,0.356074358,0.002733258,0.010012307,0.003575484,0.002595583,0.001346451,0.067011834,0.004882513,0.060345544,0.012315801,0.098525348,0.010930072,0.096452182,0.003012284,0.009320768,0.015605907,0.00206837,0.066862697,0.008046232,0.001158126,0.000955043,0.004476803,0.001936533,0.00370658,0.001182507,0.003218276,0.002213763,0.022797164,0.001736756,0.030748748,0.00273191
516,0.025808872,0.007339775,0.000791846,0.039968676,0.003801591,0.04694502,0.009214327,0.018497979,0.007049482,0.012703292,0.004141782,0.006615111,0.001415305,0.025840382,0.004830004,0.052688626,0.006989133,0.023582134,0.038875856,0.036557598,0.009463358,0.28337984,0.010030067,0.027539846,0.001100264,0.001979739,0.058372401,0.001818401,0.071217518,0.0036815,0.002281287,0.001012696,0.019590681,0.003790314,0.027864425,0.002648185,0.011549793,0.003744818,0.068135801,0.002026915,0.023882885,0.001353445
522,0.008374915,0.064359952,0.001171294,0.121082879,0.005486127,0.013082112,0.004046823,0.015636659,0.006634568,0.005613858,0.001799827,0.004202345,0.000788022,0.069824664,0.004971546,0.040482175,0.003607624,0.025062738,0.012258515,0.019069047,0.00893773,0.087942936,0.006082901,0.012509202,0.00058561,0.001843736,0.164597631,0.002736658,0.015571366,0.002444341,0.006051012,0.001155289,0.073311114,0.003964054,0.128099055,0.002862174,0.015108405,0.002821843,0.039711321,0.001174339,0.014740121,0.001145009
822,0.008738461,0.001595903,0.001577547,0.005734626,0.008930877,0.037672867,0.132653333,0.023164553,0.10509786,0.025234202,0.063359484,0.001505507,0.003224417,0.009504431,0.015001569,0.025747062,0.03767014,0.012193922,0.211457062,0.014061431,0.027576615,0.028125079,0.050026704,0.002105319,0.002330226,0.001626636,0.003012789,0.003521173,0.005143352,0.008825883,0.005826497,0.030106551,0.022163248,0.010649911,0.006921148,0.006465491,0.008939546,0.015899397,0.005640124,0.008685791,0.001492567,0.002752006
823,0.018457841,0.00065837,0.001468938,0.002753693,0.009180291,0.015470447,0.119600629,0.009040116,0.031241361,0.022145301,0.079321878,0.001626714,0.004058894,0.004039255,0.010174372,0.006083524,0.01818231,0.008497357,0.205475866,0.010811722,0.033849159,0.018423458,0.241725958,0.001484426,0.004945861,0.001386018,0.001360396,0.008573726,0.003217702,0.013474263,0.000908407,0.001892488,0.005156989,0.009354908,0.002290258,0.006224724,0.003251112,0.009025013,0.00545026,0.046281003,0.000787308,0.005091347
825,0.024941144,0.001634374,0.002428265,0.007164129,0.013335877,0.028660496,0.053171947,0.014634742,0.020799583,0.085197092,0.223514938,0.003149568,0.004269712,0.008954599,0.017629581,0.007483523,0.015295615,0.013147541,0.075668748,0.023397763,0.034244782,0.048499346,0.078231425,0.003553031,0.003916189,0.002258717,0.003891036,0.006956726,0.007557092,0.010932284,0.001584733,0.003388149,0.01054876,0.011495051,0.003801011,0.007786243,0.005332532,0.011583212,0.02428975,0.073728306,0.001937013,0.003676746
827,0.013243742,0.001113751,0.008840994,0.002410311,0.037574108,0.003273009,0.017331626,0.005120406,0.012491741,0.002376881,0.008474894,0.000607379,0.010372569,0.004249919,0.022591868,0.006107661,0.038796717,0.015593988,0.017685719,0.006111487,0.037651949,0.004508793,0.23989023,0.000867353,0.014592055,0.001379536,0.001429674,0.087485571,0.001734383,0.027344659,0.001094341,0.001701539,0.00789491,0.032863415,0.002842694,0.045573673,0.004122796,0.012964726,0.001096114,0.226027319,0.000790528,0.015499437
828,0.027877501,0.00122249,0.00257028,0.004970885,0.017519613,0.01588611,0.059917288,0.009039011,0.016574502,0.040063094,0.197187129,0.002083072,0.00685546,0.007071226,0.02193235,0.005596522,0.015468341,0.012558037,0.052529254,0.015036903,0.042192461,0.028256424,0.142669969,0.002426063,0.008779028,0.002106657,0.002726912,0.013821788,0.005505594,0.017670215,0.001177783,0.002732125,0.007518258,0.012020739,0.003150342,0.008928986,0.004578731,0.013634355,0.012900925,0.131984623,0.001397991,0.006557401
830,0.01840476,0.000647601,0.004430815,0.001365375,0.014681075,0.001736134,0.005999905,0.001975745,0.01539731,0.001203475,0.006164529,0.001084099,0.25953475,0.001606897,0.006688343,0.001103389,0.004235862,0.011548677,0.003505315,0.004728469,0.067325825,0.005057137,0.067216941,0.001396538,0.29721197,0.003661661,0.001008985,0.055071079,0.001880401,0.021336592,0.000347734,0.000625279,0.00130301,0.004806453,0.000570296,0.007590956,0.000950872,0.002579284,0.001199242,0.076513134,0.000618451,0.019863793
831,0.004878715,0.003525607,0.001431125,0.005805652,0.006362134,0.017620117,0.02373956,0.101839775,0.206588011,0.020378559,0.04540891,0.001620807,0.003729975,0.0301663,0.025338986,0.049410034,0.042602295,0.009785509,0.030975733,0.011260049,0.017858962,0.013716067,0.014780853,0.00148037,0.001193983,0.00214648,0.003203627,0.002429237,0.0039838,0.003718939,0.046899705,0.050006771,0.051654202,0.013978617,0.014436045,0.005855039,0.056511099,0.049660539,0.003590037,0.003554507,0.001143312,0.001344843
834,0.020625761,0.00131359,0.001809894,0.005476849,0.012548102,0.027246948,0.062753678,0.011466387,0.024976434,0.075016291,0.240725152,0.002241258,0.004019682,0.00777934,0.016566193,0.00647837,0.015159541,0.011471279,0.103127504,0.01791487,0.033384041,0.041244362,0.09229311,0.002557204,0.003313597,0.001927673,0.002861694,0.004598817,0.005662297,0.011175846,0.001438598,0.003358353,0.008471629,0.009873329,0.003350379,0.005503068,0.004906662,0.013148106,0.01801226,0.0625754,0.001470926,0.003653133
835,0.004349051,0.001971674,0.041291981,0.00401153,0.117134782,0.00144445,0.004097889,0.004853199,0.010247369,0.001016579,0.002368042,0.000818939,0.009991753,0.003097525,0.011662547,0.001092115,0.004731532,0.059297487,0.003652514,0.00725937,0.028489785,0.005528302,0.078128858,0.001479102,0.028664182,0.001375324,0.002867644,0.338441195,0.003440179,0.071845954,0.000820671,0.001380747,0.002891444,0.015089121,0.001350134,0.028633399,0.00139472,0.003569808,0.001274162,0.031545717,0.001602692,0.071150344
836,0.005928829,0.013911964,0.005269947,0.02525948,0.022902681,0.006984797,0.013457554,0.060371704,0.24559207,0.006338771,0.022717799,0.002767131,0.010107095,0.022857353,0.018202022,0.006022672,0.006764772,0.156296373,0.027574774,0.045573976,0.04791569,0.025031513,0.02507288,0.005477729,0.003308955,0.007107953,0.015589723,0.009295777,0.013729448,0.011182267,0.015769056,0.010861353,0.025422022,0.009639377,0.009776711,0.004713234,0.008982362,0.007174564,0.006680784,0.003883245,0.007083745,0.006827229
837,0.00643,0.004027502,0.004091885,0.01375167,0.030572825,0.005968493,0.014222733,0.032285148,0.262677837,0.005331507,0.017820317,0.0028616,0.008531611,0.010322578,0.017039165,0.005267732,0.012560363,0.239156829,0.019757819,0.025982555,0.03361534,0.025059636,0.040771336,0.007044134,0.003846478,0.016257721,0.008539598,0.009313618,0.023222845,0.02580052,0.004538067,0.00491186,0.008128343,0.006011219,0.003571177,0.004248451,0.005159643,0.006461012,0.004077746,0.004125866,0.010810969,0.013250376
838,0.011052709,0.000493378,0.002312089,0.001606187,0.011034286,0.009581371,0.105439934,0.006509282,0.015924885,0.011555903,0.042837598,0.000692282,0.006176261,0.002188163,0.006836001,0.004991157,0.023158508,0.00750876,0.104709491,0.004551658,0.025990824,0.009853524,0.376904467,0.000812713,0.007470312,0.000972008,0.000914016,0.023749154,0.001768815,0.016906423,0.000560803,0.001065319,0.003217463,0.010364898,0.001288066,0.014821794,0.001909393,0.00413964,0.002520105,0.108597825,0.000531293,0.007995249
839,0.030428022,0.000832221,0.004296618,0.002847938,0.015500228,0.002678112,0.008386179,0.003102167,0.019511671,0.001648153,0.003949691,0.002958209,0.248360512,0.002603627,0.009102681,0.001342714,0.003012773,0.029400918,0.004305744,0.009861873,0.117095964,0.010208909,0.121337115,0.003700833,0.18166498,0.003813917,0.001850403,0.024400365,0.004744388,0.055137032,0.000454041,0.000652519,0.002183293,0.00371871,0.000823063,0.003628706,0.001486347,0.003843725,0.002193078,0.033324696,0.001850236,0.031227936
840,0.006374625,0.003364451,0.03502336,0.007139338,0.038371138,0.002334865,0.005616026,0.008521781,0.01670069,0.001360166,0.002544127,0.001653887,0.008321938,0.005092233,0.013143988,0.001795718,0.003803545,0.146922328,0.004313566,0.014835156,0.038379439,0.01216015,0.07932424,0.003739822,0.081601909,0.002566141,0.005481364,0.05662491,0.010648731,0.116258125,0.001199969,0.002839551,0.004717669,0.019525222,0.0022698,0.012594031,0.00221161,0.004821939,0.002223376,0.011317201,0.005667528,0.222607047
843,0.009550552,0.008323235,0.011057935,0.019246562,0.082096725,0.007410987,0.01727445,0.029614363,0.151787215,0.004915592,0.010510894,0.001947116,0.003983686,0.023712081,0.077766462,0.008697263,0.024372874,0.098791894,0.016739478,0.02570077,0.048582132,0.017830896,0.044881685,0.004439297,0.00428714,0.010264757,0.012468898,0.021186709,0.009914507,0.021578635,0.012976395,0.033431415,0.023021759,0.020980267,0.012407335,0.012763994,0.011951218,0.022100349,0.004210891,0.00760407,0.005002213,0.011538511
844,0.005083114,0.002812583,0.044509184,0.004697243,0.127006393,0.002723637,0.008801034,0.00746143,0.017807314,0.001421702,0.00337624,0.000592386,0.003507385,0.007316729,0.082469726,0.003761007,0.04578769,0.020802223,0.008020221,0.007406414,0.021308519,0.004781624,0.05819272,0.000889295,0.004912824,0.001514788,0.002736568,0.115309378,0.002164187,0.018001874,0.00179843,0.004139763,0.008763321,0.11027023,0.003665025,0.179069968,0.004654355,0.018173932,0.001253048,0.020568509,0.000873967,0.01488218
845,0.003948578,0.004757155,0.055095087,0.008748955,0.13728588,0.002397034,0.005346637,0.011212221,0.024754596,0.001539561,0.002607367,0.001213891,0.003976216,0.009043493,0.032419052,0.002700964,0.013106732,0.066248511,0.005057671,0.013713323,0.024865009,0.00893559,0.048067042,0.002055255,0.006708194,0.001750399,0.005845685,0.264454598,0.005361834,0.034813792,0.002552587,0.002852086,0.009622933,0.040440521,0.005405435,0.069960849,0.004467548,0.008774199,0.002165414,0.017943565,0.002072586,0.031765578
847,0.004516686,0.009241149,0.004780102,0.018106346,0.018940831,0.006740524,0.018441339,0.061594898,0.376449619,0.008690504,0.03943238,0.001529777,0.011529538,0.025033403,0.017107556,0.006329402,0.013519492,0.048791775,0.037844375,0.026148277,0.040931065,0.012335,0.024284947,0.001907812,0.002651029,0.011344277,0.00786035,0.005336079,0.004899945,0.007534885,0.022314029,0.018851668,0.028130997,0.009817329,0.011117577,0.005296905,0.011753804,0.00806607,0.00382668,0.003497187,0.002279324,0.003873006
848,0.045363468,0.000814885,0.006462716,0.002760647,0.02496253,0.005020122,0.015051952,0.003237256,0.013086452,0.001640516,0.008427933,0.00248838,0.150008325,0.003554453,0.012516313,0.002683727,0.006672784,0.018826305,0.008815074,0.012054894,0.11592734,0.008997114,0.114271697,0.002578492,0.141936071,0.004362094,0.001161694,0.0726164,0.003329321,0.038964446,0.00056899,0.001148411,0.00226899,0.00706442,0.000614463,0.011782064,0.00270445,0.005534866,0.002149006,0.09069694,0.000767112,0.033094149
849,0.021340585,0.00083097,0.001673245,0.003490089,0.011781726,0.021193777,0.132607302,0.009682184,0.028535454,0.02749235,0.078227345,0.001756036,0.004660558,0.005287378,0.011617331,0.006077739,0.017038664,0.010960776,0.153933108,0.013147153,0.042797695,0.026187828,0.225827993,0.001771631,0.006421004,0.001717846,0.001627064,0.008044518,0.003665154,0.015942226,0.001058831,0.002883093,0.005710588,0.00903757,0.002307555,0.005793058,0.003720874,0.009603647,0.006720898,0.054830641,0.000941442,0.00569272
850,0.005699603,0.008716124,0.110656755,0.013585612,0.052973835,0.004002176,0.006977251,0.016589416,0.061732253,0.00242829,0.004054021,0.001710372,0.002475115,0.012922661,0.043913367,0.004126791,0.00902285,0.143991911,0.007226846,0.022791411,0.033360869,0.014563818,0.036180005,0.003271868,0.004197298,0.003367513,0.009658453,0.029957701,0.008644206,0.0188529,0.003786178,0.023889564,0.014329278,0.125028944,0.00777077,0.051070485,0.005374058,0.014906804,0.003664865,0.006660619,0.003929534,0.047816606
851,0.006599906,0.012516916,0.11088543,0.017685794,0.049110197,0.004845895,0.008379017,0.021136532,0.068104935,0.002896327,0.004870865,0.00187013,0.002456506,0.016856434,0.046359448,0.005219184,0.010541614,0.116106984,0.008660755,0.029854068,0.041271379,0.017232512,0.032559996,0.003470086,0.003223278,0.00368455,0.013016164,0.024554874,0.00864837,0.015495396,0.004729434,0.026540403,0.019623059,0.116600798,0.011752837,0.048656336,0.006370871,0.017454253,0.004693115,0.006954086,0.004132743,0.032216983
852,0.005736643,0.00176278,0.005240832,0.003402102,0.008924108,0.015859706,0.065784048,0.0159613,0.06152152,0.005404965,0.015241143,0.001044923,0.001344206,0.012210599,0.037620418,0.040027904,0.305709395,0.007846438,0.061431074,0.008797874,0.012734534,0.00956771,0.026444376,0.001151934,0.000979342,0.001675928,0.002045349,0.004429876,0.002683777,0.005468004,0.006082471,0.038427068,0.022893996,0.056627154,0.008396316,0.024155035,0.015453875,0.072862779,0.002123041,0.004827414,0.000842101,0.002658485
854,0.012857898,0.001886406,0.00812564,0.005847781,0.040704972,0.002819596,0.009344129,0.00636139,0.017731393,0.001782631,0.003586697,0.002079337,0.011666552,0.004237635,0.014803851,0.001712456,0.004862301,0.142186895,0.006981953,0.014461106,0.055667693,0.014408673,0.154578729,0.004396509,0.022413978,0.003705556,0.003851834,0.035498867,0.013249352,0.227752428,0.000999388,0.002617492,0.003596893,0.006954974,0.001715527,0.007123178,0.002176633,0.005546603,0.002199424,0.014630171,0.005616952,0.130211446
855,0.009700464,0.001968575,0.018685879,0.004085012,0.061996955,0.002392302,0.008537748,0.006440176,0.014537558,0.001201071,0.002843983,0.000545805,0.010040111,0.006353908,0.037710472,0.004033623,0.125406357,0.026312317,0.006463005,0.005989469,0.033916093,0.004434729,0.145419937,0.000921013,0.009688402,0.001665844,0.002572932,0.083575102,0.002109757,0.05666009,0.001438404,0.003011311,0.008746569,0.072956697,0.003659976,0.135878378,0.004519167,0.01671634,0.001072256,0.039853497,0.00089963,0.026140206
857,0.006421752,0.001403314,0.00246778,0.00404909,0.009892642,0.018231086,0.173415577,0.013983315,0.114013202,0.008536869,0.033009053,0.001168992,0.002243104,0.010767813,0.022396046,0.022437397,0.091526176,0.010069352,0.174641452,0.010632522,0.020318469,0.012965315,0.037292676,0.00137802,0.001623065,0.001396734,0.002055961,0.00380866,0.003175114,0.007584839,0.006549849,0.0622889,0.018795482,0.020454561,0.005157186,0.010311409,0.010331817,0.031964924,0.002859258,0.006584646,0.00097666,0.002887402
858,0.004252162,0.005438409,0.115958782,0.006460322,0.092263585,0.002979939,0.009264922,0.011785383,0.024284999,0.001811414,0.003878031,0.000806643,0.002869018,0.008672918,0.063304768,0.003621437,0.037990642,0.027494615,0.008546043,0.011425806,0.023108108,0.006599089,0.048885556,0.001279546,0.005073897,0.001886953,0.004378752,0.089710757,0.002901182,0.015612713,0.002766154,0.00399013,0.011252743,0.119060127,0.005143199,0.16775487,0.004526554,0.012240739,0.001830715,0.014086136,0.001239938,0.017864362
859,0.00549512,0.004751294,0.076045241,0.008825745,0.061068628,0.002625239,0.006017239,0.013861679,0.022286538,0.001640382,0.002763526,0.001564558,0.005675645,0.006594859,0.013765095,0.002261413,0.005580819,0.156109866,0.004936448,0.017874456,0.033555779,0.012776781,0.059119938,0.003593393,0.04378905,0.002306242,0.007140664,0.105811236,0.010762132,0.049788881,0.001912973,0.002467658,0.005969684,0.033263422,0.003023057,0.025281686,0.002684611,0.005100654,0.002566931,0.010031227,0.006590007,0.162433835
861,0.011453529,0.000833686,0.001443432,0.002996198,0.007189954,0.018454655,0.20466171,0.010475152,0.074605523,0.015314928,0.040000336,0.001489769,0.002697462,0.006413789,0.013660142,0.009716097,0.042650191,0.007745019,0.214300593,0.010838701,0.025663215,0.016411138,0.154538214,0.001402675,0.002191076,0.001267427,0.001488799,0.003524439,0.003136228,0.009666042,0.001777856,0.005875849,0.007598399,0.016414563,0.003008551,0.010629619,0.005196234,0.014864655,0.004079238,0.012289444,0.000786331,0.003343207
863,0.004514161,0.012718575,0.031085033,0.019578277,0.04601674,0.006146836,0.009602876,0.023333571,0.046821126,0.003633333,0.005860374,0.001277957,0.001568593,0.028170482,0.088063779,0.007817,0.018886251,0.027862427,0.011416997,0.030676777,0.040272295,0.013255368,0.01946142,0.002116656,0.002083621,0.005900913,0.011993557,0.018201055,0.004640816,0.007848021,0.0094106,0.208937553,0.034891606,0.069358772,0.019521069,0.025758418,0.014030434,0.054754591,0.004508278,0.005204848,0.002117713,0.007166598
864,0.012087511,0.000354901,0.002055847,0.001023312,0.007670254,0.001104343,0.002999492,0.001041017,0.009237034,0.000563089,0.001764138,0.000926128,0.133292717,0.001090536,0.003487478,0.000525433,0.001255063,0.009448525,0.001351392,0.003121976,0.055777835,0.0035376,0.044469944,0.001212001,0.5890488,0.001311813,0.000684377,0.023825324,0.001461988,0.019105755,0.000184355,0.000246599,0.000765234,0.001781987,0.000265435,0.002121668,0.000609331,0.001393541,0.000833466,0.027676076,0.000574716,0.030439513
865,0.013259836,0.000879445,0.000858439,0.00410493,0.005313695,0.04791765,0.054292371,0.019669131,0.025131704,0.108545475,0.19563769,0.00188672,0.002204215,0.005388107,0.007241145,0.007088264,0.008503395,0.007151102,0.219449457,0.014068698,0.022724767,0.061302117,0.074069654,0.002244214,0.001519525,0.00108301,0.002169393,0.002492244,0.004740833,0.005840843,0.00118675,0.002739912,0.006945897,0.004596292,0.002660436,0.002811303,0.003870137,0.006167016,0.016167633,0.02517515,0.00128641,0.001915054
866,0.004951425,0.002898426,0.031178762,0.006068145,0.118243876,0.002569115,0.006909469,0.008132145,0.016811845,0.001371336,0.002905312,0.000853564,0.006328876,0.007770137,0.049351203,0.003234484,0.017520587,0.042661148,0.006033911,0.009203534,0.027143079,0.006327668,0.066542725,0.001398135,0.011311334,0.001742787,0.003850469,0.262254743,0.00350374,0.050357302,0.001931815,0.003667599,0.008356545,0.044808481,0.00422639,0.081838404,0.004668778,0.01466913,0.001545865,0.028381661,0.001420547,0.034621734
867,0.020635209,0.00114507,0.001555063,0.004706176,0.012944327,0.030178191,0.12132451,0.013997102,0.046556742,0.042957639,0.105961606,0.001827772,0.004060103,0.006601316,0.017323216,0.008502962,0.021364737,0.011789394,0.165305516,0.014515747,0.038177777,0.036582186,0.142021786,0.002074106,0.003907056,0.001867152,0.00216549,0.00488581,0.004886828,0.013247922,0.001856041,0.008660547,0.008296664,0.00851397,0.002981066,0.005149693,0.004819599,0.01279033,0.009716622,0.031195851,0.001227416,0.004608986
869,0.006063749,0.001351288,0.00071244,0.004520695,0.004523938,0.050432297,0.051327543,0.0551587,0.200695673,0.055314126,0.121436504,0.001553137,0.002214142,0.006646421,0.005726866,0.033148822,0.014878919,0.010514562,0.188963536,0.010915757,0.016338667,0.036909969,0.036828,0.002216495,0.001045449,0.001649387,0.00289847,0.001570371,0.006067253,0.00462481,0.004357211,0.00558012,0.01713879,0.004316227,0.005900062,0.002319173,0.007686514,0.00583265,0.006673413,0.004459994,0.001739184,0.001420709
870,0.004072562,0.009194923,0.031875451,0.017111673,0.045000876,0.006822669,0.010797307,0.028116767,0.069252944,0.004730053,0.006946217,0.001352517,0.001426077,0.030671184,0.099786594,0.009383947,0.022892264,0.022171647,0.012529799,0.025816219,0.033112287,0.011793432,0.017135345,0.001899071,0.001718307,0.003849006,0.008902941,0.018102249,0.00431855,0.00767683,0.012750794,0.125824568,0.038124587,0.077885868,0.017894005,0.075607952,0.019033156,0.052771056,0.003783409,0.004028365,0.001844674,0.007118753
871,0.012568086,0.001714482,0.005031301,0.006096048,0.012254529,0.033069947,0.105761682,0.018996579,0.041252254,0.014105072,0.022446848,0.002322678,0.002472227,0.014937609,0.027414997,0.041966267,0.125567125,0.012060092,0.115777224,0.018638453,0.023048018,0.019627254,0.081379182,0.002220523,0.001526767,0.001655176,0.003269716,0.006402199,0.00552182,0.013948772,0.004141346,0.008118897,0.026991064,0.056945443,0.007984611,0.03203195,0.014460395,0.040024078,0.003984748,0.009525468,0.001419373,0.004374641
872,0.012987541,0.001013869,0.00336793,0.003349032,0.015008129,0.002474757,0.008138315,0.004314876,0.058763665,0.001921295,0.005908778,0.001842487,0.413071413,0.002490525,0.010296043,0.002028858,0.005675965,0.044670757,0.0054606,0.00894563,0.096544716,0.008684999,0.084314546,0.002649879,0.053511183,0.003722328,0.001944813,0.022746722,0.005261822,0.050137183,0.000729706,0.001090873,0.00284738,0.003691358,0.000944221,0.004258946,0.0015135,0.003807986,0.001850561,0.029501213,0.001688397,0.016677452
873,0.006230098,0.00283701,0.043249081,0.006110223,0.062229059,0.002044366,0.005723652,0.00715977,0.013963924,0.001174985,0.002326052,0.001301572,0.016344766,0.004165849,0.01002231,0.001485853,0.004442967,0.100660047,0.004144524,0.011073096,0.04189164,0.009182362,0.112307189,0.002810121,0.064144125,0.002025691,0.00453288,0.13814805,0.006813997,0.125503114,0.001142812,0.001597741,0.003492382,0.021083208,0.001586256,0.022121894,0.001874075,0.00458541,0.001891341,0.018227019,0.003295109,0.127792332
874,0.018595229,0.000873184,0.002561651,0.00376271,0.016902258,0.002972705,0.01157311,0.005243866,0.070793613,0.002001052,0.00604925,0.002864584,0.310103842,0.003169558,0.009358354,0.002325268,0.005275854,0.046916251,0.006753073,0.009954807,0.154862967,0.011017277,0.079836974,0.004192822,0.066435626,0.003145924,0.001837025,0.015378241,0.006817797,0.071265859,0.000819278,0.001085319,0.003674389,0.003189787,0.000991031,0.003033793,0.001842673,0.004517768,0.002220367,0.020501005,0.002428187,0.019246685
875,0.009947893,0.000592584,0.001773545,0.002267624,0.009304744,0.017439241,0.12440324,0.012048212,0.029298783,0.021624328,0.061708288,0.00101045,0.003040683,0.003402622,0.011117711,0.00803999,0.031051898,0.006846479,0.191003592,0.006663969,0.024715282,0.015071495,0.269068319,0.001035171,0.004060431,0.000920924,0.001122246,0.009326431,0.002384107,0.011653921,0.000985425,0.002448689,0.005504944,0.015256419,0.001978431,0.018892206,0.003254397,0.009339873,0.003995847,0.042612805,0.000633075,0.004823755
876,0.009299213,0.006246495,0.017184332,0.014147757,0.082310251,0.004998857,0.011978925,0.015681038,0.066879924,0.002899102,0.006121107,0.002989287,0.003494033,0.011054672,0.044629487,0.004732463,0.011884429,0.226662761,0.010249048,0.027590553,0.043121476,0.022071571,0.058579131,0.006891957,0.004581029,0.006048892,0.010305892,0.03549,0.018113282,0.039937602,0.004440547,0.020133438,0.011435185,0.021825538,0.006445217,0.013479997,0.005342893,0.013640844,0.004040937,0.009149767,0.010640482,0.062668222
877,0.005447874,0.001581103,0.003239427,0.004249631,0.010640528,0.01511935,0.092210979,0.013817713,0.08274854,0.005898511,0.037987056,0.000878432,0.00188341,0.013260443,0.033551451,0.030656861,0.169341136,0.009462794,0.103763601,0.009390004,0.018292721,0.009820178,0.024880671,0.001159549,0.001407776,0.001836766,0.002189719,0.004232459,0.002789493,0.00806672,0.007375259,0.12538851,0.025457884,0.033207023,0.006225698,0.013915758,0.013183075,0.047018534,0.002027572,0.005143664,0.000832227,0.002921998
879,0.03509746,0.001219835,0.006140321,0.003700461,0.037173918,0.002881898,0.011087778,0.003134209,0.010584509,0.001953076,0.005219698,0.002196253,0.040265849,0.003623192,0.019094317,0.001660329,0.004862554,0.030888813,0.005393724,0.00970583,0.167004715,0.01120658,0.124016812,0.003830792,0.089591119,0.003207866,0.001977738,0.099629872,0.005208005,0.078328208,0.000575353,0.001152385,0.003407069,0.006834653,0.001003307,0.008873883,0.00185839,0.006726678,0.002305737,0.129720373,0.002062778,0.026143256
880,0.00639192,0.002629783,0.016762619,0.006111972,0.04219172,0.002176523,0.005533278,0.007295542,0.01795033,0.001372357,0.002615207,0.001827272,0.004479147,0.004530658,0.015554329,0.00162978,0.003842426,0.190500467,0.004304496,0.015253511,0.030793283,0.012414567,0.073101429,0.003926462,0.028963633,0.002756936,0.004675694,0.043646481,0.011386902,0.115405323,0.001168638,0.003323273,0.004042625,0.010296926,0.002114084,0.009778777,0.002192483,0.004927234,0.00207342,0.008086782,0.005797509,0.293582684
881,0.003390144,0.005548891,0.014459948,0.008957303,0.026242109,0.007608401,0.010125606,0.027251143,0.057326971,0.003778174,0.006348877,0.001310149,0.000960935,0.032624116,0.114554601,0.012912211,0.021053783,0.010049959,0.011244051,0.016528674,0.015228346,0.008946796,0.011884853,0.001497747,0.000884183,0.002030028,0.004813103,0.007040941,0.003303784,0.003652206,0.018606133,0.177494816,0.046904424,0.094214849,0.013360828,0.041160666,0.038371168,0.112450822,0.002507272,0.002997966,0.001149527,0.002793125
882,0.020308762,0.001045871,0.003283098,0.003006779,0.023212341,0.006369177,0.030771534,0.004874851,0.012564378,0.013897067,0.113158743,0.000945017,0.007330364,0.003699238,0.012884272,0.00291289,0.011326833,0.013425027,0.032398145,0.006734211,0.0365032,0.010786734,0.203624111,0.001129007,0.016120628,0.001419728,0.00173604,0.047156688,0.002562118,0.017738223,0.000692778,0.001278461,0.00357577,0.009803862,0.001623335,0.011054988,0.00228446,0.006256811,0.004066438,0.288069382,0.000849035,0.009754617
883,0.005826225,0.002880183,0.028245969,0.005177618,0.08825709,0.003503515,0.011191323,0.009168329,0.023429784,0.00179829,0.003901447,0.000723694,0.00435682,0.009541927,0.082224133,0.005178951,0.064504952,0.023472413,0.009956693,0.008307274,0.025048696,0.005536533,0.06549913,0.001048228,0.005013556,0.001936107,0.002956002,0.085542924,0.002527535,0.029024205,0.00252173,0.004147676,0.011784561,0.101345643,0.004843598,0.19408841,0.007028571,0.024912811,0.001368883,0.021470681,0.000937807,0.016426268
884,0.004518431,0.005342125,0.005071249,0.009699307,0.031245548,0.00783784,0.022514205,0.033930282,0.43471599,0.008261139,0.041740242,0.001241035,0.005670305,0.017238054,0.02469711,0.010298989,0.027973625,0.04119005,0.036605111,0.014524477,0.027824157,0.011894047,0.03027627,0.002129463,0.002721791,0.006740818,0.005336214,0.009644084,0.004703006,0.009143955,0.011363959,0.018818982,0.018540826,0.009676349,0.006540208,0.006242678,0.010554402,0.011535619,0.003307923,0.003984967,0.002498986,0.005031679
885,0.025023034,0.000834478,0.002468627,0.002901701,0.016286948,0.008160982,0.083209093,0.004987659,0.012562165,0.016109192,0.13084072,0.00148778,0.00709675,0.00392878,0.01205637,0.003245099,0.010130933,0.01163922,0.059417562,0.009710142,0.039484591,0.013801565,0.254431996,0.001460294,0.010261164,0.001888432,0.0015795,0.026225412,0.003045041,0.018036011,0.000693105,0.001498428,0.003676256,0.007636482,0.001546468,0.007085734,0.002627847,0.007429046,0.005815169,0.164013208,0.000850178,0.00821869
886,0.011610163,0.001427367,0.001681002,0.005436136,0.011394607,0.033584608,0.131275469,0.023388851,0.082047949,0.029378273,0.063122777,0.001535136,0.004106575,0.007753024,0.015158615,0.012241375,0.025105077,0.012603828,0.220272092,0.013717582,0.036791332,0.028932941,0.094558716,0.002023853,0.00335209,0.001892502,0.002580409,0.004519204,0.004567975,0.012229548,0.003295677,0.021410413,0.012850752,0.00860308,0.004918189,0.005948055,0.005817631,0.013173786,0.006322258,0.016016592,0.001254174,0.004336673
887,0.020885489,0.000806406,0.003937752,0.002557465,0.01864499,0.002477781,0.010056129,0.003208555,0.043922883,0.001820911,0.006976532,0.002131414,0.29194485,0.002148825,0.010943908,0.002025948,0.006719951,0.030072669,0.005822596,0.008907077,0.110825991,0.007635672,0.084130834,0.002593847,0.131738804,0.003464667,0.001399435,0.03590681,0.004371007,0.045152064,0.000639457,0.000933333,0.002852324,0.005434612,0.000850216,0.007039125,0.001454653,0.004729559,0.001618694,0.058572509,0.001313246,0.021069806
888,0.00587582,0.001137336,0.018084083,0.002634416,0.08108112,0.00123709,0.004174924,0.002757516,0.00658054,0.000763347,0.002344967,0.000736744,0.020540799,0.002071194,0.006774573,0.000822717,0.002399173,0.043084574,0.00297783,0.005346158,0.042157348,0.004660327,0.103745514,0.00143408,0.058756408,0.001418166,0.001821108,0.370236619,0.003060261,0.071907146,0.000416349,0.000652869,0.001689867,0.006777344,0.000638298,0.012482083,0.001017776,0.002563985,0.001016007,0.05029453,0.001521201,0.059599376
889,0.041749212,0.001296693,0.003318702,0.004774073,0.025716955,0.009021666,0.04144968,0.007957948,0.02114777,0.019307895,0.160678351,0.001818386,0.011839685,0.006158596,0.02365792,0.004366688,0.016370878,0.016296332,0.033741322,0.012860683,0.058692996,0.01692982,0.152248965,0.002008649,0.016230904,0.00305131,0.002562386,0.021108708,0.004358291,0.025430354,0.001081813,0.002531893,0.005739318,0.012266652,0.00258536,0.01175889,0.003722648,0.011289083,0.006694321,0.170277277,0.001272017,0.010388681
890,0.064697602,0.001544184,0.003665619,0.007465473,0.026385236,0.010140684,0.061916082,0.009308342,0.025119987,0.016664401,0.138324824,0.002344467,0.013307288,0.010445995,0.041222699,0.005309029,0.022132831,0.022607214,0.041666547,0.018075535,0.091921396,0.018595832,0.120656669,0.002981565,0.010029817,0.006842938,0.003144823,0.012111169,0.006490614,0.025335597,0.001578141,0.003415777,0.009341428,0.018182305,0.003209967,0.013871829,0.006686775,0.021497097,0.005853771,0.072265048,0.001859868,0.007927396
891,0.004273146,0.003730021,0.001622936,0.006445493,0.008238304,0.020692495,0.024239365,0.054523353,0.135419964,0.013728426,0.017537853,0.001017786,0.001463431,0.031102571,0.023237699,0.083188966,0.074301743,0.009499339,0.032180147,0.00992867,0.011866162,0.015338898,0.013961941,0.001424536,0.000842794,0.002019653,0.004068828,0.002551369,0.003434377,0.003666352,0.035871085,0.141622302,0.055122447,0.013754619,0.018320065,0.007080624,0.053123506,0.05369454,0.004138047,0.002724942,0.001208708,0.001934194
892,0.00619156,0.00221585,0.021194044,0.004673874,0.109429265,0.002311646,0.007718942,0.005770213,0.013909724,0.001282545,0.00382861,0.000774002,0.009699685,0.004947484,0.029104107,0.002331223,0.014582917,0.037728042,0.006106733,0.007770624,0.036162333,0.005742246,0.120155624,0.001237866,0.015594236,0.001781864,0.002830255,0.269940057,0.003018036,0.072818076,0.001277851,0.002835874,0.005122706,0.030235621,0.002049005,0.048354924,0.003138888,0.012184512,0.001408183,0.049096553,0.001187351,0.035404807
893,0.007922054,0.004969776,0.01642951,0.011140979,0.071472847,0.00376402,0.008843458,0.015097905,0.060452862,0.002139766,0.004008494,0.003440794,0.004774269,0.008219641,0.031392813,0.003083609,0.008730758,0.293300118,0.00708648,0.028533575,0.03628056,0.023448865,0.059349621,0.007781681,0.006452801,0.006618985,0.009159051,0.033119813,0.021845473,0.048581516,0.003256353,0.009160596,0.007900275,0.017193724,0.00429811,0.011119846,0.004151966,0.009015775,0.003659269,0.007965051,0.010768564,0.07578424
894,0.028147893,0.000704654,0.005231866,0.002717471,0.015898787,0.002279861,0.006257416,0.002805525,0.035070664,0.001429985,0.003237207,0.002939388,0.371763791,0.002449723,0.009304737,0.001181285,0.002738945,0.026800305,0.003650527,0.009125582,0.071790311,0.009551587,0.090352105,0.003667737,0.146776979,0.006649276,0.001509825,0.021728074,0.00466385,0.042763458,0.000530074,0.000700089,0.002119996,0.003603811,0.000770397,0.003449137,0.001358444,0.00305826,0.001990889,0.024907834,0.001718675,0.027190992
895,0.014442252,0.000954897,0.009589094,0.002574001,0.016661492,0.001569888,0.004711204,0.00299229,0.01227684,0.000903068,0.002144924,0.001518187,0.103171921,0.002221495,0.00789379,0.000827312,0.001762558,0.036395356,0.002790439,0.006484839,0.061779196,0.007297351,0.193458608,0.002513119,0.208301972,0.00953724,0.00175193,0.030540625,0.004050289,0.084046119,0.000437543,0.000725221,0.001468025,0.005291793,0.000722306,0.003875956,0.001057918,0.002606032,0.001373281,0.020881354,0.001757242,0.140382013
896,0.013344562,0.001030613,0.001690949,0.003956735,0.007530031,0.026755238,0.163575222,0.013398651,0.052975316,0.018399876,0.047784075,0.002071116,0.002976892,0.008321661,0.014030142,0.014661668,0.046743342,0.009500509,0.218676751,0.014661054,0.029791558,0.020061391,0.14211056,0.001852603,0.002236437,0.001213684,0.001977874,0.003876842,0.004295355,0.010427228,0.002227918,0.005408464,0.01109251,0.021479835,0.003818899,0.01410652,0.006968253,0.016659743,0.004360672,0.01154043,0.001040239,0.003571768
897,0.004619478,0.012713068,0.014718423,0.018271438,0.03273543,0.007138296,0.01259608,0.029284256,0.132600441,0.004893977,0.008990382,0.001381262,0.0013949,0.025852648,0.064869959,0.009620383,0.027060048,0.030341964,0.0140204,0.032389857,0.040386095,0.013198263,0.01766525,0.002167286,0.001367182,0.003728402,0.011112533,0.009956685,0.00465241,0.006834534,0.011385179,0.199313143,0.034441473,0.05094014,0.018302043,0.018347473,0.01483556,0.046931115,0.004206719,0.004107797,0.002308999,0.005882342
898,0.024259777,0.001132372,0.007645269,0.003038927,0.038500919,0.004450726,0.023056543,0.004000802,0.010815966,0.003250845,0.01800316,0.001518801,0.019631727,0.003719897,0.015345049,0.003294474,0.013967932,0.022640769,0.01642999,0.008780741,0.070466393,0.00847234,0.163452358,0.002013098,0.03746068,0.002161219,0.001792877,0.128477864,0.003151118,0.039773201,0.000659292,0.001162579,0.004363551,0.013142896,0.001549946,0.017550115,0.002413787,0.005898866,0.00207629,0.233713899,0.00116325,0.020469844
899,0.036155863,0.000855914,0.004434184,0.002666017,0.020641344,0.003434777,0.011860596,0.00271572,0.013048516,0.00162033,0.005790438,0.002867348,0.174528278,0.002804827,0.009654329,0.001848791,0.005293735,0.021273969,0.005480061,0.011340723,0.135373444,0.009115649,0.08838599,0.002963445,0.196935264,0.006228726,0.001454469,0.058039399,0.004110299,0.041736686,0.000495595,0.000756254,0.002578423,0.005558094,0.000882684,0.007634793,0.001762242,0.004412514,0.002009599,0.077370875,0.001283906,0.020072366
900,0.004050834,0.006126834,0.071237228,0.008213164,0.124237281,0.003137633,0.009001254,0.012913446,0.029204804,0.001994074,0.003731575,0.000918928,0.002589669,0.009810437,0.052519034,0.003872031,0.034127235,0.039238503,0.009104882,0.013539066,0.027530302,0.007670462,0.046507163,0.001520059,0.004202011,0.002378283,0.005065352,0.15835738,0.003658188,0.017551322,0.002936202,0.00363865,0.011940994,0.079998951,0.005275935,0.138661123,0.004916292,0.011196317,0.002055545,0.012434276,0.001381537,0.015714282
901,0.022106392,0.001093743,0.006780129,0.002763918,0.029879353,0.004480674,0.033571101,0.004457378,0.011553871,0.005401797,0.040028764,0.000907777,0.0107073,0.003812375,0.018617717,0.003180927,0.020717429,0.014589604,0.023926311,0.006905267,0.040849976,0.007340611,0.249159206,0.001126855,0.017536143,0.001499442,0.001517856,0.058063136,0.002331658,0.025107995,0.000786769,0.001953467,0.004520281,0.016497949,0.001818799,0.025383678,0.002601848,0.009234733,0.002143983,0.254771716,0.000772544,0.012979594
902,0.008403857,0.009445017,0.01412785,0.018087821,0.077914605,0.007551969,0.01623086,0.027360913,0.112627733,0.00517206,0.010378047,0.002264555,0.002882163,0.020210024,0.06759533,0.008395595,0.023669398,0.125526894,0.016631569,0.03205851,0.045649741,0.019649231,0.042389446,0.005125885,0.003119857,0.007649509,0.012648897,0.020731453,0.012222405,0.017263598,0.009456667,0.057225107,0.024146885,0.025511073,0.012707781,0.01395741,0.011510434,0.025590848,0.004420411,0.007577712,0.006813615,0.016709988
903,0.020871753,0.000888492,0.002897853,0.003240715,0.016386319,0.002729159,0.009847462,0.003721916,0.047340557,0.001858204,0.00501118,0.00240727,0.329250041,0.002753974,0.009570695,0.001813171,0.00426127,0.040047638,0.005586557,0.009292217,0.140975448,0.009884461,0.081434544,0.003562999,0.106836047,0.003129877,0.001823089,0.017859877,0.005628365,0.056923262,0.000625467,0.000828261,0.003108567,0.003355279,0.000940836,0.003351172,0.001652572,0.004361133,0.002015392,0.023750051,0.002117537,0.019884017
904,0.0032954,0.0019695,0.0016263,0.0205934,0.0791883,0.0054562,0.0102607,0.0335639,0.2840355,0.003887,0.0036573,0.0021504,0.0236517,0.0100047,0.0144618,0.0043941,0.0066968,0.1598046,0.0171888,0.0246882,0.0248385,0.0210366,0.076349,0.005777,0.0266247,0.0080285,0.0050335,0.0078957,0.0210238,0.0317602,0.0010184,0.0009491,0.01559,0.004239,0.0026846,0.0028888,0.0037756,0.0049367,0.0035215,0.0022168,0.0054364,0.0138017
905,0.003990976,0.010447688,0.003932955,0.022499287,0.017180489,0.010881085,0.020730263,0.046181865,0.222633032,0.007843533,0.019432061,0.001432514,0.001204675,0.038482261,0.030679621,0.015829609,0.042428512,0.022176131,0.025691085,0.03661737,0.039841438,0.015510076,0.015179933,0.002071622,0.000941438,0.002540174,0.011338257,0.004411562,0.004731137,0.005123746,0.023788872,0.111320185,0.050636183,0.017236835,0.023315121,0.006347219,0.026577586,0.03145592,0.005073428,0.002686593,0.002331668,0.004743772
906,0.015553183,0.000711925,0.003813585,0.002168283,0.014368294,0.001918594,0.00770424,0.003026151,0.040604941,0.001370492,0.005330297,0.001709682,0.405497573,0.001960072,0.009728973,0.001617801,0.005092808,0.026037178,0.004524863,0.00689019,0.078048376,0.006142913,0.079589418,0.001971134,0.108344496,0.005166457,0.001243107,0.037002579,0.003396642,0.037273896,0.000566552,0.000851736,0.001893192,0.004484489,0.000730885,0.006079187,0.001243975,0.003359927,0.001265488,0.050519164,0.001086654,0.017520387
907,0.00864575,0.001935949,0.024198293,0.003995019,0.076675403,0.00275409,0.009695515,0.006346107,0.013632131,0.001435854,0.003428848,0.000599791,0.008666228,0.005878563,0.041813791,0.003953297,0.052139234,0.028300306,0.008573193,0.006761056,0.03154385,0.004841163,0.166838384,0.000957574,0.010303562,0.001798247,0.002368545,0.131525399,0.002330797,0.056172735,0.001380203,0.003272937,0.007997821,0.064279241,0.002966093,0.108287709,0.004401253,0.016250211,0.001188196,0.04881814,0.000959142,0.029535707
908,0.04134626,0.000916549,0.004582035,0.003688558,0.015634328,0.003614135,0.010146835,0.003354637,0.018795211,0.00201391,0.005214948,0.004125299,0.170042073,0.00315703,0.009981243,0.001648677,0.003469126,0.034224181,0.005666574,0.012560405,0.1493172,0.014011133,0.169504953,0.004844498,0.130785927,0.004193633,0.002301962,0.028644752,0.006268448,0.061729339,0.000497314,0.000737776,0.002447078,0.004277713,0.000915514,0.004341808,0.001833066,0.004197562,0.003024908,0.040238718,0.00215238,0.024699647
909,0.008791005,0.008697376,0.030723913,0.016570139,0.067167552,0.005022304,0.009960641,0.018993428,0.053646519,0.002968238,0.005074325,0.002638276,0.003527273,0.012693993,0.047375315,0.004459482,0.010280705,0.224346601,0.009247217,0.031256057,0.041989462,0.021304235,0.050416075,0.005773629,0.005510752,0.005462575,0.012654731,0.028616729,0.015872805,0.03134535,0.003838841,0.022433273,0.014421668,0.03674909,0.00894644,0.017333762,0.005684847,0.016224662,0.004347122,0.008805984,0.006849123,0.072659321
910,0.007719879,0.004359793,0.017950707,0.011269577,0.055858393,0.003506668,0.007363619,0.011203859,0.038722939,0.002185982,0.003628416,0.002441948,0.004236721,0.007619777,0.028470822,0.002663519,0.006609287,0.326335742,0.006513904,0.022174133,0.034771494,0.019309903,0.060801713,0.005610506,0.007430382,0.005408493,0.0075481,0.034733199,0.017786505,0.048791737,0.002362008,0.010552159,0.007147295,0.018511146,0.004207892,0.011087602,0.003545553,0.009484607,0.003301244,0.008341446,0.007520056,0.111666217
911,0.003970197,0.012409247,0.171751451,0.015441542,0.038016391,0.00403196,0.005206065,0.021207421,0.049720031,0.002726013,0.003215712,0.001662943,0.001557114,0.017814537,0.049670443,0.004777191,0.0087984,0.049592348,0.006508689,0.027745577,0.039731493,0.013792321,0.018685024,0.0025055,0.003266195,0.001845861,0.010897198,0.028978289,0.006365871,0.009391146,0.005819186,0.013795677,0.023035408,0.128256314,0.012504117,0.138620057,0.008298764,0.014045385,0.004278601,0.003750815,0.002740366,0.018338605
912,0.010317299,0.000630162,0.004745215,0.001603508,0.012384299,0.001117845,0.003054169,0.001673739,0.004308321,0.000509218,0.001309266,0.000938009,0.027994096,0.001366349,0.003425665,0.000566055,0.001105712,0.024887961,0.001517957,0.004309738,0.044680962,0.004319997,0.06505221,0.001507219,0.599404105,0.001253634,0.00124649,0.033075743,0.002406922,0.037293025,0.000236179,0.000394099,0.000936947,0.00296309,0.000371186,0.002370728,0.000686793,0.001613697,0.000904766,0.023851364,0.001156118,0.069828811
913,0.011342949,0.000979779,0.007239401,0.003092735,0.022746956,0.001812686,0.006749136,0.003361243,0.01523284,0.001134934,0.002670587,0.001536014,0.048291688,0.002673586,0.009835646,0.000970261,0.002455713,0.05675169,0.00425491,0.007540788,0.057851741,0.00798519,0.223657421,0.002607739,0.09564737,0.015707953,0.001894468,0.025017144,0.00547384,0.126876848,0.00047066,0.000952958,0.001756496,0.005215147,0.000765926,0.003812263,0.00126083,0.003596322,0.001392331,0.020453606,0.002177522,0.207437885
914,0.004247537,0.001392169,0.012982261,0.003228866,0.016033381,0.014602782,0.051417891,0.013306876,0.036220708,0.005372798,0.010735731,0.000890807,0.001210968,0.007327046,0.039092774,0.036741542,0.289217933,0.007179479,0.048483783,0.008186886,0.011028468,0.009176239,0.051786772,0.001049416,0.001036931,0.000971744,0.001843784,0.014485097,0.002520708,0.005554129,0.00309438,0.010038079,0.019652853,0.097772505,0.005868346,0.099792713,0.009391215,0.038927682,0.001849143,0.004993455,0.000734977,0.003017554
915,0.005709891,0.005424657,0.088433469,0.010759863,0.067050719,0.002728927,0.005634727,0.01378373,0.022681746,0.001769366,0.002815856,0.001473591,0.008856512,0.007699358,0.013147122,0.002360668,0.005194207,0.102120301,0.00520542,0.016920571,0.038059015,0.011778436,0.071177752,0.002927245,0.044415053,0.002261005,0.007673515,0.129023217,0.007484879,0.056309004,0.002185372,0.002446561,0.006918968,0.039549469,0.00365135,0.027236276,0.002852532,0.005330652,0.002803573,0.012152947,0.003807634,0.142807041
916,0.014971706,0.000926198,0.010847912,0.002564911,0.02644653,0.001685774,0.005799328,0.002558639,0.007269567,0.000931523,0.002378316,0.001479891,0.047363819,0.002190978,0.006850491,0.000936346,0.002064297,0.036760918,0.002944214,0.006301129,0.08454887,0.006896778,0.123189002,0.002332388,0.310520113,0.001788812,0.001805842,0.088919884,0.003864634,0.075076845,0.000393652,0.000634681,0.001607672,0.005822633,0.000597329,0.006955234,0.001151336,0.003036242,0.001404922,0.044490719,0.00166852,0.058399658
917,0.004271824,0.008601613,0.143519227,0.01350505,0.07311973,0.003500598,0.006083159,0.02020213,0.035359081,0.002482425,0.003720332,0.001568218,0.003976149,0.010982757,0.023833442,0.003529646,0.009555255,0.080657197,0.007231918,0.021870947,0.037858621,0.013083165,0.040854609,0.002802032,0.013192771,0.002149937,0.008925691,0.149817004,0.006910534,0.02657639,0.003568252,0.003885387,0.01217725,0.064817703,0.005118152,0.057856367,0.004306157,0.007769742,0.003558015,0.010729495,0.0031146,0.050292362
918,0.007148787,0.00148161,0.001109505,0.005036992,0.007139812,0.035488347,0.091092885,0.030765944,0.190066631,0.021521227,0.072564148,0.001266131,0.003227027,0.009236927,0.010048997,0.055607266,0.051313856,0.011391323,0.161690721,0.010994122,0.021595842,0.023465792,0.049450209,0.001796279,0.001906229,0.002434172,0.002697831,0.002718154,0.004493395,0.006917902,0.008295583,0.014332173,0.026808492,0.007652875,0.008038507,0.005077559,0.010080258,0.010763666,0.004793182,0.007568989,0.001363524,0.00226996
919,0.005329082,0.004679158,0.105044961,0.010625402,0.063272256,0.002557072,0.005172922,0.01216396,0.018930982,0.001595075,0.00253812,0.001414848,0.00998247,0.006666877,0.013770906,0.002179487,0.004649016,0.133220927,0.004940227,0.015789679,0.035587883,0.012242881,0.075232496,0.003152748,0.027450021,0.0027016,0.007489903,0.134253843,0.008297155,0.059712835,0.00172021,0.002791426,0.005858173,0.045947934,0.002845,0.023657658,0.002555823,0.00506439,0.002794816,0.011905271,0.004111418,0.112565321
920,0.006518513,0.001836134,0.018690593,0.004554544,0.092916947,0.002892013,0.012719714,0.005399785,0.012748425,0.001839444,0.005750599,0.000763345,0.008903686,0.004569432,0.028054107,0.002584695,0.020667739,0.038034193,0.011276631,0.0077077,0.035178301,0.006113129,0.178010826,0.00122559,0.012419637,0.001853415,0.002663469,0.225781537,0.003205395,0.062732371,0.0011208,0.002738626,0.005317921,0.031240325,0.002032723,0.04479186,0.003053264,0.012813348,0.001462773,0.052057018,0.001180452,0.030209858
921,0.0086705,0.000805879,0.009760647,0.002316263,0.049840827,0.001321517,0.004158741,0.002039236,0.006338392,0.000703638,0.001928606,0.000819186,0.032667867,0.002005891,0.007557469,0.000908552,0.003029394,0.026541442,0.002571874,0.004778101,0.061407062,0.004261223,0.095093456,0.00128961,0.097927727,0.001680372,0.001343842,0.316740912,0.002342853,0.06101732,0.00032108,0.000534747,0.00171807,0.005557704,0.000597109,0.009965435,0.000985058,0.002810334,0.000933817,0.126781793,0.000952507,0.045341256
922,0.007751786,0.001344204,0.013187697,0.003024546,0.055129981,0.003713673,0.017120871,0.004822047,0.01177731,0.002505763,0.009515184,0.000582452,0.009057897,0.00419077,0.022048899,0.004769987,0.032616712,0.019961379,0.016481211,0.00593324,0.032238044,0.005003845,0.219309068,0.000844381,0.016803334,0.001397189,0.001643754,0.146377473,0.0019925,0.033430211,0.000953089,0.001742195,0.006277174,0.029245432,0.002528498,0.043711205,0.003242233,0.01140641,0.00122656,0.177367753,0.000755918,0.020424391
923,0.006921106,0.002122297,0.001334828,0.006325112,0.00720338,0.042681301,0.056250738,0.038485939,0.11052946,0.024841649,0.039897058,0.001450416,0.002179503,0.014409668,0.016713615,0.091240196,0.115780884,0.010259004,0.110109936,0.013595793,0.017431107,0.022981564,0.024869786,0.001945689,0.001321185,0.00172834,0.003444719,0.002845855,0.004984306,0.005878461,0.01609386,0.048075007,0.0475049,0.013167879,0.011505589,0.007873752,0.018531528,0.026772343,0.004969077,0.005344253,0.001550467,0.002080824
926,0.005041328,0.001927205,0.060576,0.005330277,0.10404545,0.001685447,0.004607848,0.008011948,0.0343225,0.001684726,0.002250915,0.00294699,0.004448248,0.003248637,0.018312525,0.001012857,0.007112118,0.1520813,0.003501683,0.017560575,0.028177325,0.013237128,0.039439575,0.004105788,0.030722395,0.001535055,0.003058557,0.131414425,0.008932603,0.0368977,0.001504563,0.00512366,0.002562323,0.02254375,0.00158014,0.030472,0.001881128,0.005570813,0.002049238,0.012241293,0.003779903,0.17751915
927,0.01179622,0.00083944,0.002039743,0.003364167,0.009120722,0.021017899,0.116022776,0.013834611,0.035028662,0.019624908,0.052890065,0.001176371,0.003240002,0.005924499,0.015593458,0.013060196,0.054641994,0.008239155,0.193755823,0.009221052,0.028166568,0.017886489,0.205623,0.00134143,0.002657022,0.001344349,0.001671413,0.006304447,0.003113998,0.014317137,0.00170727,0.004730788,0.009290172,0.028034698,0.003126758,0.022853194,0.005777355,0.018025552,0.004261063,0.025473634,0.000833823,0.005034357
928,0.008742962,0.001669748,0.013265948,0.00391697,0.048457993,0.007754722,0.035401544,0.008513105,0.019828566,0.003945387,0.008500577,0.000706215,0.008437931,0.00700436,0.034239383,0.007862273,0.07686118,0.022330389,0.032179935,0.006781237,0.033702134,0.007573446,0.210997621,0.001082004,0.00948436,0.001805505,0.002215036,0.070774793,0.002553264,0.049125975,0.0016895,0.003589006,0.011105987,0.04252133,0.003314241,0.082785637,0.005523054,0.019402972,0.001639261,0.064844498,0.00094834,0.023297841
929,0.004517564,0.01529187,0.011234887,0.02200636,0.026618943,0.008858253,0.014744626,0.035530929,0.102874988,0.006249473,0.011973573,0.001431013,0.001319205,0.033030215,0.057060867,0.012211737,0.034558201,0.026893235,0.017879342,0.036184468,0.043025952,0.015057929,0.018188962,0.002186325,0.001195545,0.003584637,0.013116573,0.006899707,0.004860867,0.005791911,0.012952586,0.201054691,0.043249635,0.038953403,0.021942511,0.015386591,0.017282729,0.046172639,0.005051209,0.004326346,0.002410935,0.005163696
930,0.012214041,0.000906428,0.010699677,0.002743645,0.056522519,0.002166736,0.007356269,0.00271055,0.009367015,0.001093824,0.002539581,0.00100483,0.031252633,0.002648718,0.00899292,0.001766164,0.006184736,0.02777943,0.004754963,0.006008522,0.065080641,0.005310917,0.08480696,0.001517026,0.079522559,0.001661937,0.001561513,0.281063372,0.002693886,0.05955017,0.000444251,0.000630829,0.003324213,0.009146033,0.000996901,0.012622777,0.001698944,0.00396731,0.001231481,0.152919454,0.00104769,0.038453751
931,0.003505806,0.011018505,0.157003599,0.01615389,0.035657674,0.004222861,0.00501091,0.016644336,0.03790698,0.002379274,0.003108987,0.001225939,0.00156103,0.019479365,0.06885308,0.004869838,0.007041228,0.053924168,0.007246375,0.028440477,0.03673487,0.01282157,0.017624064,0.002087224,0.003331136,0.001880044,0.010136584,0.030670647,0.005019666,0.009499889,0.004306612,0.026389409,0.023227258,0.145370878,0.012832238,0.12114806,0.007340477,0.014750328,0.004242411,0.003480077,0.002670936,0.024427154
932,0.053692904,0.001083073,0.00508516,0.003223249,0.016423786,0.004494675,0.010169437,0.002659699,0.007802514,0.001587174,0.003066455,0.005968512,0.05910733,0.003540962,0.008447577,0.002050403,0.00313841,0.022761966,0.004467635,0.014754592,0.177880353,0.013398375,0.097076181,0.00529979,0.262598754,0.002458833,0.001903211,0.052332213,0.005311125,0.052615958,0.000499511,0.000634711,0.003103889,0.003715696,0.000825155,0.004159938,0.002021011,0.004650286,0.002989873,0.055524043,0.00173126,0.025630056
933,0.007188711,0.007845576,0.02806597,0.018200366,0.046417569,0.004377363,0.006943794,0.022573943,0.04095386,0.002909406,0.004029085,0.003075263,0.003734211,0.010808802,0.023387871,0.003635485,0.006131312,0.314035264,0.007976665,0.033011436,0.046380407,0.024626116,0.042793061,0.006731693,0.006698429,0.004701863,0.012559786,0.028511298,0.019172988,0.03472712,0.002661626,0.007718034,0.010270202,0.018627185,0.005319867,0.010093464,0.004370901,0.007923552,0.00498917,0.005851075,0.009389423,0.100187048
934,0.026210231,0.000812565,0.001774087,0.003212412,0.013194075,0.014098665,0.119612147,0.006800672,0.021099321,0.021896559,0.079262205,0.001598562,0.005758245,0.004270248,0.01139332,0.004128594,0.011616331,0.010983301,0.122709552,0.010797252,0.04546992,0.01994343,0.258508363,0.001626261,0.007895558,0.001911581,0.001583668,0.012461457,0.003402376,0.015881641,0.00081348,0.002605258,0.004308129,0.00711744,0.00177092,0.005481652,0.003001876,0.008093081,0.006491842,0.096181571,0.000874572,0.006535295
935,0.013426848,0.00117585,0.012133642,0.002970797,0.053521569,0.003503843,0.018361697,0.00371061,0.009757533,0.002415766,0.010210178,0.001058764,0.018245913,0.00336087,0.014614348,0.002839766,0.015942602,0.025334962,0.016104731,0.006175415,0.051368725,0.006668018,0.178424921,0.001610101,0.027440804,0.001900104,0.00170972,0.18544237,0.002677384,0.049937512,0.000627277,0.001253402,0.003629668,0.014850778,0.00154691,0.024934595,0.001939412,0.005413744,0.00152725,0.176775703,0.001086892,0.029597384
936,0.039170677,0.001289844,0.003634869,0.004560374,0.025766256,0.008799883,0.042033675,0.00800796,0.020554993,0.019687089,0.143544778,0.001712233,0.010461714,0.006667966,0.030014014,0.004137336,0.016072344,0.016366238,0.036288807,0.011922805,0.061228111,0.01487793,0.146774208,0.001920128,0.014364211,0.003400272,0.002312705,0.025333996,0.003923674,0.021528889,0.001177199,0.002425424,0.006658159,0.014747178,0.002489325,0.012577193,0.004141987,0.014047292,0.005493813,0.184286194,0.001203888,0.008672551
937,0.036095521,0.001584444,0.002674379,0.006217518,0.018086503,0.014915989,0.059746115,0.010049386,0.023196218,0.043305524,0.233155806,0.002715359,0.007127349,0.00869852,0.024116702,0.005666882,0.02015077,0.016203896,0.069545717,0.018985341,0.053906783,0.028178696,0.097146375,0.002904657,0.006079091,0.002817676,0.003074165,0.008209621,0.005839941,0.017128821,0.001452693,0.002527845,0.008853609,0.01482976,0.00347563,0.009851687,0.005025605,0.016354754,0.012514465,0.074133773,0.001713172,0.005759402
938,0.089059115,0.002767768,0.006487331,0.007646682,0.044404096,0.010058253,0.055943067,0.009250176,0.023352326,0.007709705,0.037115675,0.003386288,0.012508412,0.010883626,0.054077131,0.00674395,0.029503258,0.026352724,0.024722349,0.020274833,0.081478148,0.022708683,0.151620607,0.004078216,0.015196539,0.005010392,0.004263204,0.015647727,0.00815845,0.03073779,0.001990748,0.005495823,0.009821816,0.026337751,0.004337005,0.022952027,0.00705339,0.025438063,0.005987827,0.061216062,0.002284871,0.013196566
939,0.071861381,0.002824403,0.006551015,0.007124188,0.046562203,0.009865561,0.053361937,0.009547903,0.023524815,0.009345702,0.060319104,0.002519649,0.008802435,0.009641561,0.043548714,0.006530243,0.027197095,0.027561688,0.023687597,0.017308525,0.065489217,0.018086223,0.17023475,0.003001105,0.008965993,0.004348841,0.004218318,0.023865215,0.006227516,0.027752117,0.00189037,0.004813957,0.007947188,0.022905259,0.004007121,0.021440993,0.005884508,0.020608046,0.005016271,0.097946178,0.001902114,0.011707643
940,0.008335793,0.001183106,0.013498562,0.002922254,0.062852454,0.002760676,0.012293428,0.003736783,0.009827923,0.001906183,0.007213846,0.00069624,0.019243746,0.003087097,0.015174533,0.002604469,0.021658888,0.026961457,0.011367392,0.005862395,0.049679071,0.00497709,0.186289599,0.001048631,0.023329241,0.001870027,0.001679779,0.237382511,0.002291134,0.062467704,0.000789106,0.001609156,0.003920707,0.019903024,0.001555747,0.029885847,0.002170577,0.008675979,0.001198397,0.099710641,0.000873759,0.033894101
941,0.004397527,0.0093693,0.180722399,0.015101216,0.046420229,0.003902499,0.006163481,0.021004761,0.037328521,0.002515591,0.003739017,0.001530522,0.003031428,0.011863447,0.026705074,0.004021682,0.00870926,0.113933018,0.007630216,0.022541154,0.036354204,0.014833718,0.033519717,0.003052311,0.009894264,0.002425045,0.010223544,0.051062239,0.008267884,0.024969483,0.003618552,0.008993556,0.013166836,0.110266369,0.006074627,0.049830752,0.004756185,0.010478339,0.003930033,0.005530018,0.004190411,0.06259933
942,0.019324015,0.000560026,0.005638456,0.001754262,0.009897381,0.001490106,0.003909086,0.001646154,0.010213065,0.000807941,0.002119692,0.001765605,0.19245391,0.001574771,0.005167953,0.000748206,0.00159477,0.016252614,0.001962555,0.005559713,0.064900106,0.006667287,0.099903013,0.002446232,0.377960094,0.003205113,0.001149099,0.026117039,0.002694375,0.041705646,0.000279237,0.000404414,0.00110684,0.003398721,0.000428492,0.003115946,0.000834286,0.001863144,0.001395105,0.024877529,0.001196514,0.055489466
943,0.006417306,0.003210375,0.019790428,0.008076849,0.049565539,0.002675948,0.006063854,0.008458569,0.024022979,0.001602269,0.002804653,0.002196656,0.004334123,0.005710414,0.019630293,0.001962645,0.00456822,0.276341349,0.004923215,0.019463467,0.031227089,0.01609246,0.058347147,0.005158599,0.015301866,0.004143226,0.006019712,0.037377908,0.015697954,0.066355518,0.001464259,0.004819515,0.004868695,0.014501839,0.002866139,0.009685252,0.00257894,0.006142922,0.002569441,0.007043603,0.008618741,0.223335857
944,0.008493076,0.000907405,0.002866922,0.003658015,0.008465846,0.028057514,0.115959191,0.013981733,0.030301891,0.018034513,0.041686549,0.001137555,0.002728877,0.006611291,0.0135434,0.018785085,0.069927653,0.008241937,0.185198365,0.009188832,0.022756504,0.018984078,0.197448793,0.001450337,0.002276515,0.001002757,0.001948087,0.00666099,0.003469629,0.011164532,0.001784001,0.003788011,0.01164952,0.033315877,0.003587739,0.046739137,0.006159179,0.015219501,0.00376034,0.01605241,0.000961235,0.004124641
945,0.008316119,0.001391285,0.016200242,0.003462073,0.043784013,0.001580894,0.004987203,0.003669848,0.00757134,0.000841659,0.001904617,0.001126175,0.018553311,0.002664452,0.007290026,0.000970079,0.00250339,0.064616662,0.002912932,0.007879061,0.048114322,0.00666196,0.109467375,0.002156488,0.246792087,0.001830971,0.002541592,0.095620624,0.004970127,0.108616927,0.000513009,0.000895346,0.001987497,0.00879296,0.000882839,0.010692406,0.001245574,0.003352197,0.001297601,0.02385839,0.002410524,0.133091894
946,0.004259699,0.001480977,0.003982058,0.003711041,0.010020397,0.009655464,0.030868874,0.012447668,0.054180002,0.003076641,0.013575053,0.000736525,0.001285595,0.010551021,0.038553016,0.039272436,0.267364684,0.008158034,0.039802457,0.006560606,0.012204702,0.007732408,0.017065895,0.000957797,0.00100178,0.001698081,0.002034192,0.003696277,0.002263026,0.006221819,0.005906262,0.205765274,0.020675591,0.039003385,0.006260441,0.01735212,0.01280549,0.071413521,0.001549785,0.003873314,0.000753328,0.002726932
947,0.011189506,0.001300997,0.002002665,0.004552293,0.008131822,0.028593795,0.179696589,0.014673808,0.078783689,0.014793076,0.038289786,0.001970477,0.002667544,0.010676357,0.017214423,0.020552648,0.06241556,0.009972158,0.211403146,0.015320929,0.026522608,0.020737774,0.073375946,0.001955479,0.001927537,0.001427042,0.002360196,0.003546153,0.004499916,0.009074746,0.004338635,0.018232329,0.015627947,0.018736954,0.005375706,0.010835116,0.00973473,0.022718612,0.004518697,0.008455602,0.001185209,0.002862753
948,0.010367075,0.00061823,0.003463979,0.001633643,0.017285694,0.004044504,0.045069662,0.003484548,0.011497621,0.006459433,0.047044866,0.000561523,0.006621257,0.002111955,0.007450658,0.002295851,0.013726744,0.010172953,0.042250844,0.003757203,0.028455125,0.006104092,0.321602761,0.000713089,0.014275052,0.000945376,0.000993192,0.055806183,0.00151603,0.015347672,0.000456866,0.000919721,0.002630153,0.009575121,0.00101793,0.012164215,0.001552957,0.004112064,0.001964665,0.270949093,0.000569978,0.009491908
949,0.005233886,0.001678778,0.008678157,0.00379599,0.017067853,0.014642122,0.048737352,0.016123248,0.043099168,0.005452278,0.01129747,0.001032891,0.002041422,0.009537656,0.040164672,0.038552798,0.252284986,0.009262352,0.043385869,0.009275576,0.014522043,0.009847602,0.049303998,0.001167858,0.001898519,0.001308482,0.00227694,0.017393428,0.002813125,0.008309971,0.0038931,0.011749364,0.020973647,0.088281645,0.007363446,0.100764606,0.012111465,0.051295081,0.002057357,0.008928978,0.000843954,0.004619703
950,0.006491175,0.015131558,0.115394295,0.019783893,0.04752863,0.005596183,0.009395137,0.025438305,0.066232852,0.003281145,0.005602762,0.001873516,0.002260536,0.018932949,0.050423321,0.006370152,0.012559687,0.095328434,0.010240282,0.034171899,0.046319232,0.018400307,0.028401271,0.003386029,0.003433831,0.003748915,0.014423694,0.022644792,0.008364086,0.013871815,0.005836414,0.029746328,0.024156298,0.100914664,0.013643429,0.054116597,0.007693109,0.020401022,0.005256887,0.005726388,0.003911578,0.022340374
951,0.01098348,0.002169527,0.010748899,0.005822901,0.041779674,0.002690072,0.008210285,0.006992403,0.030080439,0.001672774,0.003406798,0.002130111,0.018139517,0.004436269,0.016853751,0.001756004,0.004562496,0.153443394,0.005912916,0.014814335,0.051230495,0.013588765,0.145927125,0.004354949,0.048266446,0.007460433,0.004225438,0.033620998,0.011580359,0.145257702,0.001152897,0.003105348,0.003734756,0.008845447,0.001881493,0.007365199,0.00222439,0.005606681,0.002207681,0.013993925,0.005608291,0.162079386
952,0.037169066,0.000799549,0.003622727,0.002014671,0.015827108,0.00265391,0.008704783,0.002186495,0.011367401,0.001202009,0.004095697,0.003269065,0.138868099,0.002229249,0.008124125,0.001341776,0.003444994,0.014781687,0.003332651,0.011039384,0.114373633,0.008197846,0.072994473,0.00297801,0.344874378,0.00286666,0.001379248,0.044041368,0.003161468,0.034451049,0.000372179,0.000641278,0.001709995,0.004106654,0.000771439,0.005582028,0.00132063,0.003656156,0.001792834,0.054028033,0.00102497,0.027381347
953,0.009101832,0.001017759,0.004422641,0.003634289,0.011233606,0.028451985,0.129072397,0.014523071,0.030880678,0.016225278,0.035767034,0.001237508,0.002352078,0.00813128,0.016758096,0.022897778,0.095661402,0.008576179,0.160730807,0.009368811,0.02211929,0.017455007,0.163319275,0.001408466,0.00175128,0.000890649,0.00200264,0.01254347,0.003361358,0.008103188,0.002105276,0.003678376,0.013407679,0.033749098,0.003772588,0.053445097,0.006850255,0.014131179,0.003361227,0.019940129,0.000906593,0.003756851
954,0.006307751,0.016342519,0.090825028,0.020637766,0.05015296,0.005821687,0.008930247,0.025667146,0.063817624,0.003523769,0.005354389,0.001786006,0.002193952,0.022889772,0.067702994,0.006423276,0.012381827,0.073883257,0.01061455,0.036061464,0.047704922,0.018028846,0.028260974,0.003190141,0.002717193,0.003729121,0.014357338,0.024090376,0.007382324,0.010771745,0.005974104,0.036190906,0.02778601,0.104935501,0.016519993,0.05805471,0.008598191,0.024172628,0.005463632,0.007007575,0.003654327,0.018451957
955,0.023895527,0.000745929,0.009183339,0.002681176,0.033073349,0.002664562,0.008538167,0.002203279,0.006958252,0.001433969,0.003109061,0.001928699,0.048361271,0.002494193,0.009107648,0.001212706,0.002825,0.023371236,0.005052775,0.007152859,0.114101835,0.008308636,0.110750262,0.002936006,0.20072645,0.001994869,0.001494661,0.138939323,0.003591025,0.053357204,0.000368277,0.000670478,0.002100096,0.005379953,0.000633984,0.007275792,0.001311378,0.003587835,0.001883537,0.116930002,0.001386192,0.032139059
956,0.008023843,0.000994904,0.009090865,0.002507843,0.03958291,0.004087019,0.02575437,0.00370222,0.010620499,0.003183023,0.014830744,0.000559551,0.009749759,0.003145955,0.01453855,0.003362728,0.026908917,0.020214833,0.024116915,0.004981987,0.038296136,0.005405594,0.268791171,0.000822015,0.014663885,0.001418657,0.00139208,0.12322664,0.002002407,0.043961274,0.000716665,0.001562359,0.004283054,0.018161672,0.001772827,0.029464329,0.002187551,0.008061938,0.001422945,0.183899611,0.000694195,0.021069722
957,0.003321004,0.00561569,0.02116926,0.010074967,0.040481897,0.005980269,0.009648835,0.018066289,0.037280333,0.002549296,0.004807836,0.001418899,0.000916017,0.026529801,0.169440752,0.009185891,0.022102886,0.010666546,0.00901126,0.018963563,0.017837669,0.008436123,0.012024724,0.001571114,0.000950264,0.002172761,0.005018815,0.009999589,0.003566087,0.00389512,0.008302798,0.083119799,0.035384272,0.145362473,0.012149923,0.079232694,0.023735022,0.11340023,0.002393518,0.003034774,0.00114932,0.003299384
960,0.039078225,0.001278527,0.006746876,0.003888198,0.037738487,0.003931866,0.01737251,0.003659116,0.011883093,0.003257643,0.014044092,0.002172011,0.032503254,0.003889327,0.016184833,0.002128853,0.007287439,0.029173059,0.010560402,0.010613395,0.118866522,0.012938803,0.148122614,0.004482935,0.055180348,0.002927639,0.002028132,0.110123342,0.005220924,0.059630454,0.000642037,0.001219421,0.003252866,0.0081798,0.001270022,0.011614896,0.002022236,0.005595901,0.002665871,0.165958905,0.002453944,0.024263714
961,0.008900743,0.008921098,0.014965211,0.016217787,0.089525919,0.006870615,0.014623329,0.023700971,0.080401468,0.004293392,0.008149151,0.002190818,0.003270619,0.01804724,0.075455217,0.007473045,0.019278071,0.125742358,0.014551416,0.028570746,0.048515549,0.016441008,0.050296856,0.004019804,0.003711096,0.008370606,0.010565589,0.024644665,0.009912802,0.026142905,0.008665076,0.065723161,0.022783939,0.028515404,0.011339963,0.014605954,0.010557231,0.026578822,0.003883341,0.008866217,0.004542763,0.029095605
962,0.023871388,0.000733909,0.003978376,0.002397011,0.01441568,0.00196403,0.006970492,0.002514413,0.0252651,0.001459928,0.005101284,0.002099753,0.362007521,0.002144412,0.008767296,0.001345743,0.004301384,0.023404305,0.004250214,0.007524834,0.074847592,0.00831268,0.077881319,0.002865163,0.166447789,0.00343118,0.001394858,0.03533021,0.003939004,0.032539351,0.000401755,0.000654662,0.001962622,0.004186964,0.000812539,0.005485876,0.001137488,0.002930267,0.001733438,0.053756592,0.001491289,0.02015854
963,0.005783254,0.001438224,0.015269967,0.003721004,0.022972748,0.015201256,0.059206425,0.014179163,0.035396315,0.005661868,0.010826476,0.000952837,0.001849123,0.008229978,0.045871978,0.035619009,0.241755381,0.009039683,0.04635102,0.00880709,0.01440919,0.009716815,0.064724012,0.001150514,0.001664418,0.001304569,0.002093724,0.015804591,0.002804776,0.011997234,0.003177874,0.009097265,0.019569788,0.101981808,0.006140929,0.081369123,0.010349548,0.042033688,0.001950352,0.007629944,0.000821735,0.005109249
964,0.011373279,0.000371013,0.00290462,0.001160804,0.011440635,0.001073721,0.003277522,0.001103339,0.004668292,0.00057431,0.001396921,0.000839956,0.050878845,0.001117379,0.003625595,0.000503255,0.001028299,0.012506979,0.001464059,0.0033623,0.060931981,0.003579564,0.047954462,0.00122983,0.62736734,0.001146754,0.0007391,0.036947504,0.001577612,0.024595416,0.000176354,0.000281893,0.000809314,0.001958838,0.000260192,0.002021982,0.000606099,0.001595444,0.000808865,0.034665598,0.000690623,0.036921537
965,0.007999368,0.001729628,0.035058436,0.003813667,0.070613444,0.001615298,0.004956505,0.004370329,0.009001647,0.000899738,0.001985718,0.001091484,0.029464168,0.002892059,0.007978979,0.001093572,0.003308094,0.070918595,0.003246898,0.007381015,0.058391453,0.006637431,0.148048505,0.002054718,0.095047628,0.001655201,0.002837097,0.159519692,0.004399083,0.10967912,0.000704646,0.001249809,0.002393285,0.015561379,0.000976963,0.018223224,0.001364377,0.003439362,0.001390446,0.028606284,0.002190551,0.08478962
966,0.004101717,0.003729487,0.013745909,0.005316617,0.018464376,0.01057303,0.023696123,0.021870302,0.055496673,0.003991587,0.006500155,0.001428972,0.001349922,0.019390348,0.092335059,0.027046094,0.08051587,0.00867095,0.019647353,0.014924366,0.012991135,0.009575886,0.022755393,0.001445913,0.001524306,0.001501402,0.003351955,0.019717477,0.003288581,0.007510833,0.007366031,0.009976513,0.037744734,0.136766839,0.012030867,0.157944562,0.027631031,0.085174491,0.002370987,0.003988268,0.000915258,0.004823768
968,0.006914324,0.001870919,0.0029387,0.005030964,0.006942604,0.031329439,0.090519441,0.022617719,0.0758305,0.01265352,0.02670025,0.001744473,0.001487067,0.01685192,0.024238197,0.053963057,0.174205803,0.009006045,0.122466814,0.014606178,0.014458246,0.017181977,0.030447895,0.001852132,0.000968134,0.001412365,0.002914778,0.003449382,0.00453785,0.005358853,0.007600657,0.031920177,0.034340295,0.037727926,0.011246353,0.015496115,0.019231354,0.049537401,0.003566537,0.005033131,0.001246015,0.002120148
969,0.007856639,0.001846168,0.019880883,0.004065146,0.080131259,0.002510081,0.008437656,0.005085614,0.01128129,0.001412191,0.003907623,0.000884553,0.013907097,0.004564278,0.024989189,0.00283036,0.017663253,0.033632666,0.00664725,0.007049925,0.039910712,0.005618936,0.107267065,0.001345504,0.024909363,0.001780322,0.002478236,0.30568392,0.002826273,0.059790106,0.00111985,0.002292515,0.005200031,0.025901389,0.00198948,0.037077876,0.002747447,0.009418583,0.001305444,0.072498502,0.001147749,0.037556967
970,0.008669518,0.00107465,0.004956587,0.003240943,0.014920343,0.020913133,0.12706734,0.012221503,0.02565871,0.014362787,0.035320601,0.001012651,0.002357387,0.005929658,0.022473187,0.01559397,0.082414619,0.008337055,0.131064539,0.007674731,0.020659757,0.014347705,0.218010975,0.001153844,0.002090014,0.001010606,0.00181001,0.014662087,0.002723199,0.008742106,0.00180978,0.003311082,0.009399238,0.034224614,0.00345523,0.056104167,0.005569655,0.014730662,0.003115361,0.034755407,0.000776867,0.003938895
971,0.004721061,0.003936865,0.072482445,0.005058969,0.152458933,0.002664993,0.009640831,0.008692778,0.018559768,0.001527411,0.003807493,0.000655771,0.003295029,0.006405993,0.065085537,0.003060751,0.038867414,0.023013505,0.008218188,0.008437316,0.022046239,0.005382162,0.056884755,0.001012924,0.004945473,0.001831606,0.003310838,0.136738061,0.002283536,0.015235114,0.001980742,0.00373368,0.007776885,0.103709966,0.003264798,0.139953515,0.003458482,0.013139491,0.001484027,0.020320591,0.000987135,0.013378554
972,0.007517307,0.00123582,0.018267571,0.003063006,0.067069234,0.001430262,0.004915327,0.003134645,0.007664386,0.000847358,0.002227766,0.000952887,0.029113363,0.002372115,0.007872795,0.000955982,0.002892629,0.050557191,0.003089276,0.006380888,0.056976196,0.00572338,0.125932233,0.0017909,0.101919407,0.00163211,0.002145639,0.247167476,0.003807712,0.09547414,0.000471449,0.000802762,0.001945971,0.008601257,0.000741436,0.013408988,0.001182703,0.003125392,0.001161256,0.04991824,0.001753378,0.066652678
973,0.003873213,0.002206796,0.003572006,0.004017217,0.008201314,0.009668572,0.029384001,0.017602978,0.042480854,0.003337639,0.010215532,0.000837594,0.000883571,0.015761268,0.047643079,0.026163457,0.142739192,0.007772088,0.022691539,0.008445088,0.009726928,0.007378752,0.016328967,0.000981962,0.000694657,0.001605389,0.002452216,0.003171571,0.002280206,0.003991348,0.009120899,0.306073733,0.026812997,0.040673893,0.009448464,0.013681871,0.022012691,0.110938293,0.001795542,0.003088912,0.000758951,0.00222472
974,0.035333351,0.000815333,0.005837194,0.003407582,0.022265242,0.004271772,0.011213471,0.002887887,0.009641427,0.001492745,0.003845915,0.003840859,0.053609416,0.002999514,0.009228381,0.00245202,0.004318801,0.033548118,0.0073911,0.012577487,0.154780488,0.011018427,0.104834262,0.004028779,0.185028476,0.002757608,0.001809355,0.097312096,0.005809242,0.063720838,0.000495192,0.000719444,0.005156818,0.00422111,0.000684252,0.005408351,0.002235668,0.005318678,0.002460412,0.090657088,0.001691992,0.026619298
975,0.00419868,0.00772996,0.093470764,0.011682057,0.102304934,0.003143026,0.005876633,0.017354167,0.033956074,0.002345759,0.003419655,0.001540297,0.003166612,0.011681745,0.031073424,0.003375052,0.013179257,0.068035281,0.006352249,0.020691004,0.033333605,0.011324125,0.042333741,0.002460777,0.005960986,0.002036105,0.007760758,0.202652262,0.00597901,0.021611431,0.003815921,0.003995409,0.013364319,0.055072218,0.005432145,0.082121887,0.005339921,0.008456152,0.003075857,0.013925058,0.002345381,0.026849533
977,0.012039736,0.001009983,0.003951923,0.003621697,0.015240065,0.002803513,0.008926652,0.004721202,0.067127543,0.001960609,0.00584966,0.001924414,0.395277264,0.002861185,0.008513366,0.002296282,0.00561187,0.061974058,0.006700511,0.010848567,0.103718271,0.00928255,0.078954681,0.003010627,0.0465912,0.003394319,0.002191637,0.018778111,0.006812068,0.052602935,0.000780087,0.00114656,0.003818394,0.00366647,0.001068411,0.003768796,0.001693779,0.003913705,0.001814691,0.023301024,0.002249916,0.015882932
979,0.011027352,0.001151497,0.021178676,0.003007606,0.059644202,0.00163658,0.005414273,0.002978445,0.007383739,0.000917347,0.002259329,0.001150412,0.041228804,0.00239715,0.00761506,0.00095609,0.002492035,0.04271411,0.003287835,0.006379986,0.075071989,0.006080875,0.13584096,0.001924789,0.142312087,0.00169198,0.002014317,0.185437128,0.003572464,0.082101741,0.0004521,0.000742192,0.001938671,0.008638317,0.000743448,0.013921668,0.001164866,0.003199112,0.001275035,0.055522087,0.00155932,0.060706097
980,0.019881174,0.000697903,0.008536979,0.002171898,0.022067149,0.002043891,0.008249935,0.002167047,0.007186418,0.001156384,0.003104546,0.001719526,0.061556071,0.002055552,0.007607869,0.001032583,0.002570767,0.024849251,0.004227714,0.006157534,0.112886732,0.0074776,0.163484882,0.002556742,0.259769658,0.001851982,0.001402092,0.087366978,0.003321184,0.060761174,0.000349862,0.000636358,0.00163096,0.005171537,0.000532552,0.006218145,0.00117273,0.003336629,0.001487442,0.056196409,0.001422606,0.040439278
985,0.010880995,0.000897237,0.016318642,0.002414289,0.047771356,0.001614799,0.00600089,0.002380475,0.006108974,0.000941739,0.002298387,0.001108107,0.044096965,0.002004654,0.007813453,0.000912226,0.002861518,0.035361521,0.003949147,0.005381952,0.079197636,0.005772789,0.19014623,0.001820642,0.167942249,0.001566555,0.001612129,0.139368264,0.003146327,0.092521663,0.000379784,0.00076429,0.001684744,0.009066273,0.000626628,0.01202752,0.001060473,0.003409794,0.001163774,0.042596777,0.001381682,0.05244398
986,0.030431308,0.00109762,0.005302401,0.003635692,0.026955823,0.004127232,0.014212213,0.003736688,0.02038296,0.002525247,0.01138134,0.001947451,0.131623862,0.003659042,0.015044502,0.002453505,0.007412798,0.035666977,0.009552624,0.012871559,0.169922694,0.010073663,0.111636792,0.002706544,0.089004021,0.003907584,0.001833889,0.062699272,0.005516958,0.053598269,0.000649972,0.001179827,0.004726976,0.006994532,0.001000859,0.010301483,0.002238047,0.006787426,0.002431789,0.096060719,0.001643124,0.017862857
989,0.028696563,0.000771311,0.004469073,0.002485799,0.023751107,0.003095138,0.012268175,0.002785458,0.022135994,0.001480781,0.005760654,0.002093055,0.254635776,0.002713134,0.011283015,0.001733812,0.00640024,0.022956558,0.005238936,0.009883295,0.112287555,0.007800654,0.090270684,0.002383152,0.1311654,0.007182986,0.001456547,0.059287868,0.003675144,0.039855893,0.000536987,0.00089964,0.002275958,0.005980371,0.000758412,0.008167924,0.001726679,0.004856576,0.001761499,0.075212412,0.001263866,0.022053108
992,0.011009434,0.002031971,0.00367801,0.006060708,0.027799605,0.004334236,0.016595263,0.015079088,0.233028037,0.003575903,0.011749051,0.00293813,0.098263405,0.005931165,0.013107707,0.004238182,0.013732662,0.148452035,0.011793347,0.016064405,0.098098168,0.016050944,0.056735939,0.005755955,0.018373192,0.010413265,0.00381244,0.012333856,0.013535097,0.051649526,0.002955732,0.004664018,0.00493995,0.005430402,0.002143923,0.004377087,0.003757132,0.00718806,0.002803058,0.009761995,0.006790922,0.01899081
994,0.012929361,0.002680414,0.003174308,0.008218704,0.019017192,0.004521212,0.012547496,0.013786232,0.098634489,0.003558251,0.007916544,0.004984305,0.068866426,0.005836204,0.010018605,0.003146517,0.006812948,0.250115687,0.010641037,0.026666951,0.114051051,0.029223923,0.075112061,0.010934403,0.016214439,0.006842531,0.005870264,0.01257939,0.027370573,0.057102635,0.00180346,0.002074401,0.006280488,0.004463219,0.002494927,0.003902194,0.003309953,0.00582117,0.004514804,0.010291362,0.011516944,0.023811932
1004,0.006436411,0.016880122,0.005432642,0.032121157,0.027401513,0.006669947,0.008548771,0.093147565,0.185022866,0.006365414,0.012459805,0.003073931,0.009781778,0.024941822,0.01814188,0.006071072,0.008034388,0.203408348,0.015651115,0.044161641,0.043054901,0.02946406,0.023945081,0.006438328,0.002989816,0.0065298,0.019452927,0.008861635,0.016523026,0.012068463,0.013141951,0.007766862,0.018857695,0.007852178,0.009760337,0.00507287,0.007742612,0.006087367,0.007309578,0.003577681,0.008980078,0.007293116
1005,0.003942244,0.002057687,0.001173899,0.004781397,0.007132983,0.011346022,0.032368191,0.039866204,0.400156484,0.011219783,0.076254446,0.000926004,0.004521634,0.027904938,0.016656859,0.022200408,0.023791211,0.01490889,0.050123342,0.007993194,0.015160645,0.011527035,0.020939762,0.001142963,0.001365056,0.005533846,0.00272432,0.002162791,0.003042419,0.004395063,0.022366009,0.02929269,0.031767084,0.00937117,0.008945352,0.003625692,0.03389291,0.027436873,0.003362363,0.00265351,0.001147266,0.001838748
1006,0.006540143,0.001451326,0.000603135,0.005262519,0.003976486,0.060051079,0.064903299,0.087937404,0.103747149,0.070362377,0.104086035,0.001695692,0.001777139,0.006838649,0.005397501,0.054946162,0.029440466,0.007837971,0.182952622,0.012799977,0.015934389,0.037097304,0.029531571,0.002603335,0.001191103,0.001120699,0.003188036,0.001373725,0.007212339,0.005001266,0.007723012,0.004624274,0.026685186,0.005600479,0.00757847,0.002974876,0.010780197,0.006379302,0.006469214,0.005167798,0.001992586,0.001301033
1007,0.003415552,0.003936634,0.001194276,0.006146574,0.006906845,0.016876246,0.021877795,0.061727765,0.257213528,0.008604641,0.015944284,0.00099189,0.001515702,0.0409519,0.020965687,0.050898044,0.056053872,0.009042146,0.024039905,0.009195753,0.010492465,0.011721738,0.012182644,0.001222866,0.000742752,0.002321196,0.003724375,0.001993144,0.002846308,0.002740277,0.044563544,0.085491823,0.054830327,0.011650111,0.014563642,0.005224898,0.063409494,0.04851969,0.003201729,0.002053138,0.00108635,0.001293946
1008,0.055532635,0.001115194,0.002406187,0.005477981,0.014817754,0.019013808,0.085427279,0.009884048,0.029363038,0.053601149,0.156697641,0.002369037,0.008645087,0.006850468,0.022403345,0.006335197,0.022881685,0.015216902,0.061016447,0.015866776,0.072155404,0.038050344,0.113500079,0.002852347,0.005561272,0.002999274,0.003266901,0.007664791,0.00766928,0.018659617,0.001481618,0.003262474,0.004822385,0.012799946,0.00286917,0.009357248,0.00523255,0.01715561,0.015282421,0.054928789,0.001900111,0.005827993
1009,0.02390283,0.000850283,0.003643934,0.00299347,0.015347635,0.002455866,0.008244558,0.002906099,0.023835458,0.001618894,0.003875688,0.002618617,0.328614164,0.002539338,0.008576507,0.001436814,0.003117716,0.035132863,0.004566037,0.009404405,0.120954278,0.010307945,0.101807252,0.003706631,0.135066642,0.003225498,0.001855862,0.019651204,0.005406971,0.058091344,0.000455408,0.000611235,0.002643126,0.003480423,0.000833625,0.003264304,0.00143889,0.003745649,0.002076958,0.023935111,0.002009539,0.024866575
1010,0.032992564,0.001649445,0.002211777,0.006198266,0.018137543,0.003769425,0.014836401,0.005375146,0.01615093,0.002645753,0.008045139,0.003354773,0.129892768,0.005362651,0.021964636,0.002528686,0.004968399,0.071749064,0.007859942,0.016233209,0.216536161,0.016166297,0.130193781,0.004960993,0.072192352,0.009714416,0.00349911,0.014210747,0.009919565,0.086800934,0.000813993,0.000993736,0.004551153,0.004361801,0.001642409,0.003126642,0.002838012,0.008577447,0.003170292,0.024161095,0.002904498,0.017704565
1011,0.029305158,0.000883329,0.002979879,0.003274894,0.01322041,0.003337417,0.011603602,0.00364297,0.017892684,0.001902454,0.005822366,0.003437292,0.293160961,0.00383606,0.009074164,0.002324573,0.004514034,0.038367708,0.006776326,0.011969373,0.172681621,0.012296146,0.094778388,0.004515811,0.111686166,0.003548966,0.001832768,0.01784614,0.006771278,0.053540226,0.000484434,0.000606595,0.004565541,0.003462102,0.000719519,0.003053114,0.002654519,0.004232116,0.002618478,0.024295338,0.002373517,0.015903812
1012,0.035748193,0.000781219,0.003986085,0.003306947,0.01439069,0.00339974,0.009540889,0.00283672,0.017831708,0.0019008,0.0045016,0.003521567,0.266446879,0.002890468,0.009708422,0.001723873,0.003452978,0.035608558,0.005923189,0.011479645,0.133599793,0.012608223,0.119821518,0.004709113,0.143932551,0.003685821,0.001890749,0.022359206,0.006382524,0.052790605,0.000428108,0.00062479,0.003321736,0.00363707,0.000754143,0.003454411,0.00175093,0.003831039,0.002684519,0.028723263,0.002334346,0.01921637
1013,0.089306512,0.001475445,0.003578138,0.006494387,0.019843296,0.011697864,0.092008307,0.00805634,0.024298971,0.007500913,0.100026747,0.003293456,0.018755324,0.009619059,0.029821914,0.006143011,0.027696133,0.026980784,0.037303946,0.020828987,0.113403256,0.020070245,0.120295275,0.002849914,0.008799219,0.003596186,0.003044979,0.012481307,0.00702463,0.025945361,0.001678721,0.003533069,0.005070073,0.016436992,0.002442597,0.012116501,0.007803206,0.019917732,0.00587388,0.059116379,0.001743971,0.007116283
1015,0.012164386,0.001492873,0.005054871,0.004882705,0.018274448,0.002958694,0.008771096,0.005917808,0.067513725,0.00220409,0.006350922,0.002112563,0.356934907,0.003410477,0.009944245,0.002153593,0.005666141,0.078244402,0.007024457,0.013106873,0.096166283,0.011900087,0.080510017,0.003690833,0.037395352,0.00333683,0.003196757,0.022460306,0.009016531,0.056166166,0.000936187,0.001185402,0.004317759,0.004439389,0.001424836,0.004929489,0.001948143,0.004243404,0.002266271,0.030065619,0.002707906,0.016263729
1038,0.007404098,0.001205449,0.017295541,0.00319107,0.051328074,0.004005567,0.016444534,0.005532348,0.011410052,0.002009707,0.004112195,0.000472377,0.008562272,0.00482767,0.027335919,0.005382184,0.056192188,0.020196797,0.016413519,0.005585623,0.032471988,0.004856632,0.285929311,0.000786232,0.007356586,0.001521482,0.001866152,0.086524014,0.001933438,0.061690303,0.001025403,0.002668762,0.008095743,0.042338284,0.002532232,0.083941959,0.003998297,0.012865454,0.001106962,0.061101437,0.000800425,0.030429921
1044,0.004474139,0.002307217,0.065473246,0.00331761,0.134381989,0.002305297,0.010386523,0.006074928,0.014368261,0.001324983,0.003542691,0.000504415,0.002769146,0.005049605,0.078067979,0.002782636,0.047798309,0.018066149,0.007977107,0.005568716,0.016748346,0.003794077,0.062002842,0.000789524,0.004251806,0.001356763,0.002074198,0.11317338,0.001784695,0.014676086,0.001405206,0.002576512,0.006501025,0.122819317,0.002825298,0.177788843,0.003125632,0.013449726,0.000915406,0.018881961,0.000728314,0.014257309
