source_id,target_id,source,target,S2T,T2S
34,21,Pul,LGN,1,0
34,33,Pul,Ret,1,0
35,33,PI,Ret,1,0
50,33,MD,Ret,0,1
56,33,MDmc,Ret,0,1
59,56,VN,MDmc,1,0
68,33,VL,Ret,0,1
74,33,VApc,Ret,0,1
75,33,VAdc,Ret,0,1
76,33,VAmc,Ret,0,1
82,5,14,AN,0,1
82,8,14,AM,0,1
82,10,14,ML,0,1
82,11,14,Re,0,1
82,12,14,PT,0,1
82,13,14,PAa,0,1
82,15,14,Clc,0,1
82,16,14,Cim,0,1
82,17,14,Cif,0,1
82,18,14,Cdc,0,1
82,22,14,IL,0,1
82,23,14,Pf,0,1
82,24,14,Pcn,0,1
82,27,14,Csl,0,1
82,28,14,Cs,0,1
82,32,14,Li,0,1
82,41,14,PM,0,1
82,50,14,MD,1,1
82,51,14,MDdc,0,1
82,52,14,MDcd,0,1
82,54,14,MDpc,0,1
82,56,14,MDmc,1,1
82,57,14,MDpm,0,1
82,60,14,X,0,1
82,68,14,VL,0,1
82,69,14,VLm,0,1
82,73,14,VA,0,1
82,76,14,VAmc,1,1
84,8,14r,AM,0,1
84,9,14r,AD,0,1
84,74,14r,VApc,0,1
84,76,14r,VAmc,0,1
85,50,OFap,MD,1,0
85,82,OFap,14,1,0
87,50,ProM,MD,1,0
87,79,ProM,belt_sm,1,1
88,50,Gu,MD,1,1
88,64,Gu,VPM,0,1
88,79,Gu,belt_sm,1,1
88,87,Gu,ProM,1,0
89,3,13,Hyp,0,1
89,8,13,AM,0,1
89,11,13,Re,1,1
89,12,13,PT,1,1
89,13,13,PAa,1,0
89,15,13,Clc,0,1
89,16,13,Cim,1,0
89,18,13,Cdc,0,1
89,23,13,Pf,0,1
89,24,13,Pcn,0,1
89,25,13,CM,0,1
89,28,13,Cs,1,0
89,31,13,SG,1,0
89,32,13,Li,1,1
89,34,13,Pul,1,1
89,41,13,PM,1,1
89,45,13,PL,1,0
89,50,13,MD,1,1
89,56,13,MDmc,1,1
89,57,13,MDpm,1,1
89,58,13,MDfi,1,1
89,69,13,VLm,1,0
89,73,13,VA,0,1
89,76,13,VAmc,0,1
89,79,13,belt_sm,1,0
89,82,13,14,1,0
89,83,13,14O,1,0
89,87,13,ProM,1,0
89,88,13,Gu,0,1
90,84,13L,14r,0,1
90,88,13L,Gu,1,1
91,84,13M,14r,0,1
91,88,13M,Gu,0,1
91,90,13M,13L,1,1
92,8,13a,AM,1,1
92,9,13a,AD,1,0
92,17,13a,Cif,1,0
92,27,13a,Csl,0,1
92,30,13a,PN,0,1
92,50,13a,MD,1,1
92,56,13a,MDmc,1,0
92,57,13a,MDpm,0,1
92,58,13a,MDfi,0,1
92,76,13a,VAmc,1,0
92,84,13a,14r,1,1
92,90,13a,13L,1,1
92,91,13a,13M,1,1
93,5,32,AN,0,1
93,7,32,AV,0,1
93,8,32,AM,0,1
93,9,32,AD,0,1
93,10,32,ML,0,1
93,11,32,Re,0,1
93,13,32,PAa,0,1
93,15,32,Clc,0,1
93,16,32,Cim,0,1
93,17,32,Cif,0,1
93,18,32,Cdc,0,1
93,22,32,IL,0,1
93,23,32,Pf,0,1
93,24,32,Pcn,0,1
93,25,32,CM,0,1
93,27,32,Csl,0,1
93,28,32,Cs,0,1
93,31,32,SG,0,1
93,32,32,Li,0,1
93,41,32,PM,0,1
93,50,32,MD,1,1
93,51,32,MDdc,0,1
93,52,32,MDcd,1,1
93,54,32,MDpc,1,1
93,56,32,MDmc,1,1
93,60,32,X,0,1
93,68,32,VL,0,1
93,73,32,VA,0,1
93,76,32,VAmc,1,1
93,81,32,PFCorb,0,1
93,82,32,14,1,1
93,83,32,14O,1,1
93,84,32,14r,1,1
93,85,32,OFap,0,1
93,89,32,13,1,1
93,90,32,13L,1,1
93,91,32,13M,1,0
93,92,32,13a,1,1
94,3,FD,Hyp,0,1
94,18,FD,Cdc,0,1
94,23,FD,Pf,0,1
94,24,FD,Pcn,0,1
94,25,FD,CM,0,1
94,32,FD,Li,0,1
94,41,FD,PM,0,1
94,51,FD,MDdc,0,1
94,54,FD,MDpc,0,1
94,56,FD,MDmc,0,1
94,73,FD,VA,0,1
95,8,10,AM,0,1
95,12,10,PT,0,1
95,15,10,Clc,0,1
95,20,10,MG,0,1
95,24,10,Pcn,0,1
95,31,10,SG,0,1
95,32,10,Li,0,1
95,34,10,Pul,0,1
95,41,10,PM,0,1
95,50,10,MD,1,1
95,54,10,MDpc,1,0
95,56,10,MDmc,1,0
95,58,10,MDfi,0,1
95,73,10,VA,0,1
95,81,10,PFCorb,0,1
95,82,10,14,1,1
95,83,10,14O,1,0
95,88,10,Gu,0,1
95,89,10,13,0,1
95,93,10,32,1,1
96,84,10m,14r,1,1
96,90,10m,13L,1,0
96,91,10m,13M,1,0
96,92,10m,13a,1,1
96,93,10m,32,1,0
97,93,10v,32,1,1
98,93,10d,32,1,1
99,84,10o,14r,1,1
99,90,10o,13L,1,1
99,91,10o,13M,0,1
99,92,10o,13a,1,1
99,93,10o,32,1,1
99,96,10o,10m,0,1
100,3,12,Hyp,0,1
100,8,12,AM,0,1
100,18,12,Cdc,0,1
100,23,12,Pf,0,1
100,24,12,Pcn,0,1
100,25,12,CM,0,1
100,32,12,Li,0,1
100,41,12,PM,0,1
100,50,12,MD,1,1
100,53,12,MDl,0,1
100,54,12,MDpc,0,1
100,55,12,MDmf,0,1
100,56,12,MDmc,1,1
100,58,12,MDfi,0,1
100,73,12,VA,0,1
100,79,12,belt_sm,1,0
100,82,12,14,1,0
100,87,12,ProM,1,0
100,93,12,32,1,0
100,95,12,10,1,0
101,5,12o,AN,0,1
101,8,12o,AM,0,1
101,10,12o,ML,0,1
101,11,12o,Re,0,1
101,13,12o,PAa,0,1
101,15,12o,Clc,0,1
101,16,12o,Cim,0,1
101,17,12o,Cif,0,1
101,18,12o,Cdc,0,1
101,22,12o,IL,0,1
101,23,12o,Pf,0,1
101,24,12o,Pcn,0,1
101,31,12o,SG,0,1
101,34,12o,Pul,0,1
101,41,12o,PM,0,1
101,50,12o,MD,0,1
101,51,12o,MDdc,0,1
101,54,12o,MDpc,0,1
101,56,12o,MDmc,0,1
101,57,12o,MDpm,0,1
101,58,12o,MDfi,0,1
101,60,12o,X,0,1
101,68,12o,VL,0,1
101,71,12o,VLo,1,0
101,73,12o,VA,0,1
101,76,12o,VAmc,1,1
101,81,12o,PFCorb,0,1
101,82,12o,14,1,0
101,83,12o,14O,1,0
101,84,12o,14r,1,1
101,88,12o,Gu,0,1
101,89,12o,13,1,1
101,90,12o,13L,1,1
101,91,12o,13M,1,1
101,92,12o,13a,1,1
101,93,12o,32,1,1
101,95,12o,10,1,1
101,96,12o,10m,0,1
101,97,12o,10v,1,0
101,99,12o,10o,1,1
102,33,12m,Ret,1,0
102,73,12m,VA,1,0
102,84,12m,14r,1,0
102,88,12m,Gu,0,1
102,90,12m,13L,1,1
102,91,12m,13M,1,1
102,92,12m,13a,1,1
102,96,12m,10m,0,1
102,99,12m,10o,1,1
102,101,12m,12o,1,1
103,89,Dec-47,13,0,1
103,93,Dec-47,32,0,1
103,95,Dec-47,10,0,1
104,84,12r,14r,1,1
104,90,12r,13L,1,1
104,91,12r,13M,1,1
104,92,12r,13a,1,1
104,96,12r,10m,0,1
104,101,12r,12o,1,1
104,102,12r,12m,1,1
105,3,12l,Hyp,1,0
105,5,12l,AN,0,1
105,8,12l,AM,0,1
105,10,12l,ML,0,1
105,11,12l,Re,0,1
105,16,12l,Cim,0,1
105,17,12l,Cif,0,1
105,18,12l,Cdc,0,1
105,22,12l,IL,0,1
105,23,12l,Pf,0,1
105,24,12l,Pcn,0,1
105,25,12l,CM,0,1
105,26,12l,Cl,0,1
105,31,12l,SG,0,1
105,32,12l,Li,0,1
105,34,12l,Pul,1,1
105,41,12l,PM,0,1
105,50,12l,MD,0,1
105,51,12l,MDdc,0,1
105,54,12l,MDpc,0,1
105,55,12l,MDmf,0,1
105,56,12l,MDmc,0,1
105,68,12l,VL,0,1
105,71,12l,VLo,1,0
105,73,12l,VA,0,1
105,76,12l,VAmc,1,1
105,81,12l,PFCorb,0,1
105,82,12l,14,1,1
105,84,12l,14r,1,0
105,89,12l,13,0,1
105,90,12l,13L,1,1
105,91,12l,13M,1,1
105,92,12l,13a,1,1
105,93,12l,32,0,1
105,95,12l,10,0,1
105,96,12l,10m,0,1
105,97,12l,10v,0,1
105,99,12l,10o,1,1
105,101,12l,12o,1,1
105,102,12l,12m,1,1
105,104,12l,12r,1,1
106,5,11,AN,0,1
106,8,11,AM,0,1
106,10,11,ML,0,1
106,11,11,Re,0,1
106,13,11,PAa,0,1
106,15,11,Clc,0,1
106,17,11,Cif,0,1
106,18,11,Cdc,0,1
106,22,11,IL,0,1
106,23,11,Pf,0,1
106,24,11,Pcn,0,1
106,27,11,Csl,0,1
106,28,11,Cs,0,1
106,32,11,Li,0,1
106,34,11,Pul,0,1
106,41,11,PM,0,1
106,45,11,PL,0,1
106,50,11,MD,1,1
106,51,11,MDdc,0,1
106,54,11,MDpc,0,1
106,55,11,MDmf,0,1
106,56,11,MDmc,0,1
106,58,11,MDfi,1,1
106,68,11,VL,0,1
106,73,11,VA,0,1
106,76,11,VAmc,0,1
106,81,11,PFCorb,0,1
106,82,11,14,1,1
106,89,11,13,0,1
106,91,11,13M,0,1
106,92,11,13a,0,1
106,93,11,32,1,1
106,95,11,10,1,1
106,96,11,10m,0,1
106,97,11,10v,0,1
106,99,11,10o,0,1
106,100,11,12,0,1
106,101,11,12o,0,1
106,102,11,12m,0,1
106,103,11,Dec-47,1,0
106,104,11,12r,0,1
106,105,11,12l,1,0
107,84,11l,14r,1,1
107,90,11l,13L,1,1
107,91,11l,13M,1,1
107,92,11l,13a,1,1
107,93,11l,32,0,1
107,96,11l,10m,0,1
107,99,11l,10o,1,1
107,101,11l,12o,1,1
107,102,11l,12m,1,1
107,104,11l,12r,1,1
107,105,11l,12l,1,1
108,8,11m,AM,0,1
108,84,11m,14r,1,1
108,90,11m,13L,1,0
108,91,11m,13M,1,1
108,92,11m,13a,1,1
108,93,11m,32,1,1
108,96,11m,10m,0,1
108,99,11m,10o,1,1
108,101,11m,12o,1,1
108,104,11m,12r,1,0
108,105,11m,12l,1,0
108,107,11m,11l,1,1
109,31,9,SG,0,1
109,32,9,Li,1,1
109,41,9,PM,0,1
109,42,9,PMm,1,0
109,43,9,PMl,1,0
109,47,9,PLd,1,0
109,50,9,MD,1,1
109,51,9,MDdc,1,0
109,53,9,MDl,0,1
109,54,9,MDpc,1,1
109,56,9,MDmc,0,1
109,58,9,MDfi,0,1
109,69,9,VLm,1,0
109,71,9,VLo,1,0
109,73,9,VA,1,1
109,74,9,VApc,0,1
109,76,9,VAmc,1,1
109,82,9,14,1,1
109,84,9,14r,1,1
109,89,9,13,0,1
109,90,9,13L,1,0
109,92,9,13a,1,1
109,93,9,32,1,1
109,95,9,10,1,1
109,99,9,10o,1,0
109,101,9,12o,1,0
109,103,9,Dec-47,1,1
109,104,9,12r,1,0
109,105,9,12l,1,0
109,106,9,11,1,1
109,108,9,11m,1,0
110,93,L9,32,1,1
110,95,L9,10,0,1
111,81,M9,PFCorb,0,1
111,82,M9,14,1,1
111,89,M9,13,0,1
111,93,M9,32,1,1
111,95,M9,10,0,1
111,100,M9,12,0,1
111,101,M9,12o,0,1
111,105,M9,12l,0,1
111,106,M9,11,0,1
112,82,D9,14,1,1
112,89,D9,13,0,1
112,93,D9,32,1,1
112,95,D9,10,0,1
112,100,D9,12,0,1
112,101,D9,12o,0,1
112,105,D9,12l,0,1
112,111,D9,M9,1,1
113,3,46,Hyp,0,1
113,5,46,AN,0,1
113,7,46,AV,0,1
113,10,46,ML,0,1
113,18,46,Cdc,0,1
113,23,46,Pf,0,1
113,24,46,Pcn,1,1
113,25,46,CM,0,1
113,32,46,Li,1,1
113,41,46,PM,0,1
113,42,46,PMm,1,0
113,43,46,PMl,1,0
113,47,46,PLd,1,0
113,50,46,MD,1,1
113,51,46,MDdc,0,1
113,53,46,MDl,0,1
113,54,46,MDpc,1,1
113,56,46,MDmc,0,1
113,58,46,MDfi,0,1
113,60,46,X,1,1
113,65,46,VPL,0,1
113,69,46,VLm,1,1
113,70,46,VLps,0,1
113,72,46,VLc,1,0
113,73,46,VA,1,1
113,76,46,VAmc,1,1
113,82,46,14,1,1
113,84,46,14r,1,1
113,87,46,ProM,1,0
113,89,46,13,1,0
113,90,46,13L,1,0
113,92,46,13a,1,1
113,93,46,32,1,1
113,95,46,10,1,1
113,97,46,10v,1,0
113,98,46,10d,1,0
113,99,46,10o,1,0
113,101,46,12o,1,0
113,102,46,12m,1,0
113,103,46,Dec-47,1,1
113,104,46,12r,1,0
113,105,46,12l,1,0
113,106,46,11,1,1
113,107,46,11l,1,0
113,108,46,11m,1,0
113,109,46,9,1,1
113,110,46,L9,1,0
113,111,46,M9,1,0
113,112,46,D9,1,0
114,10,46v,ML,0,1
114,11,46v,Re,0,1
114,14,46v,C,0,1
114,17,46v,Cif,0,1
114,20,46v,MG,0,1
114,22,46v,IL,0,1
114,23,46v,Pf,0,1
114,24,46v,Pcn,0,1
114,26,46v,Cl,0,1
114,31,46v,SG,0,1
114,32,46v,Li,0,1
114,34,46v,Pul,1,1
114,35,46v,PI,0,1
114,41,46v,PM,0,1
114,45,46v,PL,0,1
114,50,46v,MD,0,1
114,54,46v,MDpc,0,1
114,55,46v,MDmf,0,1
114,56,46v,MDmc,0,1
114,60,46v,X,0,1
114,65,46v,VPL,0,1
114,68,46v,VL,0,1
114,73,46v,VA,0,1
114,76,46v,VAmc,0,1
114,82,46v,14,1,0
114,87,46v,ProM,1,0
114,89,46v,13,1,0
114,93,46v,32,1,0
114,95,46v,10,1,0
114,100,46v,12,0,1
114,101,46v,12o,1,1
114,105,46v,12l,1,1
114,106,46v,11,1,0
114,110,46v,L9,1,0
114,111,46v,M9,1,0
114,112,46v,D9,1,0
115,22,46d,IL,0,1
115,24,46d,Pcn,0,1
115,27,46d,Csl,0,1
115,41,46d,PM,0,1
115,50,46d,MD,0,1
115,51,46d,MDdc,0,1
115,54,46d,MDpc,0,1
115,73,46d,VA,0,1
115,76,46d,VAmc,0,1
115,82,46d,14,1,0
115,93,46d,32,1,1
115,95,46d,10,1,1
115,105,46d,12l,1,0
115,106,46d,11,1,0
115,109,46d,9,0,1
115,111,46d,M9,1,0
115,112,46d,D9,1,0
115,114,46d,46v,1,1
116,95,PS,10,1,1
116,100,PS,12,1,1
116,106,PS,11,1,1
116,109,PS,9,1,1
116,114,PS,46v,1,1
116,115,PS,46d,1,1
117,116,46f,PS,1,1
118,102,46vr,12m,1,0
118,116,46vr,PS,1,1
119,116,46dr,PS,1,1
121,87,9/46v,ProM,0,1
121,89,9/46v,13,0,1
121,103,9/46v,Dec-47,1,1
121,106,9/46v,11,0,1
122,82,9/46d,14,0,1
122,89,9/46d,13,0,1
122,93,9/46d,32,0,1
122,95,9/46d,10,0,1
122,103,9/46d,Dec-47,0,1
122,106,9/46d,11,0,1
122,109,9/46d,9,1,1
123,23,8,Pf,1,0
123,24,8,Pcn,1,0
123,34,8,Pul,0,1
123,50,8,MD,1,0
123,55,8,MDmf,1,0
123,56,8,MDmc,0,1
123,58,8,MDfi,0,1
123,66,8,VPLo,1,0
123,71,8,VLo,1,0
123,76,8,VAmc,1,0
123,82,8,14,1,0
123,95,8,10,1,0
123,101,8,12o,1,0
123,102,8,12m,1,0
123,104,8,12r,1,0
123,105,8,12l,1,0
123,111,8,M9,1,0
123,112,8,D9,1,0
124,3,FEF,Hyp,0,1
124,15,FEF,Clc,0,1
124,23,FEF,Pf,1,0
124,24,FEF,Pcn,0,1
124,25,FEF,CM,1,0
124,26,FEF,Cl,1,1
124,27,FEF,Csl,1,1
124,33,FEF,Ret,1,0
124,41,FEF,PM,1,1
124,50,FEF,MD,1,1
124,54,FEF,MDpc,1,0
124,71,FEF,VLo,1,0
124,72,FEF,VLc,1,0
124,73,FEF,VA,1,1
124,74,FEF,VApc,0,1
124,76,FEF,VAmc,1,1
124,113,FEF,46,1,1
125,3,45,Hyp,0,1
125,23,45,Pf,0,1
125,25,45,CM,0,1
125,34,45,Pul,1,1
125,41,45,PM,0,1
125,45,45,PL,0,1
125,50,45,MD,1,1
125,53,45,MDl,0,1
125,55,45,MDmf,1,0
125,56,45,MDmc,1,0
125,58,45,MDfi,0,1
125,60,45,X,0,1
125,69,45,VLm,0,1
125,71,45,VLo,0,1
125,74,45,VApc,0,1
125,76,45,VAmc,0,1
125,84,45,14r,1,0
125,90,45,13L,1,0
125,92,45,13a,1,0
125,99,45,10o,1,0
125,101,45,12o,1,0
125,102,45,12m,1,0
125,104,45,12r,1,0
125,105,45,12l,1,0
125,106,45,11,1,0
125,107,45,11l,1,0
125,111,45,M9,1,1
125,113,45,46,1,1
125,114,45,46v,1,1
125,116,45,PS,1,1
126,103,45A,Dec-47,1,0
126,122,45A,9/46d,1,0
127,103,45B,Dec-47,1,0
127,113,45B,46,1,0
127,121,45B,9/46v,1,0
128,20,8A,MG,0,1
128,31,8A,SG,0,1
128,32,8A,Li,0,1
128,34,8A,Pul,1,0
128,35,8A,PI,0,1
128,41,8A,PM,0,1
128,45,8A,PL,0,1
128,50,8A,MD,0,1
128,53,8A,MDl,0,1
128,54,8A,MDpc,0,1
128,55,8A,MDmf,0,1
128,65,8A,VPL,0,1
128,95,8A,10,0,1
128,97,8A,10v,0,1
128,100,8A,12,0,1
128,103,8A,Dec-47,0,1
128,109,8A,9,0,1
128,113,8A,46,1,1
128,114,8A,46v,0,1
128,115,8A,46d,1,1
128,116,8A,PS,1,1
128,125,8A,45,0,1
128,127,8A,45B,0,1
129,103,8Ad,Dec-47,0,1
129,109,8Ad,9,1,1
129,113,8Ad,46,1,1
129,121,8Ad,9/46v,0,1
129,122,8Ad,9/46d,1,1
129,126,8Ad,45A,0,1
131,10,8B,ML,0,1
131,17,8B,Cif,0,1
131,18,8B,Cdc,0,1
131,22,8B,IL,0,1
131,24,8B,Pcn,0,1
131,26,8B,Cl,0,1
131,27,8B,Csl,0,1
131,31,8B,SG,0,1
131,32,8B,Li,0,1
131,41,8B,PM,0,1
131,50,8B,MD,0,1
131,51,8B,MDdc,0,1
131,53,8B,MDl,0,1
131,54,8B,MDpc,0,1
131,55,8B,MDmf,0,1
131,60,8B,X,0,1
131,68,8B,VL,0,1
131,69,8B,VLm,0,1
131,73,8B,VA,0,1
131,82,8B,14,0,1
131,89,8B,13,0,1
131,93,8B,32,1,1
131,95,8B,10,1,1
131,103,8B,Dec-47,0,1
131,105,8B,12l,1,1
131,106,8B,11,1,0
131,109,8B,9,1,1
131,110,8B,L9,1,1
131,111,8B,M9,1,1
131,112,8B,D9,1,0
131,113,8B,46,1,1
131,114,8B,46v,1,0
131,115,8B,46d,1,1
131,116,8B,PS,1,1
131,122,8B,9/46d,1,1
131,125,8B,45,1,1
131,127,8B,45B,0,1
131,128,8B,8A,1,0
131,129,8B,8Ad,1,0
132,24,6,Pcn,0,1
132,25,6,CM,0,1
132,26,6,Cl,0,1
132,34,6,Pul,0,1
132,41,6,PM,0,1
132,50,6,MD,1,1
132,54,6,MDpc,0,1
132,56,6,MDmc,0,1
132,58,6,MDfi,0,1
132,60,6,X,0,1
132,66,6,VPLo,0,1
132,69,6,VLm,0,1
132,72,6,VLc,0,1
132,73,6,VA,0,1
132,79,6,belt_sm,1,1
132,87,6,ProM,1,0
132,103,6,Dec-47,1,0
132,121,6,9/46v,1,0
133,21,6V,LGN,0,1
133,24,6V,Pcn,0,1
133,25,6V,CM,0,1
133,26,6V,Cl,0,1
133,34,6V,Pul,0,1
133,44,6V,Pul.o,0,1
133,50,6V,MD,0,1
133,60,6V,X,0,1
133,64,6V,VPM,0,1
133,65,6V,VPL,0,1
133,66,6V,VPLo,0,1
133,69,6V,VLm,0,1
133,71,6V,VLo,0,1
133,72,6V,VLc,0,1
133,73,6V,VA,0,1
133,74,6V,VApc,0,1
133,87,6V,ProM,1,1
133,95,6V,10,0,1
133,100,6V,12,1,1
133,101,6V,12o,0,1
133,111,6V,M9,1,0
133,113,6V,46,1,1
133,114,6V,46v,1,1
133,123,6V,8,0,1
133,125,6V,45,1,0
133,128,6V,8A,0,1
134,23,F5,Pf,0,1
134,24,F5,Pcn,0,1
134,25,F5,CM,0,1
134,26,F5,Cl,0,1
134,41,F5,PM,0,1
134,44,F5,Pul.o,0,1
134,50,F5,MD,0,1
134,59,F5,VN,0,1
134,60,F5,X,0,1
134,63,F5,VPI,0,1
134,64,F5,VPM,0,1
134,66,F5,VPLo,0,1
134,69,F5,VLm,0,1
134,71,F5,VLo,1,1
134,72,F5,VLc,0,1
134,74,F5,VApc,0,1
134,76,F5,VAmc,1,1
134,87,F5,ProM,1,0
134,88,F5,Gu,1,0
134,103,F5,Dec-47,1,0
134,113,F5,46,0,1
134,114,F5,46v,1,1
134,126,F5,45A,1,0
134,128,F5,8A,1,0
134,131,F5,8B,1,0
135,50,PrCO,MD,0,1
135,58,PrCO,MDfi,0,1
135,71,PrCO,VLo,1,0
135,74,PrCO,VApc,0,1
135,89,PrCO,13,1,0
135,90,PrCO,13L,1,0
135,91,PrCO,13M,1,0
135,92,PrCO,13a,0,1
135,99,PrCO,10o,1,0
135,101,PrCO,12o,1,0
135,102,PrCO,12m,1,0
135,104,PrCO,12r,1,0
135,107,PrCO,11l,1,0
135,134,PrCO,F5,1,1
136,24,4c,Pcn,0,1
136,25,4c,CM,0,1
136,26,4c,Cl,0,1
136,44,4c,Pul.o,0,1
136,50,4c,MD,0,1
136,60,4c,X,0,1
136,66,4c,VPLo,0,1
136,69,4c,VLm,0,1
136,71,4c,VLo,0,1
136,72,4c,VLc,0,1
136,128,4c,8A,1,0
137,89,6Vb,13,1,0
137,90,6Vb,13L,1,0
137,92,6Vb,13a,1,0
137,101,6Vb,12o,1,0
137,102,6Vb,12m,1,0
137,104,6Vb,12r,1,0
137,105,6Vb,12l,1,0
137,107,6Vb,11l,1,0
137,114,6Vb,46v,1,0
137,116,6Vb,PS,1,1
138,90,6Va,13L,1,0
138,92,6Va,13a,1,1
138,99,6Va,10o,1,0
138,101,6Va,12o,1,0
138,102,6Va,12m,1,0
138,104,6Va,12r,1,0
138,105,6Va,12l,1,0
138,107,6Va,11l,1,0
138,114,6Va,46v,1,0
138,116,6Va,PS,1,1
139,24,F4,Pcn,0,1
139,25,F4,CM,0,1
139,26,F4,Cl,0,1
139,44,F4,Pul.o,0,1
139,50,F4,MD,0,1
139,54,F4,MDpc,0,1
139,60,F4,X,0,1
139,63,F4,VPI,0,1
139,64,F4,VPM,0,1
139,65,F4,VPL,0,1
139,66,F4,VPLo,0,1
139,69,F4,VLm,0,1
139,71,F4,VLo,1,1
139,72,F4,VLc,0,1
139,74,F4,VApc,0,1
139,114,F4,46v,1,1
139,134,F4,F5,1,1
139,135,F4,PrCO,1,1
140,87,44,ProM,1,0
140,103,44,Dec-47,1,0
140,121,44,9/46v,1,0
140,134,44,F5,0,1
142,3,6D,Hyp,0,1
142,4,6D,Tha,0,1
142,23,6D,Pf,1,1
142,24,6D,Pcn,1,1
142,25,6D,CM,1,1
142,26,6D,Cl,1,1
142,27,6D,Csl,0,1
142,33,6D,Ret,1,0
142,50,6D,MD,1,1
142,51,6D,MDdc,0,1
142,54,6D,MDpc,1,1
142,55,6D,MDmf,1,1
142,60,6D,X,1,1
142,65,6D,VPL,1,1
142,66,6D,VPLo,0,1
142,69,6D,VLm,1,1
142,70,6D,VLps,1,0
142,71,6D,VLo,1,1
142,72,6D,VLc,1,1
142,73,6D,VA,1,1
142,74,6D,VApc,1,1
142,76,6D,VAmc,0,1
142,90,6D,13L,1,0
142,92,6D,13a,1,0
142,94,6D,FD,1,0
142,101,6D,12o,1,0
142,102,6D,12m,1,0
142,104,6D,12r,1,0
142,105,6D,12l,1,0
142,111,6D,M9,1,0
142,112,6D,D9,1,0
142,113,6D,46,0,1
142,114,6D,46v,1,1
142,115,6D,46d,1,0
142,125,6D,45,1,1
142,128,6D,8A,1,1
142,131,6D,8B,1,1
142,133,6D,6V,1,0
143,3,F7,Hyp,0,1
143,9,F7,AD,0,1
143,11,F7,Re,0,1
143,15,F7,Clc,0,1
143,18,F7,Cdc,0,1
143,22,F7,IL,0,1
143,23,F7,Pf,1,1
143,24,F7,Pcn,1,1
143,25,F7,CM,1,1
143,26,F7,Cl,0,1
143,27,F7,Csl,1,1
143,31,F7,SG,0,1
143,32,F7,Li,0,1
143,34,F7,Pul,0,1
143,41,F7,PM,1,1
143,44,F7,Pul.o,0,1
143,50,F7,MD,1,1
143,51,F7,MDdc,0,1
143,54,F7,MDpc,1,1
143,55,F7,MDmf,1,1
143,59,F7,VN,0,1
143,60,F7,X,1,1
143,65,F7,VPL,0,1
143,66,F7,VPLo,0,1
143,69,F7,VLm,0,1
143,70,F7,VLps,0,1
143,71,F7,VLo,0,1
143,72,F7,VLc,1,1
143,73,F7,VA,0,1
143,74,F7,VApc,1,1
143,76,F7,VAmc,1,1
143,100,F7,12,1,1
143,101,F7,12o,1,0
143,104,F7,12r,1,0
143,105,F7,12l,1,0
143,109,F7,9,1,1
143,113,F7,46,1,1
143,114,F7,46v,1,0
143,116,F7,PS,1,1
143,122,F7,9/46d,1,0
143,123,F7,8,1,1
143,124,F7,FEF,0,1
143,125,F7,45,0,1
143,127,F7,45B,0,1
143,128,F7,8A,1,1
143,129,F7,8Ad,1,0
143,131,F7,8B,1,1
143,133,F7,6V,1,1
143,134,F7,F5,0,1
144,6,F2,LD,0,1
144,7,F2,AV,0,1
144,8,F2,AM,0,1
144,9,F2,AD,0,1
144,11,F2,Re,0,1
144,22,F2,IL,0,1
144,24,F2,Pcn,0,1
144,25,F2,CM,1,1
144,26,F2,Cl,1,1
144,32,F2,Li,0,1
144,33,F2,Ret,1,1
144,34,F2,Pul,0,1
144,41,F2,PM,0,1
144,44,F2,Pul.o,0,1
144,50,F2,MD,1,1
144,59,F2,VN,0,1
144,60,F2,X,1,1
144,63,F2,VPI,0,1
144,64,F2,VPM,0,1
144,65,F2,VPL,0,1
144,66,F2,VPLo,0,1
144,69,F2,VLm,1,1
144,70,F2,VLps,0,1
144,71,F2,VLo,1,1
144,72,F2,VLc,1,1
144,73,F2,VA,1,1
144,74,F2,VApc,0,1
144,113,F2,46,0,1
144,131,F2,8B,0,1
144,133,F2,6V,0,1
144,134,F2,F5,0,1
144,139,F2,F4,0,1
144,143,F2,F7,1,1
145,20,6M,MG,0,1
145,23,6M,Pf,0,1
145,24,6M,Pcn,0,1
145,25,6M,CM,0,1
145,26,6M,Cl,0,1
145,34,6M,Pul,0,1
145,50,6M,MD,0,1
145,51,6M,MDdc,0,1
145,54,6M,MDpc,0,1
145,55,6M,MDmf,0,1
145,60,6M,X,0,1
145,63,6M,VPI,0,1
145,64,6M,VPM,0,1
145,65,6M,VPL,0,1
145,66,6M,VPLo,0,1
145,69,6M,VLm,0,1
145,70,6M,VLps,0,1
145,71,6M,VLo,1,1
145,72,6M,VLc,0,1
145,73,6M,VA,0,1
145,74,6M,VApc,0,1
145,87,6M,ProM,1,0
145,94,6M,FD,1,1
145,100,6M,12,1,1
145,101,6M,12o,1,1
145,105,6M,12l,0,1
145,109,6M,9,1,1
145,111,6M,M9,1,0
145,113,6M,46,1,1
145,125,6M,45,0,1
145,128,6M,8A,1,1
145,131,6M,8B,1,1
145,133,6M,6V,1,1
145,134,6M,F5,0,1
145,135,6M,PrCO,0,1
145,136,6M,4c,0,1
145,137,6M,6Vb,0,1
145,138,6M,6Va,0,1
145,139,6M,F4,0,1
145,143,6M,F7,1,1
145,144,6M,F2,1,1
146,11,F3,Re,0,1
146,14,F3,C,0,1
146,15,F3,Clc,0,1
146,18,F3,Cdc,0,1
146,22,F3,IL,0,1
146,24,F3,Pcn,0,1
146,25,F3,CM,1,1
146,26,F3,Cl,1,1
146,27,F3,Csl,0,1
146,31,F3,SG,0,1
146,32,F3,Li,0,1
146,33,F3,Ret,1,0
146,34,F3,Pul,1,0
146,41,F3,PM,0,1
146,44,F3,Pul.o,0,1
146,50,F3,MD,1,1
146,54,F3,MDpc,0,1
146,59,F3,VN,0,1
146,60,F3,X,0,1
146,65,F3,VPL,1,1
146,66,F3,VPLo,1,1
146,67,F3,VPLc,1,0
146,69,F3,VLm,1,1
146,70,F3,VLps,1,1
146,71,F3,VLo,1,1
146,72,F3,VLc,1,1
146,73,F3,VA,1,1
146,74,F3,VApc,0,1
146,133,F3,6V,1,1
146,134,F3,F5,1,1
146,139,F3,F4,0,1
146,143,F3,F7,1,1
146,144,F3,F2,1,1
147,114,SMAr,46v,1,1
147,115,SMAr,46d,1,1
147,116,SMAr,PS,1,1
147,118,SMAr,46vr,1,1
147,119,SMAr,46dr,1,1
147,128,SMAr,8A,1,1
147,137,SMAr,6Vb,1,1
147,138,SMAr,6Va,1,1
147,143,SMAr,F7,1,1
147,144,SMAr,F2,1,1
148,147,SMAc,SMAr,1,1
151,8,F6,AM,0,1
151,11,F6,Re,0,1
151,22,F6,IL,0,1
151,24,F6,Pcn,0,1
151,25,F6,CM,0,1
151,26,F6,Cl,0,1
151,27,F6,Csl,0,1
151,31,F6,SG,0,1
151,32,F6,Li,0,1
151,41,F6,PM,0,1
151,44,F6,Pul.o,0,1
151,50,F6,MD,0,1
151,59,F6,VN,0,1
151,60,F6,X,0,1
151,65,F6,VPL,0,1
151,66,F6,VPLo,0,1
151,69,F6,VLm,0,1
151,70,F6,VLps,0,1
151,71,F6,VLo,1,1
151,72,F6,VLc,0,1
151,73,F6,VA,0,1
151,74,F6,VApc,0,1
151,76,F6,VAmc,1,1
151,94,F6,FD,1,0
151,113,F6,46,1,1
151,114,F6,46v,0,1
151,115,F6,46d,0,1
151,131,F6,8B,0,1
151,133,F6,6V,1,0
151,134,F6,F5,0,1
151,139,F6,F4,0,1
151,143,F6,F7,1,1
151,144,F6,F2,1,1
151,146,F6,F3,1,1
152,23,M1,Pf,0,1
152,24,M1,Pcn,0,1
152,25,M1,CM,1,1
152,26,M1,Cl,1,1
152,33,M1,Ret,1,0
152,34,M1,Pul,0,1
152,44,M1,Pul.o,0,1
152,50,M1,MD,1,1
152,51,M1,MDdc,0,1
152,54,M1,MDpc,0,1
152,59,M1,VN,0,1
152,60,M1,X,1,1
152,63,M1,VPI,1,1
152,64,M1,VPM,1,1
152,65,M1,VPL,1,1
152,66,M1,VPLo,1,1
152,67,M1,VPLc,1,1
152,69,M1,VLm,1,1
152,70,M1,VLps,1,1
152,71,M1,VLo,1,1
152,72,M1,VLc,1,1
152,73,M1,VA,0,1
152,74,M1,VApc,0,1
152,79,M1,belt_sm,1,0
152,132,M1,6,1,1
152,133,M1,6V,1,1
152,134,M1,F5,1,1
152,135,M1,PrCO,1,1
152,138,M1,6Va,0,1
152,139,M1,F4,1,1
152,143,M1,F7,1,1
152,144,M1,F2,1,1
152,145,M1,6M,1,1
152,146,M1,F3,1,0
152,147,M1,SMAr,1,1
152,149,M1,M2-HL,1,0
152,150,M1,M2-FL,1,0
153,6,M1-FL,LD,0,1
153,24,M1-FL,Pcn,0,1
153,25,M1-FL,CM,1,1
153,26,M1-FL,Cl,1,1
153,27,M1-FL,Csl,0,1
153,32,M1-FL,Li,0,1
153,33,M1-FL,Ret,1,0
153,41,M1-FL,PM,1,0
153,44,M1-FL,Pul.o,1,1
153,50,M1-FL,MD,1,1
153,51,M1-FL,MDdc,0,1
153,60,M1-FL,X,1,1
153,61,M1-FL,VP,1,0
153,64,M1-FL,VPM,0,1
153,65,M1-FL,VPL,1,1
153,66,M1-FL,VPLo,1,1
153,67,M1-FL,VPLc,1,1
153,68,M1-FL,VL,1,1
153,69,M1-FL,VLm,0,1
153,71,M1-FL,VLo,1,1
153,72,M1-FL,VLc,1,1
153,75,M1-FL,VAdc,1,1
153,132,M1-FL,6,1,1
153,133,M1-FL,6V,1,1
153,134,M1-FL,F5,1,1
153,135,M1-FL,PrCO,1,1
153,139,M1-FL,F4,1,1
153,142,M1-FL,6D,0,1
153,144,M1-FL,F2,1,1
153,145,M1-FL,6M,1,1
153,146,M1-FL,F3,1,1
153,149,M1-FL,M2-HL,1,0
153,150,M1-FL,M2-FL,1,1
154,89,MI-of,13,0,1
154,100,MI-of,12,0,1
154,132,MI-of,6,0,1
154,133,MI-of,6V,0,1
154,134,MI-of,F5,1,1
154,139,MI-of,F4,1,1
154,145,MI-of,6M,1,1
154,146,MI-of,F3,1,1
157,24,MI-body,Pcn,0,1
157,25,MI-body,CM,1,1
157,26,MI-body,Cl,0,1
157,33,MI-body,Ret,1,0
157,41,MI-body,PM,1,1
157,50,MI-body,MD,1,1
157,65,MI-body,VPL,1,1
157,68,MI-body,VL,1,1
157,75,MI-body,VAdc,1,1
157,132,MI-body,6,0,1
157,153,MI-body,M1-FL,0,1
158,25,M1-HL,CM,1,1
158,26,M1-HL,Cl,1,1
158,33,M1-HL,Ret,1,0
158,41,M1-HL,PM,1,0
158,50,M1-HL,MD,1,1
158,65,M1-HL,VPL,1,0
158,68,M1-HL,VL,1,1
158,75,M1-HL,VAdc,1,1
158,132,M1-HL,6,0,1
158,144,M1-HL,F2,1,0
158,145,M1-HL,6M,1,1
158,146,M1-HL,F3,1,1
158,149,M1-HL,M2-HL,1,1
158,153,M1-HL,M1-FL,0,1
158,157,M1-HL,MI-body,1,0
160,3,S1,Hyp,0,1
160,65,S1,VPL,0,1
160,67,S1,VPLc,0,1
160,89,S1,13,1,0
160,90,S1,13L,1,0
160,101,S1,12o,1,0
160,102,S1,12m,1,0
160,104,S1,12r,1,0
160,105,S1,12l,1,0
160,106,S1,11,1,0
160,113,S1,46,1,0
160,114,S1,46v,1,0
160,134,S1,F5,1,0
160,139,S1,F4,1,0
160,143,S1,F7,1,0
160,152,S1,M1,0,1
160,153,S1,M1-FL,1,1
160,158,S1,M1-HL,0,1
161,25,PC,CM,0,1
161,26,PC,Cl,0,1
161,44,PC,Pul.o,0,1
161,50,PC,MD,0,1
161,64,PC,VPM,0,1
161,65,PC,VPL,0,1
161,67,PC,VPLc,0,1
161,72,PC,VLc,0,1
161,139,PC,F4,1,1
161,145,PC,6M,1,0
161,146,PC,F3,1,0
161,152,PC,M1,1,1
162,13,1,PAa,1,0
162,25,1,CM,0,1
162,62,1,VPS,1,1
162,64,1,VPM,0,1
162,65,1,VPL,1,1
162,67,1,VPLc,1,1
162,79,1,belt_sm,1,1
162,87,1,ProM,1,0
162,113,1,46,1,0
162,128,1,8A,1,0
162,133,1,6V,1,1
162,134,1,F5,0,1
162,152,1,M1,1,1
162,153,1,M1-FL,1,1
162,154,1,MI-of,1,0
163,44,2,Pul.o,1,1
163,62,2,VPS,1,1
163,65,2,VPL,1,1
163,67,2,VPLc,1,1
163,79,2,belt_sm,1,1
163,87,2,ProM,1,0
163,113,2,46,1,1
163,132,2,6,1,1
163,133,2,6V,1,1
163,134,2,F5,0,1
163,145,2,6M,1,0
163,152,2,M1,1,1
163,153,2,M1-FL,1,1
163,154,2,MI-of,1,0
163,162,2,1,1,1
164,79,3,belt_sm,1,1
164,87,3,ProM,1,1
164,145,3,6M,0,1
164,152,3,M1,0,1
164,153,3,M1-FL,1,1
164,162,3,1,0,1
164,163,3,2,1,1
165,13,3b,PAa,1,0
165,44,3b,Pul.o,0,1
165,64,3b,VPM,1,1
165,65,3b,VPL,0,1
165,66,3b,VPLo,1,0
165,67,3b,VPLc,1,1
165,90,3b,13L,1,0
165,102,3b,12m,1,0
165,134,3b,F5,0,1
165,152,3b,M1,1,1
165,153,3b,M1-FL,1,0
165,162,3b,1,1,1
165,163,3b,2,1,1
166,25,3a,CM,0,1
166,26,3a,Cl,0,1
166,44,3a,Pul.o,0,1
166,62,3a,VPS,0,1
166,64,3a,VPM,0,1
166,65,3a,VPL,0,1
166,66,3a,VPLo,0,1
166,67,3a,VPLc,1,1
166,95,3a,10,1,0
166,128,3a,8A,1,0
166,133,3a,6V,1,1
166,134,3a,F5,0,1
166,152,3a,M1,1,1
166,153,3a,M1-FL,1,0
166,154,3a,MI-of,1,0
166,162,3a,1,1,1
166,163,3a,2,1,1
166,165,3a,3b,1,1
167,3,S2,Hyp,0,1
167,30,S2,PN,1,0
167,44,S2,Pul.o,1,0
167,63,S2,VPI,1,0
167,64,S2,VPM,0,1
167,67,S2,VPLc,1,1
167,79,S2,belt_sm,1,1
167,81,S2,PFCorb,1,1
167,87,S2,ProM,1,1
167,88,S2,Gu,0,1
167,101,S2,12o,1,0
167,102,S2,12m,1,0
167,105,S2,12l,1,0
167,106,S2,11,1,0
167,113,S2,46,1,1
167,114,S2,46v,1,0
167,132,S2,6,1,1
167,133,S2,6V,1,1
167,134,S2,F5,1,1
167,139,S2,F4,1,1
167,140,S2,44,0,1
167,144,S2,F2,1,0
167,145,S2,6M,1,0
167,146,S2,F3,1,0
167,147,S2,SMAr,0,1
167,152,S2,M1,1,1
167,153,S2,M1-FL,1,1
167,154,S2,MI-of,1,1
167,158,S2,M1-HL,1,1
167,160,S2,S1,1,0
167,162,S2,1,1,1
167,163,S2,2,1,1
167,164,S2,3,1,0
167,165,S2,3b,1,1
167,166,S2,3a,1,1
168,162,SII-f,1,0,1
168,165,SII-f,3b,0,1
169,154,CMA,MI-of,1,0
170,87,belt_s,ProM,1,1
170,88,belt_s,Gu,1,1
170,89,belt_s,13,0,1
170,100,belt_s,12,0,1
170,132,belt_s,6,1,1
170,152,belt_s,M1,0,1
170,164,belt_s,3,1,1
171,124,PR,FEF,1,1
171,132,PR,6,1,1
171,134,PR,F5,0,1
171,162,PR,1,1,1
171,165,PR,3b,1,1
171,166,PR,3a,0,1
171,167,PR,S2,1,1
171,168,PR,SII-f,1,1
172,3,7,Hyp,0,1
172,6,7,LD,1,0
172,26,7,Cl,1,0
172,27,7,Csl,1,0
172,41,7,PM,1,0
172,44,7,Pul.o,1,0
172,45,7,PL,1,1
172,65,7,VPL,1,0
172,68,7,VL,1,0
172,70,7,VLps,1,0
172,95,7,10,1,0
172,109,7,9,1,0
172,114,7,46v,0,1
172,123,7,8,1,0
172,132,7,6,1,0
172,136,7,4c,0,1
172,138,7,6Va,0,1
172,142,7,6D,0,1
172,145,7,6M,1,0
172,152,7,M1,0,1
172,153,7,M1-FL,1,0
172,162,7,1,0,1
172,163,7,2,0,1
172,166,7,3a,0,1
172,171,7,PR,1,0
173,133,PFop,6V,1,1
173,134,PFop,F5,1,1
173,153,PFop,M1-FL,1,1
174,144,PP,F2,1,0
175,113,PGop,46,0,1
175,129,PGop,8Ad,1,0
175,133,PGop,6V,1,0
175,134,PGop,F5,0,1
175,164,PGop,3,1,0
175,167,PGop,S2,1,0
176,24,IPL,Pcn,1,0
176,26,IPL,Cl,1,0
176,27,IPL,Csl,1,0
176,31,IPL,SG,1,0
176,33,IPL,Ret,1,0
176,41,IPL,PM,1,0
176,42,IPL,PMm,1,0
176,43,IPL,PMl,1,0
176,44,IPL,Pul.o,1,0
176,45,IPL,PL,1,0
176,47,IPL,PLd,1,0
176,50,IPL,MD,1,0
176,65,IPL,VPL,1,0
176,67,IPL,VPLc,1,0
176,72,IPL,VLc,1,0
176,109,IPL,9,1,0
176,113,IPL,46,1,1
176,114,IPL,46v,0,1
176,123,IPL,8,1,0
176,125,IPL,45,0,1
176,130,IPL,8Ac,0,1
176,132,IPL,6,1,0
176,136,IPL,4c,0,1
176,138,IPL,6Va,0,1
176,142,IPL,6D,0,1
176,145,IPL,6M,0,1
176,152,IPL,M1,0,1
176,167,IPL,S2,0,1
177,100,7a,12,0,1
177,102,7a,12m,1,0
177,113,7a,46,1,1
177,124,7a,FEF,1,1
177,125,7a,45,0,1
177,126,7a,45A,1,1
177,127,7a,45B,0,1
177,128,7a,8A,0,1
177,130,7a,8Ac,0,1
177,131,7a,8B,0,1
177,132,7a,6,1,1
177,133,7a,6V,1,0
177,134,7a,F5,1,0
177,142,7a,6D,1,1
177,143,7a,F7,1,0
177,144,7a,F2,1,0
177,163,7a,2,1,0
178,3,PG,Hyp,0,1
178,8,PG,AM,0,1
178,20,PG,MG,1,0
178,21,PG,LGN,0,1
178,23,PG,Pf,0,1
178,25,PG,CM,0,1
178,26,PG,Cl,0,1
178,31,PG,SG,1,1
178,32,PG,Li,1,1
178,34,PG,Pul,0,1
178,38,PG,PIm,0,1
178,40,PG,PIc,0,1
178,41,PG,PM,0,1
178,42,PG,PMm,1,1
178,43,PG,PMl,1,1
178,45,PG,PL,0,1
178,47,PG,PLd,0,1
178,51,PG,MDdc,1,1
178,54,PG,MDpc,0,1
178,65,PG,VPL,0,1
178,70,PG,VLps,0,1
178,72,PG,VLc,0,1
178,73,PG,VA,0,1
178,93,PG,32,1,0
178,101,PG,12o,1,0
178,105,PG,12l,1,0
178,106,PG,11,1,0
178,113,PG,46,1,1
178,114,PG,46v,1,0
178,116,PG,PS,1,1
178,122,PG,9/46d,1,0
178,128,PG,8A,1,0
178,131,PG,8B,1,0
178,134,PG,F5,0,1
178,151,PG,F6,1,0
179,6,Opt,LD,0,1
179,7,Opt,AV,0,1
179,8,Opt,AM,0,1
179,23,Opt,Pf,0,1
179,24,Opt,Pcn,0,1
179,26,Opt,Cl,0,1
179,27,Opt,Csl,0,1
179,41,Opt,PM,0,1
179,55,Opt,MDmf,0,1
179,65,Opt,VPL,0,1
179,67,Opt,VPLc,0,1
179,70,Opt,VLps,0,1
179,72,Opt,VLc,0,1
179,113,Opt,46,1,1
179,128,Opt,8A,1,0
179,129,Opt,8Ad,1,0
179,131,Opt,8B,1,0
179,147,Opt,SMAr,1,1
180,29,7b,MI,1,1
180,79,7b,belt_sm,1,0
180,87,7b,ProM,1,1
180,100,7b,12,1,1
180,101,7b,12o,1,0
180,102,7b,12m,1,0
180,106,7b,11,1,1
180,113,7b,46,1,1
180,125,7b,45,1,1
180,132,7b,6,1,1
180,133,7b,6V,1,1
180,134,7b,F5,1,0
180,135,7b,PrCO,0,1
180,136,7b,4c,0,1
180,137,7b,6Vb,0,1
180,138,7b,6Va,0,1
180,139,7b,F4,1,0
180,142,7b,6D,1,1
180,143,7b,F7,1,0
180,144,7b,F2,1,0
180,145,7b,6M,1,1
180,152,7b,M1,1,0
180,154,7b,MI-of,1,0
180,160,7b,S1,1,1
180,162,7b,1,1,1
180,163,7b,2,1,1
180,167,7b,S2,1,1
180,168,7b,SII-f,1,0
180,171,7b,PR,1,1
180,175,7b,PGop,0,1
180,177,7b,7a,1,1
181,24,PFG,Pcn,1,1
181,25,PFG,CM,1,0
181,26,PFG,Cl,1,1
181,27,PFG,Csl,0,1
181,31,PFG,SG,1,0
181,33,PFG,Ret,1,0
181,41,PFG,PM,1,1
181,44,PFG,Pul.o,1,1
181,45,PFG,PL,1,1
181,50,PFG,MD,1,0
181,54,PFG,MDpc,0,1
181,55,PFG,MDmf,0,1
181,60,PFG,X,1,0
181,63,PFG,VPI,1,0
181,64,PFG,VPM,1,0
181,65,PFG,VPL,1,1
181,67,PFG,VPLc,0,1
181,69,PFG,VLm,1,0
181,71,PFG,VLo,1,0
181,72,PFG,VLc,1,0
181,121,PFG,9/46v,1,0
181,134,PFG,F5,0,1
181,143,PFG,F7,1,0
181,151,PFG,F6,1,0
182,24,PF,Pcn,0,1
182,25,PF,CM,0,1
182,26,PF,Cl,0,1
182,41,PF,PM,0,1
182,44,PF,Pul.o,0,1
182,45,PF,PL,0,1
182,54,PF,MDpc,0,1
182,55,PF,MDmf,0,1
182,63,PF,VPI,0,1
182,64,PF,VPM,0,1
182,65,PF,VPL,0,1
182,67,PF,VPLc,0,1
182,72,PF,VLc,0,1
182,79,PF,belt_sm,0,1
182,88,PF,Gu,1,0
182,101,PF,12o,1,0
182,113,PF,46,1,0
182,121,PF,9/46v,1,0
182,132,PF,6,1,0
182,133,PF,6V,1,1
182,134,PF,F5,1,1
182,139,PF,F4,1,1
182,152,PF,M1,1,1
182,153,PF,M1-FL,1,1
182,154,PF,MI-of,1,1
182,160,PF,S1,1,1
182,162,PF,1,0,1
182,163,PF,2,1,1
182,167,PF,S2,1,1
182,173,PF,PFop,1,0
182,181,PF,PFG,1,0
184,6,LIP,LD,0,1
184,23,LIP,Pf,0,1
184,26,LIP,Cl,0,1
184,27,LIP,Csl,0,1
184,41,LIP,PM,0,1
184,45,LIP,PL,0,1
184,54,LIP,MDpc,0,1
184,60,LIP,X,0,1
184,65,LIP,VPL,0,1
184,67,LIP,VPLc,0,1
184,70,LIP,VLps,0,1
184,100,LIP,12,1,1
184,106,LIP,11,1,1
184,109,LIP,9,0,1
184,113,LIP,46,1,1
184,121,LIP,9/46v,1,0
184,124,LIP,FEF,1,1
184,125,LIP,45,1,1
184,126,LIP,45A,1,1
184,127,LIP,45B,1,1
184,128,LIP,8A,1,0
184,129,LIP,8Ad,1,0
184,130,LIP,8Ac,1,1
184,131,LIP,8B,1,1
184,132,LIP,6,1,1
184,133,LIP,6V,1,1
184,134,LIP,F5,1,1
184,142,LIP,6D,1,1
184,143,LIP,F7,1,1
184,145,LIP,6M,1,1
184,153,LIP,M1-FL,1,0
184,163,LIP,2,1,0
184,167,LIP,S2,1,0
184,177,LIP,7a,1,1
184,180,LIP,7b,1,1
184,182,LIP,PF,0,1
185,105,LIPe,12l,1,0
185,114,LIPe,46v,1,0
185,116,LIPe,PS,0,1
185,126,LIPe,45A,1,0
185,128,LIPe,8A,1,0
185,134,LIPe,F5,1,0
185,144,LIPe,F2,1,0
185,180,LIPe,7b,1,0
186,105,LIPi,12l,1,0
186,114,LIPi,46v,1,0
186,116,LIPi,PS,0,1
186,126,LIPi,45A,1,0
186,128,LIPi,8A,1,0
186,139,LIPi,F4,1,0
186,144,LIPi,F2,1,0
186,180,LIPi,7b,1,0
187,79,VIP,belt_sm,0,1
187,124,VIP,FEF,1,1
187,126,VIP,45A,1,0
187,128,VIP,8A,1,0
187,132,VIP,6,1,0
187,139,VIP,F4,1,0
187,142,VIP,6D,1,0
187,143,VIP,F7,1,0
187,144,VIP,F2,1,0
187,172,VIP,7,1,1
187,176,VIP,IPL,1,1
187,177,VIP,7a,1,0
187,180,VIP,7b,1,0
187,184,VIP,LIP,1,1
188,184,PIP,LIP,1,1
189,102,AIP,12m,1,0
189,133,AIP,6V,1,0
189,134,AIP,F5,1,1
189,139,AIP,F4,1,1
189,144,AIP,F2,1,0
189,162,AIP,1,1,0
189,163,AIP,2,0,1
189,184,AIP,LIP,1,1
190,25,MIP,CM,0,1
190,26,MIP,Cl,0,1
190,44,MIP,Pul.o,0,1
190,45,MIP,PL,0,1
190,54,MIP,MDpc,0,1
190,65,MIP,VPL,0,1
190,67,MIP,VPLc,0,1
190,70,MIP,VLps,0,1
190,129,MIP,8Ad,1,0
190,132,MIP,6,1,0
190,134,MIP,F5,1,1
190,139,MIP,F4,1,0
190,142,MIP,6D,1,0
190,143,MIP,F7,1,0
190,144,MIP,F2,1,0
190,146,MIP,F3,1,0
190,147,MIP,SMAr,1,1
190,152,MIP,M1,1,0
190,153,MIP,M1-FL,1,1
190,163,MIP,2,1,0
190,167,MIP,S2,1,0
190,172,MIP,7,1,1
190,175,MIP,PGop,1,0
190,176,MIP,IPL,1,0
190,177,MIP,7a,1,0
190,184,MIP,LIP,1,1
190,189,MIP,AIP,1,0
192,3,SPL,Hyp,0,1
192,13,SPL,PAa,0,1
192,26,SPL,Cl,0,1
192,44,SPL,Pul.o,1,1
192,45,SPL,PL,0,1
192,62,SPL,VPS,1,1
192,65,SPL,VPL,1,1
192,67,SPL,VPLc,0,1
192,70,SPL,VLps,0,1
192,128,SPL,8A,1,0
192,132,SPL,6,1,0
192,133,SPL,6V,1,0
192,134,SPL,F5,1,0
192,139,SPL,F4,1,0
192,143,SPL,F7,1,0
192,144,SPL,F2,1,0
192,145,SPL,6M,1,1
192,152,SPL,M1,1,1
192,153,SPL,M1-FL,1,0
192,158,SPL,M1-HL,0,1
192,160,SPL,S1,1,1
192,162,SPL,1,1,1
192,163,SPL,2,1,1
192,165,SPL,3b,0,1
192,166,SPL,3a,0,1
192,167,SPL,S2,0,1
192,171,SPL,PR,1,1
192,172,SPL,7,1,0
192,180,SPL,7b,1,1
192,182,SPL,PF,0,1
193,25,PEm,CM,0,1
193,26,PEm,Cl,0,1
193,32,PEm,Li,0,1
193,33,PEm,Ret,1,0
193,41,PEm,PM,1,0
193,44,PEm,Pul.o,1,1
193,45,PEm,PL,0,1
193,51,PEm,MDdc,0,1
193,65,PEm,VPL,1,1
193,66,PEm,VPLo,0,1
193,67,PEm,VPLc,1,1
193,70,PEm,VLps,0,1
193,72,PEm,VLc,1,1
193,111,PEm,M9,1,0
193,113,PEm,46,1,0
193,123,PEm,8,1,0
193,132,PEm,6,1,0
193,133,PEm,6V,1,1
193,143,PEm,F7,1,0
193,144,PEm,F2,1,0
193,145,PEm,6M,1,0
193,146,PEm,F3,1,0
193,152,PEm,M1,1,0
193,153,PEm,M1-FL,1,1
193,163,PEm,2,1,0
193,164,PEm,3,1,0
193,172,PEm,7,0,1
193,175,PEm,PGop,1,0
193,178,PEm,PG,1,0
193,190,PEm,MIP,1,0
194,44,5_Foot,Pul.o,1,1
194,65,5_Foot,VPL,1,1
195,22,PEc,IL,1,0
195,25,PEc,CM,0,1
195,26,PEc,Cl,1,1
195,27,PEc,Csl,1,0
195,33,PEc,Ret,1,0
195,41,PEc,PM,1,0
195,44,PEc,Pul.o,1,1
195,45,PEc,PL,0,1
195,50,PEc,MD,1,0
195,55,PEc,MDmf,0,1
195,65,PEc,VPL,1,1
195,67,PEc,VPLc,1,1
195,68,PEc,VL,1,0
195,70,PEc,VLps,0,1
195,132,PEc,6,1,0
195,134,PEc,F5,0,1
195,142,PEc,6D,1,0
195,143,PEc,F7,1,1
195,144,PEc,F2,1,1
195,146,PEc,F3,0,1
195,147,PEc,SMAr,1,1
195,151,PEc,F6,0,1
195,164,PEc,3,1,0
195,172,PEc,7,0,1
195,175,PEc,PGop,1,0
195,177,PEc,7a,0,1
195,178,PEc,PG,1,0
195,181,PEc,PFG,0,1
195,187,PEc,VIP,0,1
195,189,PEc,AIP,0,1
195,190,PEc,MIP,1,1
195,193,PEc,PEm,1,1
197,6,PGm,LD,1,0
197,7,PGm,AV,0,1
197,8,PGm,AM,0,1
197,11,PGm,Re,0,1
197,24,PGm,Pcn,0,1
197,26,PGm,Cl,1,1
197,27,PGm,Csl,1,1
197,29,PGm,MI,0,1
197,33,PGm,Ret,1,0
197,41,PGm,PM,1,1
197,44,PGm,Pul.o,1,1
197,45,PGm,PL,1,1
197,50,PGm,MD,1,0
197,51,PGm,MDdc,0,1
197,54,PGm,MDpc,0,1
197,65,PGm,VPL,1,1
197,68,PGm,VL,1,0
197,70,PGm,VLps,1,1
197,72,PGm,VLc,0,1
197,109,PGm,9,1,1
197,113,PGm,46,1,1
197,116,PGm,PS,1,1
197,122,PGm,9/46d,1,0
197,124,PGm,FEF,1,1
197,125,PGm,45,1,1
197,126,PGm,45A,1,0
197,131,PGm,8B,1,1
197,132,PGm,6,1,0
197,142,PGm,6D,1,1
197,143,PGm,F7,1,1
197,144,PGm,F2,1,0
197,145,PGm,6M,1,1
197,147,PGm,SMAr,1,1
197,172,PGm,7,0,1
197,176,PGm,IPL,1,1
197,177,PGm,7a,1,1
197,180,PGm,7b,1,0
197,184,PGm,LIP,1,1
197,193,PGm,PEm,1,1
197,195,PGm,PEc,1,1
198,89,31,13,0,1
198,95,31,10,0,1
198,106,31,11,0,1
198,109,31,9,0,1
198,111,31,M9,1,0
198,113,31,46,1,1
198,116,31,PS,1,1
198,122,31,9/46d,0,1
198,129,31,8Ad,1,1
198,131,31,8B,1,1
198,143,31,F7,0,1
198,144,31,F2,0,1
198,145,31,6M,0,1
198,147,31,SMAr,1,1
198,151,31,F6,0,1
198,152,31,M1,0,1
198,162,31,1,0,1
198,163,31,2,0,1
198,164,31,3,0,1
198,175,31,PGop,0,1
198,178,31,PG,0,1
198,179,31,Opt,0,1
198,190,31,MIP,0,1
198,195,31,PEc,0,1
198,197,31,PGm,0,1
199,26,PECg,Cl,1,0
199,33,PECg,Ret,1,0
199,41,PECg,PM,1,0
199,44,PECg,Pul.o,1,0
199,45,PECg,PL,1,0
199,65,PECg,VPL,1,0
199,72,PECg,VLc,1,0
199,109,PECg,9,0,1
199,113,PECg,46,0,1
199,129,PECg,8Ad,0,1
199,131,PECg,8B,0,1
199,140,PECg,44,0,1
199,143,PECg,F7,1,1
199,144,PECg,F2,1,1
199,145,PECg,6M,0,1
199,147,PECg,SMAr,1,1
199,152,PECg,M1,0,1
199,162,PECg,1,0,1
199,163,PECg,2,0,1
199,164,PECg,3,1,1
199,165,PECg,3b,0,1
199,166,PECg,3a,0,1
199,167,PECg,S2,0,1
199,172,PECg,7,0,1
199,175,PECg,PGop,0,1
199,176,PECg,IPL,0,1
199,178,PECg,PG,0,1
199,180,PECg,7b,1,1
199,181,PECg,PFG,0,1
199,190,PECg,MIP,0,1
199,193,PECg,PEm,0,1
199,195,PECg,PEc,1,1
199,197,PECg,PGm,1,1
199,198,PECg,31,1,1
201,3,24,Hyp,0,1
201,8,24,AM,1,1
201,11,24,Re,1,1
201,12,24,PT,1,0
201,13,24,PAa,1,1
201,15,24,Clc,1,1
201,16,24,Cim,1,0
201,17,24,Cif,1,0
201,18,24,Cdc,1,1
201,23,24,Pf,1,1
201,24,24,Pcn,1,0
201,25,24,CM,1,0
201,27,24,Csl,1,1
201,28,24,Cs,1,0
201,32,24,Li,1,1
201,33,24,Ret,1,1
201,34,24,Pul,1,1
201,41,24,PM,0,1
201,50,24,MD,1,1
201,51,24,MDdc,0,1
201,52,24,MDcd,0,1
201,54,24,MDpc,1,1
201,56,24,MDmc,1,0
201,58,24,MDfi,0,1
201,68,24,VL,1,0
201,73,24,VA,1,0
201,76,24,VAmc,1,0
201,82,24,14,1,1
201,85,24,OFap,1,1
201,86,24,OFO,1,1
201,89,24,13,1,1
201,93,24,32,1,1
201,95,24,10,1,1
201,100,24,12,1,1
201,101,24,12o,1,1
201,103,24,Dec-47,1,0
201,105,24,12l,1,0
201,106,24,11,1,1
201,109,24,9,1,1
201,111,24,M9,1,0
201,112,24,D9,1,0
201,113,24,46,1,1
201,114,24,46v,1,1
201,116,24,PS,1,1
201,122,24,9/46d,1,0
201,123,24,8,1,0
201,125,24,45,1,1
201,128,24,8A,1,1
201,131,24,8B,1,1
201,132,24,6,1,1
201,133,24,6V,0,1
201,135,24,PrCO,1,1
201,141,24,6b-beta,1,1
201,143,24,F7,0,1
201,144,24,F2,0,1
201,145,24,6M,1,1
201,147,24,SMAr,1,1
201,153,24,M1-FL,1,1
201,155,24,4b,1,1
201,156,24,4a,1,1
201,167,24,S2,1,1
201,172,24,7,0,1
201,176,24,IPL,0,1
201,177,24,7a,1,0
201,178,24,PG,1,0
201,180,24,7b,0,1
201,184,24,LIP,1,1
201,193,24,PEm,0,1
201,197,24,PGm,1,1
201,198,24,31,1,0
202,76,24c,VAmc,1,0
202,82,24c,14,0,1
202,89,24c,13,0,1
202,91,24c,13M,1,0
202,92,24c,13a,1,1
202,93,24c,32,1,1
202,94,24c,FD,1,1
202,95,24c,10,0,1
202,99,24c,10o,1,0
202,100,24c,12,1,1
202,101,24c,12o,1,1
202,102,24c,12m,1,0
202,104,24c,12r,1,0
202,105,24c,12l,1,1
202,106,24c,11,0,1
202,109,24c,9,1,1
202,113,24c,46,1,1
202,125,24c,45,0,1
202,128,24c,8A,0,1
202,131,24c,8B,0,1
202,133,24c,6V,1,1
202,134,24c,F5,1,1
202,135,24c,PrCO,0,1
202,136,24c,4c,0,1
202,137,24c,6Vb,0,1
202,138,24c,6Va,0,1
202,143,24c,F7,1,1
202,144,24c,F2,1,1
202,145,24c,6M,1,1
202,146,24c,F3,1,0
202,149,24c,M2-HL,1,0
202,150,24c,M2-FL,1,0
202,151,24c,F6,1,0
202,152,24c,M1,1,1
202,153,24c,M1-FL,1,0
202,154,24c,MI-of,1,0
202,157,24c,MI-body,1,0
202,158,24c,M1-HL,1,0
202,164,24c,3,1,0
202,166,24c,3a,1,0
202,172,24c,7,0,1
202,176,24c,IPL,0,1
202,180,24c,7b,1,1
202,193,24c,PEm,0,1
202,197,24c,PGm,0,1
202,198,24c,31,1,0
202,199,24c,PECg,1,0
203,71,24d,VLo,1,1
203,74,24d,VApc,0,1
203,76,24d,VAmc,1,0
203,87,24d,ProM,1,0
203,111,24d,M9,1,0
203,112,24d,D9,1,0
203,113,24d,46,1,1
203,128,24d,8A,0,1
203,134,24d,F5,0,1
203,139,24d,F4,0,1
203,143,24d,F7,1,1
203,144,24d,F2,1,1
203,145,24d,6M,1,1
203,146,24d,F3,1,0
203,151,24d,F6,1,1
203,153,24d,M1-FL,1,0
203,154,24d,MI-of,1,0
203,158,24d,M1-HL,1,0
203,167,24d,S2,1,0
203,172,24d,7,1,0
203,176,24d,IPL,1,0
204,71,24b,VLo,1,0
204,74,24b,VApc,0,1
204,76,24b,VAmc,1,0
204,84,24b,14r,1,1
204,90,24b,13L,1,0
204,91,24b,13M,1,0
204,92,24b,13a,1,1
204,93,24b,32,1,0
204,94,24b,FD,1,1
204,99,24b,10o,1,1
204,100,24b,12,1,1
204,101,24b,12o,1,0
204,102,24b,12m,1,0
204,104,24b,12r,1,0
204,105,24b,12l,1,0
204,106,24b,11,1,0
204,107,24b,11l,1,0
204,108,24b,11m,1,1
204,109,24b,9,1,1
204,113,24b,46,1,1
204,128,24b,8A,1,1
204,133,24b,6V,0,1
204,134,24b,F5,0,1
204,143,24b,F7,1,0
204,144,24b,F2,1,0
204,145,24b,6M,1,0
204,146,24b,F3,1,0
204,149,24b,M2-HL,1,0
204,150,24b,M2-FL,1,0
204,151,24b,F6,1,0
204,152,24b,M1,1,0
204,153,24b,M1-FL,1,1
204,157,24b,MI-body,1,0
204,158,24b,M1-HL,0,1
204,166,24b,3a,1,0
204,172,24b,7,1,1
204,176,24b,IPL,1,0
204,180,24b,7b,1,0
204,193,24b,PEm,0,1
204,197,24b,PGm,0,1
204,199,24b,PECg,1,0
204,202,24b,24c,0,1
205,76,24a,VAmc,1,0
205,84,24a,14r,1,1
205,92,24a,13a,1,1
205,93,24a,32,1,0
205,94,24a,FD,1,1
205,99,24a,10o,0,1
205,100,24a,12,1,1
205,102,24a,12m,1,0
205,105,24a,12l,1,0
205,106,24a,11,1,0
205,108,24a,11m,1,1
205,109,24a,9,1,1
205,113,24a,46,1,1
205,121,24a,9/46v,1,0
205,128,24a,8A,1,1
205,131,24a,8B,1,0
205,133,24a,6V,0,1
205,134,24a,F5,1,1
205,143,24a,F7,1,0
205,144,24a,F2,1,0
205,151,24a,F6,1,0
205,172,24a,7,1,0
205,176,24a,IPL,1,0
205,180,24a,7b,1,1
205,197,24a,PGm,0,1
205,198,24a,31,1,0
205,202,24a,24c,0,1
206,6,23,LD,1,0
206,7,23,AV,1,0
206,8,23,AM,1,0
206,41,23,PM,1,0
206,50,23,MD,1,0
206,65,23,VPL,1,0
206,72,23,VLc,1,0
206,82,23,14,0,1
206,87,23,ProM,1,0
206,93,23,32,1,1
206,95,23,10,1,1
206,101,23,12o,1,0
206,105,23,12l,1,0
206,106,23,11,1,1
206,109,23,9,1,1
206,111,23,M9,1,0
206,113,23,46,1,1
206,114,23,46v,1,0
206,116,23,PS,1,1
206,122,23,9/46d,1,1
206,126,23,45A,1,0
206,128,23,8A,1,0
206,129,23,8Ad,1,1
206,131,23,8B,1,1
206,143,23,F7,1,0
206,145,23,6M,1,0
206,146,23,F3,1,0
206,147,23,SMAr,1,1
206,151,23,F6,1,0
206,172,23,7,1,1
206,176,23,IPL,1,1
206,178,23,PG,1,1
206,179,23,Opt,0,1
206,180,23,7b,1,0
206,184,23,LIP,1,1
206,193,23,PEm,0,1
206,197,23,PGm,1,1
206,198,23,31,1,1
206,201,23,24,1,1
206,205,23,24a,0,1
207,71,23c,VLo,1,1
207,74,23c,VApc,0,1
207,82,23c,14,0,1
207,89,23c,13,0,1
207,93,23c,32,0,1
207,94,23c,FD,1,1
207,95,23c,10,0,1
207,100,23c,12,0,1
207,101,23c,12o,0,1
207,106,23c,11,0,1
207,109,23c,9,0,1
207,113,23c,46,1,1
207,128,23c,8A,1,1
207,129,23c,8Ad,0,1
207,131,23c,8B,0,1
207,133,23c,6V,1,0
207,134,23c,F5,0,1
207,136,23c,4c,0,1
207,143,23c,F7,1,1
207,144,23c,F2,1,1
207,145,23c,6M,1,1
207,149,23c,M2-HL,1,0
207,150,23c,M2-FL,1,0
207,151,23c,F6,1,1
207,152,23c,M1,1,1
207,153,23c,M1-FL,1,0
207,154,23c,MI-of,1,0
207,157,23c,MI-body,1,0
207,158,23c,M1-HL,1,0
207,162,23c,1,0,1
207,163,23c,2,0,1
207,164,23c,3,1,1
207,165,23c,3b,0,1
207,166,23c,3a,0,1
207,167,23c,S2,0,1
207,175,23c,PGop,0,1
207,178,23c,PG,0,1
207,179,23c,Opt,0,1
207,180,23c,7b,1,1
207,181,23c,PFG,0,1
207,187,23c,VIP,0,1
207,190,23c,MIP,0,1
207,193,23c,PEm,0,1
207,195,23c,PEc,1,1
207,197,23c,PGm,1,1
207,198,23c,31,1,1
207,199,23c,PECg,1,1
207,201,23c,24,1,1
207,202,23c,24c,1,1
207,204,23c,24b,1,1
207,205,23c,24a,1,1
208,82,23b,14,0,1
208,89,23b,13,0,1
208,93,23b,32,1,0
208,94,23b,FD,1,1
208,106,23b,11,1,0
208,108,23b,11m,1,0
208,109,23b,9,1,1
208,113,23b,46,1,1
208,123,23b,8,0,1
208,128,23b,8A,1,1
208,179,23b,Opt,0,1
208,198,23b,31,1,0
208,199,23b,PECg,1,0
208,201,23b,24,1,1
208,202,23b,24c,0,1
208,204,23b,24b,0,1
208,205,23b,24a,0,1
208,207,23b,23c,1,1
209,113,TSA,46,0,1
209,129,TSA,8Ad,0,1
209,143,TSA,F7,0,1
209,144,TSA,F2,0,1
209,145,TSA,6M,0,1
209,152,TSA,M1,0,1
209,165,TSA,3b,0,1
209,166,TSA,3a,0,1
209,167,TSA,S2,0,1
209,178,TSA,PG,0,1
209,193,TSA,PEm,0,1
209,195,TSA,PEc,0,1
209,197,TSA,PGm,0,1
209,198,TSA,31,1,1
209,199,TSA,PECg,1,1
209,202,TSA,24c,0,1
209,207,TSA,23c,1,1
209,208,TSA,23b,0,1
210,93,23a,32,1,0
210,94,23a,FD,1,1
210,106,23a,11,1,0
210,108,23a,11m,1,0
210,109,23a,9,1,1
210,113,23a,46,1,1
210,128,23a,8A,1,1
210,198,23a,31,1,0
210,201,23a,24,1,1
210,202,23a,24c,0,1
210,207,23a,23c,1,0
210,208,23a,23b,1,0
211,178,26,PG,1,0
211,184,26,LIP,1,1
211,197,26,PGm,1,1
212,95,29,10,1,0
212,109,29,9,1,0
212,111,29,M9,1,0
212,113,29,46,1,0
212,116,29,PS,1,1
212,122,29,9/46d,1,0
212,176,29,IPL,1,0
212,198,29,31,1,0
212,201,29,24,1,1
212,207,29,23c,1,0
213,116,CML,PS,1,1
214,106,29d,11,1,0
214,108,29d,11m,1,0
214,109,29d,9,0,1
214,122,29d,9/46d,0,1
215,82,29a-c,14,1,0
215,89,29a-c,13,1,0
215,93,29a-c,32,1,0
215,100,29a-c,12,1,0
215,106,29a-c,11,1,0
215,108,29a-c,11m,1,0
215,109,29a-c,9,1,1
215,113,29a-c,46,1,1
215,122,29a-c,9/46d,0,1
215,123,29a-c,8,1,0
215,201,29a-c,24,0,1
216,108,30,11m,1,0
216,109,30,9,1,1
216,113,30,46,1,0
216,116,30,PS,1,1
216,122,30,9/46d,1,1
216,131,30,8B,1,0
216,176,30,IPL,1,0
216,198,30,31,1,0
216,207,30,23c,1,0
217,3,25,Hyp,0,1
217,50,25,MD,1,1
217,56,25,MDmc,0,1
217,82,25,14,1,1
217,84,25,14r,1,1
217,89,25,13,0,1
217,90,25,13L,1,0
217,91,25,13M,1,0
217,92,25,13a,1,1
217,93,25,32,1,1
217,95,25,10,1,0
217,101,25,12o,1,1
217,106,25,11,1,1
217,107,25,11l,1,0
217,108,25,11m,1,0
217,109,25,9,0,1
217,111,25,M9,1,0
217,112,25,D9,1,0
217,116,25,PS,1,1
217,202,25,24c,0,1
217,204,25,24b,0,1
217,207,25,23c,1,0
217,208,25,23b,0,1
217,215,25,29a-c,0,1
218,3,Insula,Hyp,0,1
218,11,Insula,Re,1,1
218,20,Insula,MG,0,1
218,23,Insula,Pf,1,1
218,24,Insula,Pcn,0,1
218,25,Insula,CM,1,0
218,31,Insula,SG,0,1
218,32,Insula,Li,0,1
218,33,Insula,Ret,1,0
218,41,Insula,PM,1,1
218,44,Insula,Pul.o,1,0
218,54,Insula,MDpc,1,1
218,56,Insula,MDmc,1,0
218,63,Insula,VPI,1,1
218,64,Insula,VPM,1,1
218,76,Insula,VAmc,0,1
218,81,Insula,PFCorb,1,0
218,85,Insula,OFap,1,0
218,113,Insula,46,1,0
218,132,Insula,6,1,0
218,135,Insula,PrCO,1,0
218,160,Insula,S1,1,0
218,162,Insula,1,1,0
218,163,Insula,2,1,0
218,164,Insula,3,1,0
218,167,Insula,S2,1,0
218,182,Insula,PF,1,0
218,201,Insula,24,1,0
218,206,Insula,23,1,0
219,3,Ig,Hyp,0,1
219,87,Ig,ProM,1,0
219,93,Ig,32,1,0
219,95,Ig,10,1,0
219,101,Ig,12o,1,0
219,102,Ig,12m,1,0
219,106,Ig,11,1,0
219,113,Ig,46,1,0
219,134,Ig,F5,0,1
219,145,Ig,6M,1,0
219,146,Ig,F3,1,0
219,151,Ig,F6,1,0
219,160,Ig,S1,1,0
219,162,Ig,1,1,1
219,163,Ig,2,0,1
219,164,Ig,3,1,0
219,165,Ig,3b,0,1
219,167,Ig,S2,1,1
219,172,Ig,7,1,0
219,180,Ig,7b,1,1
219,182,Ig,PF,1,0
219,184,Ig,LIP,1,1
219,192,Ig,SPL,1,0
219,197,Ig,PGm,1,1
219,199,Ig,PECg,1,0
219,201,Ig,24,1,1
219,207,Ig,23c,1,0
220,113,Ri,46,1,0
220,128,Ri,8A,1,0
220,133,Ri,6V,1,0
220,160,Ri,S1,1,0
220,162,Ri,1,1,1
220,163,Ri,2,1,1
220,165,Ri,3b,0,1
220,167,Ri,S2,1,1
220,172,Ri,7,1,0
220,180,Ri,7b,1,1
220,192,Ri,SPL,1,0
220,209,Ri,TSA,1,0
220,219,Ri,Ig,1,1
221,87,IPro,ProM,1,0
221,134,IPro,F5,0,1
221,164,IPro,3,1,0
222,82,Pi,14,1,0
222,92,Pi,13a,1,0
222,93,Pi,32,1,0
222,101,Pi,12o,1,0
222,105,Pi,12l,1,0
222,111,Pi,M9,1,0
222,201,Pi,24,0,1
224,50,Idg,MD,1,0
224,67,Idg,VPLc,0,1
224,79,Idg,belt_sm,1,0
224,82,Idg,14,1,0
224,87,Idg,ProM,1,0
224,89,Idg,13,1,0
224,90,Idg,13L,1,0
224,93,Idg,32,1,0
224,95,Idg,10,1,0
224,101,Idg,12o,1,0
224,106,Idg,11,1,0
224,111,Idg,M9,1,0
224,113,Idg,46,1,0
224,116,Idg,PS,1,1
224,134,Idg,F5,0,1
224,145,Idg,6M,1,0
224,146,Idg,F3,1,0
224,151,Idg,F6,1,0
224,163,Idg,2,1,0
224,164,Idg,3,1,0
224,167,Idg,S2,1,1
224,170,Idg,belt_s,1,0
224,172,Idg,7,1,0
224,180,Idg,7b,1,1
224,182,Idg,PF,1,1
224,184,Idg,LIP,1,1
224,192,Idg,SPL,1,0
224,197,Idg,PGm,1,1
224,199,Idg,PECg,1,0
224,201,Idg,24,0,1
224,206,Idg,23,1,0
224,207,Idg,23c,1,0
224,219,Idg,Ig,1,1
225,50,Ia,MD,1,0
225,56,Ia,MDmc,1,0
225,79,Ia,belt_sm,1,0
225,82,Ia,14,1,0
225,87,Ia,ProM,1,0
225,89,Ia,13,1,0
225,93,Ia,32,1,0
225,101,Ia,12o,1,0
225,113,Ia,46,1,0
225,134,Ia,F5,0,1
225,170,Ia,belt_s,1,0
225,180,Ia,7b,1,1
225,182,Ia,PF,1,0
225,197,Ia,PGm,1,1
225,201,Ia,24,1,1
225,224,Ia,Idg,1,1
226,50,Ial,MD,0,1
226,58,Ial,MDfi,0,1
226,84,Ial,14r,1,0
226,88,Ial,Gu,1,0
226,89,Ial,13,1,0
226,90,Ial,13L,1,0
226,91,Ial,13M,1,0
226,92,Ial,13a,1,1
226,99,Ial,10o,1,0
226,101,Ial,12o,1,0
226,102,Ial,12m,1,0
226,104,Ial,12r,1,0
226,105,Ial,12l,1,0
226,106,Ial,11,1,0
226,107,Ial,11l,1,0
227,50,Iam,MD,0,1
227,57,Iam,MDpm,1,1
227,58,Iam,MDfi,1,1
227,84,Iam,14r,1,1
227,88,Iam,Gu,1,0
227,90,Iam,13L,1,0
227,91,Iam,13M,1,0
227,92,Iam,13a,1,1
227,93,Iam,32,1,0
227,96,Iam,10m,1,0
227,99,Iam,10o,1,0
227,101,Iam,12o,1,0
227,102,Iam,12m,1,0
227,104,Iam,12r,1,0
227,105,Iam,12l,1,0
227,106,Iam,11,1,0
227,107,Iam,11l,1,0
227,108,Iam,11m,1,0
227,125,Iam,45,1,0
227,135,Iam,PrCO,1,0
227,137,Iam,6Vb,1,0
227,152,Iam,M1,1,0
227,166,Iam,3a,1,0
227,204,Iam,24b,1,0
227,217,Iam,25,1,0
227,226,Iam,Ial,1,0
228,11,Iapm,Re,0,1
228,23,Iapm,Pf,0,1
228,64,Iapm,VPM,0,1
228,84,Iapm,14r,1,1
228,88,Iapm,Gu,0,1
228,89,Iapm,13,1,0
228,90,Iapm,13L,1,1
228,91,Iapm,13M,1,1
228,92,Iapm,13a,1,1
228,99,Iapm,10o,1,0
228,101,Iapm,12o,1,1
228,102,Iapm,12m,1,1
228,107,Iapm,11l,0,1
228,135,Iapm,PrCO,0,1
228,160,Iapm,S1,0,1
228,165,Iapm,3b,0,1
228,204,Iapm,24b,0,1
228,217,Iapm,25,0,1
228,226,Iapm,Ial,0,1
228,227,Iapm,Iam,0,1
229,50,Iai,MD,0,1
229,52,Iai,MDcd,0,1
229,57,Iai,MDpm,0,1
229,58,Iai,MDfi,0,1
229,84,Iai,14r,1,1
229,89,Iai,13,1,0
229,90,Iai,13L,1,1
229,91,Iai,13M,1,1
229,92,Iai,13a,1,1
229,93,Iai,32,1,1
229,96,Iai,10m,1,1
229,99,Iai,10o,1,1
229,101,Iai,12o,1,1
229,102,Iai,12m,1,0
229,105,Iai,12l,1,1
229,106,Iai,11,1,0
229,107,Iai,11l,1,0
229,108,Iai,11m,1,1
229,109,Iai,9,0,1
229,125,Iai,45,0,1
229,135,Iai,PrCO,0,1
229,137,Iai,6Vb,0,1
229,138,Iai,6Va,0,1
229,202,Iai,24c,0,1
229,204,Iai,24b,1,1
229,205,Iai,24a,1,1
229,217,Iai,25,1,1
229,222,Iai,Pi,0,1
229,226,Iai,Ial,0,1
229,227,Iai,Iam,0,1
229,228,Iai,Iapm,1,1
232,6,TF,LD,1,0
232,34,TF,Pul,0,1
232,41,TF,PM,1,1
232,50,TF,MD,1,0
232,84,TF,14r,1,0
232,92,TF,13a,1,1
232,93,TF,32,1,0
232,101,TF,12o,1,0
232,105,TF,12l,1,0
232,108,TF,11m,1,0
232,109,TF,9,0,1
232,111,TF,M9,1,0
232,113,TF,46,1,1
232,131,TF,8B,1,0
232,176,TF,IPL,0,1
232,177,TF,7a,1,1
232,184,TF,LIP,1,1
232,192,TF,SPL,1,0
232,197,TF,PGm,1,1
232,198,TF,31,1,0
232,201,TF,24,1,1
232,206,TF,23,1,1
232,207,TF,23c,1,0
232,208,TF,23b,1,0
232,216,TF,30,0,1
232,217,TF,25,1,0
233,82,TFM,14,0,1
233,89,TFM,13,0,1
233,95,TFM,10,0,1
233,100,TFM,12,0,1
233,106,TFM,11,0,1
233,109,TFM,9,0,1
233,113,TFM,46,0,1
233,123,TFM,8,0,1
233,125,TFM,45,0,1
233,132,TFM,6,0,1
233,167,TFM,S2,0,1
233,219,TFM,Ig,0,1
233,222,TFM,Pi,0,1
233,224,TFM,Idg,0,1
233,225,TFM,Ia,0,1
234,82,TFL,14,0,1
234,89,TFL,13,0,1
234,93,TFL,32,0,1
234,95,TFL,10,0,1
234,100,TFL,12,0,1
234,106,TFL,11,0,1
234,109,TFL,9,0,1
234,113,TFL,46,0,1
234,123,TFL,8,0,1
234,125,TFL,45,0,1
234,132,TFL,6,0,1
234,135,TFL,PrCO,0,1
234,167,TFL,S2,0,1
234,201,TFL,24,0,1
234,206,TFL,23,0,1
234,214,TFL,29d,0,1
234,215,TFL,29a-c,0,1
234,216,TFL,30,0,1
234,217,TFL,25,0,1
234,219,TFL,Ig,0,1
234,222,TFL,Pi,0,1
234,224,TFL,Idg,0,1
234,225,TFL,Ia,0,1
235,50,Per,MD,1,0
235,201,Per,24,0,1
236,41,35,PM,1,0
236,50,35,MD,1,0
236,56,35,MDmc,1,0
236,82,35,14,1,0
236,89,35,13,1,1
236,91,35,13M,1,0
236,92,35,13a,1,1
236,93,35,32,1,0
236,95,35,10,1,0
236,101,35,12o,1,0
236,107,35,11l,1,0
236,111,35,M9,1,0
236,176,35,IPL,0,1
236,201,35,24,1,1
236,217,35,25,1,0
236,218,35,Insula,0,1
236,224,35,Idg,1,1
236,227,35,Iam,0,1
236,228,35,Iapm,1,0
236,229,35,Iai,1,1
236,232,35,TF,0,1
236,233,35,TFM,1,0
236,234,35,TFL,1,0
237,50,36,MD,1,0
237,56,36,MDmc,1,0
237,82,36,14,1,1
237,89,36,13,1,1
237,90,36,13L,1,0
237,92,36,13a,1,1
237,93,36,32,0,1
237,100,36,12,0,1
237,101,36,12o,1,0
237,103,36,Dec-47,1,0
237,105,36,12l,1,0
237,106,36,11,0,1
237,108,36,11m,0,1
237,113,36,46,0,1
237,123,36,8,0,1
237,125,36,45,0,1
237,132,36,6,0,1
237,135,36,PrCO,0,1
237,167,36,S2,0,1
237,176,36,IPL,0,1
237,198,36,31,1,0
237,201,36,24,1,1
237,204,36,24b,1,0
237,205,36,24a,1,0
237,206,36,23,1,1
237,207,36,23c,1,0
237,208,36,23b,1,0
237,210,36,23a,1,0
237,214,36,29d,0,1
237,215,36,29a-c,0,1
237,217,36,25,1,1
237,219,36,Ig,0,1
237,222,36,Pi,0,1
237,224,36,Idg,1,1
237,225,36,Ia,0,1
237,227,36,Iam,0,1
237,232,36,TF,1,1
237,236,36,35,0,1
238,89,36c,13,0,1
238,92,36c,13a,0,1
238,219,36c,Ig,0,1
238,222,36c,Pi,0,1
238,224,36c,Idg,0,1
238,225,36c,Ia,0,1
238,232,36c,TF,0,1
238,233,36c,TFM,1,0
238,234,36c,TFL,1,0
238,236,36c,35,0,1
239,82,36r,14,0,1
239,89,36r,13,0,1
239,93,36r,32,0,1
239,95,36r,10,0,1
239,100,36r,12,0,1
239,106,36r,11,0,1
239,109,36r,9,0,1
239,113,36r,46,0,1
239,123,36r,8,0,1
239,125,36r,45,0,1
239,132,36r,6,0,1
239,135,36r,PrCO,0,1
239,167,36r,S2,0,1
239,201,36r,24,0,1
239,206,36r,23,0,1
239,214,36r,29d,0,1
239,215,36r,29a-c,0,1
239,217,36r,25,0,1
239,219,36r,Ig,0,1
239,222,36r,Pi,0,1
239,224,36r,Idg,0,1
239,225,36r,Ia,0,1
239,232,36r,TF,0,1
239,233,36r,TFM,1,0
239,234,36r,TFL,1,0
239,236,36r,35,0,1
239,238,36r,36c,1,1
240,3,TG,Hyp,0,1
240,8,TG,AM,0,1
240,10,TG,ML,0,1
240,11,TG,Re,1,1
240,12,TG,PT,1,0
240,13,TG,PAa,0,1
240,18,TG,Cdc,0,1
240,20,TG,MG,1,0
240,23,TG,Pf,0,1
240,27,TG,Csl,1,0
240,31,TG,SG,0,1
240,32,TG,Li,0,1
240,41,TG,PM,1,1
240,45,TG,PL,0,1
240,50,TG,MD,1,0
240,51,TG,MDdc,0,1
240,54,TG,MDpc,1,0
240,56,TG,MDmc,1,0
240,81,TG,PFCorb,0,1
240,82,TG,14,1,1
240,85,TG,OFap,0,1
240,89,TG,13,1,1
240,93,TG,32,1,0
240,95,TG,10,1,1
240,100,TG,12,1,1
240,106,TG,11,1,1
240,109,TG,9,1,0
240,113,TG,46,0,1
240,123,TG,8,1,0
240,180,TG,7b,1,0
240,201,TG,24,1,1
240,202,TG,24c,1,0
240,204,TG,24b,1,0
240,205,TG,24a,1,0
240,217,TG,25,1,1
240,222,TG,Pi,0,1
240,224,TG,Idg,0,1
240,225,TG,Ia,0,1
240,232,TG,TF,0,1
241,50,TPPro,MD,1,0
241,85,TPPro,OFap,0,1
241,89,TPPro,13,0,1
241,93,TPPro,32,1,1
241,101,TPPro,12o,1,1
241,105,TPPro,12l,1,0
241,106,TPPro,11,1,0
241,178,TPPro,PG,1,0
241,201,TPPro,24,1,1
241,215,TPPro,29a-c,0,1
241,222,TPPro,Pi,0,1
241,232,TPPro,TF,1,0
241,233,TPPro,TFM,1,0
241,234,TPPro,TFL,1,0
241,238,TPPro,36c,1,0
241,239,TPPro,36r,1,0
242,84,TPag,14r,1,1
242,89,TPag,13,1,0
242,91,TPag,13M,1,0
242,92,TPag,13a,1,1
242,99,TPag,10o,1,0
242,101,TPag,12o,1,0
242,218,TPag,Insula,0,1
242,227,TPag,Iam,0,1
242,228,TPag,Iapm,1,0
242,229,TPag,Iai,1,1
243,84,TPg,14r,1,1
243,89,TPg,13,1,0
243,91,TPg,13M,1,0
243,92,TPg,13a,1,1
243,93,TPg,32,1,0
243,95,TPg,10,0,1
243,99,TPg,10o,1,0
243,101,TPg,12o,1,0
243,102,TPg,12m,1,0
243,105,TPg,12l,1,0
243,106,TPg,11,1,0
243,107,TPg,11l,1,0
243,108,TPg,11m,1,1
243,227,TPg,Iam,0,1
243,228,TPg,Iapm,1,0
243,229,TPg,Iai,1,1
244,82,TPproD,14,1,0
244,93,TPproD,32,1,0
244,95,TPproD,10,1,0
244,111,TPproD,M9,1,0
244,112,TPproD,D9,1,0
244,217,TPproD,25,1,1
244,222,TPproD,Pi,0,1
244,242,TPproD,TPag,1,0
244,243,TPproD,TPg,1,0
245,89,TPdgv,13,1,0
245,91,TPdgv,13M,1,0
245,92,TPdgv,13a,1,1
245,99,TPdgv,10o,1,0
245,101,TPdgv,12o,1,0
245,227,TPdgv,Iam,0,1
245,228,TPdgv,Iapm,1,0
245,229,TPdgv,Iai,1,1
246,84,TPdgd,14r,1,1
246,93,TPdgd,32,1,0
246,99,TPdgd,10o,1,0
246,101,TPdgd,12o,1,0
246,102,TPdgd,12m,1,0
246,105,TPdgd,12l,1,0
246,106,TPdgd,11,1,0
246,229,TPdgd,Iai,1,1
247,236,36p,35,1,0
247,238,36p,36c,1,0
248,116,PHC,PS,1,1
248,242,PHC,TPag,1,0
248,243,PHC,TPg,1,0
249,6,ENT,LD,0,1
249,50,ENT,MD,1,0
249,56,ENT,MDmc,1,0
249,57,ENT,MDpm,1,0
249,58,ENT,MDfi,1,0
249,82,ENT,14,1,1
249,89,ENT,13,0,1
249,92,ENT,13a,1,1
249,93,ENT,32,1,1
249,95,ENT,10,1,1
249,100,ENT,12,0,1
249,106,ENT,11,0,1
249,108,ENT,11m,1,0
249,109,ENT,9,0,1
249,113,ENT,46,0,1
249,123,ENT,8,0,1
249,132,ENT,6,0,1
249,201,ENT,24,1,1
249,206,ENT,23,0,1
249,214,ENT,29d,0,1
249,215,ENT,29a-c,0,1
249,216,ENT,30,0,1
249,217,ENT,25,1,1
249,222,ENT,Pi,0,1
249,224,ENT,Idg,0,1
249,225,ENT,Ia,0,1
249,228,ENT,Iapm,1,0
249,229,ENT,Iai,1,0
249,232,ENT,TF,1,1
249,236,ENT,35,1,1
249,237,ENT,36,0,1
249,238,ENT,36c,1,1
249,239,ENT,36r,1,1
249,240,ENT,TG,1,0
249,241,ENT,TPPro,1,0
249,242,ENT,TPag,1,0
249,243,ENT,TPg,1,0
249,244,ENT,TPproD,1,0
249,247,ENT,36p,0,1
250,92,EL,13a,1,0
250,218,EL,Insula,0,1
250,232,EL,TF,1,1
250,233,EL,TFM,1,0
250,234,EL,TFL,1,0
250,237,EL,36,0,1
250,238,EL,36c,1,1
250,239,EL,36r,1,1
250,240,EL,TG,1,0
250,242,EL,TPag,1,0
250,244,EL,TPproD,1,0
251,89,ELr,13,0,1
251,92,ELr,13a,1,1
251,108,ELr,11m,0,1
251,227,ELr,Iam,0,1
251,228,ELr,Iapm,1,0
251,229,ELr,Iai,1,1
251,232,ELr,TF,0,1
251,236,ELr,35,0,1
251,247,ELr,36p,0,1
252,89,ELc,13,0,1
252,92,ELc,13a,1,1
252,232,ELc,TF,0,1
252,247,ELc,36p,0,1
253,84,EI,14r,1,0
253,92,EI,13a,1,1
253,108,EI,11m,1,1
253,228,EI,Iapm,1,0
253,229,EI,Iai,1,1
253,232,EI,TF,1,1
253,233,EI,TFM,1,0
253,234,EI,TFL,1,0
253,236,EI,35,1,1
253,237,EI,36,0,1
253,238,EI,36c,1,1
253,239,EI,36r,1,1
253,240,EI,TG,1,0
253,247,EI,36p,0,1
254,84,ER,14r,1,0
254,89,ER,13,0,1
254,92,ER,13a,1,1
254,108,ER,11m,1,1
254,227,ER,Iam,0,1
254,228,ER,Iapm,1,0
254,229,ER,Iai,1,1
254,232,ER,TF,1,1
254,233,ER,TFM,1,0
254,234,ER,TFL,1,0
254,236,ER,35,0,1
254,237,ER,36,0,1
254,238,ER,36c,1,1
254,239,ER,36r,1,1
254,247,ER,36p,0,1
255,236,28m,35,0,1
255,240,28m,TG,1,0
255,250,28m,EL,0,1
255,252,28m,ELc,0,1
256,89,EO,13,0,1
256,92,EO,13a,1,1
256,227,EO,Iam,0,1
256,228,EO,Iapm,1,0
256,229,EO,Iai,1,1
256,232,EO,TF,1,1
256,236,EO,35,0,1
256,237,EO,36,0,1
256,238,EO,36c,1,0
256,239,EO,36r,1,1
257,84,ECL,14r,1,0
257,89,ECL,13,0,1
257,92,ECL,13a,1,1
257,108,ECL,11m,1,0
257,232,ECL,TF,1,1
257,233,ECL,TFM,1,0
257,234,ECL,TFL,1,0
257,236,ECL,35,0,1
257,237,ECL,36,0,1
257,238,ECL,36c,1,1
257,239,ECL,36r,1,0
257,247,ECL,36p,0,1
258,82,EC,14,0,1
258,84,EC,14r,1,0
258,89,EC,13,0,1
258,92,EC,13a,1,1
258,100,EC,12,0,1
258,108,EC,11m,1,0
258,113,EC,46,0,1
258,201,EC,24,0,1
258,206,EC,23,0,1
258,214,EC,29d,0,1
258,215,EC,29a-c,0,1
258,216,EC,30,0,1
258,217,EC,25,0,1
258,222,EC,Pi,0,1
258,225,EC,Ia,0,1
258,227,EC,Iam,0,1
258,232,EC,TF,1,1
258,233,EC,TFM,1,0
258,234,EC,TFL,1,0
258,236,EC,35,0,1
258,237,EC,36,0,1
258,238,EC,36c,1,1
258,239,EC,36r,1,1
258,247,EC,36p,0,1
259,50,S,MD,1,0
259,82,S,14,1,0
259,84,S,14r,1,0
259,89,S,13,1,0
259,92,S,13a,1,1
259,93,S,32,1,0
259,99,S,10o,1,0
259,100,S,12,1,0
259,106,S,11,1,0
259,108,S,11m,0,1
259,201,S,24,1,0
259,217,S,25,1,0
259,233,S,TFM,1,0
259,237,S,36,0,1
259,249,S,ENT,1,1
259,250,S,EL,1,0
259,251,S,ELr,1,1
259,252,S,ELc,1,0
259,253,S,EI,0,1
259,255,S,28m,1,0
259,258,S,EC,0,1
260,84,Su,14r,1,0
260,92,Su,13a,1,1
260,108,Su,11m,1,1
261,84,Sb,14r,1,0
261,92,Sb,13a,1,1
261,108,Sb,11m,1,1
262,82,Pros.,14,1,0
262,89,Pros.,13,1,0
262,92,Pros.,13a,1,1
262,93,Pros.,32,1,0
262,106,Pros.,11,1,0
262,108,Pros.,11m,1,1
262,201,Pros.,24,1,1
262,217,Pros.,25,1,0
262,232,Pros.,TF,1,1
262,233,Pros.,TFM,1,0
262,234,Pros.,TFL,1,1
262,236,Pros.,35,1,0
262,249,Pros.,ENT,1,0
262,255,Pros.,28m,1,0
263,5,PaS,AN,0,1
263,113,PaS,46,1,0
263,123,PaS,8,1,0
263,134,PaS,F5,1,0
263,202,PaS,24c,1,0
263,217,PaS,25,1,0
263,232,PaS,TF,1,0
263,240,PaS,TG,1,0
263,249,PaS,ENT,0,1
263,251,PaS,ELr,0,1
263,253,PaS,EI,0,1
263,258,PaS,EC,0,1
264,3,TH,Hyp,0,1
264,6,TH,LD,1,0
264,7,TH,AV,1,0
264,41,TH,PM,1,0
264,50,TH,MD,1,0
264,65,TH,VPL,1,0
264,84,TH,14r,1,0
264,89,TH,13,0,1
264,92,TH,13a,1,1
264,93,TH,32,1,0
264,95,TH,10,0,1
264,100,TH,12,0,1
264,101,TH,12o,1,0
264,106,TH,11,0,1
264,108,TH,11m,1,0
264,109,TH,9,1,1
264,111,TH,M9,1,0
264,112,TH,D9,1,0
264,113,TH,46,1,1
264,122,TH,9/46d,1,0
264,131,TH,8B,1,0
264,135,TH,PrCO,0,1
264,177,TH,7a,1,1
264,198,TH,31,1,0
264,201,TH,24,1,1
264,202,TH,24c,1,0
264,204,TH,24b,1,0
264,205,TH,24a,1,0
264,206,TH,23,1,1
264,207,TH,23c,1,0
264,208,TH,23b,1,0
264,210,TH,23a,1,0
264,216,TH,30,0,1
264,217,TH,25,1,0
264,219,TH,Ig,0,1
264,222,TH,Pi,0,1
264,224,TH,Idg,0,1
264,225,TH,Ia,0,1
264,232,TH,TF,1,1
264,233,TH,TFM,1,0
264,234,TH,TFL,1,0
264,236,TH,35,0,1
264,237,TH,36,1,0
264,238,TH,36c,1,1
264,239,TH,36r,1,1
264,240,TH,TG,1,0
264,241,TH,TPPro,0,1
264,249,TH,ENT,1,1
264,250,TH,EL,0,1
264,253,TH,EI,1,1
264,254,TH,ER,0,1
264,257,TH,ECL,1,1
264,258,TH,EC,1,1
264,259,TH,S,0,1
264,262,TH,Pros.,0,1
265,5,PrS,AN,0,1
265,82,PrS,14,1,0
265,89,PrS,13,1,0
265,93,PrS,32,1,0
265,100,PrS,12,1,0
265,106,PrS,11,1,0
265,109,PrS,9,1,1
265,113,PrS,46,1,0
265,122,PrS,9/46d,0,1
265,123,PrS,8,1,0
265,176,PrS,IPL,0,1
265,184,PrS,LIP,1,1
265,197,PrS,PGm,1,1
265,201,PrS,24,0,1
265,206,PrS,23,0,1
265,217,PrS,25,1,0
265,232,PrS,TF,1,1
265,241,PrS,TPPro,1,0
265,249,PrS,ENT,1,1
265,251,PrS,ELr,0,1
265,253,PrS,EI,1,1
265,255,PrS,28m,1,0
265,258,PrS,EC,0,1
266,50,Hip,MD,1,0
266,89,Hip,13,1,0
266,232,Hip,TF,1,0
266,236,Hip,35,1,0
266,238,Hip,36c,1,0
266,239,Hip,36r,1,0
266,241,Hip,TPPro,1,0
266,249,Hip,ENT,1,1
266,250,Hip,EL,1,0
266,251,Hip,ELr,0,1
266,252,Hip,ELc,1,0
266,253,Hip,EI,1,1
266,254,Hip,ER,1,0
266,256,Hip,EO,1,0
266,257,Hip,ECL,1,0
266,258,Hip,EC,1,1
266,259,Hip,S,1,0
266,263,Hip,PaS,1,0
266,264,Hip,TH,1,0
267,82,CA1,14,1,0
267,89,CA1,13,1,0
267,92,CA1,13a,1,0
267,93,CA1,32,1,0
267,106,CA1,11,1,0
267,177,CA1,7a,0,1
267,180,CA1,7b,0,1
267,201,CA1,24,1,1
267,217,CA1,25,1,0
267,232,CA1,TF,1,1
267,233,CA1,TFM,1,1
267,234,CA1,TFL,1,1
267,236,CA1,35,0,1
267,237,CA1,36,1,1
267,238,CA1,36c,1,0
267,249,CA1,ENT,1,1
267,251,CA1,ELr,0,1
267,253,CA1,EI,0,1
267,255,CA1,28m,1,0
267,258,CA1,EC,0,1
267,259,CA1,S,1,0
267,264,CA1,TH,1,1
268,236,DG,35,0,1
268,249,DG,ENT,1,1
268,250,DG,EL,0,1
268,251,DG,ELr,0,1
268,253,DG,EI,0,1
268,254,DG,ER,0,1
268,256,DG,EO,0,1
268,257,DG,ECL,0,1
268,258,DG,EC,0,1
269,84,CA3,14r,1,0
269,92,CA3,13a,1,0
269,108,CA3,11m,1,0
269,249,CA3,ENT,1,1
269,251,CA3,ELr,0,1
269,253,CA3,EI,0,1
269,255,CA3,28m,1,0
269,258,CA3,EC,0,1
270,34,STG,Pul,0,1
270,132,STG,6,1,0
270,152,STG,M1,1,0
270,180,STG,7b,1,1
270,197,STG,PGm,1,1
270,233,STG,TFM,1,0
270,234,STG,TFL,1,0
270,236,STG,35,1,0
270,237,STG,36,1,0
270,238,STG,36c,1,0
270,239,STG,36r,1,0
270,249,STG,ENT,1,0
270,251,STG,ELr,1,0
270,252,STG,ELc,1,0
270,253,STG,EI,1,0
270,254,STG,ER,1,0
270,257,STG,ECL,1,0
270,258,STG,EC,1,0
270,264,STG,TH,1,0
272,20,A1,MG,0,1
272,31,A1,SG,0,1
272,32,A1,Li,0,1
272,41,A1,PM,0,1
272,45,A1,PL,0,1
272,82,A1,14,1,1
272,89,A1,13,0,1
272,93,A1,32,1,0
272,95,A1,10,0,1
272,101,A1,12o,1,0
272,105,A1,12l,1,1
272,112,A1,D9,1,0
272,115,A1,46d,1,1
272,128,A1,8A,1,1
272,217,A1,25,1,0
272,218,A1,Insula,0,1
272,229,A1,Iai,1,0
272,240,A1,TG,1,0
272,241,A1,TPPro,1,0
273,93,STPg,32,1,0
273,95,STPg,10,1,0
273,100,STPg,12,1,0
273,109,STPg,9,1,0
273,113,STPg,46,1,0
273,123,STPg,8,1,0
273,201,STPg,24,1,0
273,217,STPg,25,1,0
273,218,STPg,Insula,0,1
273,222,STPg,Pi,1,1
273,272,STPg,A1,0,1
274,20,A2,MG,1,0
274,32,A2,Li,1,0
274,41,A2,PM,1,0
274,42,A2,PMm,1,0
274,43,A2,PMl,1,0
274,50,A2,MD,1,0
274,93,A2,32,1,0
274,95,A2,10,1,0
274,100,A2,12,1,0
274,109,A2,9,1,0
274,113,A2,46,1,0
274,115,A2,46d,1,0
274,123,A2,8,1,0
274,131,A2,8B,1,0
274,132,A2,6,1,0
274,201,A2,24,1,0
274,217,A2,25,1,0
274,218,A2,Insula,0,1
274,220,A2,Ri,1,1
274,222,A2,Pi,1,1
274,241,A2,TPPro,0,1
274,272,A2,A1,1,1
275,20,Pa,MG,0,1
275,31,Pa,SG,0,1
275,128,Pa,8A,1,1
275,218,Pa,Insula,0,1
275,272,Pa,A1,1,1
276,20,ProK,MG,0,1
276,93,ProK,32,1,0
276,105,ProK,12l,1,0
276,111,ProK,M9,1,0
276,272,ProK,A1,1,1
276,273,ProK,STPg,1,1
277,20,paAc,MG,0,1
277,31,paAc,SG,0,1
277,32,paAc,Li,0,1
277,41,paAc,PM,0,1
277,45,paAc,PL,0,1
277,105,paAc,12l,0,1
277,115,paAc,46d,1,1
277,128,paAc,8A,1,1
277,129,paAc,8Ad,1,0
277,198,paAc,31,1,0
277,199,paAc,PECg,1,0
277,207,paAc,23c,1,0
277,272,paAc,A1,1,1
277,273,paAc,STPg,0,1
277,276,paAc,ProK,0,1
278,20,paAlt,MG,1,0
278,31,paAlt,SG,1,0
278,41,paAlt,PM,1,0
278,42,paAlt,PMm,1,0
278,43,paAlt,PMl,1,0
278,47,paAlt,PLd,1,0
278,93,paAlt,32,1,0
278,105,paAlt,12l,1,0
278,116,paAlt,PS,1,1
278,129,paAlt,8Ad,1,0
278,206,paAlt,23,1,0
278,218,paAlt,Insula,0,1
278,220,paAlt,Ri,0,1
278,222,paAlt,Pi,0,1
278,241,paAlt,TPPro,0,1
278,272,paAlt,A1,1,1
278,273,paAlt,STPg,1,1
278,275,paAlt,Pa,1,1
278,276,paAlt,ProK,1,1
278,277,paAlt,paAc,1,1
279,20,L,MG,0,1
279,31,L,SG,0,1
279,95,L,10,1,1
279,101,L,12o,1,1
279,105,L,12l,1,1
279,106,L,11,1,1
279,109,L,9,1,1
279,113,L,46,1,1
279,114,L,46v,1,1
279,115,L,46d,1,1
279,125,L,45,1,1
279,128,L,8A,1,1
279,131,L,8B,1,1
279,272,L,A1,1,1
279,275,L,Pa,0,1
279,276,L,ProK,1,1
279,277,L,paAc,1,1
280,113,CL,46,1,1
280,114,CL,46v,1,1
280,115,CL,46d,1,1
280,125,CL,45,1,1
280,128,CL,8A,1,1
280,133,CL,6V,1,0
280,134,CL,F5,1,0
280,139,CL,F4,1,0
280,142,CL,6D,1,1
280,143,CL,F7,1,0
280,144,CL,F2,1,0
280,145,CL,6M,1,0
280,152,CL,M1,1,0
280,172,CL,7,1,0
280,180,CL,7b,1,0
280,277,CL,paAc,1,0
281,95,AL,10,1,1
281,101,AL,12o,1,1
281,105,AL,12l,1,1
281,106,AL,11,1,1
281,113,AL,46,1,1
281,114,AL,46v,1,1
281,115,AL,46d,1,1
281,125,AL,45,1,1
281,131,AL,8B,1,1
281,272,AL,A1,1,0
281,277,AL,paAc,1,0
281,279,AL,L,1,0
282,3,TA,Hyp,0,1
282,45,TA,PL,0,1
282,84,TA,14r,1,0
282,89,TA,13,1,0
282,90,TA,13L,1,0
282,92,TA,13a,1,0
282,93,TA,32,1,0
282,99,TA,10o,1,0
282,101,TA,12o,1,0
282,102,TA,12m,1,0
282,104,TA,12r,1,0
282,105,TA,12l,1,0
282,108,TA,11m,1,0
282,206,TA,23,0,1
282,222,TA,Pi,0,1
282,229,TA,Iai,1,0
282,240,TA,TG,1,1
282,243,TA,TPg,1,0
282,244,TA,TPproD,1,1
282,249,TA,ENT,0,1
284,20,ST3,MG,1,1
284,31,ST3,SG,1,1
284,32,ST3,Li,1,0
284,41,ST3,PM,1,0
284,43,ST3,PMl,1,0
284,82,ST3,14,1,0
284,93,ST3,32,1,1
284,95,ST3,10,1,0
284,100,ST3,12,1,0
284,105,ST3,12l,1,0
284,109,ST3,9,1,0
284,111,ST3,M9,1,0
284,112,ST3,D9,1,0
284,113,ST3,46,1,0
284,115,ST3,46d,1,0
284,116,ST3,PS,1,1
284,129,ST3,8Ad,1,0
284,131,ST3,8B,1,0
284,201,ST3,24,1,0
284,206,ST3,23,1,0
284,217,ST3,25,1,0
284,218,ST3,Insula,0,1
284,220,ST3,Ri,0,1
284,222,ST3,Pi,0,1
284,240,ST3,TG,1,0
284,241,ST3,TPPro,1,1
284,249,ST3,ENT,1,0
284,258,ST3,EC,1,0
284,272,ST3,A1,0,1
284,273,ST3,STPg,1,1
284,274,ST3,A2,1,1
284,276,ST3,ProK,1,1
284,277,ST3,paAc,0,1
284,278,ST3,paAlt,1,1
284,279,ST3,L,0,1
285,20,ST2,MG,0,1
285,32,ST2,Li,0,1
285,41,ST2,PM,0,1
285,82,ST2,14,1,1
285,89,ST2,13,0,1
285,93,ST2,32,1,1
285,95,ST2,10,1,1
285,105,ST2,12l,1,1
285,109,ST2,9,1,0
285,111,ST2,M9,1,1
285,112,ST2,D9,1,0
285,113,ST2,46,1,0
285,115,ST2,46d,0,1
285,122,ST2,9/46d,1,0
285,128,ST2,8A,0,1
285,217,ST2,25,1,1
285,222,ST2,Pi,0,1
285,240,ST2,TG,1,0
285,241,ST2,TPPro,1,1
285,272,ST2,A1,1,1
285,273,ST2,STPg,1,1
285,274,ST2,A2,1,1
285,275,ST2,Pa,0,1
285,278,ST2,paAlt,1,1
285,284,ST2,ST3,1,1
286,20,ST1,MG,0,1
286,32,ST1,Li,0,1
286,41,ST1,PM,0,1
286,82,ST1,14,1,1
286,89,ST1,13,0,1
286,93,ST1,32,1,1
286,95,ST1,10,1,1
286,105,ST1,12l,1,1
286,106,ST1,11,1,0
286,109,ST1,9,1,0
286,111,ST1,M9,1,0
286,112,ST1,D9,1,0
286,113,ST1,46,1,0
286,217,ST1,25,1,1
286,241,ST1,TPPro,1,1
286,272,ST1,A1,1,1
286,273,ST1,STPg,0,1
286,274,ST1,A2,1,1
286,284,ST1,ST3,1,0
286,285,ST1,ST2,1,1
287,31,Tpt,SG,0,1
287,32,Tpt,Li,0,1
287,41,Tpt,PM,0,1
287,45,Tpt,PL,0,1
287,113,Tpt,46,1,0
287,114,Tpt,46v,1,0
287,115,Tpt,46d,1,0
287,116,Tpt,PS,1,1
287,128,Tpt,8A,1,0
287,129,Tpt,8Ad,1,0
287,131,Tpt,8B,1,0
287,132,Tpt,6,1,0
287,145,Tpt,6M,1,0
287,172,Tpt,7,0,1
287,176,Tpt,IPL,0,1
287,179,Tpt,Opt,1,0
287,193,Tpt,PEm,0,1
287,197,Tpt,PGm,0,1
287,198,Tpt,31,1,1
287,199,Tpt,PECg,1,0
287,206,Tpt,23,1,0
287,207,Tpt,23c,1,0
287,209,Tpt,TSA,1,0
287,212,Tpt,29,0,1
287,216,Tpt,30,0,1
287,218,Tpt,Insula,0,1
287,232,Tpt,TF,0,1
287,236,Tpt,35,0,1
287,264,Tpt,TH,0,1
287,272,Tpt,A1,0,1
287,273,Tpt,STPg,1,1
287,274,Tpt,A2,1,1
287,276,Tpt,ProK,0,1
287,277,Tpt,paAc,1,0
287,278,Tpt,paAlt,1,0
287,280,Tpt,CL,0,1
287,284,Tpt,ST3,1,0
288,3,TE,Hyp,0,1
288,11,TE,Re,0,1
288,14,TE,C,0,1
288,23,TE,Pf,0,1
288,24,TE,Pcn,0,1
288,32,TE,Li,0,1
288,33,TE,Ret,1,0
288,34,TE,Pul,0,1
288,35,TE,PI,1,1
288,41,TE,PM,1,1
288,45,TE,PL,1,1
288,50,TE,MD,1,0
288,76,TE,VAmc,0,1
288,82,TE,14,1,0
288,89,TE,13,1,0
288,90,TE,13L,1,0
288,92,TE,13a,1,1
288,93,TE,32,1,0
288,95,TE,10,1,0
288,100,TE,12,1,1
288,101,TE,12o,1,0
288,102,TE,12m,1,0
288,104,TE,12r,1,0
288,105,TE,12l,1,0
288,106,TE,11,1,0
288,109,TE,9,1,0
288,113,TE,46,1,1
288,123,TE,8,0,1
288,126,TE,45A,1,1
288,127,TE,45B,1,1
288,184,TE,LIP,1,1
288,201,TE,24,1,1
288,217,TE,25,1,0
288,218,TE,Insula,0,1
288,222,TE,Pi,0,1
288,227,TE,Iam,0,1
288,228,TE,Iapm,1,0
288,229,TE,Iai,1,0
288,232,TE,TF,0,1
288,233,TE,TFM,1,0
288,234,TE,TFL,1,0
288,236,TE,35,0,1
288,237,TE,36,1,1
288,238,TE,36c,1,0
288,239,TE,36r,1,0
288,240,TE,TG,1,1
288,241,TE,TPPro,0,1
288,249,TE,ENT,0,1
288,258,TE,EC,1,0
288,264,TE,TH,1,1
288,265,TE,PrS,0,1
288,267,TE,CA1,1,0
288,272,TE,A1,0,1
288,276,TE,ProK,0,1
288,278,TE,paAlt,0,1
288,284,TE,ST3,0,1
288,285,TE,ST2,1,1
288,286,TE,ST1,0,1
288,287,TE,Tpt,0,1
289,34,20,Pul,0,1
289,41,20,PM,0,1
289,176,20,IPL,1,0
289,184,20,LIP,1,1
289,201,20,24,1,0
289,208,20,23b,1,0
289,262,20,Pros.,1,0
289,263,20,PaS,0,1
289,265,20,PrS,0,1
289,267,20,CA1,1,1
290,95,AITv,10,1,0
290,101,AITv,12o,1,0
290,103,AITv,Dec-47,1,0
290,105,AITv,12l,1,0
290,106,AITv,11,1,0
290,128,AITv,8A,1,0
290,232,AITv,TF,1,1
290,235,AITv,Per,1,1
290,236,AITv,35,1,1
290,237,AITv,36,1,1
290,238,AITv,36c,1,1
290,239,AITv,36r,1,1
290,240,AITv,TG,1,1
290,241,AITv,TPPro,0,1
290,247,AITv,36p,1,1
290,249,AITv,ENT,1,1
290,250,AITv,EL,1,1
290,262,AITv,Pros.,1,0
290,263,AITv,PaS,1,1
290,264,AITv,TH,1,1
290,265,AITv,PrS,1,1
290,267,AITv,CA1,1,1
290,286,AITv,ST1,0,1
291,113,CIT,46,1,1
291,124,CIT,FEF,1,1
291,232,CIT,TF,1,1
291,235,CIT,Per,1,1
291,249,CIT,ENT,1,1
291,250,CIT,EL,1,1
291,262,CIT,Pros.,1,0
291,263,CIT,PaS,1,1
291,264,CIT,TH,1,1
291,265,CIT,PrS,1,1
291,267,CIT,CA1,1,1
291,290,CIT,AITv,1,1
292,105,CITd,12l,1,0
292,114,CITd,46v,1,0
292,128,CITd,8A,1,0
292,290,CITd,AITv,1,0
293,89,CITv,13,1,1
293,95,CITv,10,1,0
293,100,CITv,12,1,1
293,101,CITv,12o,1,0
293,103,CITv,Dec-47,1,0
293,105,CITv,12l,1,0
293,106,CITv,11,1,0
293,114,CITv,46v,1,0
293,125,CITv,45,1,1
293,132,CITv,6,1,0
293,185,CITv,LIPe,1,1
293,186,CITv,LIPi,1,1
293,232,CITv,TF,0,1
293,241,CITv,TPPro,0,1
293,290,CITv,AITv,1,1
294,34,21,Pul,0,1
294,35,21,PI,0,1
294,180,21,7b,1,1
294,184,21,LIP,1,1
295,35,AITd,PI,0,1
295,41,AITd,PM,0,1
295,45,AITd,PL,0,1
295,100,AITd,12,0,1
295,113,AITd,46,1,1
295,123,AITd,8,0,1
295,124,AITd,FEF,1,1
295,176,AITd,IPL,1,0
295,177,AITd,7a,1,1
295,180,AITd,7b,1,0
295,232,AITd,TF,1,1
295,233,AITd,TFM,1,0
295,234,AITd,TFL,1,0
295,235,AITd,Per,1,1
295,236,AITd,35,1,1
295,237,AITd,36,1,0
295,238,AITd,36c,1,0
295,239,AITd,36r,1,1
295,240,AITd,TG,1,0
295,247,AITd,36p,1,0
295,249,AITd,ENT,1,0
295,263,AITd,PaS,1,1
295,264,AITd,TH,1,1
295,265,AITd,PrS,1,1
295,290,AITd,AITv,1,1
295,292,AITd,CITd,0,1
295,293,AITd,CITv,1,1
296,95,TEa,10,1,0
296,101,TEa,12o,1,0
296,103,TEa,Dec-47,1,0
296,105,TEa,12l,1,0
296,106,TEa,11,1,0
296,113,TEa,46,0,1
296,114,TEa,46v,1,0
296,126,TEa,45A,1,0
296,128,TEa,8A,1,0
296,178,TEa,PG,1,0
296,180,TEa,7b,1,0
296,232,TEa,TF,1,0
296,290,TEa,AITv,1,1
296,292,TEa,CITd,1,0
296,293,TEa,CITv,1,0
297,41,TEm,PM,0,1
297,45,TEm,PL,0,1
297,101,TEm,12o,1,0
297,105,TEm,12l,1,0
297,113,TEm,46,0,1
297,114,TEm,46v,1,0
297,126,TEm,45A,1,0
297,178,TEm,PG,1,0
297,240,TEm,TG,1,0
297,290,TEm,AITv,0,1
297,293,TEm,CITv,1,0
298,14,PIT,C,0,1
298,21,PIT,LGN,0,1
298,23,PIT,Pf,0,1
298,24,PIT,Pcn,0,1
298,32,PIT,Li,0,1
298,33,PIT,Ret,1,0
298,34,PIT,Pul,0,1
298,35,PIT,PI,1,1
298,41,PIT,PM,1,1
298,45,PIT,PL,1,1
298,76,PIT,VAmc,0,1
298,100,PIT,12,0,1
298,105,PIT,12l,1,0
298,113,PIT,46,1,1
298,124,PIT,FEF,1,1
298,125,PIT,45,1,1
298,126,PIT,45A,1,1
298,127,PIT,45B,0,1
298,128,PIT,8A,1,0
298,130,PIT,8Ac,0,1
298,174,PIT,PP,1,1
298,177,PIT,7a,0,1
298,185,PIT,LIPe,1,1
298,186,PIT,LIPi,1,1
298,187,PIT,VIP,1,1
298,232,PIT,TF,1,1
298,233,PIT,TFM,1,0
298,234,PIT,TFL,1,0
298,235,PIT,Per,1,1
298,236,PIT,35,0,1
298,237,PIT,36,1,1
298,238,PIT,36c,1,0
298,239,PIT,36r,1,0
298,240,PIT,TG,0,1
298,250,PIT,EL,0,1
298,253,PIT,EI,0,1
298,254,PIT,ER,0,1
298,256,PIT,EO,0,1
298,257,PIT,ECL,0,1
298,258,PIT,EC,0,1
298,263,PIT,PaS,1,1
298,264,PIT,TH,1,1
298,265,PIT,PrS,1,1
298,290,PIT,AITv,1,1
298,295,PIT,AITd,1,1
298,296,PIT,TEa,0,1
299,126,PITd,45A,1,0
299,185,PITd,LIPe,0,1
299,290,PITd,AITv,1,0
299,293,PITd,CITv,1,0
299,295,PITd,AITd,1,1
300,184,PITv,LIP,0,1
300,232,PITv,TF,0,1
300,264,PITv,TH,0,1
300,290,PITv,AITv,1,1
300,292,PITv,CITd,0,1
300,293,PITv,CITv,1,1
300,295,PITv,AITd,0,1
301,20,STS,MG,0,1
301,41,STS,PM,0,1
301,44,STS,Pul.o,0,1
301,82,STS,14,1,1
301,89,STS,13,1,0
301,93,STS,32,1,1
301,95,STS,10,1,1
301,100,STS,12,1,1
301,106,STS,11,1,1
301,109,STS,9,1,1
301,113,STS,46,1,1
301,123,STS,8,1,1
301,132,STS,6,1,0
301,143,STS,F7,1,0
301,151,STS,F6,1,0
301,177,STS,7a,1,1
301,178,STS,PG,1,0
301,179,STS,Opt,1,0
301,184,STS,LIP,1,1
301,201,STS,24,1,1
301,217,STS,25,1,0
301,218,STS,Insula,0,1
301,222,STS,Pi,0,1
301,236,STS,35,1,0
301,241,STS,TPPro,1,1
301,272,STS,A1,0,1
301,276,STS,ProK,0,1
301,278,STS,paAlt,0,1
301,284,STS,ST3,0,1
301,285,STS,ST2,0,1
301,286,STS,ST1,0,1
301,287,STS,Tpt,0,1
301,290,STS,AITv,1,0
301,292,STS,CITd,1,0
301,293,STS,CITv,1,0
301,296,STS,TEa,1,0
301,297,STS,TEm,1,0
301,298,STS,PIT,1,1
302,82,STSd,14,0,1
302,93,STSd,32,0,1
302,95,STSd,10,1,1
302,100,STSd,12,1,1
302,106,STSd,11,0,1
302,109,STSd,9,1,1
302,113,STSd,46,1,1
302,123,STSd,8,1,1
302,132,STSd,6,1,0
302,201,STSd,24,0,1
302,233,STSd,TFM,1,0
302,234,STSd,TFL,1,0
302,237,STSd,36,1,0
302,238,STSd,36c,1,0
302,239,STSd,36r,1,0
302,264,STSd,TH,1,0
303,11,TPO,Re,0,1
303,20,TPO,MG,1,1
303,23,TPO,Pf,0,1
303,24,TPO,Pcn,1,1
303,25,TPO,CM,0,1
303,26,TPO,Cl,1,1
303,31,TPO,SG,1,1
303,32,TPO,Li,1,1
303,35,TPO,PI,0,1
303,41,TPO,PM,1,1
303,44,TPO,Pul.o,1,1
303,45,TPO,PL,1,1
303,50,TPO,MD,1,1
303,63,TPO,VPI,0,1
303,65,TPO,VPL,0,1
303,93,TPO,32,1,1
303,101,TPO,12o,1,0
303,105,TPO,12l,1,0
303,106,TPO,11,1,0
303,109,TPO,9,1,0
303,111,TPO,M9,0,1
303,113,TPO,46,1,0
303,114,TPO,46v,1,0
303,116,TPO,PS,1,1
303,122,TPO,9/46d,1,0
303,128,TPO,8A,1,1
303,129,TPO,8Ad,1,0
303,131,TPO,8B,1,0
303,134,TPO,F5,0,1
303,172,TPO,7,0,1
303,176,TPO,IPL,0,1
303,178,TPO,PG,1,1
303,180,TPO,7b,1,0
303,184,TPO,LIP,1,1
303,193,TPO,PEm,0,1
303,198,TPO,31,1,0
303,199,TPO,PECg,1,0
303,201,TPO,24,1,0
303,206,TPO,23,1,0
303,207,TPO,23c,1,0
303,208,TPO,23b,1,0
303,209,TPO,TSA,1,0
303,217,TPO,25,0,1
303,240,TPO,TG,1,0
303,272,TPO,A1,1,0
303,277,TPO,paAc,1,0
303,278,TPO,paAlt,1,0
303,284,TPO,ST3,1,0
303,285,TPO,ST2,1,0
303,286,TPO,ST1,1,0
303,287,TPO,Tpt,1,0
303,288,TPO,TE,1,1
303,290,TPO,AITv,0,1
303,295,TPO,AITd,1,1
303,296,TPO,TEa,1,0
304,20,TPOc,MG,1,0
304,24,TPOc,Pcn,1,0
304,26,TPOc,Cl,1,0
304,31,TPOc,SG,1,0
304,32,TPOc,Li,1,0
304,41,TPOc,PM,1,0
304,44,TPOc,Pul.o,1,0
304,45,TPOc,PL,1,0
304,50,TPOc,MD,1,0
304,113,TPOc,46,1,1
304,124,TPOc,FEF,1,1
304,172,TPOc,7,1,0
304,176,TPOc,IPL,1,0
304,178,TPOc,PG,1,0
304,179,TPOc,Opt,1,1
304,180,TPOc,7b,1,0
304,197,TPOc,PGm,1,0
304,206,TPOc,23,0,1
304,212,TPOc,29,0,1
304,216,TPOc,30,0,1
304,232,TPOc,TF,1,1
304,237,TPOc,36,1,0
304,240,TPOc,TG,1,0
304,264,TPOc,TH,1,1
304,278,TPOc,paAlt,1,1
304,284,TPOc,ST3,1,1
304,285,TPOc,ST2,1,1
304,286,TPOc,ST1,1,1
304,287,TPOc,Tpt,1,1
304,288,TPOc,TE,1,0
304,291,TPOc,CIT,1,0
305,113,TPOi,46,0,1
305,172,TPOi,7,1,0
305,179,TPOi,Opt,0,1
305,180,TPOi,7b,1,0
306,20,TPOr,MG,1,0
306,41,TPOr,PM,1,0
306,44,TPOr,Pul.o,1,0
306,50,TPOr,MD,1,0
306,113,TPOr,46,1,1
306,172,TPOr,7,1,0
306,176,TPOr,IPL,1,0
306,178,TPOr,PG,1,0
306,179,TPOr,Opt,1,1
306,180,TPOr,7b,1,0
306,197,TPOr,PGm,1,0
306,232,TPOr,TF,1,1
306,237,TPOr,36,1,0
306,240,TPOr,TG,1,0
306,264,TPOr,TH,1,1
306,278,TPOr,paAlt,1,0
306,284,TPOr,ST3,1,0
306,285,TPOr,ST2,1,0
306,286,TPOr,ST1,1,0
306,287,TPOr,Tpt,1,0
306,288,TPOr,TE,1,0
306,295,TPOr,AITd,1,0
306,304,TPOr,TPOc,1,1
307,109,TAa,9,1,0
307,113,TAa,46,1,0
307,116,TAa,PS,1,1
307,128,TAa,8A,1,1
307,129,TAa,8Ad,1,0
307,172,TAa,7,0,1
307,176,TAa,IPL,1,1
307,179,TAa,Opt,0,1
307,193,TAa,PEm,0,1
307,206,TAa,23,0,1
307,212,TAa,29,0,1
307,216,TAa,30,0,1
307,222,TAa,Pi,0,1
307,232,TAa,TF,1,0
307,237,TAa,36,1,1
307,240,TAa,TG,1,0
307,264,TAa,TH,0,1
307,272,TAa,A1,1,1
307,276,TAa,ProK,0,1
307,277,TAa,paAc,1,0
307,278,TAa,paAlt,1,1
307,284,TAa,ST3,1,1
307,285,TAa,ST2,1,1
307,286,TAa,ST1,1,1
307,287,TAa,Tpt,1,1
307,288,TAa,TE,1,1
307,295,TAa,AITd,1,1
307,304,TAa,TPOc,1,0
307,305,TAa,TPOi,1,0
307,306,TAa,TPOr,1,0
309,93,PGa,32,1,0
309,101,PGa,12o,1,0
309,105,PGa,12l,1,0
309,106,PGa,11,1,0
309,114,PGa,46v,1,0
309,116,PGa,PS,1,1
309,126,PGa,45A,1,0
309,128,PGa,8A,1,0
309,172,PGa,7,0,1
309,176,PGa,IPL,1,1
309,178,PGa,PG,1,1
309,179,PGa,Opt,1,0
309,184,PGa,LIP,1,0
309,187,PGa,VIP,1,0
309,193,PGa,PEm,0,1
309,206,PGa,23,0,1
309,232,PGa,TF,1,0
309,237,PGa,36,1,0
309,240,PGa,TG,1,0
309,272,PGa,A1,1,0
309,278,PGa,paAlt,1,0
309,284,PGa,ST3,1,0
309,285,PGa,ST2,1,0
309,286,PGa,ST1,1,0
309,287,PGa,Tpt,1,0
309,288,PGa,TE,1,0
309,290,PGa,AITv,0,1
309,295,PGa,AITd,0,1
309,296,PGa,TEa,1,0
309,298,PGa,PIT,1,0
309,300,PGa,PITv,1,0
310,24,IPa,Pcn,1,0
310,32,IPa,Li,1,0
310,35,IPa,PI,1,0
310,41,IPa,PM,1,0
310,101,IPa,12o,1,0
310,105,IPa,12l,1,0
310,106,IPa,11,1,0
310,113,IPa,46,0,1
310,114,IPa,46v,1,0
310,126,IPa,45A,1,0
310,128,IPa,8A,1,0
310,172,IPa,7,0,1
310,176,IPa,IPL,0,1
310,178,IPa,PG,1,0
310,179,IPa,Opt,0,1
310,180,IPa,7b,1,0
310,184,IPa,LIP,1,1
310,232,IPa,TF,1,0
310,237,IPa,36,1,0
310,285,IPa,ST2,1,0
310,288,IPa,TE,1,1
310,290,IPa,AITv,0,1
310,293,IPa,CITv,1,0
310,295,IPa,AITd,1,1
310,296,IPa,TEa,1,0
310,298,IPa,PIT,1,1
310,299,IPa,PITd,1,0
310,300,IPa,PITv,1,0
310,307,IPa,TAa,0,1
311,113,OAa,46,0,1
311,176,OAa,IPL,1,0
311,178,OAa,PG,1,0
311,184,OAa,LIP,1,0
311,187,OAa,VIP,1,0
311,232,OAa,TF,1,0
311,237,OAa,36,1,0
311,288,OAa,TE,1,1
311,293,OAa,CITv,1,0
311,296,OAa,TEa,1,0
311,298,OAa,PIT,1,0
311,310,OAa,IPa,1,0
312,26,MT,Cl,1,0
312,35,MT,PI,1,1
312,37,MT,PIp,1,1
312,38,MT,PIm,1,1
312,39,MT,PIl,1,1
312,40,MT,PIc,1,1
312,41,MT,PM,1,1
312,44,MT,Pul.o,1,0
312,45,MT,PL,1,1
312,48,MT,PLvl,1,1
312,49,MT,PLvm,1,1
312,113,MT,46,1,0
312,114,MT,46v,1,0
312,124,MT,FEF,1,0
312,126,MT,45A,1,0
312,128,MT,8A,1,0
312,172,MT,7,1,0
312,178,MT,PG,1,0
312,179,MT,Opt,0,1
312,184,MT,LIP,1,1
312,186,MT,LIPi,0,1
312,187,MT,VIP,1,1
312,188,MT,PIP,1,1
312,190,MT,MIP,0,1
312,237,MT,36,1,0
312,288,MT,TE,1,0
312,293,MT,CITv,1,0
312,298,MT,PIT,1,1
312,299,MT,PITd,1,0
312,304,MT,TPOc,0,1
312,310,MT,IPa,0,1
313,128,MTp,8A,1,0
313,180,MTp,7b,1,1
313,184,MTp,LIP,1,1
313,197,MTp,PGm,1,1
314,124,FST,FEF,1,1
314,126,FST,45A,1,0
314,128,FST,8A,1,0
314,176,FST,IPL,1,0
314,177,FST,7a,1,0
314,178,FST,PG,1,0
314,179,FST,Opt,0,1
314,184,FST,LIP,1,1
314,187,FST,VIP,1,1
314,232,FST,TF,1,1
314,237,FST,36,0,1
314,264,FST,TH,0,1
314,288,FST,TE,1,0
314,290,FST,AITv,0,1
314,292,FST,CITd,0,1
314,293,FST,CITv,1,1
314,296,FST,TEa,1,0
314,298,FST,PIT,1,1
314,299,FST,PITd,1,0
314,300,FST,PITv,1,0
314,304,FST,TPOc,1,1
314,307,FST,TAa,0,1
314,312,FST,MT,1,1
315,113,MST,46,0,1
315,126,MST,45A,1,0
315,128,MST,8A,1,0
315,144,MST,F2,1,0
315,178,MST,PG,1,0
315,179,MST,Opt,0,1
315,180,MST,7b,1,1
315,184,MST,LIP,1,0
315,195,MST,PEc,1,0
315,197,MST,PGm,1,1
315,198,MST,31,1,0
315,199,MST,PECg,1,0
315,207,MST,23c,1,0
315,209,MST,TSA,1,0
315,298,MST,PIT,1,0
315,312,MST,MT,1,0
316,124,MSTp,FEF,1,1
316,184,MSTp,LIP,0,1
316,187,MSTp,VIP,1,1
316,304,MSTp,TPOc,1,1
316,312,MSTp,MT,1,1
316,314,MSTp,FST,1,1
317,113,MSTd,46,0,1
317,114,MSTd,46v,0,1
317,123,MSTd,8,0,1
317,124,MSTd,FEF,1,1
317,130,MSTd,8Ac,0,1
317,145,MSTd,6M,0,1
317,172,MSTd,7,1,0
317,177,MSTd,7a,1,1
317,184,MSTd,LIP,1,1
317,185,MSTd,LIPe,0,1
317,186,MSTd,LIPi,0,1
317,187,MSTd,VIP,1,1
317,188,MSTd,PIP,0,1
317,190,MSTd,MIP,0,1
317,204,MSTd,24b,0,1
317,205,MSTd,24a,0,1
317,232,MSTd,TF,0,1
317,264,MSTd,TH,0,1
317,298,MSTd,PIT,1,1
317,304,MSTd,TPOc,1,1
317,305,MSTd,TPOi,0,1
317,306,MSTd,TPOr,0,1
317,307,MSTd,TAa,0,1
317,310,MSTd,IPa,0,1
317,312,MSTd,MT,1,1
317,314,MSTd,FST,1,1
320,3,OA,Hyp,0,1
320,6,OA,LD,1,0
320,21,OA,LGN,1,0
320,33,OA,Ret,1,0
320,34,OA,Pul,0,1
320,35,OA,PI,1,1
320,45,OA,PL,1,0
320,113,OA,46,1,0
320,116,OA,PS,1,1
320,122,OA,9/46d,1,0
320,129,OA,8Ad,1,0
320,131,OA,8B,1,0
320,143,OA,F7,1,0
320,176,OA,IPL,0,1
320,178,OA,PG,1,0
320,184,OA,LIP,1,1
320,185,OA,LIPe,1,0
320,186,OA,LIPi,1,0
320,206,OA,23,1,0
320,208,OA,23b,1,0
320,232,OA,TF,1,1
320,237,OA,36,1,0
320,288,OA,TE,1,1
320,301,OA,STS,0,1
320,303,OA,TPO,1,0
320,309,OA,PGa,1,0
321,124,V3A,FEF,1,0
321,126,V3A,45A,1,0
321,128,V3A,8A,1,0
321,184,V3A,LIP,1,1
321,187,V3A,VIP,1,1
321,190,V3A,MIP,1,1
321,298,V3A,PIT,1,1
321,299,V3A,PITd,1,0
321,312,V3A,MT,1,1
321,314,V3A,FST,1,1
321,316,V3A,MSTp,1,1
321,317,V3A,MSTd,1,1
322,34,V3,Pul,1,0
322,45,V3,PL,0,1
322,124,V3,FEF,1,0
322,126,V3,45A,1,0
322,178,V3,PG,1,0
322,184,V3,LIP,1,1
322,187,V3,VIP,1,1
322,188,V3,PIP,1,1
322,198,V3,31,1,0
322,206,V3,23,1,0
322,207,V3,23c,1,0
322,232,V3,TF,1,1
322,288,V3,TE,0,1
322,312,V3,MT,1,1
322,314,V3,FST,1,1
322,317,V3,MSTd,1,1
323,34,V3d,Pul,1,0
323,128,V3d,8A,1,0
323,184,V3d,LIP,1,1
323,298,V3d,PIT,1,1
324,34,V3v,Pul,1,0
324,35,V3v,PI,1,0
324,41,V3v,PM,1,0
324,45,V3v,PL,1,0
324,65,V3v,VPL,1,0
324,124,V3v,FEF,1,0
324,128,V3v,8A,1,0
324,184,V3v,LIP,1,1
324,186,V3v,LIPi,1,1
324,187,V3v,VIP,1,0
324,188,V3v,PIP,1,1
324,232,V3v,TF,1,1
324,298,V3v,PIT,1,1
324,299,V3v,PITd,1,0
324,300,V3v,PITv,1,0
324,312,V3v,MT,1,1
324,314,V3v,FST,1,0
324,317,V3v,MSTd,1,1
324,321,V3v,V3A,1,1
325,24,V4,Pcn,1,0
325,26,V4,Cl,1,0
325,27,V4,Csl,1,0
325,34,V4,Pul,1,0
325,35,V4,PI,1,1
325,37,V4,PIp,0,1
325,39,V4,PIl,0,1
325,40,V4,PIc,0,1
325,41,V4,PM,1,1
325,44,V4,Pul.o,1,0
325,45,V4,PL,1,1
325,48,V4,PLvl,0,1
325,49,V4,PLvm,0,1
325,65,V4,VPL,1,0
325,113,V4,46,1,1
325,124,V4,FEF,1,1
325,125,V4,45,0,1
325,126,V4,45A,1,0
325,128,V4,8A,1,0
325,178,V4,PG,1,1
325,184,V4,LIP,1,1
325,187,V4,VIP,0,1
325,188,V4,PIP,1,1
325,232,V4,TF,1,1
325,233,V4,TFM,1,0
325,234,V4,TFL,1,0
325,264,V4,TH,1,1
325,288,V4,TE,0,1
325,290,V4,AITv,1,1
325,292,V4,CITd,1,1
325,293,V4,CITv,1,1
325,298,V4,PIT,1,1
325,299,V4,PITd,1,1
325,300,V4,PITv,1,1
325,301,V4,STS,0,1
325,311,V4,OAa,0,1
325,312,V4,MT,1,1
325,314,V4,FST,1,1
325,321,V4,V3A,1,1
325,322,V4,V3,1,1
325,323,V4,V3d,0,1
325,324,V4,V3v,1,1
326,24,V4t,Pcn,1,0
326,27,V4t,Csl,1,0
326,35,V4t,PI,1,0
326,41,V4t,PM,1,0
326,45,V4t,PL,1,0
326,124,V4t,FEF,1,0
326,126,V4t,45A,1,0
326,128,V4t,8A,1,0
326,179,V4t,Opt,0,1
326,184,V4t,LIP,1,0
326,298,V4t,PIT,1,1
326,299,V4t,PITd,1,0
326,300,V4t,PITv,1,0
326,312,V4t,MT,1,1
326,314,V4t,FST,1,1
326,316,V4t,MSTp,1,0
326,317,V4t,MSTd,1,1
326,322,V4t,V3,1,1
327,35,V4d,PI,1,0
327,41,V4d,PM,1,0
327,44,V4d,Pul.o,1,0
327,45,V4d,PL,1,0
327,70,V4d,VLps,1,0
327,178,V4d,PG,1,0
327,184,V4d,LIP,1,0
327,298,V4d,PIT,1,0
327,299,V4d,PITd,1,0
327,300,V4d,PITv,1,0
327,312,V4d,MT,1,0
327,317,V4d,MSTd,1,0
330,176,V4v,IPL,1,0
330,298,V4v,PIT,1,0
330,299,V4v,PITd,1,0
330,300,V4v,PITv,1,0
330,324,V4v,V3v,1,1
333,93,PO,32,1,0
333,124,PO,FEF,0,1
333,126,PO,45A,1,0
333,128,PO,8A,1,0
333,132,PO,6,1,0
333,142,PO,6D,1,0
333,143,PO,F7,1,0
333,144,PO,F2,1,0
333,177,PO,7a,1,1
333,178,PO,PG,1,0
333,184,PO,LIP,1,1
333,187,PO,VIP,0,1
333,188,PO,PIP,0,1
333,190,PO,MIP,0,1
333,197,PO,PGm,1,1
333,232,PO,TF,0,1
333,312,PO,MT,1,1
333,316,PO,MSTp,1,1
333,317,PO,MSTd,1,1
333,321,PO,V3A,0,1
333,322,PO,V3,0,1
333,324,PO,V3v,0,1
333,325,PO,V4,1,0
333,326,PO,V4t,0,1
334,113,V6A,46,1,1
334,134,V6A,F5,1,1
334,143,V6A,F7,1,1
334,144,V6A,F2,1,1
334,146,V6A,F3,1,0
334,151,V6A,F6,1,1
334,152,V6A,M1,1,0
334,177,V6A,7a,1,1
334,184,V6A,LIP,1,1
334,187,V6A,VIP,1,1
334,189,V6A,AIP,1,0
334,190,V6A,MIP,1,1
334,193,V6A,PEm,0,1
334,195,V6A,PEc,1,1
334,197,V6A,PGm,1,1
334,199,V6A,PECg,1,1
334,312,V6A,MT,1,0
334,322,V6A,V3,1,0
335,21,V6,LGN,0,1
335,32,V6,Li,0,1
335,34,V6,Pul,1,0
335,35,V6,PI,1,0
335,38,V6,PIm,0,1
335,39,V6,PIl,1,1
335,40,V6,PIc,1,1
335,41,V6,PM,1,0
335,45,V6,PL,1,1
335,65,V6,VPL,1,0
335,124,V6,FEF,1,0
335,134,V6,F5,1,0
335,143,V6,F7,1,0
335,146,V6,F3,1,0
335,177,V6,7a,1,0
335,184,V6,LIP,1,0
335,187,V6,VIP,1,0
335,190,V6,MIP,1,0
335,195,V6,PEc,1,0
335,197,V6,PGm,1,0
335,312,V6,MT,1,1
335,314,V6,FST,0,1
335,315,V6,MST,0,1
335,321,V6,V3A,1,0
335,322,V6,V3,1,0
335,328,V6,DLr,0,1
335,329,V6,DLc,0,1
335,331,V6,VPP,0,1
335,332,V6,DI,0,1
335,334,V6,V6A,1,1
336,6,DP,LD,1,0
336,24,DP,Pcn,1,0
336,26,DP,Cl,1,0
336,27,DP,Csl,1,0
336,35,DP,PI,1,0
336,41,DP,PM,1,0
336,44,DP,Pul.o,1,0
336,45,DP,PL,1,0
336,65,DP,VPL,1,0
336,113,DP,46,1,1
336,124,DP,FEF,0,1
336,177,DP,7a,1,1
336,178,DP,PG,1,0
336,184,DP,LIP,1,1
336,188,DP,PIP,1,1
336,288,DP,TE,0,1
336,298,DP,PIT,1,1
336,312,DP,MT,1,0
336,314,DP,FST,1,0
336,316,DP,MSTp,1,0
336,317,DP,MSTd,1,1
336,321,DP,V3A,1,1
336,324,DP,V3v,0,1
336,325,DP,V4,1,1
336,333,DP,PO,1,1
336,334,DP,V6A,0,1
336,335,DP,V6,0,1
337,299,VOT,PITd,1,0
337,300,VOT,PITv,1,0
337,324,VOT,V3v,1,1
337,325,VOT,V4,1,0
338,21,V1,LGN,0,1
338,22,V1,IL,0,1
338,34,V1,Pul,1,1
338,35,V1,PI,0,1
338,36,V1,PIl-s,1,1
338,38,V1,PIm,1,0
338,39,V1,PIl,1,1
338,40,V1,PIc,1,0
338,45,V1,PL,0,1
338,46,V1,PLa,0,1
338,48,V1,PLvl,0,1
338,49,V1,PLvm,0,1
338,184,V1,LIP,0,1
338,188,V1,PIP,1,1
338,232,V1,TF,0,1
338,264,V1,TH,0,1
338,288,V1,TE,0,1
338,297,V1,TEm,0,1
338,298,V1,PIT,0,1
338,309,V1,PGa,0,1
338,310,V1,IPa,0,1
338,311,V1,OAa,1,0
338,312,V1,MT,1,1
338,316,V1,MSTp,1,0
338,321,V1,V3A,1,1
338,322,V1,V3,1,1
338,325,V1,V4,1,1
338,326,V1,V4t,0,1
338,327,V1,V4d,1,1
338,333,V1,PO,1,1
338,335,V1,V6,1,1
339,202,ProSt,24c,1,0
339,232,ProSt,TF,1,0
340,6,V2,LD,1,0
340,21,V2,LGN,1,1
340,24,V2,Pcn,1,0
340,33,V2,Ret,1,0
340,34,V2,Pul,1,1
340,35,V2,PI,1,1
340,38,V2,PIm,0,1
340,39,V2,PIl,0,1
340,40,V2,PIc,0,1
340,44,V2,Pul.o,1,0
340,45,V2,PL,1,1
340,48,V2,PLvl,0,1
340,49,V2,PLvm,0,1
340,65,V2,VPL,1,0
340,93,V2,32,1,0
340,95,V2,10,1,0
340,123,V2,8,1,0
340,124,V2,FEF,1,0
340,126,V2,45A,1,0
340,128,V2,8A,1,0
340,178,V2,PG,1,0
340,184,V2,LIP,1,1
340,186,V2,LIPi,1,0
340,187,V2,VIP,1,0
340,188,V2,PIP,1,0
340,197,V2,PGm,1,1
340,206,V2,23,1,0
340,232,V2,TF,1,1
340,288,V2,TE,1,1
340,297,V2,TEm,0,1
340,298,V2,PIT,1,1
340,299,V2,PITd,1,0
340,300,V2,PITv,1,0
340,312,V2,MT,1,1
340,313,V2,MTp,1,0
340,314,V2,FST,1,0
340,315,V2,MST,1,0
340,316,V2,MSTp,1,1
340,317,V2,MSTd,1,1
340,320,V2,OA,1,1
340,321,V2,V3A,1,1
340,322,V2,V3,1,1
340,323,V2,V3d,1,0
340,324,V2,V3v,1,1
340,325,V2,V4,1,1
340,326,V2,V4t,1,0
340,327,V2,V4d,1,0
340,328,V2,DLr,1,0
340,329,V2,DLc,1,0
340,331,V2,VPP,1,0
340,332,V2,DI,1,0
340,333,V2,PO,1,0
340,335,V2,V6,1,1
340,337,V2,VOT,1,1
340,338,V2,V1,1,1
340,339,V2,ProSt,1,0
342,3,Amyg,Hyp,0,1
342,6,Amyg,LD,1,0
342,8,Amyg,AM,1,0
342,11,Amyg,Re,1,0
342,12,Amyg,PT,1,0
342,13,Amyg,PAa,1,0
342,16,Amyg,Cim,1,0
342,17,Amyg,Cif,1,0
342,18,Amyg,Cdc,1,0
342,32,Amyg,Li,1,0
342,41,Amyg,PM,1,0
342,50,Amyg,MD,1,0
342,56,Amyg,MDmc,1,0
342,82,Amyg,14,1,0
342,89,Amyg,13,1,0
342,106,Amyg,11,1,0
342,109,Amyg,9,1,0
342,131,Amyg,8B,1,0
342,132,Amyg,6,1,0
342,201,Amyg,24,1,0
342,217,Amyg,25,1,0
342,218,Amyg,Insula,0,1
343,50,B,MD,1,0
343,56,B,MDmc,1,0
343,57,B,MDpm,1,0
343,58,B,MDfi,1,0
343,82,B,14,1,0
343,89,B,13,1,0
343,92,B,13a,1,0
343,93,B,32,1,0
343,95,B,10,1,0
343,100,B,12,1,0
343,101,B,12o,1,0
343,105,B,12l,1,0
343,106,B,11,1,0
343,108,B,11m,0,1
343,109,B,9,1,0
343,123,B,8,0,1
343,201,B,24,1,0
343,217,B,25,1,0
343,225,B,Ia,1,0
343,229,B,Iai,1,0
343,232,B,TF,1,1
343,235,B,Per,1,0
343,236,B,35,1,1
343,237,B,36,1,0
343,238,B,36c,1,1
343,239,B,36r,1,1
343,240,B,TG,1,1
343,241,B,TPPro,1,1
343,249,B,ENT,1,0
343,250,B,EL,1,0
343,253,B,EI,1,0
343,255,B,28m,1,0
343,259,B,S,1,0
343,264,B,TH,1,1
343,266,B,Hip,1,0
343,267,B,CA1,1,1
343,269,B,CA3,1,0
343,288,B,TE,1,0
343,290,B,AITv,0,1
343,294,B,21,1,1
343,295,B,AITd,1,1
343,296,B,TEa,1,1
343,298,B,PIT,1,0
343,325,B,V4,1,0
344,56,Bla,MDmc,1,0
344,82,Bla,14,1,0
344,89,Bla,13,1,0
344,93,Bla,32,1,0
344,101,Bla,12o,1,0
344,106,Bla,11,1,0
344,109,Bla,9,1,0
344,113,Bla,46,1,0
344,114,Bla,46v,1,0
344,123,Bla,8,1,0
344,132,Bla,6,1,0
344,201,Bla,24,1,1
344,217,Bla,25,1,0
344,236,Bla,35,1,0
344,240,Bla,TG,1,1
344,241,Bla,TPPro,1,0
344,249,Bla,ENT,1,0
344,288,Bla,TE,1,1
344,289,Bla,20,1,1
344,290,Bla,AITv,1,1
344,291,Bla,CIT,1,1
344,294,Bla,21,1,1
344,295,Bla,AITd,1,1
344,296,Bla,TEa,1,1
344,298,Bla,PIT,1,1
344,312,Bla,MT,1,0
344,315,Bla,MST,1,0
344,325,Bla,V4,1,0
344,338,Bla,V1,1,0
344,340,Bla,V2,1,0
345,50,Abpc,MD,1,0
345,56,Abpc,MDmc,1,0
345,82,Abpc,14,1,0
345,84,Abpc,14r,1,0
345,89,Abpc,13,1,0
345,92,Abpc,13a,1,0
345,94,Abpc,FD,1,0
345,100,Abpc,12,1,0
345,101,Abpc,12o,1,0
345,105,Abpc,12l,0,1
345,132,Abpc,6,1,0
345,228,Abpc,Iapm,1,0
345,229,Abpc,Iai,1,0
345,232,Abpc,TF,1,1
345,236,Abpc,35,1,0
345,237,Abpc,36,0,1
345,238,Abpc,36c,1,0
345,239,Abpc,36r,1,1
345,249,Abpc,ENT,1,0
345,264,Abpc,TH,1,1
345,344,Abpc,Bla,1,1
346,82,Bi,14,1,0
346,84,Bi,14r,1,0
346,89,Bi,13,1,1
346,92,Bi,13a,1,1
346,94,Bi,FD,1,0
346,100,Bi,12,1,0
346,101,Bi,12o,1,0
346,108,Bi,11m,1,0
346,217,Bi,25,0,1
346,225,Bi,Ia,0,1
346,227,Bi,Iam,0,1
346,228,Bi,Iapm,1,0
346,229,Bi,Iai,1,1
346,232,Bi,TF,1,1
346,236,Bi,35,0,1
346,237,Bi,36,0,1
346,238,Bi,36c,1,1
346,239,Bi,36r,1,1
346,247,Bi,36p,0,1
346,249,Bi,ENT,0,1
346,288,Bi,TE,0,1
346,345,Bi,Abpc,1,1
347,259,ABd,S,1,0
347,267,ABd,CA1,1,0
347,269,ABd,CA3,1,0
347,345,ABd,Abpc,1,0
347,346,ABd,Bi,1,1
348,259,Bvl,S,1,0
348,345,Bvl,Abpc,1,0
348,346,Bvl,Bi,1,1
348,347,Bvl,ABd,1,1
349,259,ABv,S,1,0
349,267,ABv,CA1,1,0
349,345,ABv,Abpc,1,0
349,346,ABv,Bi,1,1
349,347,ABv,ABd,1,1
349,348,ABv,Bvl,1,1
350,50,MB,MD,1,0
350,56,MB,MDmc,1,0
350,82,MB,14,1,0
350,89,MB,13,1,0
350,93,MB,32,1,0
350,101,MB,12o,1,0
350,106,MB,11,1,0
350,114,MB,46v,1,0
350,201,MB,24,1,0
350,217,MB,25,1,0
350,235,MB,Per,1,0
350,236,MB,35,1,0
350,240,MB,TG,1,1
350,241,MB,TPPro,1,0
350,249,MB,ENT,1,0
350,255,MB,28m,1,0
350,262,MB,Pros.,1,1
350,266,MB,Hip,1,0
350,267,MB,CA1,1,1
350,269,MB,CA3,1,0
350,288,MB,TE,1,0
350,289,MB,20,1,1
350,290,MB,AITv,1,1
350,291,MB,CIT,1,1
350,294,MB,21,1,0
350,296,MB,TEa,1,1
350,298,MB,PIT,1,0
350,344,MB,Bla,0,1
350,345,MB,Abpc,0,1
351,82,ABvm,14,1,0
351,89,ABvm,13,1,0
351,101,ABvm,12o,1,0
351,228,ABvm,Iapm,1,0
351,229,ABvm,Iai,1,0
351,259,ABvm,S,1,0
351,262,ABvm,Pros.,1,0
351,267,ABvm,CA1,1,0
351,345,ABvm,Abpc,1,0
351,346,ABvm,Bi,1,0
351,347,ABvm,ABd,1,1
351,348,ABvm,Bvl,1,1
351,349,ABvm,ABv,1,1
352,50,ABmg,MD,1,0
352,56,ABmg,MDmc,1,0
352,82,ABmg,14,1,0
352,84,ABmg,14r,1,0
352,89,ABmg,13,1,1
352,92,ABmg,13a,1,1
352,94,ABmg,FD,1,0
352,100,ABmg,12,1,0
352,101,ABmg,12o,1,0
352,108,ABmg,11m,1,0
352,132,ABmg,6,1,0
352,169,ABmg,CMA,1,0
352,217,ABmg,25,0,1
352,225,ABmg,Ia,0,1
352,227,ABmg,Iam,0,1
352,228,ABmg,Iapm,1,0
352,229,ABmg,Iai,1,1
352,232,ABmg,TF,1,1
352,236,ABmg,35,0,1
352,237,ABmg,36,0,1
352,238,ABmg,36c,0,1
352,239,ABmg,36r,1,1
352,247,ABmg,36p,0,1
352,249,ABmg,ENT,0,1
352,264,ABmg,TH,1,0
352,288,ABmg,TE,0,1
352,344,ABmg,Bla,1,1
352,345,ABmg,Abpc,1,1
352,350,ABmg,MB,1,0
353,50,A,MD,1,0
353,89,A,13,1,0
353,93,A,32,1,0
353,232,A,TF,1,0
353,236,A,35,1,0
353,237,A,36,0,1
353,238,A,36c,1,0
353,239,A,36r,1,1
353,240,A,TG,1,0
353,249,A,ENT,1,0
353,255,A,28m,1,0
353,264,A,TH,1,0
353,344,A,Bla,0,1
353,346,A,Bi,0,1
353,347,A,ABd,0,1
353,348,A,Bvl,0,1
353,349,A,ABv,0,1
353,351,A,ABvm,0,1
353,352,A,ABmg,0,1
354,101,I,12o,1,0
354,347,I,ABd,0,1
354,348,I,Bvl,0,1
354,349,I,ABv,0,1
354,351,I,ABvm,0,1
355,50,ME,MD,1,0
355,89,ME,13,1,0
355,92,ME,13a,0,1
355,227,ME,Iam,0,1
355,228,ME,Iapm,1,0
355,229,ME,Iai,1,1
355,237,ME,36,0,1
355,239,ME,36r,1,0
355,240,ME,TG,1,1
355,249,ME,ENT,1,0
355,255,ME,28m,1,0
355,343,ME,B,1,1
355,344,ME,Bla,0,1
355,345,ME,Abpc,0,1
355,347,ME,ABd,0,1
355,348,ME,Bvl,0,1
355,349,ME,ABv,0,1
355,351,ME,ABvm,0,1
355,352,ME,ABmg,0,1
356,50,CE,MD,1,0
356,92,CE,13a,0,1
356,227,CE,Iam,0,1
356,228,CE,Iapm,1,0
356,229,CE,Iai,0,1
356,232,CE,TF,0,1
356,237,CE,36,0,1
356,239,CE,36r,1,1
356,240,CE,TG,1,0
356,290,CE,AITv,0,1
356,343,CE,B,1,1
356,344,CE,Bla,0,1
356,345,CE,Abpc,0,1
356,346,CE,Bi,0,1
356,347,CE,ABd,0,1
356,348,CE,Bvl,0,1
356,349,CE,ABv,0,1
356,351,CE,ABvm,0,1
356,352,CE,ABmg,0,1
357,50,PAC,MD,1,0
357,89,PAC,13,1,0
357,92,PAC,13a,1,1
357,93,PAC,32,1,0
357,106,PAC,11,1,0
357,217,PAC,25,1,0
357,228,PAC,Iapm,1,0
357,229,PAC,Iai,1,1
357,232,PAC,TF,1,0
357,238,PAC,36c,1,0
357,239,PAC,36r,1,0
357,241,PAC,TPPro,1,0
357,249,PAC,ENT,1,0
357,264,PAC,TH,1,0
357,343,PAC,B,0,1
357,345,PAC,Abpc,1,0
357,352,PAC,ABmg,1,1
357,356,PAC,CE,1,0
358,50,AHA,MD,1,0
358,56,AHA,MDmc,1,0
358,82,AHA,14,1,0
358,93,AHA,32,1,0
358,237,AHA,36,0,1
358,239,AHA,36r,1,0
358,343,AHA,B,0,1
358,344,AHA,Bla,0,1
358,345,AHA,Abpc,0,1
358,348,AHA,Bvl,0,1
358,349,AHA,ABv,0,1
358,352,AHA,ABmg,0,1
359,89,PAC2,13,1,0
359,237,PAC2,36,0,1
359,238,PAC2,36c,1,0
359,239,PAC2,36r,1,1
359,240,PAC2,TG,1,1
359,267,PAC2,CA1,0,1
359,289,PAC2,20,1,0
359,290,PAC2,AITv,1,0
359,344,PAC2,Bla,0,1
359,345,PAC2,Abpc,0,1
359,347,PAC2,ABd,0,1
359,348,PAC2,Bvl,0,1
359,349,PAC2,ABv,0,1
359,351,PAC2,ABvm,0,1
359,352,PAC2,ABmg,0,1
360,240,Co,TG,1,1
360,249,Co,ENT,1,0
360,267,Co,CA1,0,1
360,288,Co,TE,1,0
360,343,Co,B,1,0
360,344,Co,Bla,0,1
360,345,Co,Abpc,0,1
360,352,Co,ABmg,0,1
361,50,COp,MD,1,0
361,232,COp,TF,1,0
361,237,COp,36,0,1
361,343,COp,B,0,1
361,347,COp,ABd,0,1
361,348,COp,Bvl,0,1
361,349,COp,ABv,0,1
361,351,COp,ABvm,0,1
362,237,NLOT,36,0,1
362,239,NLOT,36r,1,1
362,347,NLOT,ABd,0,1
362,349,NLOT,ABv,0,1
363,50,COa,MD,1,0
363,92,COa,13a,1,0
363,228,COa,Iapm,1,0
363,229,COa,Iai,1,0
363,237,COa,36,0,1
363,239,COa,36r,1,1
363,347,COa,ABd,0,1
363,348,COa,Bvl,0,1
363,349,COa,ABv,0,1
363,351,COa,ABvm,0,1
364,10,L,ML,0,1
364,11,L,Re,0,1
364,13,L,PAa,0,1
364,17,L,Cif,0,1
364,18,L,Cdc,0,1
364,50,L,MD,1,0
364,56,L,MDmc,1,0
364,82,L,14,1,0
364,84,L,14r,1,0
364,88,L,Gu,1,0
364,89,L,13,1,0
364,92,L,13a,1,1
364,93,L,32,1,0
364,94,L,FD,1,0
364,100,L,12,1,0
364,105,L,12l,0,1
364,108,L,11m,1,0
364,201,L,24,1,0
364,217,L,25,1,0
364,218,L,Insula,1,0
364,224,L,Idg,1,0
364,225,L,Ia,1,0
364,227,L,Iam,0,1
364,228,L,Iapm,1,0
364,229,L,Iai,1,1
364,232,L,TF,1,1
364,236,L,35,1,1
364,237,L,36,1,1
364,238,L,36c,1,1
364,239,L,36r,1,1
364,240,L,TG,1,1
364,241,L,TPPro,1,1
364,249,L,ENT,1,0
364,250,L,EL,1,0
364,251,L,ELr,1,0
364,252,L,ELc,1,0
364,253,L,EI,1,0
364,255,L,28m,1,0
364,264,L,TH,1,1
364,282,L,TA,1,0
364,288,L,TE,1,1
364,289,L,20,1,1
364,290,L,AITv,1,1
364,291,L,CIT,0,1
364,294,L,21,0,1
364,295,L,AITd,0,1
364,296,L,TEa,0,1
364,298,L,PIT,1,1
364,325,L,V4,1,0
364,343,L,B,1,1
364,344,L,Bla,1,1
364,345,L,Abpc,1,1
364,346,L,Bi,1,0
364,350,L,MB,0,1
364,351,L,ABvm,1,0
364,352,L,ABmg,1,1
364,353,L,A,1,0
364,355,L,ME,1,0
364,356,L,CE,1,1
364,357,L,PAC,1,1
364,358,L,AHA,1,0
364,359,L,PAC2,1,0
364,360,L,Co,0,1
364,361,L,COp,1,0
364,362,L,NLOT,1,0
364,363,L,COa,1,0
366,10,Ldi,ML,0,1
366,34,Ldi,Pul,0,1
366,82,Ldi,14,0,1
366,89,Ldi,13,0,1
366,92,Ldi,13a,0,1
366,93,Ldi,32,0,1
366,95,Ldi,10,0,1
366,100,Ldi,12,0,1
366,106,Ldi,11,0,1
366,109,Ldi,9,0,1
366,113,Ldi,46,0,1
366,123,Ldi,8,0,1
366,125,Ldi,45,0,1
366,132,Ldi,6,0,1
366,201,Ldi,24,0,1
366,217,Ldi,25,0,1
366,219,Ldi,Ig,0,1
366,222,Ldi,Pi,0,1
366,224,Ldi,Idg,0,1
366,225,Ldi,Ia,0,1
366,232,Ldi,TF,0,1
366,236,Ldi,35,0,1
366,237,Ldi,36,0,1
366,238,Ldi,36c,0,1
366,239,Ldi,36r,0,1
366,241,Ldi,TPPro,0,1
366,248,Ldi,PHC,0,1
366,249,Ldi,ENT,0,1
366,264,Ldi,TH,0,1
366,270,Ldi,STG,0,1
366,288,Ldi,TE,0,1
366,298,Ldi,PIT,0,1
366,302,Ldi,STSd,0,1
366,345,Ldi,Abpc,1,0
366,346,Ldi,Bi,1,1
366,347,Ldi,ABd,0,1
366,349,Ldi,ABv,0,1
366,351,Ldi,ABvm,1,1
366,352,Ldi,ABmg,1,0
366,353,Ldi,A,1,0
366,355,Ldi,ME,1,0
366,356,Ldi,CE,1,0
366,357,Ldi,PAC,1,0
366,358,Ldi,AHA,1,0
366,359,Ldi,PAC2,1,0
366,361,Ldi,COp,1,0
366,362,Ldi,NLOT,1,0
366,363,Ldi,COa,1,0
367,82,Ld,14,0,1
367,89,Ld,13,0,1
367,92,Ld,13a,0,1
367,93,Ld,32,0,1
367,95,Ld,10,0,1
367,100,Ld,12,0,1
367,106,Ld,11,0,1
367,109,Ld,9,0,1
367,113,Ld,46,0,1
367,125,Ld,45,0,1
367,201,Ld,24,0,1
367,217,Ld,25,0,1
367,219,Ld,Ig,0,1
367,222,Ld,Pi,0,1
367,224,Ld,Idg,0,1
367,225,Ld,Ia,0,1
367,232,Ld,TF,0,1
367,236,Ld,35,0,1
367,237,Ld,36,0,1
367,238,Ld,36c,0,1
367,239,Ld,36r,1,1
367,241,Ld,TPPro,0,1
367,248,Ld,PHC,0,1
367,249,Ld,ENT,0,1
367,264,Ld,TH,0,1
367,270,Ld,STG,0,1
367,288,Ld,TE,0,1
367,298,Ld,PIT,0,1
367,302,Ld,STSd,0,1
367,347,Ld,ABd,0,1
367,349,Ld,ABv,0,1
367,351,Ld,ABvm,0,1
367,366,Ld,Ldi,0,1
368,10,Lv,ML,0,1
368,34,Lv,Pul,0,1
368,82,Lv,14,0,1
368,89,Lv,13,0,1
368,92,Lv,13a,0,1
368,93,Lv,32,0,1
368,95,Lv,10,0,1
368,100,Lv,12,0,1
368,109,Lv,9,0,1
368,113,Lv,46,0,1
368,201,Lv,24,0,1
368,217,Lv,25,0,1
368,219,Lv,Ig,0,1
368,222,Lv,Pi,0,1
368,224,Lv,Idg,0,1
368,225,Lv,Ia,0,1
368,232,Lv,TF,0,1
368,236,Lv,35,0,1
368,237,Lv,36,0,1
368,238,Lv,36c,0,1
368,239,Lv,36r,0,1
368,241,Lv,TPPro,0,1
368,248,Lv,PHC,0,1
368,249,Lv,ENT,0,1
368,264,Lv,TH,0,1
368,270,Lv,STG,0,1
368,288,Lv,TE,0,1
368,298,Lv,PIT,0,1
368,302,Lv,STSd,0,1
368,345,Lv,Abpc,1,0
368,346,Lv,Bi,1,0
368,348,Lv,Bvl,0,1
368,351,Lv,ABvm,1,1
368,352,Lv,ABmg,1,0
368,353,Lv,A,1,0
368,354,Lv,I,1,0
368,355,Lv,ME,1,0
368,356,Lv,CE,1,0
368,357,Lv,PAC,1,0
368,358,Lv,AHA,1,0
368,359,Lv,PAC2,1,0
368,361,Lv,COp,1,0
368,362,Lv,NLOT,1,0
368,363,Lv,COa,1,0
368,366,Lv,Ldi,1,1
369,82,Lvl,14,0,1
369,89,Lvl,13,0,1
369,92,Lvl,13a,0,1
369,93,Lvl,32,0,1
369,95,Lvl,10,0,1
369,100,Lvl,12,0,1
369,106,Lvl,11,0,1
369,201,Lvl,24,0,1
369,217,Lvl,25,0,1
369,219,Lvl,Ig,0,1
369,222,Lvl,Pi,0,1
369,224,Lvl,Idg,0,1
369,225,Lvl,Ia,0,1
369,232,Lvl,TF,0,1
369,236,Lvl,35,0,1
369,237,Lvl,36,0,1
369,238,Lvl,36c,0,1
369,239,Lvl,36r,1,1
369,241,Lvl,TPPro,1,1
369,248,Lvl,PHC,0,1
369,249,Lvl,ENT,0,1
369,264,Lvl,TH,0,1
369,270,Lvl,STG,0,1
369,288,Lvl,TE,0,1
369,302,Lvl,STSd,0,1
369,345,Lvl,Abpc,1,0
369,346,Lvl,Bi,1,0
369,347,Lvl,ABd,0,1
369,349,Lvl,ABv,0,1
369,351,Lvl,ABvm,1,0
369,352,Lvl,ABmg,1,0
369,353,Lvl,A,1,0
369,358,Lvl,AHA,1,0
369,359,Lvl,PAC2,1,0
369,361,Lvl,COp,1,0
369,362,Lvl,NLOT,1,0
369,366,Lvl,Ldi,1,1
369,367,Lvl,Ld,1,0
369,368,Lvl,Lv,1,1
370,124,SN,FEF,0,1
370,142,SN,6D,0,1
370,143,SN,F7,0,1
370,366,SN,Ldi,1,0
370,368,SN,Lv,1,0
371,3,SI,Hyp,1,0
371,50,SI,MD,1,0
371,56,SI,MDmc,1,0
371,84,SI,14r,0,1
371,89,SI,13,1,0
371,90,SI,13L,0,1
371,91,SI,13M,0,1
371,92,SI,13a,0,1
371,93,SI,32,0,1
371,94,SI,FD,1,0
371,96,SI,10m,0,1
371,99,SI,10o,0,1
371,100,SI,12,1,0
371,101,SI,12o,0,1
371,102,SI,12m,0,1
371,104,SI,12r,0,1
371,105,SI,12l,0,1
371,107,SI,11l,0,1
371,108,SI,11m,0,1
371,109,SI,9,0,1
371,113,SI,46,1,1
371,124,SI,FEF,1,0
371,125,SI,45,1,1
371,135,SI,PrCO,0,1
371,137,SI,6Vb,0,1
371,138,SI,6Va,0,1
371,142,SI,6D,1,0
371,143,SI,F7,1,0
371,152,SI,M1,1,0
371,160,SI,S1,1,0
371,167,SI,S2,1,0
371,172,SI,7,1,0
371,178,SI,PG,1,0
371,192,SI,SPL,1,0
371,201,SI,24,1,0
371,202,SI,24c,0,1
371,204,SI,24b,0,1
371,217,SI,25,1,1
371,218,SI,Insula,1,0
371,219,SI,Ig,1,0
371,226,SI,Ial,0,1
371,227,SI,Iam,0,1
371,228,SI,Iapm,0,1
371,229,SI,Iai,0,1
371,240,SI,TG,1,0
371,253,SI,EI,1,0
371,264,SI,TH,1,0
371,282,SI,TA,1,0
371,288,SI,TE,1,0
371,320,SI,OA,1,0
371,342,SI,Amyg,1,0
372,124,Sub.Th,FEF,1,0
372,142,Sub.Th,6D,0,1
372,218,Sub.Th,Insula,0,1
373,50,GPe,MD,1,0
375,82,Cd,14,0,1
375,84,Cd,14r,0,1
375,89,Cd,13,0,1
375,90,Cd,13L,0,1
375,91,Cd,13M,0,1
375,92,Cd,13a,0,1
375,93,Cd,32,0,1
375,95,Cd,10,0,1
375,96,Cd,10m,0,1
375,99,Cd,10o,0,1
375,100,Cd,12,0,1
375,101,Cd,12o,0,1
375,102,Cd,12m,0,1
375,104,Cd,12r,0,1
375,105,Cd,12l,0,1
375,106,Cd,11,0,1
375,107,Cd,11l,0,1
375,108,Cd,11m,0,1
375,109,Cd,9,0,1
375,113,Cd,46,0,1
375,123,Cd,8,0,1
375,124,Cd,FEF,0,1
375,125,Cd,45,0,1
375,142,Cd,6D,0,1
375,143,Cd,F7,0,1
375,172,Cd,7,0,1
375,176,Cd,IPL,0,1
375,181,Cd,PFG,0,1
375,182,Cd,PF,0,1
375,184,Cd,LIP,0,1
375,190,Cd,MIP,0,1
375,193,Cd,PEm,0,1
375,195,Cd,PEc,0,1
375,197,Cd,PGm,0,1
375,199,Cd,PECg,0,1
375,201,Cd,24,0,1
375,217,Cd,25,0,1
375,226,Cd,Ial,0,1
375,228,Cd,Iapm,0,1
375,229,Cd,Iai,0,1
375,232,Cd,TF,0,1
375,236,Cd,35,0,1
375,240,Cd,TG,0,1
375,270,Cd,STG,0,1
375,282,Cd,TA,0,1
375,288,Cd,TE,0,1
375,298,Cd,PIT,0,1
375,320,Cd,OA,0,1
375,322,Cd,V3,0,1
375,325,Cd,V4,0,1
375,327,Cd,V4d,0,1
375,340,Cd,V2,0,1
376,94,Cd_t,FD,0,1
376,102,Cd_t,12m,0,1
376,113,Cd_t,46,0,1
376,176,Cd_t,IPL,0,1
376,201,Cd_t,24,0,1
376,217,Cd_t,25,0,1
376,232,Cd_t,TF,0,1
376,236,Cd_t,35,0,1
376,240,Cd_t,TG,0,1
376,264,Cd_t,TH,0,1
376,270,Cd_t,STG,0,1
376,282,Cd_t,TA,0,1
376,288,Cd_t,TE,0,1
376,325,Cd_t,V4,0,1
376,340,Cd_t,V2,0,1
376,370,Cd_t,SN,1,0
376,373,Cd_t,GPe,1,0
377,109,Cd_g,9,0,1
377,113,Cd_g,46,0,1
377,123,Cd_g,8,0,1
377,172,Cd_g,7,0,1
377,176,Cd_g,IPL,0,1
377,178,Cd_g,PG,0,1
377,182,Cd_g,PF,0,1
377,193,Cd_g,PEm,0,1
377,195,Cd_g,PEc,0,1
377,206,Cd_g,23,0,1
377,232,Cd_g,TF,0,1
377,270,Cd_g,STG,0,1
377,282,Cd_g,TA,0,1
377,288,Cd_g,TE,0,1
377,298,Cd_g,PIT,0,1
377,301,Cd_g,STS,0,1
377,312,Cd_g,MT,0,1
377,314,Cd_g,FST,0,1
377,315,Cd_g,MST,0,1
377,320,Cd_g,OA,0,1
377,324,Cd_g,V3v,0,1
377,325,Cd_g,V4,0,1
377,327,Cd_g,V4d,0,1
377,340,Cd_g,V2,0,1
377,370,Cd_g,SN,1,1
377,373,Cd_g,GPe,1,0
378,100,Pu,12,0,1
378,107,Pu,11l,0,1
378,109,Pu,9,0,1
378,123,Pu,8,0,1
378,125,Pu,45,0,1
378,142,Pu,6D,0,1
378,143,Pu,F7,0,1
378,172,Pu,7,0,1
378,173,Pu,PFop,0,1
378,181,Pu,PFG,0,1
378,182,Pu,PF,0,1
378,190,Pu,MIP,0,1
378,193,Pu,PEm,0,1
378,195,Pu,PEc,0,1
378,197,Pu,PGm,0,1
378,199,Pu,PECg,0,1
378,226,Pu,Ial,0,1
378,232,Pu,TF,0,1
378,288,Pu,TE,0,1
378,298,Pu,PIT,0,1
379,84,Pu_r,14r,0,1
379,90,Pu_r,13L,0,1
379,91,Pu_r,13M,0,1
379,92,Pu_r,13a,0,1
379,93,Pu_r,32,0,1
379,95,Pu_r,10,0,1
379,96,Pu_r,10m,0,1
379,99,Pu_r,10o,0,1
379,100,Pu_r,12,0,1
379,101,Pu_r,12o,0,1
379,102,Pu_r,12m,0,1
379,104,Pu_r,12r,0,1
379,105,Pu_r,12l,0,1
379,106,Pu_r,11,0,1
379,107,Pu_r,11l,0,1
379,108,Pu_r,11m,0,1
379,109,Pu_r,9,0,1
379,113,Pu_r,46,0,1
379,125,Pu_r,45,0,1
379,135,Pu_r,PrCO,0,1
379,137,Pu_r,6Vb,0,1
379,138,Pu_r,6Va,0,1
379,142,Pu_r,6D,0,1
379,143,Pu_r,F7,0,1
379,172,Pu_r,7,0,1
379,176,Pu_r,IPL,0,1
379,181,Pu_r,PFG,0,1
379,182,Pu_r,PF,0,1
379,190,Pu_r,MIP,0,1
379,193,Pu_r,PEm,0,1
379,195,Pu_r,PEc,0,1
379,197,Pu_r,PGm,0,1
379,199,Pu_r,PECg,0,1
379,202,Pu_r,24c,0,1
379,204,Pu_r,24b,0,1
379,226,Pu_r,Ial,0,1
379,227,Pu_r,Iam,0,1
379,228,Pu_r,Iapm,0,1
379,229,Pu_r,Iai,0,1
379,232,Pu_r,TF,0,1
379,236,Pu_r,35,0,1
379,240,Pu_r,TG,0,1
379,270,Pu_r,STG,0,1
379,282,Pu_r,TA,0,1
379,288,Pu_r,TE,0,1
379,298,Pu_r,PIT,1,0
380,100,Pu_c,12,0,1
380,109,Pu_c,9,0,1
380,113,Pu_c,46,0,1
380,123,Pu_c,8,0,1
380,124,Pu_c,FEF,0,1
380,142,Pu_c,6D,0,1
380,143,Pu_c,F7,0,1
380,172,Pu_c,7,0,1
380,173,Pu_c,PFop,0,1
380,176,Pu_c,IPL,0,1
380,181,Pu_c,PFG,0,1
380,182,Pu_c,PF,0,1
380,184,Pu_c,LIP,0,1
380,190,Pu_c,MIP,0,1
380,193,Pu_c,PEm,0,1
380,195,Pu_c,PEc,0,1
380,197,Pu_c,PGm,0,1
380,199,Pu_c,PECg,0,1
380,240,Pu_c,TG,0,1
380,288,Pu_c,TE,0,1
380,298,Pu_c,PIT,0,1
380,312,Pu_c,MT,0,1
380,320,Pu_c,OA,0,1
380,325,Pu_c,V4,0,1
380,327,Pu_c,V4d,0,1
380,340,Pu_c,V2,0,1
380,373,Pu_c,GPe,1,0
381,113,Clau,46,1,0
381,123,Clau,8,0,1
381,124,Clau,FEF,1,1
381,142,Clau,6D,1,1
381,143,Clau,F7,1,1
381,182,Clau,PF,1,1
381,192,Clau,SPL,1,0
381,201,Clau,24,1,1
381,218,Clau,Insula,0,1
381,236,Clau,35,1,0
381,240,Clau,TG,1,0
381,249,Clau,ENT,1,0
381,255,Clau,28m,1,0
381,258,Clau,EC,1,0
381,298,Clau,PIT,1,1
381,335,Clau,V6,1,0
381,338,Clau,V1,1,0
381,366,Clau,Ldi,1,0
381,368,Clau,Lv,1,0
382,21,MB,LGN,1,0
382,34,MB,Pul,1,0
382,35,MB,PI,1,0
382,37,MB,PIp,1,0
382,38,MB,PIm,1,0
382,39,MB,PIl,1,0
382,40,MB,PIc,1,0
382,41,MB,PM,1,0
382,45,MB,PL,1,0
382,46,MB,PLa,1,0
382,123,MB,8,0,1
382,240,MB,TG,1,0
382,288,MB,TE,0,1
382,298,MB,PIT,0,1
382,320,MB,OA,0,1
382,338,MB,V1,1,0
382,340,MB,V2,0,1
382,366,MB,Ldi,1,0
382,368,MB,Lv,1,0
382,377,MB,Cd_g,1,0
383,50,OFC,MD,1,0
383,82,OFC,14,1,0
383,89,OFC,13,1,0
383,92,OFC,13a,1,0
383,102,OFC,12m,1,0
383,228,OFC,Iapm,1,0
383,229,OFC,Iai,1,0
383,237,OFC,36,0,1
383,239,OFC,36r,0,1
383,240,OFC,TG,1,1
383,244,OFC,TPproD,0,1
383,249,OFC,ENT,1,1
383,250,OFC,EL,0,1
383,258,OFC,EC,1,0
383,371,OFC,SI,0,1
