HCP_MMP1.0 + HCPex Index,181,182,183,184,185,186,187,188,189,190,191,192,193,194,195,196,197,198,199,200,201,202,203,204,205,206,207,208,209,210,211,212,213,214,215,216,217,218,219,220,221,222,223,224,225,226,227,228,229,230,231,232,233,234,235,236,237,238,239,240,241,242,243,244,245,246,247,248,249,250,251,252,253,254,255,256,257,258,259,260,261,262,263,264,265,266,267,268,269,270,271,272,273,274,275,276,277,278,279,280,281,282,283,284,285,286,287,288,289,290,291,292,293,294,295,296,297,298,299,300,301,302,303,304,305,306,307,308,309,310,311,312,313,314,315,316,317,318,319,320,321,322,323,324,325,326,327,328,329,330,331,332,333,334,335,336,337,338,339,340,341,342,343,344,345,346,347,348,349,350,351,352,353,354,355,356,357,358,359,360,HCPex_361_L_AV,HCPex_362_L_CeM,HCPex_363_L_CL,HCPex_364_L_CM,HCPex_365_L_LD,HCPex_366_L_LGN,HCPex_367_L_LP,HCPex_368_L_L-Sg,HCPex_369_L_MDl,HCPex_370_L_MDm,HCPex_371_L_MGN,HCPex_373_L_Pf,HCPex_374_L_PuA,HCPex_375_L_PuI,HCPex_376_L_PuL,HCPex_377_L_PuM,HCPex_378_L_VA,HCPex_379_L_VLa,HCPex_380_L_VLp,HCPex_381_L_VPL,HCPex_382_L_Putam,HCPex_383_L_Caud,HCPex_384_L_NAc,HCPex_385_L_Gpe,HCPex_386_L_Gpi,HCPex_387_L_Amyg,HCPex_388_L_SNpc,HCPex_389_L_SNpr,HCPex_390_L_VTA,HCPex_391_L_MB,HCPex_392_L_Septum,HCPex_393_L_Nb
181,0.390019272,0.127278986,0.479743057,0.41335994,0.439269407,0.393222999,0.356508675,0.013061295,0.011542539,0.025981769,0.038969463,0.030879046,0.433369848,0.015615401,0.365908655,0.376233746,0.280073777,0.278837302,0.370715198,0.316401148,0.312170406,0.370533328,0.176379817,0.024429182,0.028511593,0.071167469,0.079928098,0.052594229,0.128288255,0.029504851,0.3857111,0.013700117,0.014149667,0.013631528,0.014659212,0.057238479,0.06120934,0.040433398,0.060849304,0.054490649,0.040848729,0.041934493,0.060665188,0.070108573,0.063833061,0.136910217,0.035747237,0.06666935,0.061389147,0.148281578,0.018912105,0.022332129,0.010704822,0.024896575,0.042917071,0.023417043,0.011902629,0.024798854,0.01397167,0.01937053,0.07606713,0.015624192,0.050510126,0.070091783,0.079480069,0.010615916,0.055308181,0.067172731,0.020896072,0.078387631,0.122845722,0.019938222,0.048425981,0.033932934,0.041515428,0.020728162,0.035360144,0.040249276,0.045020924,0.048777439,0.041062286,0.068081392,0.06067565,0.132388947,0.116816755,0.08701078,0.03982308,0.025972146,0.032013637,0.022795484,0.011043324,0.007003796,0.021491302,0.005510572,0.063707182,0.065254103,0.078350334,0.071390489,0.021020715,0.01387898,0.017220226,0.019026887,0.029677305,0.025391898,0.021981455,0.019111187,0.032777764,0.027443944,0.023396849,0.00629282,0.011082612,0.004362107,0.020988266,0.023046513,0.021983553,0.035604788,0.044845472,0.042537358,0.034217142,0.016592285,0.046148412,0.018011967,0.020382004,0.02625125,0.050150702,0.043744673,0.025513343,0.037662714,0.074847215,0.089111608,0.023988265,0.124176571,0.161434047,0.159213283,0.142155896,0.171137282,0.124193722,0.191955455,0.075995524,0.081336487,0.109540079,0.436349639,0.200497593,0.05080072,0.092733425,0.260292216,0.024569589,0.029244153,0.047179744,0.065930781,0.058351013,0.451428041,0.055305598,0.180239211,0.031242515,0.388488179,0.175816828,0.311825927,0.35433824,0.057910609,0.015830056,0.017352595,0.283407385,0.089965774,0.146810302,0.02302482,0.027567954,0.019134502,0.020728115,0.02995424,0.096119947,0.116990821,0.027009676,0.026217329,0.034287541,0.062020096,0.145681926,0.021347103,0.012021466,0.029491278,0.01217355,0.041192877,0.019885812,0.045697065,0.020577886,0.104295949,0.01996496,0.08388605,0.029858745,0.025941416,0.030528454,0.051866477,0.058561616,0.153777046,0.073216614,0.072317944,0.030571021,0.026006219,0.038550679,0.043082271,0.043080404,0.069457753,0.013244876,0.048242824,0.052516372,0.027109182,0.042943566,0.039599936,0.155667119,0.162787687,0.016082227,0.011655002
182,0.162479709,0.135734711,0.116427901,0.188751183,0.205711514,0.141211444,0.149568432,0.030212741,0.039072536,0.030942842,0.057507247,0.045974036,0.150691373,0.014698676,0.117413548,0.153048672,0.147562742,0.12305938,0.138950901,0.073828961,0.069776472,0.109596916,0.133991673,0.144837445,0.115335645,0.04000594,0.073199985,0.136852552,0.07367687,0.030328941,0.087421475,0.012868266,0.017482258,0.016610269,0.017785126,0.035088248,0.05909752,0.07342072,0.032493218,0.055986572,0.057411818,0.023051561,0.044774778,0.038298801,0.039941374,0.080530356,0.039129821,0.067319873,0.042395254,0.111413473,0.045499819,0.043446682,0.039223553,0.025659193,0.029929112,0.040318328,0.007672731,0.028705445,0.010372897,0.022409481,0.105736292,0.020625719,0.096016147,0.111270883,0.128501426,0.052962743,0.060687304,0.037270389,0.130691195,0.128231999,0.246096107,0.06083448,0.070888374,0.051441881,0.095412151,0.076619156,0.126827029,0.070211353,0.072537479,0.079064173,0.065194998,0.122359133,0.094167636,0.246639145,0.246351227,0.200032095,0.113536536,0.05013886,0.101023975,0.090420196,0.054097079,0.03711088,0.049627036,0.035914829,0.079442381,0.03636155,0.022971532,0.031366886,0.089424532,0.094114207,0.112756795,0.100261627,0.196061135,0.121679999,0.114093884,0.091767523,0.227776232,0.072073983,0.071506806,0.025479208,0.059592699,0.034987304,0.08656178,0.079169837,0.088591361,0.083961994,0.076550572,0.040819742,0.029568142,0.011320697,0.030557252,0.013229504,0.162790221,0.141156466,0.208058158,0.042600658,0.023273166,0.195717606,0.16112746,0.152605166,0.099698196,0.16314942,0.150623719,0.208242537,0.206128054,0.201360985,0.147930566,0.12600629,0.14311862,0.134533231,0.153509336,0.114715944,0.142153006,0.076744912,0.102269351,0.150546013,0.088897817,0.096150077,0.090351729,0.127201799,0.125211745,0.144342903,0.048025551,0.106430373,0.02857032,0.143245222,0.131993278,0.076919157,0.120466751,0.058790608,0.019699429,0.022702472,0.088997804,0.142539857,0.220545658,0.041624205,0.189670346,0.092908854,0.068222254,0.092650929,0.204668561,0.218577519,0.164503978,0.135326308,0.160594165,0.181387858,0.155761892,0.171946268,0.008003664,0.034248481,0.005911569,0.01469643,0.008034495,0.021338607,0.011766639,0.05740971,0.00684965,0.043678755,0.010764602,0.011589099,0.048633801,0.014406406,0.019264632,0.066407234,0.030306381,0.016689855,0.010055885,0.007942155,0.017573824,0.015354727,0.022151758,0.021183908,0.014260087,0.018424774,0.010019268,0.021452963,0.007015392,0.007512244,0.018326083,0.020307366,0.01605707,0.01855512
183,0.389985827,0.108313444,0.286883041,0.470592536,0.524276576,0.371025642,0.40287679,0.032048674,0.020373962,0.076239373,0.069840113,0.064947743,0.328480568,0.01144827,0.230717088,0.332062305,0.253320619,0.293952173,0.308748122,0.193057058,0.1983409,0.302488491,0.151380292,0.018058017,0.029433141,0.266263733,0.161598659,0.056903339,0.155392949,0.03470031,0.236494265,0.009683222,0.009359697,0.008199051,0.009953673,0.138290329,0.134381139,0.052675892,0.150729467,0.121164824,0.074152947,0.100017616,0.179133741,0.270575282,0.132906195,0.150988833,0.063001974,0.096611989,0.100269554,0.149092885,0.030263413,0.037697238,0.017938718,0.074859532,0.117883866,0.043665877,0.008062278,0.021541683,0.010274505,0.025404286,0.077511744,0.011439185,0.085583466,0.070457245,0.079862478,0.005070268,0.155713295,0.252718748,0.012728347,0.122301627,0.129480691,0.013127553,0.082275114,0.058205914,0.040830639,0.013005161,0.021383175,0.061362747,0.067938028,0.071418544,0.064130179,0.08267127,0.089565216,0.148510793,0.117874866,0.086979776,0.033129085,0.018799351,0.022977268,0.01190679,0.00533866,0.00317334,0.012358452,0.002508593,0.08677525,0.253882954,0.329247677,0.281346253,0.023429053,0.012041359,0.013531441,0.01680528,0.018232348,0.022011978,0.020499257,0.01580775,0.01913109,0.030899199,0.024727423,0.003145652,0.006699914,0.002112069,0.022583324,0.025618305,0.022760178,0.046556804,0.063108472,0.022320285,0.018254177,0.009329539,0.026883608,0.010079151,0.011164708,0.021046211,0.037387846,0.022837599,0.014230169,0.025778065,0.067651629,0.083503873,0.014066965,0.098095768,0.1443649,0.118575032,0.093702612,0.128945715,0.121058401,0.165362934,0.08139612,0.080424513,0.09321525,0.271507281,0.174205215,0.072281818,0.103165279,0.23408156,0.028314795,0.03360895,0.061698082,0.067906933,0.055798885,0.324313075,0.041609619,0.195074882,0.016518449,0.347368187,0.152652406,0.208620022,0.287973271,0.043742339,0.012203472,0.015483628,0.320549886,0.090463009,0.153948681,0.01487806,0.016048607,0.018518133,0.017100772,0.022391207,0.096593586,0.077491261,0.018388041,0.021667059,0.026661759,0.048582534,0.123004509,0.011301821,0.008184955,0.02677062,0.007578993,0.02545365,0.012520273,0.029596737,0.013477304,0.075358703,0.012632169,0.058611791,0.018636164,0.015243381,0.015098322,0.033569484,0.04197395,0.126990524,0.053995615,0.045162967,0.018925209,0.016729295,0.026051811,0.027080968,0.029259581,0.042244551,0.008153532,0.03075616,0.029140704,0.019030524,0.023393042,0.021735853,0.081830899,0.085928356,0.009846011,0.007113019
184,0.40479002,0.120814824,0.541976262,0.412037716,0.428235489,0.400197188,0.353156215,0.009307177,0.009009569,0.018450337,0.031190655,0.023945632,0.453946065,0.01183453,0.412769118,0.382063711,0.283906854,0.256519615,0.375716415,0.30685095,0.300466808,0.377272642,0.166982294,0.022170655,0.024854872,0.049511342,0.066925304,0.046909823,0.126060132,0.026684984,0.479713867,0.008420151,0.009449126,0.008487915,0.009444906,0.041111514,0.043462938,0.029219453,0.04302672,0.038154117,0.027962192,0.030561754,0.040629663,0.050517051,0.050430398,0.135044293,0.028944086,0.056916962,0.053033232,0.145800727,0.015248478,0.017932766,0.008401151,0.017160218,0.030483066,0.018386924,0.006706145,0.018150164,0.008354885,0.011925913,0.058981533,0.009475956,0.040061394,0.054532973,0.062359339,0.008210411,0.039880233,0.044859718,0.014804766,0.064166063,0.106779539,0.01534176,0.039205357,0.026973787,0.036296908,0.017530141,0.02882803,0.033211417,0.037570921,0.040809456,0.033679585,0.058582747,0.050184872,0.114825691,0.101817952,0.075545909,0.033936638,0.01827552,0.026459251,0.017872085,0.008571702,0.005220304,0.015615353,0.004228233,0.054981192,0.046882532,0.051467522,0.047485809,0.017851587,0.012019899,0.015249692,0.016886853,0.027199686,0.022838585,0.019255064,0.017240349,0.030087183,0.023843855,0.020465814,0.004757496,0.009466574,0.003520652,0.018130827,0.020055072,0.019236291,0.029759303,0.037839308,0.031357765,0.025279915,0.011119566,0.042657177,0.011742719,0.018133051,0.023745498,0.047100597,0.0316743,0.018064857,0.034748074,0.070348069,0.083822707,0.020557269,0.115486278,0.154908147,0.146809625,0.127467091,0.156043889,0.117770837,0.181401836,0.069280675,0.075999758,0.10480528,0.491957448,0.191289194,0.043144644,0.086005581,0.262702333,0.020557126,0.024511717,0.039847862,0.060304032,0.054089175,0.484388343,0.048882804,0.171842443,0.022152,0.39229185,0.168281015,0.300163415,0.351204272,0.049825466,0.010561514,0.011516641,0.261598396,0.069463819,0.116476675,0.018064722,0.025217604,0.016766378,0.018551728,0.024998345,0.083713032,0.106163675,0.024742372,0.023663706,0.031669755,0.058296405,0.138497813,0.019231094,0.006582945,0.021026821,0.01014431,0.03515115,0.016504719,0.039960977,0.016928566,0.088474592,0.01654855,0.071093505,0.025530904,0.022294814,0.026159757,0.044357941,0.049800956,0.129781374,0.062003848,0.060656382,0.026070794,0.022343041,0.033642754,0.037076546,0.036412207,0.059509566,0.010628118,0.040973478,0.044573238,0.021788917,0.036355056,0.033593428,0.132132057,0.138295068,0.013125417,0.009085123
185,0.417241959,0.120468751,0.576286793,0.415036898,0.425818345,0.409347578,0.361701422,0.004632375,0.005860574,0.00954372,0.02364571,0.016898016,0.467066478,0.008608499,0.43474582,0.389741191,0.288071752,0.260738814,0.382610877,0.29627943,0.289072479,0.384004463,0.168082697,0.018699185,0.01996316,0.024007139,0.052486327,0.040375273,0.120294652,0.023126594,0.547925538,0.004116794,0.005387695,0.004167021,0.004977292,0.022002191,0.022649876,0.017002841,0.021659449,0.0192675,0.013803619,0.017143955,0.0169955,0.026371225,0.034756346,0.131475654,0.023330769,0.049373646,0.044508129,0.143466105,0.011440679,0.013604254,0.00547889,0.007870571,0.015669858,0.013019988,0.002660469,0.012331921,0.003911888,0.005169132,0.042831955,0.004549937,0.031711809,0.039506579,0.045324423,0.004548291,0.023931815,0.019606496,0.008124927,0.054785787,0.098105544,0.00919967,0.031199145,0.020390851,0.031450853,0.013026656,0.019487241,0.025775358,0.03039825,0.032795951,0.027058144,0.05182392,0.043741628,0.110018858,0.091897314,0.067969678,0.027492171,0.01010227,0.019220638,0.010290481,0.004768984,0.002588042,0.00868347,0.002229416,0.047500204,0.024232098,0.020052549,0.019992979,0.013436671,0.009127187,0.012198025,0.01376918,0.023007997,0.019240315,0.015377023,0.014545907,0.0253375,0.019875447,0.017029207,0.002713778,0.007078833,0.002168296,0.01416918,0.016237903,0.015467071,0.022529505,0.030706261,0.023902547,0.019306019,0.007268386,0.041392995,0.007340489,0.014613624,0.020065911,0.042579731,0.023832008,0.013744828,0.030627098,0.065713213,0.079149892,0.017682911,0.116724246,0.153808119,0.149315686,0.128323255,0.160632933,0.112755118,0.186251936,0.062347751,0.070956587,0.103091311,0.52293116,0.192470579,0.035858833,0.080507527,0.266427476,0.014698049,0.017615198,0.032106652,0.054809039,0.0498974,0.503625589,0.04628866,0.173143211,0.01621164,0.403735065,0.169495085,0.290220757,0.354661109,0.04643543,0.005917682,0.006232758,0.263393374,0.049962751,0.086774805,0.012495756,0.021191165,0.013381098,0.015838025,0.018731809,0.074684506,0.1071914,0.0210838,0.019983397,0.027762767,0.054865901,0.138819221,0.015578884,0.002414134,0.013664809,0.008633176,0.031524484,0.014035516,0.038115552,0.014035208,0.075705491,0.014065982,0.060938741,0.023195057,0.020309608,0.020900792,0.039794855,0.044465703,0.11276655,0.054348628,0.052456769,0.023998884,0.020525558,0.032172191,0.033587274,0.031376823,0.053822522,0.00787461,0.035802674,0.038128172,0.017166397,0.030859901,0.028737335,0.112180811,0.117763609,0.010135852,0.005897525
186,0.355220397,0.133950851,0.429115868,0.375475101,0.403832121,0.380989971,0.343534716,0.003221424,0.005179796,0.007012847,0.026305035,0.018015268,0.420700451,0.006470931,0.306517886,0.372379182,0.268392454,0.318965556,0.373317402,0.312575809,0.310208977,0.366670296,0.18997729,0.017311915,0.018919265,0.014367971,0.042434635,0.040119213,0.095312814,0.016563934,0.348203506,0.00333673,0.004180082,0.003319772,0.003898176,0.01378938,0.013705561,0.01104447,0.012269923,0.012002838,0.008518505,0.011137279,0.009849052,0.012740419,0.026171381,0.111224335,0.023529226,0.051445698,0.039165574,0.131440715,0.011111716,0.013297952,0.004804381,0.00491452,0.009861272,0.013054088,0.002069757,0.01205675,0.003648772,0.003619718,0.051803803,0.00451809,0.04574104,0.047331183,0.054122451,0.003681421,0.026757043,0.014041017,0.006753932,0.079775584,0.128218482,0.008545153,0.038424894,0.024216839,0.035726518,0.012549945,0.019480278,0.026974162,0.033695166,0.035174273,0.032334471,0.064572241,0.063678882,0.167663781,0.112945702,0.085162431,0.031076412,0.009685725,0.02037377,0.009029682,0.00389538,0.001914616,0.007450441,0.001680888,0.049918344,0.011557328,0.00905189,0.012105643,0.012255337,0.008165328,0.011152631,0.012819153,0.02118825,0.018162631,0.014322068,0.013756212,0.023078462,0.020858546,0.017369012,0.002249144,0.00665681,0.001774008,0.013156553,0.015732693,0.014543065,0.021490106,0.031618481,0.032166831,0.023695859,0.008808677,0.038307855,0.009679033,0.013871696,0.018709442,0.040458222,0.033185856,0.019587656,0.029811277,0.066020026,0.081211978,0.020509188,0.151502606,0.168261717,0.196312929,0.180399532,0.229285423,0.115254752,0.227839558,0.063049404,0.071833312,0.109004367,0.387766967,0.211402683,0.037665013,0.079513362,0.252353218,0.012765193,0.015413213,0.033243559,0.056248953,0.050377113,0.425526795,0.051331451,0.181223231,0.022508212,0.408242775,0.187257813,0.313035615,0.371146566,0.057282326,0.004513855,0.004514325,0.295305218,0.059373271,0.105690478,0.010881994,0.019550539,0.012426934,0.015845241,0.020145279,0.090723811,0.144789225,0.019439592,0.018733741,0.025960775,0.057176547,0.162002171,0.014237226,0.001972417,0.015628517,0.011936627,0.044410977,0.019468129,0.054784214,0.019365233,0.104925339,0.019512326,0.084425942,0.032905247,0.028617322,0.025706178,0.056450604,0.063666888,0.160953439,0.07710156,0.072986199,0.034279925,0.029347351,0.046593703,0.047421849,0.043428057,0.076186722,0.010163278,0.049786189,0.052142881,0.023504917,0.042022888,0.03926433,0.15249938,0.160340295,0.013286689,0.00698592
187,0.405679256,0.162156942,0.540862135,0.412287555,0.433220345,0.423313361,0.363167491,0.003893492,0.006923497,0.007235462,0.033502112,0.021443884,0.491801008,0.010200779,0.36043838,0.424449712,0.308933157,0.306195369,0.422716261,0.357090047,0.348968383,0.408985847,0.22977443,0.028390893,0.031403157,0.011497155,0.048193097,0.058734506,0.112294577,0.022380728,0.470447852,0.006195263,0.008266584,0.007460586,0.007824187,0.012359803,0.013502156,0.014537057,0.009715227,0.012672086,0.010820041,0.010357434,0.008924527,0.007097049,0.028221876,0.13197626,0.030281529,0.069059371,0.046960592,0.158506677,0.015527555,0.018276614,0.00664611,0.004716224,0.008883248,0.01730774,0.003956239,0.016799453,0.005738099,0.005315781,0.06515375,0.006950053,0.045418033,0.060240508,0.069364935,0.008182666,0.0287691,0.014429323,0.01290067,0.079543418,0.140912137,0.017059844,0.044668447,0.027805281,0.046437885,0.022641534,0.039685614,0.037796625,0.043006632,0.048658981,0.038162525,0.074839912,0.063811477,0.164464227,0.133441753,0.099950934,0.046280368,0.016588931,0.035543925,0.021383429,0.008638797,0.004286784,0.014167518,0.003760595,0.068336653,0.006374871,0.006312885,0.01112169,0.021684908,0.015266192,0.019722713,0.021266802,0.036443393,0.028836978,0.024548184,0.021589667,0.040265843,0.028159325,0.024424624,0.004486134,0.011937792,0.003700806,0.022009932,0.023821328,0.023435461,0.035674107,0.045642623,0.049488668,0.035591035,0.014018346,0.049701382,0.015751084,0.024851112,0.030141843,0.057974465,0.049311627,0.025868784,0.044451226,0.086352889,0.103467941,0.030532055,0.171125642,0.197152689,0.241626347,0.238282272,0.263310374,0.142934917,0.255029903,0.085600174,0.093188952,0.134346938,0.48189568,0.256439998,0.052042438,0.10305302,0.292117024,0.024779129,0.030059445,0.051592014,0.07569344,0.067440864,0.509727644,0.06461371,0.201310551,0.033934378,0.447129441,0.222804927,0.350085208,0.411184055,0.07817872,0.008258269,0.007999999,0.286290947,0.075808838,0.132148277,0.017264913,0.034321904,0.020824595,0.02315504,0.033896657,0.110026165,0.19208021,0.031997447,0.030005069,0.039401201,0.074710049,0.187595934,0.026338403,0.003566254,0.020554851,0.013861827,0.046344634,0.022986908,0.054720986,0.025136843,0.149525747,0.022927195,0.11544034,0.032261489,0.028053233,0.038506438,0.063359258,0.078282317,0.239116628,0.102256415,0.083400101,0.032347245,0.029490583,0.047563543,0.051822438,0.046915965,0.072942968,0.013582315,0.051799696,0.05767934,0.036211014,0.046676068,0.043012703,0.168838763,0.177124974,0.016738027,0.010986765
188,0.004727948,0.015211151,0.009662819,0.003778034,0.002682705,0.002216055,0.003631601,0.250695526,0.287546174,0.214200368,0.164059345,0.211882624,0.004710615,0.035401317,0.023950644,0.006288976,0.01101441,0.005250858,0.005246176,0.001845786,0.001255297,0.001547934,0.014318743,0.015647108,0.029324659,0.295451539,0.120754823,0.027975327,0.051511381,0.094527048,0.002983216,0.032816047,0.03475628,0.022853856,0.043065466,0.122488395,0.305278015,0.508543515,0.096315938,0.338708845,0.444617021,0.074594018,0.313444031,0.322083749,0.083038766,0.043587111,0.129964452,0.074867986,0.065864463,0.029485303,0.233427805,0.209009446,0.290807501,0.188727749,0.154443005,0.230773622,0.024510984,0.055287435,0.04161522,0.229101064,0.03388335,0.122026073,0.068798983,0.038610456,0.017157514,0.004218036,0.144095984,0.234139367,0.039922125,0.079063711,0.016791593,0.006514146,0.09877729,0.081204449,0.07069884,0.036253935,0.00999225,0.115361147,0.083571698,0.08848063,0.075039152,0.055409496,0.068365116,0.023522727,0.013465076,0.009347144,0.006182661,0.00624857,0.006007596,0.004744949,0.003603063,0.001832584,0.0040101,0.002050603,0.083252188,0.315893693,0.320985335,0.270154648,0.052451865,0.027404073,0.020325303,0.024664663,0.009573819,0.021160636,0.026304589,0.028135247,0.006906799,0.062297419,0.057918359,0.002029014,0.032169721,0.00249669,0.044031771,0.052839497,0.04217412,0.091537195,0.104447283,0.00073594,0.000710425,0.000513163,0.000909365,0.00054866,0.007239526,0.016719123,0.008663453,0.000673622,0.00073372,0.007433783,0.019696186,0.022303989,0.006165435,0.013248157,0.017088841,0.006788521,0.00208754,0.005267331,0.023012521,0.01487652,0.026547089,0.026010071,0.013506426,0.011468456,0.012544466,0.105774427,0.040631875,0.010641793,0.054260414,0.042258437,0.048266543,0.027935078,0.024103841,0.006584176,0.001703939,0.00456405,0.000585505,0.004156059,0.014669858,0.001940682,0.003864006,0.001738267,0.06819635,0.102114834,0.003217257,0.01968638,0.012485983,0.005513151,0.009305188,0.03084155,0.07899749,0.005569709,0.030450476,0.002774428,0.012635175,0.018604958,0.013201413,0.011255079,0.015246134,0.005069287,0.076223434,0.048924244,0.00221982,0.044414867,0.004432641,0.187898826,0.004840977,0.005057867,0.003812715,0.029190938,0.049230042,0.01531335,0.005475054,0.09297945,0.1306121,0.010351844,0.096748124,0.009627618,0.030922422,0.065420955,0.175038732,0.146765668,0.174896767,0.076502036,0.022174373,0.19313303,0.060375285,0.004340836,0.024015135,0.045781563,0.006323625,0.019723233,0.014741545,0.011252611
189,0.00491636,0.011400731,0.010532052,0.004139915,0.003455684,0.002901247,0.003679456,0.108435571,0.111100359,0.109137004,0.074933023,0.095179548,0.006504044,0.032658941,0.019298298,0.007232467,0.010008525,0.005607628,0.006168099,0.002871296,0.002137881,0.002340524,0.011020353,0.013121159,0.022259631,0.137792311,0.107517876,0.022170919,0.039431054,0.093795465,0.003003692,0.03154343,0.03391203,0.022824393,0.041592124,0.083689225,0.261004776,0.462898147,0.068436608,0.261802442,0.342872127,0.046219859,0.160860458,0.154804903,0.056941101,0.029472818,0.057168868,0.03905093,0.038546439,0.020043572,0.092047566,0.084002236,0.111366633,0.107088611,0.095951228,0.097720186,0.024475212,0.041893159,0.029569936,0.136975426,0.023038017,0.052512803,0.054589625,0.023375932,0.013889802,0.006202479,0.06649577,0.101782598,0.026428787,0.042625132,0.018200002,0.012547929,0.048353066,0.038196748,0.030920369,0.016815379,0.012516145,0.056465526,0.042705544,0.0468179,0.037357398,0.030626975,0.034510432,0.021818812,0.016982898,0.014744153,0.011490523,0.008215614,0.012169826,0.009265302,0.006353795,0.004462161,0.005312435,0.004004321,0.043226416,0.1524901,0.138891014,0.117694897,0.032047931,0.019954612,0.016018124,0.018505622,0.009557234,0.016430852,0.019607292,0.018558886,0.008247062,0.0303542,0.028859839,0.002107648,0.013845016,0.002927639,0.028237435,0.030315205,0.026839776,0.048856639,0.052038241,0.001470208,0.00136249,0.000961774,0.001683046,0.0010992,0.007256557,0.013895654,0.009471306,0.001558361,0.001652287,0.008249043,0.015715755,0.017143916,0.004946065,0.010205056,0.013352066,0.006146111,0.002794891,0.00551969,0.017608414,0.010825294,0.021234147,0.019297886,0.010926839,0.011060641,0.01047422,0.05249638,0.024757615,0.009770691,0.03562832,0.032073505,0.032713129,0.020693961,0.01719008,0.007804051,0.002480395,0.004071722,0.001311678,0.004779475,0.011162769,0.002711019,0.004622308,0.002563153,0.065920711,0.100752516,0.003847217,0.01627587,0.012958833,0.005594487,0.008499011,0.021961732,0.031410966,0.011549422,0.021421055,0.003063387,0.011405351,0.014874272,0.012017762,0.010203882,0.011690884,0.005997794,0.03986731,0.030421552,0.001526743,0.029985699,0.002606542,0.067018068,0.003099802,0.002883404,0.002258256,0.01379528,0.039442714,0.011882935,0.00256404,0.043127258,0.049695174,0.00641711,0.038045174,0.005056708,0.022500527,0.030003618,0.062095357,0.049785148,0.152640786,0.062896863,0.020923857,0.168941366,0.038802045,0.003386739,0.012441023,0.019150208,0.003581491,0.008062811,0.013306603,0.01147592
190,0.006283972,0.014646357,0.014835587,0.00483584,0.003207248,0.002516347,0.003610465,0.361848861,0.416265748,0.31007429,0.237904818,0.308516713,0.005395356,0.043785086,0.043439626,0.00657407,0.013268281,0.005071398,0.005675783,0.002225712,0.001534745,0.001878429,0.012386511,0.024647728,0.035465465,0.472604962,0.159446248,0.032984673,0.082780614,0.103178763,0.004783257,0.042735132,0.041265972,0.029011727,0.051667577,0.199673606,0.388619164,0.576139217,0.171116123,0.440340461,0.564754526,0.129298667,0.470002477,0.499258144,0.141338764,0.068234823,0.190908675,0.109054679,0.105068457,0.042671054,0.337159644,0.303522882,0.420933882,0.269582432,0.233867269,0.327755555,0.035140752,0.072282669,0.05744023,0.349057339,0.039981167,0.20898279,0.164513583,0.061422131,0.029805283,0.007915609,0.246724449,0.398247354,0.050061033,0.138900072,0.04054946,0.014915249,0.151439835,0.124495257,0.113168755,0.058881193,0.021940096,0.164831452,0.124094915,0.127953216,0.114373065,0.087028108,0.11135949,0.055229936,0.034221241,0.029009383,0.020211063,0.011705166,0.017650483,0.011241071,0.007057512,0.00371837,0.007482061,0.004039747,0.121162475,0.486609619,0.533290394,0.45261115,0.071407687,0.037643042,0.029110904,0.033851511,0.015612031,0.029150004,0.034228986,0.041778968,0.012092432,0.095341449,0.088176169,0.003555653,0.051553059,0.004614497,0.059101592,0.075183895,0.057809531,0.12877425,0.150159435,0.001292034,0.00121139,0.001050235,0.001474907,0.001174067,0.007798352,0.024652862,0.012379102,0.001194098,0.001437578,0.009453975,0.02447506,0.028073697,0.006366533,0.014007824,0.021071435,0.008270796,0.002475128,0.005657166,0.029035499,0.011687016,0.032581046,0.033572452,0.01529589,0.018114757,0.010800028,0.153515293,0.059135994,0.012403741,0.070752929,0.052936254,0.065503056,0.036119558,0.033899999,0.008464147,0.002197336,0.00420596,0.001111316,0.004214718,0.013855962,0.002276203,0.004063236,0.00217892,0.078430849,0.113189223,0.003308691,0.027608153,0.023198218,0.008939802,0.014388263,0.04092634,0.124417092,0.017221583,0.056408414,0.003265316,0.020956934,0.026933434,0.019655666,0.013091788,0.018349542,0.007071393,0.127240459,0.05783987,0.00357139,0.058629051,0.006867234,0.317463252,0.007315113,0.007165117,0.005819108,0.042462352,0.063256873,0.020863067,0.008166249,0.14219082,0.201210199,0.013908976,0.145974141,0.014720099,0.043045203,0.111806538,0.297437235,0.232182276,0.184317281,0.092199258,0.023906588,0.201746408,0.083860431,0.006169096,0.045852633,0.083111811,0.01438761,0.033499464,0.017652824,0.012896958
191,0.015694925,0.032104572,0.031318016,0.013584965,0.011757024,0.010002013,0.012219744,0.21535862,0.17143659,0.281747133,0.183371961,0.211593751,0.021874807,0.043182191,0.051958245,0.025217727,0.034055852,0.02224233,0.021279832,0.009313789,0.007110638,0.008338081,0.028562255,0.059580578,0.073647794,0.391259771,0.157069795,0.074473724,0.095634257,0.066293809,0.007996702,0.076510736,0.038791105,0.039269151,0.055588279,0.196462167,0.291518702,0.358462817,0.184198253,0.312551336,0.348416321,0.12910303,0.351866873,0.471191,0.147181208,0.079197014,0.12575673,0.104333472,0.100251246,0.06218441,0.156694364,0.154078198,0.168240109,0.304202487,0.278846391,0.209950359,0.096283712,0.084893383,0.09923971,0.229090392,0.072514143,0.154130291,0.241065648,0.08702936,0.058866935,0.051209503,0.217638501,0.293827211,0.078968575,0.166792658,0.107073986,0.071861238,0.147324378,0.124691197,0.102491167,0.059966826,0.063966165,0.155248809,0.13014854,0.137527198,0.121321774,0.109533379,0.126289418,0.133241244,0.102926008,0.101040584,0.074053209,0.038646797,0.073335652,0.049115828,0.054475798,0.044736018,0.022947142,0.038935397,0.11837958,0.461963247,0.38076734,0.330633992,0.104665278,0.076637879,0.066645121,0.071808834,0.046024764,0.064037895,0.069948091,0.076246722,0.041845933,0.104760861,0.101174638,0.010958641,0.049599757,0.022544847,0.094661463,0.103212407,0.092695617,0.145670086,0.140746823,0.006174304,0.005231332,0.005512475,0.006432182,0.006591272,0.026597557,0.059009615,0.042311691,0.006300648,0.00918882,0.034810321,0.055951584,0.059924593,0.01556555,0.033686385,0.046122148,0.023509471,0.01242589,0.024627444,0.062211165,0.025830265,0.074233202,0.068550438,0.037082128,0.032231878,0.028882326,0.138140987,0.079639602,0.033372267,0.113480046,0.107636972,0.113074375,0.072994025,0.066133715,0.026661307,0.010240789,0.012533287,0.00665202,0.016563061,0.031223037,0.00926029,0.016195329,0.011125998,0.068086022,0.09138961,0.014142989,0.052676903,0.055866786,0.018866024,0.038448857,0.078838342,0.096931432,0.072641559,0.09828062,0.012258623,0.054990264,0.061120316,0.052994454,0.037812894,0.039735594,0.026237276,0.132249413,0.081974163,0.003026625,0.027146803,0.004366231,0.104543923,0.0053931,0.004047007,0.003749156,0.014497312,0.041388681,0.013187616,0.003124706,0.048292563,0.052703412,0.009562772,0.03931786,0.00825756,0.027548616,0.052593232,0.093135262,0.06079198,0.115159802,0.072853416,0.019998719,0.11480415,0.038493171,0.006594341,0.027054708,0.040932737,0.01093095,0.01308752,0.016374544,0.01486111
192,0.010751682,0.021660405,0.023830465,0.009062743,0.007632913,0.006504515,0.007943442,0.231400754,0.224530349,0.251157296,0.171913939,0.211541564,0.014435661,0.042568304,0.045160726,0.015690264,0.021889468,0.013689602,0.013603391,0.006455533,0.004859334,0.005419051,0.019802085,0.03638123,0.048919529,0.359905071,0.150485952,0.048562218,0.082156738,0.086971959,0.006175374,0.052979344,0.041127303,0.034406096,0.052421654,0.176523004,0.3198303,0.449807968,0.159773445,0.345362951,0.416302212,0.113989327,0.35259778,0.408113503,0.129115964,0.066146712,0.127017751,0.089064139,0.08934688,0.046073271,0.189612604,0.177286682,0.224185808,0.250988186,0.227777647,0.21547929,0.054221936,0.070636236,0.066168768,0.242493553,0.054401922,0.144820898,0.184410044,0.066158786,0.042215085,0.020934083,0.192372574,0.282762004,0.067681519,0.130396643,0.071368579,0.038169594,0.123357967,0.099788592,0.084542113,0.045954586,0.036982504,0.131794247,0.104940694,0.110801019,0.096280863,0.082763073,0.098595722,0.088921545,0.066694665,0.064841379,0.04511266,0.023192376,0.040973254,0.025954927,0.021643278,0.016386848,0.013627183,0.014827733,0.099202172,0.399352625,0.373243763,0.320124488,0.072732749,0.046389365,0.039583613,0.043432919,0.027415555,0.039790825,0.04521825,0.045558763,0.025354956,0.078292383,0.073523016,0.00605492,0.038691991,0.010369578,0.063670828,0.071616322,0.061587351,0.11314078,0.119099113,0.003395101,0.002978006,0.002807903,0.003616912,0.003301186,0.016760595,0.036776276,0.025808698,0.003461509,0.004452088,0.021373435,0.036114242,0.039169021,0.009878756,0.022086669,0.030282317,0.01491978,0.007276426,0.01453983,0.040359701,0.018477908,0.048021299,0.044317936,0.023709148,0.025065686,0.019540094,0.119716002,0.058509291,0.021331255,0.07858859,0.070923015,0.076781061,0.047529627,0.041698418,0.017474001,0.0054854,0.008140935,0.003339677,0.010515461,0.021025385,0.006149001,0.010346166,0.005760371,0.072140308,0.101146551,0.00910343,0.039586034,0.040955381,0.012587732,0.022772968,0.049722263,0.083729399,0.041287525,0.069337424,0.007482704,0.033357281,0.038204189,0.032936898,0.024011696,0.02627233,0.015690732,0.103708568,0.06412793,0.003189668,0.040064703,0.005176013,0.160694439,0.005916013,0.004958698,0.004446793,0.023737576,0.052902166,0.016965249,0.004653336,0.078706074,0.09912288,0.011020796,0.073043014,0.010603693,0.034807704,0.070501733,0.149775525,0.109819939,0.158258524,0.086501887,0.023168995,0.16540855,0.055701476,0.006104609,0.033294776,0.051483077,0.012116929,0.018959433,0.017414432,0.014686838
193,0.362830663,0.133694293,0.334144607,0.40285208,0.433491002,0.352794163,0.391389328,0.008892088,0.009862879,0.019476167,0.037685468,0.028576113,0.326286306,0.008361318,0.25040827,0.326018657,0.244631726,0.355017384,0.309056816,0.169572252,0.171737821,0.295015994,0.189364789,0.024434137,0.026956741,0.055095271,0.063990907,0.04655786,0.100541957,0.02382985,0.369919388,0.004982459,0.006464472,0.005002975,0.006552909,0.047572062,0.052667773,0.040456125,0.050487805,0.042246681,0.030911417,0.035591834,0.0356744,0.069879774,0.053871758,0.11613046,0.038133458,0.066026301,0.05582119,0.130398641,0.019382848,0.023184064,0.00919122,0.016783325,0.033958909,0.022010332,0.003174015,0.010900242,0.003754959,0.009770715,0.027085993,0.004154706,0.05481892,0.026251797,0.0306749,0.005537095,0.042815155,0.03716604,0.01191538,0.093336764,0.152354535,0.012602945,0.048469513,0.030610124,0.041556425,0.015309221,0.024334178,0.038631608,0.042501756,0.046491366,0.039832553,0.07527902,0.072845249,0.185969085,0.137960645,0.105773039,0.040621258,0.010464272,0.026766723,0.012159258,0.005748581,0.003278294,0.008856585,0.002994303,0.060126964,0.064234389,0.043297138,0.040195531,0.021203029,0.014079896,0.017331653,0.018450939,0.030346215,0.024220149,0.021501071,0.018172142,0.033732033,0.025534813,0.021723236,0.003274858,0.00898884,0.003097006,0.020357352,0.021590659,0.02101132,0.035773022,0.042905152,0.022032358,0.018143852,0.006629878,0.035674844,0.00688408,0.020924222,0.025550446,0.047182178,0.023195922,0.015097391,0.037372276,0.067244035,0.080975435,0.024111871,0.150653001,0.15862197,0.197359858,0.17348064,0.229827445,0.11007794,0.228720198,0.066691454,0.072544196,0.108423292,0.312859498,0.20850217,0.04800439,0.084078114,0.23147216,0.025803703,0.030533247,0.044711744,0.059690674,0.053138628,0.331772018,0.048975436,0.203601563,0.015689655,0.364371559,0.183461928,0.186502693,0.297392814,0.052834721,0.008660304,0.011139659,0.34555711,0.033088414,0.054568145,0.011669688,0.028345536,0.018556153,0.018734977,0.027107655,0.108182244,0.149457026,0.02720697,0.025386619,0.032273772,0.06129614,0.156425419,0.022119353,0.002665949,0.009489037,0.00700835,0.025478704,0.010888194,0.038430693,0.011737423,0.062043702,0.010547343,0.048310934,0.019437167,0.017713526,0.015971176,0.030260303,0.036784505,0.106340777,0.046077651,0.036155792,0.02119614,0.017161264,0.033063289,0.026966079,0.02431175,0.040603541,0.006566578,0.025773285,0.019606065,0.015967012,0.014773372,0.014804289,0.048058682,0.05200673,0.008466822,0.005504365
194,0.01196536,0.01582982,0.014446025,0.009751129,0.008033621,0.006872455,0.007156725,0.026146241,0.02377569,0.048533177,0.050221699,0.047127026,0.009210721,0.139021466,0.016644237,0.011722376,0.013375276,0.006802548,0.010549225,0.007155058,0.006653161,0.006359248,0.016562422,0.007805771,0.025698884,0.148118903,0.120793273,0.041174727,0.03699974,0.217313283,0.014046236,0.134750061,0.218233208,0.223966283,0.216179785,0.047031798,0.240856143,0.478032297,0.030670226,0.228691844,0.308145611,0.01600974,0.08753886,0.146385186,0.031958741,0.022182712,0.018497656,0.022336832,0.019437548,0.017257674,0.022665697,0.02243863,0.022729366,0.043975855,0.051111609,0.028766665,0.074511436,0.126588603,0.059003298,0.106574431,0.192449079,0.045253196,0.159839103,0.195517891,0.236692918,0.021607045,0.141646486,0.157579297,0.1767317,0.145797609,0.094285421,0.101043243,0.070366373,0.04622768,0.031086945,0.021338879,0.056627576,0.045615281,0.051103395,0.050791212,0.05238136,0.06197639,0.093098247,0.183336197,0.073085171,0.059285136,0.052536777,0.180149662,0.065201948,0.056783386,0.022264648,0.017004668,0.074508323,0.010835329,0.030398263,0.138624237,0.161523647,0.15648012,0.017452655,0.005728221,0.006557731,0.009075941,0.007501728,0.01250262,0.013970501,0.006915253,0.007183771,0.019607021,0.014474985,0.014010325,0.009253499,0.005557296,0.01531901,0.014795205,0.014220364,0.040452195,0.035604104,0.037979714,0.030348137,0.075785356,0.033753192,0.092270346,0.017320305,0.011001751,0.014078751,0.030951179,0.089435356,0.015044024,0.030346209,0.031880494,0.007370015,0.017128551,0.024273471,0.011804713,0.007798846,0.00802918,0.032338622,0.0095802,0.041489271,0.028757556,0.016226656,0.01423142,0.020515152,0.037288123,0.020416851,0.014250818,0.031526867,0.041630185,0.03484945,0.02951181,0.016893169,0.009587483,0.053420625,0.014324862,0.0537338,0.008588562,0.013763626,0.007471993,0.009187116,0.055516338,0.219235664,0.240846141,0.007414143,0.258995889,0.379436385,0.056358068,0.00635734,0.011172439,0.011104236,0.058805002,0.070094887,0.006972803,0.007368266,0.011301933,0.014122175,0.020021873,0.020228911,0.008400973,0.043103158,0.083774514,0.003637535,0.015960228,0.003840125,0.017472832,0.005507196,0.00347389,0.003343851,0.006059084,0.031873338,0.010293127,0.001198168,0.02085695,0.012676996,0.007242342,0.009480364,0.005129695,0.020766421,0.039459226,0.018947773,0.005420545,0.070935397,0.063786286,0.021943573,0.061219128,0.011927206,0.006701594,0.005978909,0.007932248,0.006031717,0.00722482,0.022887485,0.028305123
195,0.358358275,0.090885851,0.303139309,0.409339553,0.443606371,0.328256243,0.316692396,0.098268542,0.048624072,0.186495259,0.13506757,0.136582152,0.325145534,0.012879515,0.344846901,0.293043082,0.240198696,0.170103188,0.272156099,0.21418582,0.209928144,0.276514438,0.122198248,0.023626207,0.047809721,0.409000108,0.305370084,0.085443567,0.279852321,0.052856867,0.314812869,0.010217246,0.009548568,0.007707714,0.010315103,0.364722671,0.33527156,0.088614508,0.407054683,0.306398484,0.175923402,0.263010954,0.449544731,0.361054887,0.322911733,0.251043829,0.134623174,0.185263578,0.213691347,0.207511422,0.06470754,0.08240811,0.042803649,0.211290908,0.299007619,0.096024054,0.008279119,0.021517266,0.010077024,0.055311554,0.056417022,0.010533179,0.202626902,0.052352903,0.059987749,0.006698056,0.254505682,0.414001832,0.01478938,0.17640729,0.091710105,0.017088729,0.14596403,0.122745116,0.045853088,0.014016357,0.021551804,0.116487217,0.123251807,0.130114216,0.119907477,0.108995088,0.140476393,0.1149117,0.079954303,0.059236687,0.025982519,0.020031446,0.021819345,0.015576332,0.007101286,0.004354646,0.013988773,0.003413823,0.158692785,0.343928854,0.523307481,0.454919431,0.041951435,0.01970178,0.019915836,0.02522987,0.019960864,0.031363897,0.032647359,0.021466552,0.019717753,0.048706415,0.037751514,0.003922733,0.007434338,0.002621797,0.038144986,0.042350714,0.036823998,0.091780246,0.121442375,0.021595391,0.017217629,0.008638359,0.028445701,0.009344933,0.0109537,0.02881547,0.038575428,0.021895194,0.013550742,0.025258733,0.079182661,0.098707141,0.011797035,0.08009028,0.143629125,0.092886685,0.070640899,0.093435058,0.142291598,0.121537852,0.114476406,0.101660819,0.084621048,0.303087414,0.144350792,0.134318169,0.161196132,0.217161398,0.053097055,0.063724784,0.118271097,0.093674677,0.073641661,0.322315746,0.036013755,0.141097688,0.015541103,0.269319575,0.12613635,0.208311565,0.236268377,0.03481127,0.013918829,0.019617361,0.182173037,0.067741632,0.110738519,0.016446251,0.016424718,0.029588122,0.020476397,0.020483111,0.077836966,0.05748385,0.021935734,0.030300872,0.032399737,0.046624954,0.112038995,0.011065159,0.008677991,0.021342422,0.010442343,0.033689877,0.017347655,0.041001382,0.019703239,0.122528715,0.017601265,0.092881841,0.024542354,0.018440949,0.019534698,0.048730195,0.066478618,0.220427372,0.087670766,0.062010774,0.023772535,0.023166101,0.037549642,0.03822917,0.043302377,0.055858883,0.012364157,0.043247199,0.037255507,0.029894027,0.029469723,0.027408792,0.099318254,0.1045601,0.014713167,0.01169754
196,0.3199544,0.132920345,0.329656943,0.347154658,0.370401273,0.302749408,0.319805747,0.011037231,0.012071355,0.023694321,0.042964181,0.031826969,0.319886588,0.0111756,0.273807401,0.298627378,0.229534063,0.292747231,0.282752476,0.170349386,0.165345241,0.256770532,0.177322931,0.044834763,0.044537405,0.067277746,0.085694868,0.066454517,0.105100027,0.032359309,0.311281995,0.007727862,0.010492963,0.008552683,0.010859944,0.067189115,0.080684135,0.06815249,0.072825891,0.063474223,0.049208733,0.048097868,0.046033823,0.093051981,0.068280009,0.111768795,0.033784818,0.061494386,0.057033583,0.126225678,0.020656214,0.023571508,0.011392272,0.020632566,0.045355929,0.02491419,0.004645367,0.014603668,0.00509506,0.014848848,0.035504073,0.005896341,0.063807932,0.035479755,0.041477305,0.009933781,0.048531248,0.037517504,0.023965417,0.106327102,0.182148707,0.019781958,0.055186104,0.035664884,0.051984208,0.023484599,0.037518928,0.048148548,0.051044585,0.056903059,0.046672078,0.088100379,0.080907501,0.209966486,0.170494734,0.133774003,0.056895625,0.014978886,0.039366078,0.020192231,0.010150991,0.006159645,0.01287613,0.005919136,0.063056359,0.085058163,0.043506542,0.04099834,0.034835668,0.027413796,0.033229636,0.032413128,0.058956747,0.041100424,0.038137966,0.030296807,0.067131759,0.03388256,0.030226704,0.005623978,0.015535888,0.006284503,0.033206392,0.03223917,0.033756948,0.049575236,0.051124086,0.031387144,0.023713069,0.008745764,0.037683245,0.009589607,0.041424674,0.045350253,0.073937856,0.032998023,0.020119309,0.061794557,0.086044383,0.09746293,0.0392592,0.161029224,0.164307675,0.224744451,0.212749907,0.246892993,0.122477466,0.209236968,0.085865114,0.086953356,0.115884781,0.308110764,0.194226106,0.054684766,0.086193457,0.218371737,0.041976497,0.049411475,0.057151019,0.074986472,0.066433474,0.327557203,0.052410642,0.176558277,0.02222333,0.314317262,0.173315474,0.175759541,0.263390716,0.059141309,0.014207329,0.018768993,0.268874972,0.044737096,0.072228412,0.014950343,0.05561248,0.031841383,0.026777842,0.040021164,0.132639358,0.19384632,0.050700473,0.044271225,0.054410986,0.080771034,0.163997574,0.04534028,0.003617703,0.012384492,0.008229708,0.029016426,0.012738299,0.049312815,0.014273348,0.079581176,0.012238476,0.060919574,0.021870925,0.02024641,0.024609582,0.035123663,0.04358681,0.135717048,0.056541485,0.041005341,0.023904059,0.019667231,0.041996792,0.032956384,0.027451035,0.044052149,0.007974776,0.028475376,0.020622228,0.020574589,0.015085911,0.01560895,0.046852099,0.051489553,0.010217552,0.007069377
197,0.255725422,0.128106246,0.265134618,0.279724419,0.297596807,0.233447649,0.246184051,0.03893866,0.037088987,0.058487652,0.066559893,0.058117606,0.250558185,0.014169499,0.229911213,0.238033509,0.195105138,0.212741408,0.222089587,0.134695618,0.129547172,0.195040365,0.155848233,0.07896732,0.074577895,0.117639758,0.100379193,0.093726996,0.107242191,0.037210761,0.226988545,0.011674554,0.014169832,0.011917643,0.015196529,0.10250823,0.125964957,0.10598326,0.110880151,0.107899029,0.088051184,0.072117308,0.101287849,0.145646091,0.094045064,0.109808164,0.047708609,0.072360181,0.068984568,0.121495587,0.043778559,0.044747878,0.036168041,0.057710229,0.083774105,0.050683817,0.007977617,0.022625551,0.009423775,0.029091534,0.062652573,0.014116999,0.091754542,0.0656187,0.07611787,0.032268848,0.079238733,0.081653074,0.072128108,0.120565411,0.188311222,0.040184323,0.07333382,0.051832051,0.065904349,0.04354362,0.072448916,0.072402505,0.070212213,0.078875971,0.06275838,0.100347567,0.08962168,0.206051334,0.180253208,0.147176483,0.074438456,0.033296256,0.062903904,0.053875877,0.033332314,0.023266462,0.03162076,0.021694126,0.078501375,0.136443361,0.09771924,0.089036323,0.06434089,0.055174126,0.062831292,0.059508928,0.100864918,0.070770587,0.068366244,0.053872731,0.116619777,0.052495338,0.04957522,0.014798799,0.032608224,0.019524292,0.060526177,0.056771899,0.060293136,0.079753315,0.074623673,0.029028562,0.022993469,0.009008782,0.033060153,0.010005213,0.082952669,0.0786809,0.119687796,0.030835882,0.019014239,0.108670071,0.109790738,0.113813142,0.052671967,0.139685142,0.147082872,0.172598301,0.158271523,0.183781292,0.127555922,0.163327017,0.106840353,0.103295829,0.124900942,0.248489322,0.171564416,0.075452649,0.09387949,0.188780771,0.074157083,0.082521969,0.082004314,0.094518652,0.086224399,0.259579537,0.045438365,0.138081567,0.020866495,0.236981616,0.151520441,0.137777036,0.201553735,0.050311394,0.01968966,0.026207194,0.195740761,0.083339072,0.127529957,0.028257877,0.096349803,0.058770408,0.041526036,0.059256277,0.14642841,0.147584601,0.087658255,0.0764583,0.089963853,0.113977291,0.143859069,0.086690237,0.007778077,0.022574812,0.008227089,0.026035407,0.012290089,0.038877629,0.015094791,0.073844073,0.011508232,0.056682038,0.020406988,0.018145379,0.029786163,0.029074328,0.036810791,0.119387762,0.049738813,0.035480632,0.020933995,0.017009046,0.033149391,0.027035126,0.035309874,0.04286201,0.013330287,0.032537351,0.019242212,0.024054844,0.013960266,0.014315085,0.041298891,0.04498506,0.015431686,0.014947696
198,0.38137814,0.17804576,0.412403594,0.390898967,0.412530161,0.399051102,0.372526752,0.003253303,0.007126938,0.00699093,0.042494979,0.025908703,0.423271373,0.009326605,0.221959378,0.385987411,0.276756814,0.324721364,0.380265335,0.270232176,0.263817197,0.363793158,0.255610437,0.032055728,0.038314524,0.010326548,0.048160686,0.06747049,0.094102571,0.021439741,0.534828839,0.004677953,0.007017211,0.006210163,0.006427316,0.011624467,0.011433084,0.011548995,0.008473816,0.010707942,0.008305136,0.010063334,0.007340676,0.00466723,0.027456003,0.117211211,0.038296282,0.084810797,0.049364828,0.149705849,0.019280992,0.023195685,0.006877641,0.003853787,0.008063883,0.021852309,0.00259492,0.011502649,0.003337489,0.003819241,0.030667966,0.003907393,0.054867025,0.029753555,0.035240914,0.007665201,0.032114612,0.014175919,0.009790569,0.097617334,0.179562205,0.020443227,0.055159742,0.034012962,0.059008408,0.02866772,0.055550461,0.048496149,0.052606962,0.06173203,0.046809657,0.094294153,0.079656408,0.205636971,0.176004683,0.129844581,0.065431393,0.013112057,0.049475424,0.026324535,0.008341283,0.002646825,0.011847309,0.002533527,0.083198777,0.004032743,0.004524625,0.010272521,0.027842705,0.018475211,0.023191233,0.024698796,0.041986707,0.032736387,0.029602601,0.024319797,0.045400043,0.032969623,0.028290713,0.003603316,0.013662028,0.002912338,0.026996468,0.028067231,0.028003667,0.04794698,0.057840513,0.077271351,0.067036645,0.025385818,0.085774263,0.030198545,0.027830104,0.033866205,0.057412563,0.078476675,0.0485936,0.045320415,0.088935892,0.108115976,0.04419524,0.206398106,0.208837304,0.309745581,0.330655406,0.34151119,0.145411269,0.298002194,0.094115049,0.097946722,0.140832845,0.367163525,0.277891951,0.06446105,0.111230602,0.268868917,0.034184846,0.041901897,0.067091468,0.083813451,0.072493477,0.414536185,0.095083177,0.233440014,0.057821555,0.426524946,0.241025959,0.271734144,0.372943336,0.117391065,0.006826749,0.00663063,0.288096213,0.03624854,0.061880612,0.015555712,0.039833846,0.024786081,0.02690463,0.047901547,0.145695815,0.26628105,0.035954044,0.033913368,0.041751099,0.077642079,0.210615663,0.029853575,0.002034408,0.010281879,0.011935614,0.033050445,0.020344353,0.042589896,0.02851808,0.164444754,0.018912859,0.12013779,0.025304566,0.01776381,0.031833073,0.050999356,0.076395019,0.313229072,0.110883813,0.057705543,0.023072394,0.022692085,0.040199384,0.038680258,0.060673077,0.054872986,0.016853528,0.051086526,0.039428938,0.055111919,0.030067381,0.027791406,0.10350575,0.109284192,0.015946228,0.011987149
199,0.297471242,0.126038456,0.291494089,0.325381007,0.351050409,0.292284876,0.306556881,0.009169743,0.010316161,0.018618244,0.037535953,0.027754656,0.303981649,0.008886441,0.23221346,0.286936147,0.215883841,0.295229517,0.274886794,0.16564726,0.162627746,0.251099202,0.170545278,0.036174354,0.035628793,0.04781328,0.071955656,0.055570717,0.091838789,0.025775695,0.282949002,0.005955482,0.007900863,0.006483028,0.008086884,0.045741502,0.054923666,0.047150803,0.048123395,0.04435294,0.034686727,0.032766408,0.033414962,0.061169396,0.050261937,0.099634472,0.029136383,0.054538904,0.047116657,0.115302919,0.017514382,0.019894681,0.009730397,0.016074841,0.032022375,0.021304389,0.00368464,0.012088039,0.004249504,0.011101369,0.030691008,0.005153924,0.062418064,0.030547356,0.035749852,0.008426375,0.043757329,0.03113019,0.019564494,0.104033842,0.168892338,0.017086637,0.050876424,0.032919024,0.046889736,0.020104954,0.03225597,0.040380235,0.045135837,0.048535383,0.042801957,0.081753313,0.079856245,0.208652042,0.15369245,0.12105194,0.049641314,0.013116553,0.034117767,0.017364287,0.008659158,0.005208426,0.011237761,0.004941522,0.055522778,0.056078692,0.032015915,0.032043197,0.027319713,0.021713506,0.026525044,0.026180132,0.047098014,0.033477837,0.030463843,0.024958852,0.053327074,0.029676004,0.026056652,0.004754414,0.012955721,0.005163644,0.026528951,0.026729145,0.027318004,0.03872885,0.042971249,0.031388931,0.024055585,0.008796114,0.03786654,0.009725198,0.033403613,0.036705774,0.061466798,0.033451237,0.021181005,0.051182247,0.07536671,0.087169756,0.034826169,0.160121481,0.15773756,0.221111012,0.209952697,0.250656704,0.111676977,0.210570536,0.074365247,0.077110334,0.106915119,0.271983545,0.185783529,0.047202232,0.077621622,0.205929394,0.031484443,0.036714309,0.047043906,0.065602864,0.058213095,0.303455902,0.052241561,0.170459929,0.022591253,0.313920103,0.16673847,0.173486041,0.262642127,0.058778718,0.010386898,0.013414242,0.263201511,0.038474687,0.062257937,0.01326149,0.044417886,0.025579799,0.02307576,0.034596093,0.120196028,0.186974518,0.040821953,0.035930937,0.044510874,0.070990631,0.159985977,0.036109358,0.003064626,0.010711136,0.00833752,0.030039522,0.012854323,0.049308954,0.014257962,0.076087113,0.012321051,0.058721943,0.023113272,0.021112885,0.021134492,0.035898281,0.044348331,0.132284702,0.056163635,0.041202121,0.025300713,0.020609313,0.04234554,0.032950166,0.028984449,0.047421085,0.008080558,0.030056476,0.020785091,0.020184803,0.015164397,0.015707886,0.046927871,0.051593029,0.01031144,0.006972766
200,0.170009723,0.078676746,0.129988857,0.19054542,0.215123205,0.203525988,0.200839343,0.00308543,0.004204638,0.007139656,0.021721662,0.01626489,0.179931208,0.002890853,0.087062878,0.194699555,0.13457406,0.238974453,0.197655176,0.094983998,0.103303878,0.185003415,0.10971764,0.008000191,0.008783223,0.016330957,0.022018753,0.018185881,0.042276088,0.007607531,0.160578257,0.001550736,0.001814814,0.001410425,0.001775262,0.011252732,0.011265141,0.008317599,0.010513973,0.009876474,0.006821965,0.008851273,0.010016907,0.014670203,0.01677626,0.054622585,0.017893477,0.031704696,0.023738028,0.066443209,0.008593359,0.010297563,0.003800163,0.005319553,0.009149772,0.010673993,0.001099104,0.003993219,0.001427495,0.002986072,0.008880537,0.001669841,0.05328436,0.008716125,0.010292119,0.001942314,0.030421625,0.016185103,0.003621029,0.089325777,0.098641115,0.004800304,0.035417968,0.021337708,0.02387265,0.006738932,0.009878401,0.018827588,0.025053146,0.023559195,0.027608426,0.051406634,0.069900619,0.183667251,0.071353191,0.059706452,0.017767203,0.004129087,0.011180481,0.004497498,0.00206119,0.001055438,0.003613178,0.00091674,0.02898971,0.013462498,0.011675949,0.014270999,0.006637716,0.003956809,0.005173695,0.006073251,0.009416123,0.008382263,0.006723421,0.006742629,0.010017899,0.013334008,0.010449367,0.001216134,0.003560749,0.000957363,0.006755858,0.008642146,0.007358523,0.012854197,0.019186192,0.010073956,0.008672578,0.003160437,0.017249688,0.003270935,0.007051552,0.008409809,0.018282664,0.010800204,0.007560096,0.014962948,0.032170899,0.04212971,0.013843398,0.126060815,0.106994315,0.135741612,0.106762332,0.196964651,0.05855219,0.174740564,0.029855328,0.035428846,0.059648758,0.123981353,0.115742439,0.023182977,0.041344638,0.129840628,0.007179412,0.008338336,0.017750428,0.028361503,0.025028778,0.159595137,0.025878663,0.107485611,0.007368406,0.265914979,0.110588898,0.118289666,0.213716699,0.02800654,0.002224872,0.002567065,0.172750126,0.010814708,0.017557271,0.005245499,0.008748347,0.006063652,0.008910445,0.011274694,0.059340722,0.085934189,0.008857877,0.008565932,0.011213335,0.031902177,0.11546094,0.006539947,0.001094114,0.003346401,0.003122861,0.011623326,0.004807565,0.017180374,0.00518311,0.025564854,0.004617667,0.020096133,0.009134012,0.008211102,0.0052742,0.01357994,0.016644049,0.045902099,0.020228845,0.015561088,0.010030412,0.008009941,0.015014037,0.01180092,0.011268575,0.019245303,0.002933317,0.011837379,0.008061587,0.007015258,0.005973529,0.006082178,0.018791351,0.02049496,0.003744277,0.002372289
201,0.163140483,0.075647153,0.134043238,0.181053165,0.205218731,0.200761757,0.189472355,0.001899947,0.003104597,0.005051717,0.01915354,0.014043383,0.186231236,0.002333142,0.088489438,0.194571454,0.132761961,0.231770981,0.199721961,0.107248485,0.114883877,0.187764426,0.105332507,0.006181701,0.006855012,0.011138378,0.01815526,0.015862673,0.038780299,0.006304454,0.149839197,0.001009172,0.001214411,0.000847946,0.001123756,0.007879672,0.007339293,0.004959591,0.006983841,0.006512402,0.004057051,0.006315346,0.006740104,0.008404725,0.013346398,0.050536085,0.014327754,0.026812089,0.020190695,0.0626236,0.006620382,0.007986972,0.002744318,0.00329813,0.006233111,0.008625999,0.000635206,0.003521699,0.001018949,0.001910037,0.009927398,0.001198566,0.051702912,0.009406307,0.010995713,0.001237758,0.02747583,0.01212244,0.002071942,0.086996349,0.093263732,0.003273451,0.033113813,0.019874107,0.022008018,0.005588879,0.007698804,0.016263394,0.022850756,0.020802881,0.025808945,0.04859487,0.0682158,0.180710532,0.065306444,0.055013434,0.015103531,0.003056553,0.009001295,0.002966929,0.001333454,0.000584955,0.0026493,0.000507453,0.025191075,0.007576835,0.006472081,0.009744834,0.004786129,0.002606073,0.003684096,0.00464096,0.007132001,0.00671607,0.005004735,0.005467756,0.007415682,0.011934283,0.009138556,0.000827273,0.002826003,0.000594319,0.005130044,0.00711928,0.005791587,0.010087088,0.01623581,0.010768549,0.008847979,0.003111528,0.017328333,0.003247872,0.005313781,0.006585556,0.015920528,0.011676178,0.008211828,0.012758594,0.030152021,0.04005156,0.012628727,0.124441768,0.105188944,0.13246584,0.105328651,0.194695769,0.056326629,0.171124318,0.027384277,0.033247018,0.057121256,0.126157839,0.111107185,0.02012782,0.037561934,0.127878027,0.004942794,0.005860853,0.014678449,0.026100084,0.022906487,0.16564381,0.025871131,0.101841588,0.00787427,0.26494752,0.107025957,0.128348071,0.216634898,0.028012658,0.001445314,0.00155612,0.162703617,0.01163923,0.020036937,0.004418571,0.00656474,0.00459073,0.007874275,0.009135855,0.054718398,0.08265525,0.006875392,0.006772973,0.009287092,0.029773833,0.113705727,0.004649679,0.000639385,0.003294925,0.003703954,0.014315415,0.005775398,0.020631801,0.005926455,0.029682668,0.005619381,0.023703346,0.011198249,0.009989238,0.0056,0.017102417,0.02035273,0.051845557,0.024023185,0.019734548,0.012269512,0.009940976,0.017990009,0.014707376,0.013217758,0.024339594,0.003014504,0.014554595,0.011079977,0.007407441,0.00838834,0.008353539,0.027894559,0.030108272,0.00404451,0.002121848
202,0.295591497,0.120688253,0.324205749,0.320291779,0.351405499,0.330638892,0.303930854,0.002492336,0.004224857,0.006000336,0.024016737,0.016669365,0.352255783,0.004557672,0.222980803,0.323647024,0.229160897,0.312139669,0.326935926,0.262214334,0.263370947,0.317870651,0.17222488,0.012113388,0.013688513,0.012299474,0.032307475,0.03127419,0.07408961,0.011887108,0.260332111,0.002144884,0.002548517,0.001854415,0.002345551,0.010900952,0.01021503,0.007446406,0.009548296,0.008994749,0.005864562,0.008896034,0.008026691,0.009971983,0.020942693,0.089823367,0.020013647,0.043210222,0.032235583,0.109144727,0.009179159,0.011063956,0.003845306,0.003984158,0.008017905,0.011329789,0.001303422,0.009211219,0.00262983,0.002595234,0.041117383,0.003303815,0.04949852,0.037450992,0.042811769,0.00232071,0.02698172,0.012638792,0.00414182,0.085532113,0.121820849,0.005964884,0.037460933,0.023267664,0.031478757,0.00939963,0.014066227,0.023149511,0.030340453,0.030350538,0.030792286,0.061150699,0.068054492,0.180513933,0.100798788,0.077712246,0.025483832,0.00703443,0.015723251,0.005800798,0.002487118,0.001130168,0.005213174,0.000982048,0.041874285,0.008992407,0.007151188,0.010451736,0.008682881,0.005220367,0.00741809,0.009068167,0.014267968,0.013191841,0.009967472,0.010133589,0.015214363,0.017688148,0.014256305,0.001484699,0.004807757,0.001092665,0.009546105,0.012207463,0.010747414,0.016734537,0.026187921,0.027811375,0.0204718,0.007427219,0.032974894,0.008204744,0.009461688,0.013270775,0.030926048,0.029299571,0.018219112,0.022794397,0.054390279,0.068611613,0.017171813,0.149809736,0.152982001,0.185459148,0.168134489,0.231556314,0.098059167,0.22188418,0.051258047,0.059761706,0.095280146,0.293550128,0.189097323,0.031810169,0.065997612,0.216995246,0.008859446,0.010799652,0.026577212,0.046474697,0.041280478,0.344763776,0.046274056,0.163340342,0.019773017,0.372790719,0.169641024,0.26924926,0.33445306,0.051883168,0.002840077,0.002786258,0.272402509,0.046817192,0.08404197,0.008253839,0.013043258,0.008840766,0.012744288,0.015757631,0.0812502,0.131009562,0.013509744,0.013422878,0.018999967,0.04838931,0.152431219,0.00914973,0.001313405,0.01221073,0.010761441,0.040803689,0.017423412,0.052030004,0.017247489,0.091922499,0.017405655,0.074063257,0.030622336,0.026721784,0.020026562,0.051263844,0.05827881,0.145483838,0.069654942,0.064732424,0.032344293,0.027350084,0.044562327,0.043142673,0.038853599,0.070122568,0.008753453,0.044583092,0.04439604,0.02063017,0.035468569,0.033450433,0.127410768,0.134432949,0.011663557,0.005818062
203,0.191438841,0.134846261,0.158019135,0.218030696,0.238163448,0.170865847,0.172123992,0.017585543,0.0239969,0.021275484,0.051990919,0.037716997,0.199045305,0.013720254,0.165908766,0.189914941,0.170141806,0.152624064,0.17548983,0.098765632,0.091897643,0.137719826,0.139968765,0.122761727,0.10135303,0.035136745,0.095661366,0.128589348,0.090893186,0.033108102,0.105063181,0.011429322,0.016368548,0.015526583,0.016404135,0.034413593,0.05238515,0.059835189,0.031888381,0.046907868,0.044377477,0.022801566,0.033173876,0.034311862,0.043059304,0.093311985,0.036212217,0.070038535,0.046121972,0.122519346,0.032934131,0.033186767,0.023865403,0.016630937,0.024871703,0.031478774,0.006343104,0.024336769,0.008215294,0.015985129,0.087336984,0.014315158,0.085730822,0.089461925,0.103493888,0.035107177,0.056523792,0.03251301,0.08683153,0.129997297,0.25195847,0.046025962,0.068966395,0.048366397,0.089560882,0.062715705,0.10290062,0.063706125,0.069109829,0.074893389,0.062739975,0.122782037,0.096767738,0.256880694,0.251001887,0.198378222,0.104529513,0.036222987,0.086117241,0.064734014,0.035619293,0.023171397,0.034958967,0.022955888,0.079605164,0.031718594,0.018836077,0.026915776,0.074965706,0.077888905,0.094524173,0.084665746,0.169495956,0.104462996,0.097665773,0.077770717,0.195755568,0.06345194,0.061706388,0.018086588,0.046759794,0.023935647,0.073333314,0.067589251,0.0754636,0.071677227,0.070007613,0.046159212,0.03102168,0.011946125,0.030618651,0.013994939,0.131939626,0.120381969,0.176932297,0.047122508,0.024216043,0.161479841,0.151133575,0.149436056,0.094777363,0.183606527,0.170588355,0.268217201,0.272365033,0.261863251,0.155461864,0.148330274,0.141005896,0.132119108,0.146161764,0.154218238,0.148333392,0.072610647,0.106333388,0.169058316,0.073903477,0.080950756,0.084244236,0.122841551,0.117075135,0.189031384,0.052229701,0.123638823,0.031634173,0.181984643,0.141133302,0.0998357,0.153899814,0.06705411,0.018139635,0.020988282,0.106921439,0.114274058,0.181632462,0.031432297,0.163440404,0.078505357,0.059434777,0.081210254,0.203973212,0.285904343,0.140492073,0.115703681,0.138185221,0.15785764,0.176384732,0.142659754,0.005571958,0.027859408,0.005054139,0.013758519,0.007180611,0.023344336,0.00985555,0.056580973,0.006320422,0.042895456,0.010051357,0.010566625,0.044235506,0.015430992,0.020375065,0.069573292,0.030972075,0.017297109,0.009855728,0.008201979,0.019356862,0.016393162,0.018424158,0.019583542,0.009351765,0.016044176,0.0098914,0.017286641,0.006962387,0.007338721,0.019418073,0.021569279,0.010693551,0.011176319
204,0.020505705,0.110325701,0.016582161,0.019650997,0.017650601,0.013039731,0.017102395,0.100733207,0.114853046,0.098217957,0.100860008,0.101474978,0.021938495,0.008607971,0.016632764,0.037644049,0.070126832,0.01377956,0.031226414,0.007542844,0.005621054,0.009166122,0.083748773,0.197649535,0.145296257,0.096622537,0.038577556,0.139816938,0.037239201,0.016261017,0.009570201,0.010682323,0.007226237,0.006127456,0.009290232,0.035111711,0.07064915,0.101518049,0.027841452,0.07798815,0.086566699,0.02155897,0.087395508,0.097398753,0.030902154,0.047855338,0.060837222,0.068889805,0.03404867,0.079260211,0.110334711,0.097317106,0.115734695,0.092863089,0.068029082,0.098490578,0.010715973,0.024105855,0.012569713,0.034246146,0.077167206,0.018745712,0.119702475,0.074547697,0.089444308,0.052551111,0.11730459,0.100877341,0.050585969,0.151631917,0.18917797,0.067313881,0.099165468,0.072709064,0.093991219,0.084874239,0.11725187,0.110575098,0.097712626,0.109251526,0.08572153,0.114845187,0.106599035,0.244601166,0.167990418,0.183894593,0.09999093,0.043585503,0.097582952,0.077720865,0.049514634,0.039089021,0.055840321,0.04327563,0.092739368,0.098808086,0.085022686,0.092882821,0.148922306,0.15771446,0.171090864,0.155563357,0.238011228,0.166941404,0.158257304,0.148042746,0.2705628,0.102896479,0.110430613,0.036376419,0.082561661,0.054761057,0.140659827,0.13062992,0.142202615,0.143230174,0.114825653,0.007678695,0.007590693,0.0034519,0.011417401,0.003730072,0.219796686,0.188322025,0.253979983,0.009215827,0.008558537,0.252742075,0.160609974,0.139211491,0.085010892,0.079366085,0.08028358,0.035375307,0.016171877,0.02339766,0.112405558,0.031333046,0.132342174,0.130858981,0.150214352,0.017420209,0.090685258,0.106152525,0.095956178,0.082833028,0.149770426,0.152418293,0.122466981,0.131039589,0.144241225,0.0235775,0.01631728,0.019296551,0.006466674,0.019850223,0.080166278,0.009952493,0.021027481,0.016322714,0.012485551,0.017616259,0.012075173,0.126426728,0.164705619,0.043120921,0.236704479,0.14713331,0.087496054,0.089901899,0.147263275,0.022469228,0.213279306,0.182057564,0.200724905,0.20968019,0.07921849,0.231682394,0.012169888,0.027728583,0.002076736,0.004316554,0.003053561,0.006311142,0.005447012,0.007170359,0.002339532,0.006598455,0.004463636,0.002799534,0.006609858,0.004515328,0.00494466,0.009983487,0.006195755,0.003360802,0.00342586,0.002994718,0.004674435,0.008312805,0.013101317,0.009175652,0.006717592,0.011995562,0.003779576,0.012760647,0.002285282,0.002702866,0.001859925,0.002200838,0.006572668,0.00742112
205,0.018745638,0.073005879,0.020588349,0.017807771,0.016123436,0.011976251,0.014776676,0.207714585,0.229840012,0.201199241,0.16457604,0.185960151,0.022404904,0.021569627,0.020646372,0.034754441,0.055193451,0.015173124,0.028073101,0.007529299,0.005700348,0.008829865,0.057625241,0.137976824,0.124741554,0.196050112,0.07657996,0.127997699,0.045567501,0.039234625,0.00875141,0.044891191,0.018107089,0.01815018,0.029309729,0.072709498,0.145203949,0.229535929,0.062211112,0.144262663,0.172822406,0.044438388,0.112705611,0.228057696,0.055402609,0.048216689,0.097044287,0.083923566,0.046176496,0.066914413,0.199835647,0.172884709,0.231572736,0.194680815,0.140931601,0.18745432,0.060198811,0.043127622,0.049145771,0.096556038,0.048032195,0.05970869,0.105120258,0.06105832,0.059564679,0.05847653,0.157761214,0.171915124,0.03049769,0.165855679,0.142621147,0.072867379,0.131044715,0.098976546,0.07752277,0.059779763,0.085355451,0.158490679,0.125107979,0.147008445,0.107941116,0.113054541,0.12278094,0.20835523,0.124204133,0.139650126,0.082169042,0.037444518,0.084785275,0.05984584,0.059452862,0.050423767,0.036697847,0.048057517,0.115318243,0.23078526,0.196372393,0.181133179,0.15084434,0.132763871,0.131742677,0.128567952,0.150119004,0.127198823,0.12528982,0.127065891,0.168990946,0.103973466,0.108253179,0.0235433,0.056055297,0.041080495,0.136944974,0.13274108,0.135986372,0.191369547,0.15539976,0.007573064,0.006648022,0.006052031,0.009478151,0.007154221,0.129236305,0.132672325,0.173447585,0.008156538,0.011716645,0.165374412,0.124440873,0.11439339,0.051639966,0.057383327,0.068929928,0.028945313,0.013631241,0.021286932,0.100537528,0.025796205,0.124184467,0.114860692,0.099697245,0.020630251,0.063633853,0.14214771,0.090118423,0.061910267,0.170386191,0.176461691,0.14447885,0.117625055,0.11528638,0.026555944,0.014950661,0.015340455,0.008170657,0.01897166,0.057096882,0.009361002,0.019336609,0.015996145,0.038129814,0.055369991,0.012110674,0.072940972,0.090185209,0.02829171,0.141064746,0.128842024,0.068303525,0.08033929,0.10970047,0.016854407,0.14306877,0.13135428,0.138374345,0.140791873,0.06258233,0.131929997,0.062643674,0.028625687,0.001257914,0.003379698,0.001840331,0.00560994,0.003134376,0.004331059,0.001448328,0.004163496,0.003816171,0.002090447,0.002816243,0.003905362,0.004099968,0.007398052,0.004722705,0.002366934,0.00287321,0.002645811,0.004081907,0.007549143,0.012013203,0.008048153,0.004647259,0.011106222,0.00328388,0.0069874,0.001831397,0.002258147,0.001329921,0.001652439,0.00440065,0.004638069
206,0.013155544,0.006899395,0.044066685,0.008561314,0.003354926,0.00186416,0.002163674,0.263029147,0.12083592,0.432015567,0.147348837,0.239001496,0.005405162,0.057877062,0.174697204,0.005643856,0.01985266,0.002609485,0.004922785,0.001841019,0.00101174,0.001334676,0.005570472,0.023891351,0.024046332,0.52983134,0.310424475,0.024936871,0.243812741,0.121754473,0.013790908,0.060748766,0.052646093,0.041083336,0.065907253,0.523497688,0.677606652,0.641586037,0.562582169,0.661117788,0.691942137,0.362013953,0.665141005,0.513899004,0.40839278,0.171263305,0.118374464,0.101164008,0.218416165,0.075437842,0.083120536,0.092194405,0.108505134,0.521457725,0.558155237,0.133798641,0.055395981,0.100679905,0.083856194,0.495742281,0.063554529,0.31384948,0.648398188,0.113107525,0.073975346,0.013656455,0.364746368,0.496744832,0.119950562,0.249135622,0.179254081,0.084515223,0.134972273,0.058838594,0.057241398,0.032589835,0.092344072,0.081059952,0.084871731,0.084668661,0.076633029,0.090282888,0.117968998,0.236010342,0.168020795,0.16488484,0.146192538,0.042934229,0.119721871,0.052718928,0.015315262,0.007261797,0.018698458,0.00656797,0.093002312,0.511934709,0.577542398,0.522223989,0.027216111,0.017114062,0.018101175,0.018252459,0.016893148,0.020755208,0.022020412,0.015329092,0.016525729,0.035545327,0.029511434,0.003582238,0.014090097,0.004688498,0.0243864,0.027452789,0.023128672,0.043306179,0.075327197,0.001932012,0.001810704,0.002407089,0.002393374,0.002762999,0.006162615,0.0236746,0.014048282,0.001568544,0.002896306,0.009271904,0.019609566,0.021796432,0.003622383,0.009038142,0.018663198,0.007435152,0.001797977,0.003962987,0.022528836,0.004647014,0.026490416,0.02301999,0.009235495,0.058158201,0.005540825,0.096573503,0.063436235,0.015454084,0.028605905,0.027722986,0.037164623,0.025383836,0.024443627,0.01618284,0.002836444,0.002700993,0.001947665,0.002386986,0.006355466,0.001850595,0.002556512,0.002668457,0.093415051,0.127714685,0.001641475,0.053469791,0.061497929,0.016670185,0.009284954,0.019941917,0.02368096,0.121139927,0.132614854,0.002573869,0.023662155,0.023118382,0.022857943,0.010625808,0.014842047,0.00598805,0.191861993,0.077689962,0.011520749,0.096066944,0.017078637,0.325096387,0.017035322,0.00931848,0.014727117,0.042426081,0.174123679,0.061922456,0.008071578,0.187781343,0.150018667,0.029843976,0.103604092,0.042331662,0.126062573,0.270954243,0.348668341,0.131473996,0.239776503,0.217890213,0.033305707,0.225862482,0.142793562,0.015366089,0.18262785,0.189871301,0.081113791,0.056568328,0.027083508,0.016788073
207,0.054066169,0.036417094,0.118354764,0.049190097,0.043387836,0.033706088,0.035517209,0.210069683,0.199119775,0.265531011,0.172875331,0.20770986,0.050287716,0.054359325,0.17313807,0.051245358,0.06017346,0.050364549,0.046180835,0.02847993,0.024879063,0.028939901,0.039401541,0.028498214,0.084409636,0.514698624,0.208245567,0.098078815,0.187268167,0.085515811,0.03650822,0.073533649,0.064607182,0.066303477,0.074021695,0.312353784,0.343864323,0.266132826,0.343333824,0.297422056,0.24076978,0.255092135,0.318790345,0.582159324,0.272804229,0.158390491,0.153555021,0.139239398,0.186947402,0.102205261,0.172820284,0.166624918,0.196824489,0.265358591,0.307844715,0.16003577,0.074669367,0.086190319,0.08313967,0.128536309,0.106373421,0.089877574,0.192924467,0.100173146,0.091998134,0.019850205,0.296770638,0.451423486,0.11399531,0.189274103,0.117945524,0.11478001,0.153067401,0.111444235,0.051720206,0.026492187,0.067032867,0.145496976,0.129401536,0.148404616,0.117014473,0.106654781,0.130542158,0.134933627,0.113329128,0.087336508,0.073967542,0.085724898,0.089888225,0.062782876,0.021130504,0.013749236,0.043154015,0.009997671,0.134813755,0.557512158,0.58272578,0.501968798,0.086476873,0.041359159,0.033349566,0.042325257,0.021590896,0.043327851,0.058558273,0.027969444,0.020994794,0.054044555,0.045372353,0.01173892,0.013524661,0.006502456,0.075321084,0.065237643,0.066208134,0.147049877,0.143804264,0.052795173,0.042901356,0.036152422,0.050793617,0.043965784,0.019171799,0.036151339,0.029810815,0.058953725,0.065702257,0.024387077,0.060652404,0.069684537,0.015034826,0.050837894,0.06595048,0.043194755,0.029372957,0.054754034,0.078229823,0.047739614,0.098241755,0.073973359,0.036565469,0.118237431,0.042955699,0.144474897,0.09450328,0.054410475,0.131097173,0.149636201,0.133003894,0.080046732,0.05060554,0.068385969,0.060096675,0.03293569,0.050841527,0.038587112,0.040501711,0.028278347,0.037878528,0.06055864,0.081062182,0.097014656,0.030442291,0.097890429,0.112721783,0.034668579,0.017506481,0.05631458,0.024453794,0.082838934,0.100564055,0.023932502,0.024331587,0.038374083,0.034292238,0.033342428,0.056746407,0.01492861,0.08298462,0.096270601,0.008250562,0.033012336,0.010563192,0.067241328,0.012744713,0.014024588,0.01000593,0.022558798,0.041207249,0.019342424,0.004847407,0.043829497,0.049235889,0.031872547,0.044297282,0.02365439,0.034212202,0.042348965,0.060987793,0.046216918,0.112977216,0.092654976,0.030075649,0.095474596,0.026877617,0.016502224,0.017445275,0.022433551,0.016047162,0.018601043,0.030458182,0.033844112
208,0.0368226,0.073890694,0.04411924,0.037591446,0.037130639,0.027583524,0.032157907,0.173300239,0.18502614,0.184871057,0.1587256,0.16965068,0.040182643,0.025021718,0.043365185,0.052116589,0.06543116,0.035268721,0.043953744,0.015809619,0.013390583,0.021241042,0.065561721,0.116324599,0.10809458,0.230317004,0.097553055,0.113972559,0.06150174,0.04559576,0.021369993,0.052071354,0.021350277,0.021699295,0.034174996,0.102982781,0.180151581,0.255396272,0.098364606,0.169043386,0.192074449,0.06607622,0.127605216,0.268854729,0.081266939,0.059029735,0.087769256,0.081082653,0.057451208,0.069857053,0.164975124,0.144830466,0.185513848,0.180667543,0.151812818,0.173381479,0.06985649,0.047979494,0.056840871,0.109842312,0.04396255,0.07014717,0.110930533,0.063149736,0.059430937,0.059111924,0.186604626,0.203491056,0.042349908,0.186287308,0.155363526,0.08721673,0.136422017,0.10204377,0.075851589,0.054732067,0.08659005,0.152871461,0.124699727,0.14182889,0.110454321,0.115401519,0.131877684,0.223067022,0.139003461,0.150468248,0.091745742,0.043919025,0.094204623,0.063762531,0.061699892,0.051308496,0.033802116,0.046589794,0.108341317,0.265266266,0.228040826,0.212260371,0.132425505,0.113969257,0.111727114,0.111118248,0.127686113,0.108972473,0.106838819,0.112481077,0.147156276,0.096006784,0.098294752,0.019226262,0.046591718,0.033942574,0.120485774,0.118364281,0.11968655,0.173762237,0.142168669,0.013602593,0.011550621,0.009284418,0.015447968,0.011065491,0.107866644,0.111599338,0.159604795,0.014785354,0.018208339,0.149606756,0.113491659,0.106284966,0.047299145,0.066250599,0.074609911,0.043416854,0.027806199,0.040721583,0.097253458,0.041949178,0.113734552,0.106184429,0.094338423,0.042279442,0.07289176,0.131906945,0.086646453,0.070319618,0.151185902,0.157207651,0.131400027,0.107470844,0.103905664,0.045678156,0.022201341,0.025938082,0.01370806,0.036994883,0.064363735,0.018009544,0.034419117,0.023774387,0.043880111,0.063202275,0.0269268,0.060644302,0.076192822,0.026496433,0.116431753,0.112044548,0.061638323,0.090699521,0.117232623,0.028697486,0.121709801,0.111162849,0.118888831,0.13067228,0.069613959,0.105789165,0.073024022,0.030306362,0.002114482,0.00569162,0.00296724,0.008098153,0.004585376,0.010823466,0.00248714,0.009011362,0.005675207,0.00392299,0.00612163,0.005558712,0.00656503,0.017735047,0.008530385,0.005116849,0.004806717,0.004095399,0.00645627,0.007893948,0.015338498,0.011798984,0.006788261,0.013526357,0.00427635,0.009171729,0.002731859,0.003237166,0.003046529,0.003468894,0.006828837,0.007404005
209,0.11593918,0.060861725,0.159153416,0.120644543,0.122504025,0.093084013,0.091876697,0.183985144,0.135736705,0.27357109,0.172890655,0.195474747,0.118574551,0.024724811,0.215708664,0.116472837,0.11185878,0.076449058,0.105549248,0.06867547,0.062965355,0.079013929,0.070623104,0.041035337,0.08519164,0.464198731,0.236686729,0.104500961,0.203059216,0.05690098,0.087620541,0.030675913,0.024224222,0.02275521,0.028953062,0.325728192,0.332992781,0.188763422,0.355122623,0.305064876,0.220491688,0.244808374,0.395913101,0.515422541,0.278741474,0.178322298,0.146436018,0.158886022,0.185418227,0.134936374,0.130509606,0.135599705,0.130783623,0.299725387,0.337520769,0.159401618,0.030915963,0.048134829,0.041255289,0.097485682,0.075346823,0.052109014,0.21884951,0.071018292,0.073425664,0.030367797,0.254747861,0.39185884,0.077029964,0.17497629,0.113301609,0.084386611,0.153349735,0.119424385,0.059789637,0.03695631,0.078097822,0.149653024,0.134510512,0.152383084,0.12233244,0.113684776,0.131889277,0.124526031,0.109612594,0.087264151,0.068296991,0.066032252,0.079056451,0.074369894,0.032294511,0.020805291,0.048260569,0.016149726,0.151915186,0.497999276,0.514600385,0.440976538,0.088013034,0.049369041,0.042965956,0.050561603,0.036976534,0.052728014,0.064214086,0.038925189,0.038771373,0.064969578,0.056212742,0.015846121,0.02025952,0.010977159,0.078704379,0.073770928,0.071973563,0.144763624,0.150322966,0.036795225,0.03112942,0.017634042,0.034223924,0.020792209,0.029662798,0.047318288,0.050066439,0.041487504,0.031789367,0.041414527,0.077152243,0.088400042,0.022496902,0.062719255,0.094340141,0.059167928,0.043050787,0.06299094,0.106965262,0.068882242,0.113519111,0.093409107,0.061817023,0.160349189,0.080413584,0.152606975,0.122057048,0.103608121,0.118948913,0.132056553,0.145354865,0.095794586,0.069311709,0.131255193,0.039121214,0.054511957,0.030188645,0.094061616,0.072239235,0.067319436,0.087960362,0.038606373,0.035343977,0.046373,0.066643395,0.076573435,0.09621155,0.039456656,0.03249131,0.062072129,0.032692498,0.071226197,0.102141454,0.037498754,0.038288815,0.049315264,0.047115319,0.051426221,0.077267116,0.027775283,0.041778759,0.058752655,0.009912095,0.030304955,0.012665802,0.044112344,0.016149202,0.034351188,0.01192582,0.033978536,0.034039548,0.018988917,0.009899005,0.035393258,0.042481323,0.065107907,0.044684605,0.027610771,0.028351541,0.030088913,0.041554178,0.033541576,0.097947521,0.084277896,0.032658175,0.082140246,0.026568764,0.023621534,0.019756275,0.020963529,0.030199137,0.031467833,0.033793165,0.038213497
210,0.024511542,0.034670046,0.033110048,0.023441984,0.022458122,0.019121103,0.018793258,0.021109408,0.018062267,0.040732199,0.046559812,0.042875371,0.025179722,0.062912691,0.03572736,0.030159797,0.03208634,0.019730028,0.027315834,0.019509386,0.018421942,0.017866248,0.037252765,0.013793056,0.039588073,0.118424193,0.111437985,0.072141132,0.048273738,0.123435967,0.014750756,0.061357638,0.086492136,0.081626156,0.090589769,0.070420645,0.241758672,0.433324543,0.062308565,0.220082549,0.282441341,0.036277797,0.082854039,0.102906308,0.053536361,0.037323816,0.021593991,0.030010852,0.032543956,0.033446866,0.018443998,0.019457761,0.01689526,0.037667424,0.05532441,0.025148523,0.039351652,0.070668081,0.035439648,0.090838961,0.116507208,0.043194762,0.10159077,0.141405911,0.165132795,0.010141925,0.158077422,0.150863207,0.289926657,0.140658885,0.072662181,0.072033327,0.068434145,0.037827976,0.024338047,0.013686041,0.034571074,0.040098974,0.048295744,0.047034757,0.047164858,0.051600072,0.07724514,0.152582824,0.052686537,0.047755617,0.034530114,0.131234811,0.04037103,0.034034985,0.010790905,0.007055479,0.042695524,0.004712245,0.03458246,0.096271949,0.122055358,0.134762559,0.016432266,0.007883652,0.010820392,0.014295969,0.014624231,0.021635045,0.021392301,0.011330296,0.014698157,0.019073268,0.015449774,0.006716853,0.006359508,0.002876165,0.01739044,0.017310593,0.017464029,0.031748055,0.033310364,0.064293957,0.052715739,0.048093565,0.049770292,0.058738506,0.036228376,0.020300877,0.030255035,0.072346094,0.070894032,0.031960841,0.061163576,0.060836588,0.011712236,0.036216325,0.046930538,0.022598776,0.014316303,0.020301654,0.062545911,0.023766722,0.071842294,0.052671472,0.035136005,0.032382104,0.046361777,0.036881028,0.032190782,0.033439327,0.023581794,0.032110101,0.034865683,0.050045974,0.031246244,0.0271907,0.054700226,0.021200247,0.058158228,0.022804377,0.031213814,0.020078593,0.024049569,0.053687225,0.106043287,0.133771757,0.017490315,0.175335988,0.231424493,0.033353615,0.012499493,0.015268561,0.011151185,0.037270692,0.050045668,0.01220291,0.013691263,0.019950594,0.029060414,0.042695685,0.039145017,0.017174238,0.028812377,0.052794497,0.003216163,0.00948957,0.003713695,0.009424838,0.004695437,0.007701755,0.003478321,0.007749793,0.01336524,0.006569096,0.001950867,0.010714737,0.008766734,0.013074143,0.008704722,0.007124277,0.009640909,0.014355452,0.009263811,0.005357115,0.029027607,0.027997684,0.012095769,0.025881008,0.008922149,0.006096014,0.007125108,0.007379817,0.013322278,0.013490536,0.012886128,0.015263104
211,0.498700171,0.234166935,0.602137654,0.578485369,0.658530924,0.610252487,0.508519479,0.010527926,0.010792139,0.020990181,0.049733475,0.035914403,0.699550644,0.015062344,0.421781139,0.625945275,0.447141722,0.54863081,0.653181346,0.773377533,0.772714142,0.653661908,0.341345392,0.021331458,0.029319491,0.042536717,0.072061886,0.072195118,0.151418457,0.022279761,0.073701427,0.014853467,0.013269823,0.012811099,0.014174695,0.03965587,0.042244696,0.033008725,0.039172841,0.039661528,0.032404351,0.030711417,0.041547536,0.033648199,0.056379628,0.183711798,0.049891016,0.107936258,0.07594121,0.226314105,0.021866075,0.026990379,0.009900323,0.019414879,0.03075449,0.026423312,0.013193193,0.039431024,0.018870911,0.018516043,0.187183403,0.022426929,0.06769075,0.167473066,0.188530697,0.004874865,0.050579371,0.046451199,0.019431607,0.11053773,0.198822549,0.013946259,0.065190156,0.042440176,0.054959159,0.016233548,0.025361155,0.04924522,0.059577643,0.065155509,0.054798884,0.103094896,0.090408845,0.219198268,0.183493315,0.132405078,0.045909853,0.031539757,0.028698684,0.011447289,0.005159612,0.002974293,0.017765632,0.002148708,0.101685637,0.03155726,0.045945316,0.046046771,0.017281076,0.008599014,0.012697132,0.017256692,0.022124861,0.026074082,0.019490313,0.018859225,0.022764627,0.033199382,0.027160305,0.003553261,0.007929738,0.001837701,0.019335696,0.024836955,0.021718621,0.0371968,0.061451026,0.078154184,0.051685762,0.026763079,0.042661819,0.030651,0.013939274,0.025455329,0.060494112,0.078578817,0.041460594,0.040927335,0.115137132,0.142905367,0.026580314,0.225693566,0.28279038,0.302361421,0.283651021,0.335617356,0.210768136,0.365104999,0.116200027,0.130157181,0.188779048,0.530703692,0.383312973,0.073904519,0.15025248,0.420154039,0.017220885,0.021682468,0.066070782,0.101726904,0.089592259,0.675093493,0.077876028,0.288327636,0.055939633,0.661855916,0.329078863,0.755425495,0.697528926,0.096681357,0.015218766,0.015718253,0.552678004,0.216418035,0.375830806,0.022500977,0.019233326,0.017265379,0.022904358,0.02822359,0.145006879,0.212980037,0.022690109,0.025924108,0.037864116,0.091418366,0.257623781,0.012327974,0.014146295,0.06040928,0.031225709,0.114849473,0.053080952,0.118155109,0.049312184,0.273315229,0.054988477,0.22416481,0.081108453,0.068729521,0.066001347,0.151414663,0.159606429,0.376036024,0.192383541,0.217111571,0.081818322,0.072577781,0.097041288,0.124224721,0.111477354,0.19934316,0.025183541,0.136139484,0.174340561,0.053725915,0.144771529,0.131632549,0.544676817,0.566952947,0.033459858,0.015886137
212,0.008198674,0.004140872,0.011202538,0.004782908,0.002041986,0.001463295,0.002128857,0.035499476,0.034250128,0.0982457,0.117126375,0.096700117,0.002271619,0.17433986,0.015667725,0.00260605,0.004839053,0.001530225,0.002397936,0.001338393,0.000947945,0.001105666,0.003515834,0.007373067,0.041224238,0.44924651,0.138646711,0.050666785,0.04616396,0.261091676,0.016298657,0.169234755,0.280067213,0.291317411,0.274984301,0.061922172,0.26009215,0.493152467,0.042033028,0.249956458,0.321928874,0.026383814,0.160772238,0.46536173,0.046434174,0.028380266,0.035084475,0.041005271,0.030714676,0.017625748,0.040922205,0.042953663,0.032255923,0.07843727,0.098255371,0.059199001,0.090862112,0.156649749,0.071188455,0.126443776,0.233417709,0.049879591,0.400922858,0.228943677,0.294140648,0.056553656,0.400487919,0.485297981,0.086973745,0.325996585,0.185029755,0.207511829,0.169813012,0.122584048,0.062712177,0.042771321,0.106892115,0.116399609,0.124235048,0.125639712,0.128456732,0.128179755,0.198824222,0.317194626,0.16297304,0.118344035,0.112970229,0.256643283,0.145083597,0.106364394,0.055855622,0.051498258,0.155634653,0.032116726,0.060974047,0.437200135,0.517899621,0.48954927,0.046138149,0.010956231,0.008652032,0.013330669,0.004074613,0.014389463,0.022237519,0.008043264,0.002894982,0.041296141,0.028101988,0.040385068,0.02032851,0.015331395,0.035155134,0.030866022,0.029715776,0.115095117,0.085013253,0.040093254,0.031712618,0.093256567,0.037050762,0.113650717,0.003384206,0.010302418,0.004972752,0.029582422,0.108363123,0.00360663,0.021210229,0.027922208,0.005015736,0.007724272,0.019194988,0.008721038,0.005471204,0.003729627,0.029089401,0.002370636,0.05174824,0.030558667,0.00530008,0.011313676,0.003798677,0.081447933,0.028883917,0.004740425,0.095142833,0.124180346,0.088902176,0.03762506,0.01578016,0.003049499,0.062152882,0.012721438,0.062203781,0.001645604,0.003695789,0.001365746,0.001782346,0.065012267,0.271140176,0.288205561,0.002763051,0.310949707,0.462625539,0.117436756,0.003038443,0.021070243,0.019218555,0.132392072,0.152328385,0.005027302,0.005328544,0.011895123,0.008391634,0.005803369,0.01442154,0.002303393,0.052176133,0.1009739,0.0038836,0.034432973,0.004396402,0.046083037,0.006180048,0.002166907,0.003668922,0.009320752,0.094133631,0.018989104,0.001322223,0.060055747,0.032671716,0.005817365,0.019884015,0.004846179,0.058739438,0.126299967,0.053883446,0.0105059,0.216417856,0.190690436,0.033973043,0.186514689,0.029041418,0.006438095,0.009448365,0.014964934,0.003120918,0.007357217,0.031310384,0.034484755
213,0.007861269,0.009497387,0.009590147,0.005201671,0.003131422,0.002517755,0.00307359,0.013692521,0.012815221,0.029323284,0.037481992,0.033183986,0.003865462,0.125890379,0.012251714,0.005641979,0.007561729,0.002581078,0.004828023,0.002363493,0.001982755,0.00206784,0.009556332,0.005267441,0.017237141,0.098700873,0.116713632,0.02810655,0.032445835,0.207624416,0.012408565,0.118967701,0.198346523,0.201240242,0.196296685,0.040897637,0.238343831,0.481841506,0.025075017,0.223227601,0.305546445,0.011485768,0.065803948,0.092379588,0.026671597,0.017459377,0.011955505,0.01595643,0.014983403,0.012087284,0.01297835,0.013201213,0.011950753,0.025165681,0.034558266,0.019044747,0.061199438,0.118365588,0.047756365,0.097488909,0.208932719,0.033964998,0.125722667,0.200182063,0.249213532,0.013155004,0.107108221,0.108104662,0.126590511,0.129720618,0.081683203,0.077183961,0.057245977,0.035994186,0.024277408,0.013863251,0.03859598,0.033042948,0.039568323,0.037485373,0.04204115,0.052970927,0.084849888,0.18257089,0.056002061,0.048070036,0.035773964,0.179126815,0.044555581,0.038401515,0.013638054,0.010481885,0.062205773,0.006637111,0.022056752,0.086700569,0.103475245,0.104274596,0.011259464,0.003659438,0.004326272,0.006048103,0.004834959,0.0085285,0.009326296,0.004632388,0.004491581,0.014870809,0.010755184,0.008711029,0.005832693,0.003397173,0.010065956,0.010281323,0.00946635,0.026480487,0.024687362,0.038110341,0.03017843,0.08310023,0.034495336,0.101336599,0.010967403,0.007478687,0.009173455,0.029613433,0.097419529,0.009544619,0.020812523,0.02190794,0.004436663,0.0108097,0.0165968,0.007943092,0.005478133,0.004507283,0.02200843,0.004946006,0.028417343,0.019592443,0.010068168,0.009846493,0.011976735,0.027130219,0.014752787,0.008148228,0.020008209,0.026513831,0.023105137,0.020221675,0.011622377,0.004343664,0.056488151,0.01217851,0.056908296,0.003411388,0.007875925,0.002593754,0.003764708,0.058935918,0.202262517,0.225600168,0.003554358,0.307810361,0.435331197,0.047864076,0.003971157,0.007359494,0.00777529,0.040251231,0.055024898,0.004786305,0.004868233,0.007733711,0.009580136,0.012852201,0.013666849,0.005218545,0.031893498,0.080115355,0.001659471,0.008592483,0.001739504,0.009978888,0.002527161,0.001234438,0.001488912,0.002797171,0.019014765,0.005328875,0.000484866,0.012220994,0.007070326,0.002853681,0.004894864,0.002097456,0.012168749,0.024222691,0.011099117,0.002725817,0.042864362,0.038163876,0.011108182,0.036927705,0.006533862,0.002968328,0.002849336,0.004032725,0.002029457,0.002778012,0.011320514,0.013768309
214,0.006873488,0.003656767,0.008928675,0.00388858,0.00159829,0.00115175,0.001663563,0.011635134,0.012167984,0.031935397,0.045980643,0.037975212,0.001817614,0.138413165,0.012099713,0.002294724,0.003760847,0.001224765,0.002027045,0.00102238,0.000736518,0.000858857,0.003417331,0.003727928,0.014997908,0.139211991,0.121566682,0.020648527,0.033679474,0.225443065,0.013463519,0.130446417,0.221496353,0.226075381,0.218071295,0.042328117,0.240888763,0.485461627,0.026152011,0.224853703,0.306329043,0.012456238,0.071074632,0.136080413,0.028339036,0.017287229,0.013154956,0.01729634,0.015908928,0.009931061,0.014017499,0.014655242,0.011233077,0.02463547,0.03765931,0.021938009,0.065054406,0.128532181,0.049886129,0.09948072,0.230341796,0.031122995,0.160779037,0.211889038,0.269405882,0.016679058,0.1406367,0.15130262,0.062319245,0.157927843,0.096008636,0.087956595,0.071459907,0.047832137,0.028150762,0.015044706,0.040844812,0.042353091,0.049492974,0.047071037,0.053308168,0.063217898,0.103658087,0.210837008,0.067965717,0.055870432,0.040761798,0.196263746,0.051904564,0.039944831,0.016753804,0.014933154,0.074131034,0.00931752,0.024955977,0.127073052,0.152160753,0.149007574,0.014464479,0.003775852,0.003523753,0.005189783,0.002578774,0.006351454,0.008248706,0.003610712,0.002062102,0.017356424,0.011930325,0.012042236,0.006716711,0.004556593,0.011607795,0.011432563,0.010261645,0.036103453,0.030480177,0.039725195,0.031314609,0.093117389,0.036661973,0.11355596,0.003627866,0.005017502,0.003914303,0.029313458,0.108305161,0.003464591,0.011724518,0.014029192,0.002619096,0.005626817,0.011268336,0.006297024,0.005037294,0.003031403,0.014331692,0.00203531,0.021491125,0.013747309,0.004224277,0.009200793,0.004077456,0.032142878,0.013846255,0.003798177,0.028258397,0.036897656,0.028931061,0.015820834,0.008042864,0.002386752,0.061708031,0.011998693,0.06205056,0.001355576,0.003144362,0.001071741,0.001491658,0.064620825,0.221802921,0.243730373,0.00246556,0.338640577,0.48345973,0.057003573,0.00193437,0.007372869,0.008038831,0.047192574,0.066199125,0.00415672,0.003037575,0.005581737,0.005040699,0.005038718,0.009109535,0.001943866,0.032374426,0.086038127,0.001007578,0.009536422,0.001183321,0.012823292,0.001619387,0.000737293,0.000995378,0.002695413,0.02660434,0.005192847,0.000403125,0.017036396,0.009305343,0.001772996,0.005672019,0.001387152,0.016590715,0.035787638,0.015138706,0.002965709,0.061375372,0.054068312,0.00887593,0.052951317,0.008303236,0.001692687,0.002801256,0.004252102,0.001153659,0.002307593,0.007966266,0.008448942
215,0.007434335,0.005294493,0.009640571,0.004467281,0.002146541,0.001619516,0.002176735,0.023557969,0.022712465,0.053714332,0.063742242,0.055395221,0.002511977,0.143454451,0.012968728,0.003270925,0.005109023,0.001705019,0.0028846,0.001494063,0.001153262,0.001271679,0.004998309,0.005274313,0.023055622,0.209925406,0.123829861,0.031714726,0.036589113,0.225310468,0.013637991,0.138008787,0.226677279,0.232628272,0.22391577,0.048325805,0.246005882,0.486420297,0.031151735,0.232750018,0.311881767,0.016672988,0.097189901,0.210417566,0.033344966,0.020478007,0.020000573,0.023820451,0.020057022,0.01281018,0.023949835,0.024358986,0.02150091,0.044688441,0.056379692,0.033093519,0.07398434,0.134481239,0.058748733,0.108487117,0.22727629,0.040515036,0.214731807,0.214933738,0.270441586,0.026515254,0.201344034,0.227870641,0.095350403,0.194956555,0.115737028,0.11789112,0.093772268,0.063616415,0.036415992,0.022736272,0.060054123,0.059524771,0.066463741,0.065402915,0.069716878,0.077280853,0.12291444,0.230626297,0.090140823,0.070810157,0.060268171,0.207061324,0.076376138,0.059324495,0.026614546,0.023216798,0.092552687,0.014534924,0.034408307,0.197891362,0.234480201,0.226349209,0.02199661,0.005709968,0.005234362,0.007742577,0.003672091,0.009364509,0.01250337,0.005178402,0.003007813,0.022999876,0.015950689,0.018501329,0.010216368,0.007065182,0.01750012,0.016341607,0.015305468,0.054461203,0.044013525,0.038809797,0.030653137,0.08922955,0.035661204,0.10879411,0.005367507,0.007386189,0.005868708,0.029000886,0.103955441,0.005106046,0.017602717,0.020663598,0.003765207,0.007588751,0.01521095,0.007404203,0.005238443,0.003636446,0.021166049,0.002896236,0.032388382,0.020494085,0.006124292,0.009880241,0.005977868,0.044659137,0.01842883,0.005231121,0.043527912,0.056934374,0.043315411,0.023416699,0.011439778,0.003134902,0.059610166,0.012109667,0.059859716,0.001997211,0.004541394,0.001581996,0.002190877,0.062353653,0.226449474,0.247641987,0.002837349,0.32574924,0.463737504,0.0706008,0.002812298,0.011128056,0.011084482,0.069401594,0.086110576,0.004544825,0.004267213,0.008113054,0.007626203,0.00741358,0.011939067,0.002868291,0.041271062,0.092092036,0.002345187,0.016683504,0.002526926,0.021256008,0.003631009,0.001348961,0.002128144,0.004702727,0.042444429,0.009559548,0.000704905,0.027074788,0.014964804,0.003507809,0.009463236,0.002838921,0.026674065,0.056079719,0.024441477,0.005086029,0.097013547,0.085642635,0.018523493,0.083539975,0.01341923,0.003906445,0.004718075,0.007303245,0.00199386,0.003865383,0.017918877,0.02083251
216,0.023939483,0.038722796,0.061139369,0.018352249,0.011591922,0.008633557,0.012561478,0.522440305,0.600536392,0.461761235,0.270463654,0.408325443,0.01754336,0.047817454,0.184373887,0.022155365,0.047913422,0.017637413,0.01874164,0.006827783,0.004781793,0.006261566,0.03961604,0.040458499,0.153739431,0.623791641,0.223822479,0.135345107,0.247640535,0.098387678,0.017478668,0.057414659,0.049818048,0.043445211,0.060143511,0.274124154,0.356929892,0.441483445,0.278957436,0.357122577,0.38732604,0.343289498,0.383615114,0.719797151,0.290421635,0.227923761,0.350585734,0.24182209,0.311800658,0.140668452,0.482861673,0.433675372,0.605804563,0.415479145,0.352109195,0.334306913,0.054480837,0.09292623,0.088017311,0.200085665,0.106316436,0.129747333,0.118305825,0.080553158,0.046788588,0.007419316,0.298660505,0.522886224,0.109333243,0.115988415,0.038677585,0.028887114,0.158035224,0.079192738,0.046130756,0.01929516,0.021050384,0.177588228,0.135366399,0.169393145,0.102251653,0.087822885,0.076948118,0.051933621,0.034060976,0.027596189,0.022031275,0.024882169,0.023276034,0.016980299,0.007566826,0.004976948,0.014361028,0.003925302,0.209548293,0.707750356,0.724748663,0.601068575,0.167743277,0.094887841,0.065208309,0.085866576,0.021047251,0.076910296,0.117929948,0.049184625,0.016366581,0.070368455,0.070298243,0.004317599,0.013871438,0.003038604,0.154820262,0.125352103,0.132785217,0.179910351,0.213748306,0.007360719,0.006221201,0.007371499,0.007683129,0.008779019,0.019748804,0.05684241,0.025176917,0.007359277,0.010608712,0.020563129,0.069367369,0.075746339,0.015381495,0.035336052,0.050601659,0.019710669,0.007697623,0.017633536,0.076645661,0.043601246,0.111405013,0.090926746,0.033393541,0.078400886,0.036515214,0.222494864,0.132991167,0.040628134,0.217811738,0.207298692,0.163182337,0.103350315,0.06633069,0.034539686,0.011272692,0.015190482,0.007603958,0.013859813,0.038439317,0.007292331,0.012994474,0.01137446,0.078275288,0.105254591,0.010755142,0.061048722,0.049357336,0.014433265,0.015322712,0.120014207,0.036739723,0.021882357,0.044229756,0.008730507,0.028304239,0.062342301,0.044359977,0.030745624,0.041266498,0.011804557,0.095728116,0.126476332,0.011695556,0.083676788,0.019772888,0.229699652,0.020138651,0.012868518,0.019495939,0.051079039,0.096941441,0.04087952,0.00825358,0.135278422,0.166945382,0.047933168,0.142303043,0.064015633,0.089925751,0.104273306,0.208673058,0.177496427,0.29128462,0.218237723,0.033732542,0.243011597,0.062648456,0.023646953,0.028068097,0.043788265,0.009305239,0.023737116,0.029077749,0.021615999
217,0.016618076,0.01236685,0.045990731,0.011498995,0.00596138,0.004025631,0.005083243,0.547242529,0.612899845,0.507246378,0.26940858,0.422276127,0.009099728,0.162904612,0.134323616,0.009994743,0.027923606,0.00735568,0.008814732,0.003675349,0.002428219,0.00305128,0.01169285,0.028688207,0.122130235,0.686968456,0.228138514,0.110423635,0.199164394,0.183394857,0.017768131,0.252513711,0.194291815,0.210650654,0.229066759,0.329123242,0.384801448,0.442924632,0.347551879,0.357380693,0.370014829,0.352489179,0.33972675,0.798870041,0.312489124,0.180741477,0.319765124,0.210623346,0.280895431,0.103928323,0.479231017,0.426390054,0.617088549,0.470552929,0.411587821,0.313078871,0.283054224,0.254456548,0.293887193,0.317300558,0.247628091,0.277021573,0.306531683,0.19400192,0.112999544,0.016172324,0.346745829,0.590385807,0.066000057,0.163350622,0.073910646,0.068254591,0.167736965,0.08533521,0.042451425,0.021495248,0.047914009,0.174835177,0.136673542,0.17574432,0.106852913,0.094273528,0.102596256,0.104103483,0.065378463,0.051151023,0.054615984,0.057557905,0.060991955,0.037799974,0.016364019,0.013121924,0.042732842,0.008710355,0.195797004,0.785158203,0.805970285,0.673080044,0.136737283,0.067814712,0.046324823,0.062200505,0.013005074,0.056059403,0.088888329,0.032827818,0.009563801,0.055722465,0.051890287,0.010557944,0.010947945,0.004822376,0.120345335,0.094678731,0.101646103,0.189388747,0.212900849,0.018980763,0.01523786,0.036891027,0.018522382,0.044858536,0.006368445,0.040883432,0.013702128,0.015473017,0.045060425,0.008511314,0.048257908,0.05598959,0.005744471,0.015606919,0.033906259,0.012612343,0.005522154,0.00934368,0.05696774,0.012930502,0.094218752,0.069546335,0.01381858,0.057890604,0.011169653,0.219133257,0.106810207,0.022017671,0.199195572,0.208581633,0.160194548,0.082781423,0.04732311,0.021851519,0.02866114,0.009695539,0.026857789,0.00547952,0.012455672,0.003720071,0.005492054,0.029648348,0.237699042,0.269578959,0.004677714,0.161486352,0.141053751,0.036192846,0.008109868,0.089669106,0.021960867,0.056230704,0.067903119,0.005539269,0.019176974,0.045303342,0.030144607,0.013341605,0.024778235,0.004748968,0.297104718,0.287628781,0.012760779,0.076576479,0.018450659,0.2156246,0.020492812,0.010048024,0.017692443,0.040871574,0.091276682,0.040244153,0.006326753,0.113870925,0.134799804,0.037314999,0.112686707,0.052041856,0.081336625,0.104600659,0.188082972,0.140519937,0.240548761,0.192213092,0.050081174,0.199753041,0.054100539,0.022522981,0.026310056,0.049369553,0.008692907,0.021411202,0.051000187,0.056589095
218,0.009460607,0.00393611,0.017718883,0.005614346,0.002417696,0.001668934,0.002352162,0.56891339,0.573405119,0.598593589,0.285829011,0.444431709,0.003016485,0.350119076,0.029134795,0.003025518,0.006900489,0.002962235,0.002840935,0.001561402,0.001015898,0.001253835,0.00310876,0.012072111,0.068406948,0.72112961,0.215177052,0.079866957,0.087692636,0.319024927,0.018572829,0.541826484,0.435597486,0.486408371,0.500167719,0.359896308,0.433350126,0.50478499,0.372691328,0.415425561,0.441699438,0.250717923,0.388081363,0.825712997,0.266212997,0.071188365,0.217409819,0.130028729,0.147358807,0.035396486,0.430823207,0.376164738,0.573486626,0.606407993,0.512830565,0.311432258,0.600974027,0.518873955,0.604867332,0.532065302,0.52552548,0.528668487,0.583999556,0.413866425,0.265538288,0.043046624,0.426402402,0.645107541,0.091136147,0.27089248,0.155289573,0.172244001,0.201561414,0.116464016,0.060474907,0.042048606,0.109799782,0.195917183,0.155796283,0.200261625,0.13233254,0.123166978,0.167487776,0.223225266,0.142462752,0.104351439,0.12623636,0.153458552,0.147079737,0.088163905,0.042642462,0.038290739,0.119231433,0.024157249,0.162877924,0.822131999,0.828341402,0.713284467,0.083341141,0.020886637,0.015499967,0.023217231,0.005528882,0.023701156,0.038348478,0.012277628,0.003875836,0.04646729,0.034321295,0.030210088,0.018743205,0.011815162,0.060687377,0.048367608,0.050220835,0.219569544,0.213695497,0.038229736,0.030289085,0.087963823,0.036150694,0.10717973,0.002059793,0.016981777,0.006173308,0.028301479,0.103207067,0.003332501,0.0305395,0.040803467,0.003775408,0.00879854,0.025848564,0.010407703,0.00585611,0.005558156,0.042850004,0.003384308,0.080096043,0.047061203,0.005798579,0.018249521,0.002989664,0.211665201,0.058947005,0.006150494,0.162059828,0.20463027,0.156142587,0.059016534,0.024698759,0.005319854,0.059819519,0.012391183,0.059202529,0.001868071,0.003854333,0.00152916,0.001987699,0.062548603,0.489909467,0.522515085,0.002949869,0.367677074,0.351373989,0.094428895,0.003513798,0.036974747,0.020852058,0.134776819,0.134099004,0.005278721,0.008137706,0.019532628,0.012752266,0.005950603,0.018073995,0.001901701,0.596322396,0.581564203,0.012016902,0.051439611,0.011597376,0.127119692,0.017488792,0.004369764,0.009893022,0.016354391,0.084989885,0.031426653,0.002451972,0.063435164,0.047993543,0.01425329,0.035582453,0.014232669,0.056847911,0.10988553,0.106415551,0.045632057,0.187900827,0.1639624,0.080692103,0.162388727,0.037352899,0.017843733,0.016512101,0.043041316,0.005125176,0.013068203,0.08864271,0.116994077
219,0.025451234,0.045239785,0.066604746,0.018987543,0.011004202,0.00805684,0.01295319,0.572840581,0.675506526,0.487760392,0.28176588,0.439480981,0.017177174,0.041561841,0.215436866,0.023241406,0.054359531,0.018202368,0.01936107,0.005963758,0.003836417,0.005440802,0.046629323,0.044177213,0.180150841,0.666501406,0.243175729,0.156723204,0.286659933,0.099057686,0.01849163,0.045774265,0.041269879,0.032501438,0.050444026,0.285364658,0.370673739,0.470470166,0.293066372,0.362585374,0.395537006,0.387529798,0.37133917,0.774365011,0.319614767,0.265490214,0.398789603,0.275963521,0.360026607,0.163670581,0.542328848,0.485912295,0.682422503,0.426641502,0.359315236,0.34527838,0.040144786,0.088449439,0.08078944,0.190205931,0.107366714,0.120782943,0.091016557,0.075347301,0.040279131,0.004445573,0.311885842,0.559609427,0.123826161,0.106486816,0.028835247,0.020454431,0.159822917,0.070437173,0.039070473,0.013579132,0.013279324,0.179415353,0.137733185,0.176714049,0.099862993,0.086938728,0.067221112,0.040439952,0.024524988,0.019666907,0.014720582,0.018420652,0.014761999,0.010170492,0.004532055,0.002864361,0.00923626,0.002318939,0.232762916,0.760231752,0.781972851,0.645356753,0.192019862,0.109920683,0.074388645,0.09903484,0.021594544,0.088325833,0.137690968,0.053615581,0.016019492,0.070982602,0.072926456,0.002727531,0.009711774,0.001956691,0.17907635,0.141170246,0.152624646,0.189108185,0.230713552,0.004446549,0.003849814,0.004204169,0.005211338,0.004907044,0.022295699,0.064206994,0.02680048,0.004362684,0.00612032,0.022152056,0.078938527,0.085689731,0.017390602,0.039701645,0.056008598,0.020427691,0.006944826,0.01773255,0.086203234,0.051716213,0.126732657,0.103405886,0.037629773,0.088186928,0.042406222,0.2416945,0.151193997,0.045688112,0.249707393,0.236394032,0.181889072,0.117796791,0.074456819,0.03718539,0.00843498,0.016273559,0.004417325,0.014121674,0.044714372,0.006711832,0.01303924,0.008496852,0.070737253,0.099432509,0.010750924,0.055355448,0.039539602,0.010893031,0.015159087,0.13968562,0.029851041,0.014143799,0.036232242,0.008538776,0.029717222,0.070645127,0.049496861,0.034373303,0.045575398,0.012089154,0.083388835,0.130996033,0.012953472,0.0929462,0.022530111,0.242176215,0.022478605,0.01415111,0.022433714,0.056738537,0.1075007,0.045741202,0.008926053,0.147675276,0.180046532,0.055684801,0.156494243,0.076103475,0.102716827,0.111497808,0.219590923,0.191359897,0.325510804,0.249138064,0.033109177,0.264656674,0.064862365,0.026558532,0.027658234,0.041813797,0.008570559,0.024177227,0.027847116,0.017644092
220,0.012939704,0.009626169,0.032731698,0.009034519,0.005001241,0.003507087,0.004379274,0.462624352,0.499943194,0.461456792,0.246232464,0.371351323,0.007086282,0.182475013,0.088236614,0.007688124,0.019357021,0.006049795,0.006854564,0.003155033,0.002225715,0.00273193,0.008924492,0.021614383,0.087621352,0.693991005,0.205624317,0.083589391,0.147710847,0.183817576,0.015162314,0.271852673,0.219018585,0.239570835,0.252413867,0.348528157,0.397565767,0.40498878,0.373360124,0.363223958,0.35297305,0.314808066,0.364609412,0.79795503,0.30005341,0.13211462,0.24865702,0.162850346,0.22252308,0.072817775,0.387843755,0.345431387,0.501643775,0.438230588,0.411113183,0.273034935,0.298472222,0.268205919,0.305591562,0.319812538,0.267536618,0.281944846,0.400473372,0.212045912,0.135092469,0.02275677,0.365252833,0.602423563,0.063822792,0.196902585,0.089817451,0.091799209,0.173204642,0.10930809,0.050388526,0.028875553,0.0638693,0.165170735,0.137440517,0.16425094,0.118901895,0.099996669,0.129232272,0.119422558,0.082134212,0.062149362,0.072218739,0.077704218,0.081807047,0.050372088,0.022796891,0.018999096,0.060100135,0.012440982,0.162022309,0.778384584,0.809013788,0.682099076,0.101459234,0.045973523,0.032270587,0.043254084,0.010614255,0.039859749,0.061940952,0.024583294,0.008148303,0.05365807,0.045779961,0.015175258,0.015024882,0.006689909,0.086363311,0.071232205,0.073350388,0.167028676,0.183119847,0.020427068,0.016375979,0.041032305,0.019545069,0.049912183,0.005330597,0.029592718,0.010998172,0.016369857,0.049477595,0.007135191,0.036857712,0.043945817,0.005125715,0.012834442,0.027801209,0.011019425,0.005190551,0.007858922,0.045081332,0.009657057,0.074760467,0.053323279,0.010987465,0.03985381,0.008569796,0.188779518,0.081317902,0.015735053,0.154342846,0.16825762,0.131873886,0.063758278,0.035764951,0.015234022,0.03065712,0.009193207,0.02933152,0.004552578,0.009611219,0.003177421,0.004553152,0.031789465,0.255789258,0.282600466,0.004161299,0.189594924,0.17732862,0.048642684,0.007040057,0.062315935,0.026087454,0.075156402,0.082828603,0.005078405,0.015144821,0.032830289,0.022253467,0.010728217,0.020623205,0.004260235,0.306553326,0.298353502,0.012001829,0.071045682,0.015800776,0.248397836,0.019043973,0.008881671,0.014552804,0.039734455,0.085236281,0.035914276,0.006144406,0.120596627,0.154433957,0.028684795,0.119636883,0.037038577,0.069701098,0.120244677,0.225788374,0.148347496,0.207493393,0.167011892,0.057506534,0.179238411,0.055918124,0.020035638,0.028287645,0.058487161,0.009284838,0.024023518,0.060971632,0.073211747
221,0.008324014,0.003609346,0.015709012,0.004970941,0.002106984,0.001427221,0.002033147,0.515873368,0.521646719,0.551890432,0.267423987,0.410142212,0.002669606,0.343608687,0.029256288,0.002684633,0.006730666,0.002328903,0.002524385,0.00133745,0.000837913,0.001053888,0.002809315,0.011449922,0.060134966,0.7490395,0.202729412,0.06821373,0.087058615,0.282104375,0.015856673,0.494798332,0.412906372,0.459542206,0.464566468,0.35987115,0.425121455,0.454808996,0.377280208,0.407866203,0.403075086,0.256095693,0.428621089,0.857600383,0.269959315,0.07234583,0.203990981,0.123440952,0.150103183,0.03520945,0.391468766,0.342648496,0.521307749,0.553686778,0.48800829,0.285047149,0.536061554,0.465763511,0.533305051,0.444261916,0.480371984,0.433703235,0.587016238,0.370909323,0.251356156,0.046505798,0.415096871,0.654813094,0.068007766,0.257880157,0.149247194,0.188665377,0.19860377,0.137572544,0.065162892,0.048674777,0.130218306,0.183170565,0.1549414,0.185658234,0.141021624,0.123229783,0.170839624,0.171479523,0.148393795,0.105047676,0.148622856,0.155104625,0.170644332,0.100253846,0.046269021,0.040489783,0.12895168,0.025670532,0.150910913,0.845407916,0.861702842,0.734651054,0.074407821,0.019986682,0.014745345,0.021672475,0.005335019,0.021792291,0.034869632,0.012054106,0.003738816,0.049774866,0.035815025,0.031902664,0.021147517,0.012636839,0.05506454,0.046136546,0.045867453,0.19112271,0.192844099,0.03084487,0.024475932,0.071764437,0.029250827,0.087402663,0.001829665,0.015642618,0.00537093,0.022573962,0.083919947,0.002981096,0.026000314,0.035065136,0.003610263,0.007815243,0.02262165,0.009196158,0.004757561,0.004498292,0.036783051,0.002957648,0.068277706,0.040971395,0.005216374,0.01679638,0.00260177,0.194260063,0.056121314,0.005879689,0.140647072,0.175320811,0.135785541,0.051507852,0.022638216,0.004959654,0.048570524,0.010249361,0.048009065,0.001607022,0.003517222,0.00130763,0.00170357,0.050771219,0.45341711,0.480669598,0.002440196,0.365755997,0.352555959,0.100286861,0.003447366,0.034004675,0.023165152,0.155937955,0.13930017,0.004490745,0.007839667,0.018048283,0.011364407,0.005153919,0.016126035,0.001826408,0.509876374,0.516341151,0.016925666,0.073946166,0.016774432,0.202144163,0.024924605,0.00695794,0.014312356,0.030885766,0.10097897,0.042408474,0.004528205,0.10505165,0.11670789,0.021037405,0.085899012,0.021803913,0.070016458,0.143134558,0.187313734,0.095779205,0.214295735,0.186535925,0.109185724,0.185949267,0.049845186,0.025059362,0.022655909,0.053634134,0.006910626,0.020276464,0.122073428,0.162491368
222,0.035424105,0.110269048,0.072120853,0.028458996,0.019106363,0.015466973,0.02908389,0.631417306,0.687972135,0.591179483,0.299510788,0.481420073,0.028134592,0.037858514,0.222165406,0.044922099,0.080848505,0.041634419,0.036159382,0.00919287,0.006128177,0.009688052,0.11651117,0.05245849,0.199212126,0.685332864,0.264889911,0.190887278,0.300566507,0.074703282,0.019859248,0.042605578,0.029994203,0.021545324,0.03977992,0.397000644,0.497784671,0.524421761,0.41417082,0.493299885,0.517037311,0.391102396,0.537633957,0.789857037,0.372273874,0.274428015,0.374287354,0.270836382,0.335145782,0.178074053,0.545953936,0.485550034,0.691475464,0.568308888,0.4924054,0.368361895,0.0368151,0.14860082,0.146797573,0.291705989,0.238813151,0.238567134,0.108060101,0.15387496,0.075619804,0.005021287,0.311868179,0.555037144,0.306004882,0.109271671,0.031494337,0.028746986,0.166638546,0.072697905,0.042565474,0.015836501,0.014014574,0.188549394,0.145475737,0.186484529,0.10448052,0.093093614,0.068656225,0.041392242,0.026948829,0.022103213,0.016595465,0.028471123,0.015221115,0.010689483,0.005116701,0.003105807,0.00999707,0.002675455,0.24083664,0.784422817,0.776725008,0.641650025,0.199214966,0.115487195,0.081073191,0.107661195,0.032577245,0.100387469,0.149087994,0.061407874,0.026870995,0.076529473,0.078782474,0.003151578,0.011465593,0.002509385,0.18794996,0.149519679,0.16180453,0.194609786,0.23937032,0.003394495,0.00310877,0.002267561,0.004528156,0.002437666,0.055409291,0.075273412,0.048544228,0.003331518,0.003414978,0.049425727,0.114814716,0.121460121,0.042546091,0.088441544,0.09255633,0.037402339,0.013241102,0.037202568,0.122556039,0.130698278,0.161047723,0.132569454,0.081760136,0.094357827,0.10454742,0.252607516,0.162101938,0.07528768,0.256125591,0.243575432,0.191502608,0.144179947,0.093680927,0.047352586,0.011378475,0.037456471,0.002799633,0.03060562,0.10802697,0.011534267,0.027009188,0.011835505,0.055910408,0.075453476,0.024107949,0.107626594,0.069188085,0.012786641,0.026183779,0.148568974,0.03400911,0.015184372,0.039739547,0.016702774,0.03884091,0.081573278,0.065707762,0.074259075,0.083607884,0.027331292,0.142510192,0.291713666,0.010515173,0.076594203,0.01831128,0.237907405,0.019621264,0.014279035,0.018013187,0.055113682,0.097472299,0.035108184,0.008962435,0.144859003,0.177357975,0.055405676,0.152226248,0.060195345,0.085032255,0.117048026,0.230730883,0.184835362,0.32897234,0.2474994,0.031712892,0.267318719,0.064221347,0.025541614,0.027035042,0.03990946,0.008426758,0.023027677,0.025752681,0.01553699
223,0.008042418,0.007063883,0.023014083,0.00560005,0.002861104,0.001907037,0.002416069,0.234799269,0.226390574,0.295567704,0.161023344,0.222259365,0.004372339,0.058773891,0.077852212,0.004934903,0.014066424,0.003112033,0.004332698,0.00172815,0.001121973,0.001427056,0.00632808,0.017055371,0.043977546,0.670691333,0.188337035,0.040038805,0.135849061,0.078273311,0.008029479,0.075497046,0.063996608,0.064449578,0.074264987,0.434127962,0.451163092,0.298977622,0.491662705,0.374008771,0.295596582,0.350249835,0.392294689,0.740553894,0.357327691,0.116726368,0.152030948,0.1111044,0.208917744,0.055529183,0.176639624,0.166139668,0.223247592,0.288077024,0.379031738,0.151728579,0.077450957,0.086806407,0.087425134,0.210545253,0.077300651,0.136086054,0.466395793,0.075135078,0.049351586,0.009038238,0.353717653,0.596578105,0.046994032,0.192739344,0.059338168,0.035850588,0.14780856,0.118526333,0.039621633,0.017140982,0.030305628,0.107540659,0.110115074,0.105065971,0.111079658,0.079851138,0.129241163,0.080551151,0.049629366,0.044402838,0.039015551,0.027221318,0.037504472,0.021297653,0.009242867,0.006748366,0.019388827,0.005033555,0.101983066,0.70275696,0.797406415,0.674569343,0.051878396,0.027533184,0.020950758,0.025889363,0.010040212,0.024563886,0.034524518,0.01723716,0.008784907,0.044415667,0.035343622,0.005011446,0.010554778,0.003354009,0.046218312,0.043949035,0.040508413,0.074378341,0.098706507,0.004899061,0.00404869,0.008847225,0.004854418,0.010683691,0.004923757,0.020516831,0.009409743,0.004006027,0.010701379,0.006596346,0.02124612,0.02421827,0.00342089,0.008227511,0.016560122,0.006297321,0.002109558,0.003949225,0.024593598,0.006154864,0.035844341,0.028865217,0.008158771,0.029901147,0.006039384,0.112158775,0.057276622,0.011406997,0.067575035,0.067103506,0.059971267,0.033400523,0.023491302,0.010493378,0.00727873,0.00361681,0.006526528,0.002644197,0.006776616,0.001769724,0.002663205,0.007430266,0.08396047,0.101235801,0.00207898,0.059792181,0.059000457,0.016708772,0.006532672,0.03469775,0.022684274,0.036055719,0.052047777,0.002492759,0.013872243,0.02195964,0.016671061,0.008456779,0.012784783,0.004235102,0.113052436,0.086577452,0.007264769,0.067517652,0.011811967,0.407616129,0.01279365,0.00880875,0.010565807,0.051122346,0.069542387,0.027185672,0.007894861,0.169974909,0.252703468,0.02213403,0.182201342,0.028654216,0.05720384,0.152750382,0.389821304,0.23026003,0.144850417,0.111537173,0.026874015,0.137589918,0.074248055,0.01197972,0.049812081,0.095627779,0.017264889,0.037062079,0.027493603,0.027143304
224,0.014083732,0.006273565,0.049596906,0.008965615,0.00313788,0.001584745,0.001865702,0.323098953,0.164685718,0.474370188,0.144461944,0.258154402,0.005312287,0.051222704,0.201276283,0.005409507,0.02035363,0.002064872,0.004633309,0.001618272,0.000798527,0.001074545,0.005643311,0.011126583,0.018953371,0.451354741,0.318781907,0.018881607,0.265569685,0.123169184,0.014882739,0.048018023,0.044743298,0.030283876,0.057046745,0.567228805,0.732243264,0.692787352,0.608545036,0.725229123,0.7653607,0.393242064,0.719422503,0.281080616,0.438519891,0.186211649,0.137938275,0.106690512,0.236465815,0.078444129,0.114640213,0.121014387,0.152570631,0.585090293,0.595810635,0.161143506,0.039145858,0.090692438,0.071302287,0.534118645,0.037189799,0.323723102,0.59301702,0.080499564,0.035586807,0.003353903,0.304442969,0.541467272,0.047885086,0.129106967,0.045078827,0.018235104,0.097361881,0.037501084,0.02932466,0.013813852,0.019863314,0.075094046,0.064441685,0.072113094,0.049659584,0.043883987,0.054043304,0.061802029,0.037106972,0.035333954,0.028923713,0.013007538,0.023950237,0.011380353,0.003584988,0.001601073,0.006502783,0.001493206,0.09290483,0.305606338,0.659344196,0.57714636,0.025897093,0.013365299,0.011085661,0.013199082,0.006752068,0.013390451,0.016209446,0.011415217,0.005358798,0.02566757,0.022983095,0.001281372,0.008834194,0.00131589,0.022129841,0.024120271,0.020290079,0.044273422,0.076893822,0.000779553,0.000854857,0.000661206,0.001409585,0.00065368,0.003138778,0.012168948,0.005826043,0.000546173,0.000737469,0.004017924,0.01306429,0.015555723,0.002604374,0.007092769,0.014549197,0.005785964,0.001159279,0.00276748,0.016590268,0.00556785,0.019300134,0.017142963,0.00673941,0.065912463,0.005276344,0.095952201,0.060700246,0.015088632,0.027898379,0.024549311,0.03260402,0.01915285,0.01816788,0.017600908,0.00137412,0.002290148,0.000549828,0.002159231,0.006177388,0.001602539,0.002231777,0.001168001,0.087632752,0.124448001,0.001382361,0.027705481,0.02121768,0.008837261,0.004429349,0.01641749,0.020950924,0.02403622,0.037666551,0.001891473,0.009494132,0.013067978,0.010030268,0.005876867,0.011640178,0.002519916,0.1916734,0.063381297,0.003455682,0.0378767,0.005928525,0.399370148,0.006037952,0.003932988,0.00501018,0.02255562,0.052428295,0.018163835,0.004242858,0.121190751,0.113292983,0.010533521,0.07055253,0.01370085,0.038944336,0.137331627,0.381553129,0.1433601,0.09432502,0.070493616,0.01063707,0.098490797,0.065756641,0.00517453,0.054461462,0.102587907,0.020793341,0.034293333,0.00950532,0.005205258
225,0.041782565,0.070416987,0.08467165,0.036527188,0.029681261,0.022998173,0.030108122,0.498276455,0.548100252,0.472238817,0.261653269,0.39455132,0.038001613,0.03927428,0.208915948,0.046025361,0.071603674,0.038014997,0.039294359,0.016956322,0.013579779,0.01772903,0.074543508,0.048021839,0.165919877,0.625233821,0.246114925,0.156688341,0.267709871,0.082323594,0.027484338,0.045923597,0.036881872,0.030415546,0.04586319,0.332156459,0.407295842,0.429322256,0.34836543,0.394470691,0.399176485,0.352230229,0.428755944,0.721773544,0.325635018,0.242772766,0.325315228,0.240903255,0.305604536,0.15676102,0.442578803,0.39894974,0.550924798,0.445741201,0.40033603,0.308883286,0.042316534,0.10466566,0.100172811,0.208983154,0.150703084,0.151884974,0.129129662,0.10660382,0.063827857,0.011324111,0.299448494,0.516764292,0.18222652,0.126382503,0.05586618,0.042976522,0.160740743,0.082463377,0.045432672,0.020131489,0.031506852,0.1765541,0.139917571,0.174643836,0.106851561,0.096443369,0.083764183,0.067089323,0.051752388,0.042656269,0.032714785,0.035562772,0.034431961,0.027278651,0.011906164,0.007624087,0.019333869,0.006156699,0.212957211,0.709599591,0.713927515,0.593592764,0.17191635,0.09919768,0.070899567,0.092067468,0.030677713,0.085455865,0.125858089,0.053947705,0.026996669,0.071844863,0.071467813,0.00611881,0.012860795,0.00467155,0.160189342,0.129354583,0.13832424,0.182338998,0.213582781,0.011917427,0.010219807,0.007713194,0.012258449,0.009041352,0.036709154,0.065615614,0.041043023,0.012867253,0.012898171,0.037450657,0.090886734,0.098106082,0.027783574,0.061890584,0.075446602,0.034542433,0.016800612,0.034959803,0.101542944,0.081761908,0.134940102,0.110376076,0.057829507,0.100747145,0.070264927,0.222586426,0.144310613,0.064847083,0.224150998,0.217772833,0.176239501,0.121373876,0.079515094,0.055766801,0.017489066,0.030148474,0.010702447,0.032579027,0.071065254,0.017690899,0.030076777,0.017661403,0.061336964,0.082970697,0.025368653,0.082174037,0.066766978,0.018647582,0.024342159,0.126020044,0.031280256,0.032374833,0.057116785,0.017536754,0.036717784,0.070856259,0.056065093,0.052868962,0.064991866,0.022274981,0.100221182,0.175532056,0.011187879,0.072126037,0.018323417,0.192586034,0.019624217,0.015665513,0.017954003,0.048231157,0.088152489,0.035714009,0.008597342,0.119334622,0.144042138,0.052006042,0.125499801,0.057306046,0.079554594,0.09602448,0.180669453,0.148920468,0.27704744,0.212562261,0.033489871,0.225743559,0.055873063,0.024971571,0.026668223,0.037164855,0.011740784,0.022812427,0.029307656,0.022727376
226,0.121883326,0.078361437,0.159216612,0.128920157,0.13357325,0.101603186,0.104325774,0.206517697,0.170233152,0.278743338,0.180721372,0.207705821,0.130351021,0.023249937,0.195875499,0.126768821,0.119394543,0.090533257,0.114826935,0.07047197,0.063971825,0.084818204,0.08928693,0.056751961,0.105851355,0.424411361,0.220666197,0.119506576,0.191589197,0.055059616,0.090987352,0.02761718,0.021226124,0.018638583,0.026020715,0.292749509,0.321416079,0.223533588,0.314455214,0.30255024,0.244124164,0.219537609,0.3765428,0.478055331,0.250128423,0.167726669,0.145698173,0.149956858,0.170006988,0.131230616,0.157291314,0.154122433,0.166437069,0.300517276,0.318639766,0.18311434,0.026917638,0.053627687,0.046075704,0.11116325,0.089933225,0.066656221,0.180955953,0.079786531,0.075683456,0.034650447,0.23058111,0.347634233,0.102427404,0.164430811,0.12250489,0.072388221,0.149212896,0.111380242,0.064955687,0.041659623,0.081286235,0.15718675,0.134844091,0.154456919,0.118518408,0.116045828,0.123612916,0.137010836,0.118262503,0.097434452,0.06957087,0.057205109,0.0753826,0.07382739,0.036722145,0.024308376,0.045250758,0.020119895,0.149845013,0.464838444,0.458763674,0.39244812,0.111740876,0.069686651,0.060365665,0.068918058,0.054021665,0.069812966,0.084397772,0.053809922,0.05776939,0.074929126,0.068548852,0.015977029,0.02541914,0.014615439,0.101951972,0.093785627,0.093601388,0.156096633,0.156074237,0.026656393,0.023322624,0.01184534,0.0269568,0.013584918,0.04701271,0.063536918,0.069517467,0.029724599,0.021057002,0.061109862,0.091944755,0.100711348,0.031292716,0.075186628,0.101890675,0.067889699,0.050755747,0.070728266,0.115010479,0.086676544,0.123408983,0.105086296,0.077590172,0.155969453,0.098215113,0.156288102,0.120123042,0.113243897,0.142860425,0.150196555,0.149775162,0.107370499,0.080391401,0.138784629,0.032387644,0.062792587,0.021083139,0.106087171,0.088853033,0.0688703,0.096201238,0.032415434,0.033560006,0.04545255,0.081544714,0.081796468,0.100447157,0.037319305,0.048840591,0.082980444,0.039457229,0.068122488,0.109110287,0.046053405,0.054144439,0.065614707,0.063372544,0.069998951,0.087088137,0.043598751,0.046838516,0.075764433,0.00882291,0.031491405,0.011966672,0.055234608,0.015658878,0.034238761,0.011067929,0.035593479,0.038072865,0.018714994,0.012676175,0.04068532,0.0496393,0.064156905,0.050285809,0.027303154,0.031206738,0.035623309,0.053259633,0.041592864,0.121024208,0.099245357,0.030962285,0.099668076,0.028117539,0.024283931,0.018372678,0.020503311,0.025239892,0.027597074,0.030929114,0.033632773
227,0.030125582,0.077094758,0.066268494,0.025760475,0.022190871,0.01918896,0.025530515,0.354320067,0.330996529,0.398771027,0.229203371,0.3026265,0.044308105,0.030506991,0.113994493,0.049444382,0.062555388,0.040774828,0.041886304,0.019175146,0.014192417,0.015303444,0.08069266,0.052027898,0.120414969,0.442607458,0.195798582,0.123321432,0.162407078,0.061453005,0.012998593,0.041252869,0.02484461,0.019713185,0.034678702,0.294794265,0.397242721,0.410238128,0.301096422,0.403824036,0.41421429,0.211267035,0.454066277,0.521792095,0.234754389,0.139154952,0.179802283,0.142494263,0.158644169,0.098391743,0.274077588,0.247416235,0.32898537,0.421369233,0.379376284,0.285965324,0.043075455,0.097670194,0.098592363,0.223026429,0.139898987,0.161093704,0.118270242,0.1024836,0.058007269,0.020386761,0.210071,0.327887131,0.174826874,0.122946687,0.065672191,0.051187626,0.146388433,0.09953968,0.057720633,0.029384806,0.039128007,0.178010867,0.133578959,0.157353659,0.109216072,0.095095129,0.095102076,0.079202745,0.062812859,0.053154917,0.040461604,0.03213119,0.043706292,0.030340851,0.021579251,0.016305234,0.015747876,0.014316313,0.149797109,0.519337166,0.452799092,0.379719505,0.135107351,0.085752884,0.067245978,0.080968596,0.039953167,0.074608558,0.096145854,0.063407785,0.036604927,0.078965144,0.07727258,0.006318342,0.021999587,0.009551841,0.124451404,0.112240436,0.112920151,0.169645452,0.171915005,0.004961241,0.004499817,0.003363633,0.006363542,0.003858842,0.04458632,0.061277834,0.049470871,0.005336203,0.006266706,0.046842979,0.084402921,0.089526956,0.03018055,0.064879005,0.072833663,0.034714357,0.016642657,0.036374908,0.092627279,0.084841638,0.113211177,0.096214425,0.064951377,0.068285399,0.076895862,0.171772841,0.10003206,0.061346717,0.165907921,0.161206035,0.139302777,0.101793733,0.074061137,0.051273988,0.011988088,0.028378254,0.004697935,0.033395609,0.077166364,0.017928321,0.031868725,0.012752107,0.048067248,0.067317031,0.027578094,0.072571736,0.056277804,0.01471737,0.034709397,0.100631344,0.04676042,0.041391685,0.065792031,0.017827886,0.044757664,0.065031105,0.056306473,0.060492371,0.065108991,0.030637332,0.106159791,0.166384205,0.004013483,0.034719174,0.006634786,0.113200968,0.008340396,0.007050758,0.006101747,0.025042352,0.0507282,0.014465711,0.004691638,0.068325649,0.083559918,0.022577133,0.068315342,0.017133634,0.035464742,0.059132975,0.1129106,0.085528836,0.194204857,0.126099745,0.022968409,0.17412891,0.040890562,0.012378511,0.016921411,0.024952908,0.005737506,0.012246549,0.017366226,0.013334197
228,0.0448692,0.074609786,0.09184216,0.041467458,0.040110517,0.034284911,0.039266982,0.275290567,0.254005052,0.331360791,0.223384148,0.259778959,0.069183105,0.027436309,0.119559929,0.070536541,0.076458345,0.060522225,0.062224013,0.032560624,0.025811724,0.029212418,0.078519557,0.069401252,0.124785382,0.443699651,0.196475667,0.129152437,0.159283962,0.055142207,0.021910951,0.041339012,0.023064811,0.020552768,0.032410234,0.279518408,0.352219538,0.329297017,0.291992689,0.342010057,0.325538661,0.202260309,0.387938614,0.537618041,0.22790568,0.1343884,0.154170553,0.134871689,0.149574515,0.101146822,0.222786364,0.204281724,0.251737304,0.347303291,0.336715117,0.262208935,0.046971032,0.073975379,0.07518589,0.169913741,0.101866253,0.115391438,0.138096626,0.087231401,0.064303885,0.035271218,0.224037338,0.326902613,0.122215844,0.160291108,0.118767783,0.082042943,0.161923879,0.120741597,0.072862056,0.042428624,0.074372273,0.194535057,0.150543513,0.174431211,0.128232859,0.120023202,0.1244924,0.135054146,0.116777372,0.099861265,0.073698458,0.048266419,0.07994156,0.06119046,0.037525385,0.027271024,0.030336776,0.023819889,0.148940561,0.525613267,0.443838276,0.376052486,0.145362327,0.097965191,0.081779138,0.09312401,0.059889147,0.086407126,0.104056446,0.078936243,0.059782222,0.092354505,0.08951303,0.011888505,0.029510605,0.016404427,0.132738319,0.12270577,0.122882569,0.193897373,0.178251353,0.011735378,0.010500432,0.006727616,0.013604251,0.007836748,0.052058596,0.075571207,0.070647841,0.013187974,0.0131344,0.063741619,0.093483124,0.098900889,0.030840178,0.068603841,0.083267525,0.047398268,0.0284931,0.052005291,0.103424568,0.077245393,0.123772811,0.106361199,0.072546039,0.0875318,0.080709082,0.172554323,0.105281802,0.075595838,0.180222794,0.182262425,0.15807749,0.111670601,0.085718463,0.074329146,0.019743671,0.034616145,0.010590395,0.052021446,0.077055161,0.030324378,0.049935337,0.020704243,0.042632007,0.059647389,0.046207393,0.07050076,0.071698206,0.024787904,0.053305418,0.109937889,0.052285501,0.074731347,0.107631999,0.027512769,0.063811684,0.078848795,0.071402724,0.071353274,0.07359627,0.045590501,0.084049215,0.107997818,0.004894133,0.027186891,0.007086778,0.073224338,0.009573178,0.009519885,0.006347605,0.02022501,0.039781742,0.013326076,0.005155496,0.045736359,0.054865883,0.023638136,0.046522613,0.015113122,0.029106995,0.042683739,0.071939148,0.05537619,0.145214693,0.103208441,0.024042005,0.124543205,0.029781995,0.015362489,0.015438008,0.020403404,0.007973158,0.011254745,0.020973354,0.019904775
229,0.055775469,0.107046916,0.098963145,0.051598458,0.046325633,0.037069187,0.047707137,0.461369338,0.461160648,0.488151287,0.260137177,0.376590703,0.06170335,0.032911903,0.19565242,0.072045061,0.092520819,0.06065893,0.061737906,0.028184914,0.022866406,0.029094735,0.114689415,0.057034965,0.16450623,0.584586034,0.248894175,0.168012542,0.24883104,0.061800121,0.032831621,0.040098768,0.026193128,0.020835305,0.034842541,0.380137964,0.457570529,0.416859728,0.400688361,0.448678422,0.436297511,0.313601676,0.514989363,0.675258999,0.329212515,0.220676859,0.263307401,0.210625205,0.250267115,0.152162445,0.375094953,0.338537641,0.460326148,0.497227897,0.458007076,0.306031246,0.037810929,0.12481262,0.12364293,0.244325696,0.204635547,0.197018568,0.144919287,0.140585988,0.082652323,0.017777628,0.279277289,0.46281573,0.259268827,0.13902767,0.075833654,0.053987395,0.165826778,0.095524081,0.054703415,0.027502567,0.043990332,0.187069263,0.148090008,0.180932025,0.116409898,0.107521328,0.097434281,0.08792679,0.071934167,0.060019309,0.043892668,0.044030964,0.044986517,0.037952462,0.018747829,0.01235658,0.024556626,0.010378062,0.200920221,0.668190647,0.637088815,0.532282812,0.167167814,0.099400857,0.075374448,0.094831794,0.043994644,0.090892633,0.125007391,0.062099854,0.04184706,0.079967935,0.078352411,0.008458292,0.017987585,0.007838648,0.156000301,0.130763764,0.137445036,0.188472736,0.208838901,0.011793329,0.010430149,0.006096704,0.012481982,0.006947237,0.058124581,0.073284146,0.061156718,0.012956346,0.0106153,0.059303297,0.111443538,0.118693531,0.04209791,0.09072178,0.100059861,0.049932746,0.026146667,0.05249721,0.124084001,0.123836461,0.151850897,0.125937394,0.086510444,0.108871765,0.109126846,0.215025375,0.14120476,0.088611179,0.21457912,0.211332362,0.178464446,0.133706281,0.091272889,0.075215995,0.01954946,0.045426676,0.009711395,0.05309151,0.108369534,0.028471622,0.048853988,0.020017388,0.046371556,0.061196514,0.042879107,0.106700596,0.08532252,0.022875215,0.037803267,0.124508134,0.038281985,0.042360859,0.073959482,0.027099424,0.047980084,0.077857279,0.068308017,0.079494878,0.089714313,0.036792257,0.121067707,0.237911533,0.008437144,0.050970471,0.013267739,0.153674956,0.01579211,0.016227736,0.012659027,0.040751531,0.069085591,0.024095849,0.008502611,0.095926757,0.116705183,0.047189803,0.100998631,0.037579841,0.055974661,0.082743885,0.153036975,0.117086977,0.242611994,0.182449179,0.031209566,0.198718767,0.047943426,0.022527721,0.022960483,0.030967136,0.011754069,0.02006962,0.027172592,0.022648942
230,0.12956227,0.093133213,0.157057385,0.139381434,0.146855914,0.112334236,0.118469959,0.139850378,0.12108352,0.188503565,0.147714388,0.152242171,0.139522913,0.018031754,0.157409101,0.136914422,0.125068851,0.109203687,0.124866978,0.072828779,0.066547697,0.093000663,0.103337598,0.0840719,0.10532708,0.291785551,0.161372079,0.11745989,0.138040789,0.044468208,0.096224896,0.021091644,0.016427824,0.01421209,0.020162433,0.200963626,0.238942829,0.19006544,0.21390157,0.223741903,0.18804419,0.142121669,0.261863301,0.335754725,0.169892508,0.123325416,0.098009776,0.108806481,0.112035446,0.111609324,0.118262975,0.1136518,0.118849847,0.199767596,0.215229409,0.149849694,0.020545796,0.037657498,0.027475792,0.077425799,0.07613379,0.041338837,0.151067645,0.078543764,0.086158983,0.052540751,0.173397388,0.231953536,0.096512502,0.157056893,0.162425126,0.081642809,0.12816117,0.098013668,0.076628561,0.057563419,0.109404166,0.142325241,0.1205292,0.137540058,0.106020897,0.118780662,0.117817889,0.17847405,0.157555556,0.135391411,0.090151458,0.05989408,0.095441715,0.097251168,0.055523396,0.038138846,0.051905759,0.033677066,0.120540117,0.324792869,0.295320369,0.258034381,0.112280024,0.083228488,0.080118323,0.08294345,0.092001908,0.086127545,0.092714711,0.073191697,0.103400152,0.081118256,0.077248793,0.021007369,0.039686113,0.026065962,0.102892672,0.097103249,0.098170468,0.150319381,0.135289763,0.024428798,0.021568066,0.009970495,0.028098035,0.011359206,0.080440745,0.086155973,0.112422865,0.027486925,0.020464918,0.103906932,0.107007433,0.110065887,0.043859922,0.090932155,0.108580749,0.087264646,0.070576369,0.091440477,0.117200478,0.094864886,0.122028199,0.109465957,0.099100519,0.147673149,0.114801204,0.130917917,0.104795474,0.123087423,0.136442426,0.144359177,0.134774159,0.109130034,0.091916468,0.144410034,0.035527392,0.071945948,0.0192933,0.12091941,0.101052511,0.072450205,0.107534201,0.036653145,0.026626465,0.037315523,0.097895609,0.091024816,0.125772117,0.041162479,0.086710438,0.090312654,0.050938172,0.085831421,0.13782963,0.065479969,0.086426689,0.08639727,0.090589294,0.102962713,0.099141565,0.080402248,0.02901708,0.044183078,0.007897882,0.024222831,0.010662836,0.032860706,0.01498751,0.037818835,0.009483415,0.033202412,0.026736204,0.015805231,0.015764503,0.025371259,0.031387884,0.065431206,0.036135486,0.022320886,0.022325764,0.021766527,0.030372374,0.024230718,0.08068503,0.068611868,0.027023214,0.066473054,0.019522953,0.025698314,0.012852116,0.014141376,0.021801052,0.023606727,0.027936434,0.031681893
231,0.010560196,0.023638612,0.023392521,0.00899664,0.00797352,0.006750093,0.007463951,0.15716434,0.144122665,0.179764824,0.118208336,0.141614826,0.017573573,0.030687736,0.031261106,0.018694091,0.023507427,0.01201445,0.015656729,0.007625324,0.005660023,0.005732133,0.021973064,0.036454665,0.051238852,0.197164511,0.119663366,0.051526243,0.057320621,0.077878726,0.004722045,0.041212752,0.029731666,0.022902313,0.039894867,0.119763536,0.263829631,0.408883429,0.107883198,0.268154151,0.322488643,0.072714095,0.21503539,0.242822218,0.085993657,0.046227686,0.079057716,0.061726211,0.056901531,0.037160524,0.124190893,0.11380421,0.143276107,0.19008993,0.164889931,0.147940731,0.043967407,0.048397617,0.045571491,0.139891705,0.034416838,0.063920143,0.085724735,0.037552335,0.026149541,0.023259327,0.094479029,0.131554546,0.035285487,0.072803823,0.042515526,0.04107178,0.08050669,0.066046802,0.046539339,0.02821739,0.036286376,0.099827052,0.07542204,0.085475292,0.065652568,0.056821381,0.061285535,0.049588336,0.042327089,0.036995094,0.032459977,0.020413169,0.03899053,0.027842209,0.024746809,0.019715851,0.012323911,0.017230029,0.072646553,0.241429836,0.181969687,0.154118164,0.070682505,0.053462353,0.04490093,0.049625504,0.028135722,0.042588487,0.047462296,0.049898072,0.024520359,0.055399164,0.055394371,0.005566911,0.021914718,0.010434779,0.064377225,0.065098478,0.062126902,0.097472516,0.091022691,0.003606,0.003258963,0.002965284,0.004572479,0.003515942,0.018823023,0.036855831,0.02635227,0.003892905,0.005610484,0.022490476,0.037254827,0.039441739,0.010774185,0.020574119,0.029056308,0.013270727,0.006971321,0.012181961,0.040510603,0.018811881,0.049693831,0.045268158,0.025639203,0.022503247,0.022163066,0.087736152,0.04715796,0.023260689,0.079596397,0.07674559,0.072162593,0.0479894,0.041840603,0.020106154,0.007126246,0.008250186,0.003884377,0.011348456,0.023060925,0.006900271,0.011337867,0.007673554,0.059154368,0.089189594,0.008760328,0.026988515,0.026773697,0.010388084,0.024731819,0.055007936,0.042634603,0.036020346,0.044802216,0.007253123,0.032601847,0.038835766,0.032441992,0.025004373,0.024546958,0.017828014,0.056767257,0.039620116,0.001667638,0.023758015,0.002695132,0.048802415,0.003654499,0.002784413,0.002287428,0.010888889,0.033300287,0.009823526,0.002180228,0.03233628,0.034922686,0.006847839,0.02758062,0.004704359,0.019338456,0.023815381,0.044031188,0.036470888,0.131924861,0.060160503,0.018696809,0.140459311,0.030751675,0.005607839,0.009902674,0.014981277,0.003027119,0.006074565,0.012452345,0.010885652
232,0.014156579,0.033751719,0.031415455,0.012027557,0.010477059,0.008926614,0.010695564,0.201420064,0.179828568,0.235929735,0.148548135,0.180744223,0.022712097,0.030516049,0.04684691,0.024788175,0.031265933,0.01739158,0.020690503,0.009716681,0.007167201,0.00738723,0.03302276,0.039347205,0.063741375,0.258388633,0.134781848,0.064571423,0.078248714,0.071803894,0.006093269,0.043574074,0.028196004,0.022475701,0.038933477,0.161818282,0.290650437,0.398033555,0.153902991,0.298159603,0.339968114,0.105363839,0.278554179,0.315169431,0.120419755,0.064912625,0.100388905,0.078540052,0.079390263,0.049200597,0.153311955,0.140297924,0.178258265,0.252791277,0.222226959,0.18896962,0.04827608,0.059129009,0.059242014,0.161553294,0.05407178,0.088765477,0.090591153,0.051247145,0.032161585,0.025085192,0.122275663,0.177527607,0.061553747,0.085788739,0.047031414,0.045610662,0.098507763,0.077807914,0.049754629,0.028870011,0.036822583,0.122171024,0.091014561,0.103043532,0.078305442,0.066323699,0.071791773,0.055301864,0.046295662,0.039869139,0.034535517,0.023226872,0.041229219,0.028127075,0.02670761,0.021700236,0.012750186,0.018899047,0.088908084,0.313771164,0.246338487,0.207617237,0.082855163,0.059675641,0.049199432,0.05564451,0.030140731,0.048640051,0.056451683,0.052868198,0.026459606,0.061185654,0.060471521,0.005853693,0.022681523,0.011227967,0.075658416,0.074574639,0.071723216,0.113397421,0.108832048,0.003729213,0.003282631,0.00324654,0.00452853,0.003849146,0.023433417,0.041381101,0.030624282,0.003891907,0.005856369,0.026947062,0.046177215,0.048925803,0.014246404,0.028988538,0.037606007,0.017470658,0.008782628,0.01689749,0.05058187,0.031221428,0.061344851,0.054940349,0.033134173,0.031106699,0.032506512,0.106374668,0.05783885,0.030742515,0.094670984,0.090527679,0.084022808,0.058032315,0.048175602,0.026337428,0.007806661,0.011907313,0.004078766,0.015409795,0.033367801,0.008904437,0.015139635,0.008505048,0.056240247,0.083334282,0.012195953,0.034889981,0.03076475,0.010975338,0.026426388,0.063599132,0.044350083,0.03828624,0.049330832,0.009252735,0.034780745,0.043738421,0.036842778,0.031639169,0.032376459,0.020011007,0.072051951,0.064461845,0.002009691,0.025934146,0.003321127,0.063902427,0.004284014,0.003511162,0.002920017,0.013786357,0.036539974,0.010632243,0.002665653,0.040271411,0.046101886,0.009559802,0.036609473,0.007015204,0.022397113,0.031377953,0.059970649,0.047883225,0.142976283,0.072203933,0.018997381,0.146204862,0.032980685,0.006216906,0.011471491,0.017436872,0.003556403,0.007465633,0.01291265,0.010778775
233,0.004704634,0.011183905,0.01000511,0.003962929,0.003317124,0.002787797,0.003537491,0.099933711,0.099948424,0.103229531,0.069791421,0.088141954,0.006389625,0.032126447,0.017724382,0.00718128,0.00979612,0.005424506,0.006068994,0.002774494,0.002057766,0.002246351,0.010830742,0.012743152,0.021384689,0.12575809,0.105299144,0.021450403,0.037157475,0.093174403,0.00280848,0.031465674,0.033403361,0.022423352,0.041141885,0.079792515,0.256724053,0.459132585,0.064867146,0.256071456,0.335743484,0.042864061,0.151041008,0.142883433,0.053669096,0.027458099,0.052080484,0.036204373,0.035585025,0.01888577,0.083111672,0.076009951,0.100009737,0.103128548,0.092305221,0.09086263,0.024829614,0.040732436,0.028889581,0.130394607,0.021553604,0.047553825,0.050118101,0.02161886,0.012728163,0.0065527,0.059582984,0.090438944,0.024447511,0.038998221,0.016736007,0.012406377,0.044927771,0.035640054,0.028097961,0.015322831,0.011799149,0.053215247,0.040074565,0.044122413,0.034909233,0.028591561,0.031977398,0.019858487,0.015757472,0.013580511,0.010847024,0.007685298,0.011785542,0.00863415,0.006774955,0.005020994,0.004830293,0.004462245,0.040316469,0.141088183,0.124149018,0.105084144,0.030568825,0.019534244,0.01572621,0.018125459,0.009293573,0.015980415,0.018904081,0.018202037,0.007934912,0.028281347,0.027039541,0.001981092,0.012633743,0.003036049,0.027068805,0.028849183,0.025773658,0.046229848,0.048639017,0.001344274,0.001237105,0.000958803,0.001572861,0.001103486,0.007090121,0.013451257,0.009204738,0.001400737,0.001658211,0.008031984,0.015267019,0.016614242,0.004787045,0.009891066,0.01295976,0.005933641,0.002700369,0.005332288,0.017099077,0.010592997,0.020583766,0.01869821,0.01070405,0.01041673,0.010320811,0.048944644,0.023368686,0.009582157,0.033970955,0.030794439,0.031274322,0.019997779,0.016671587,0.007648085,0.002415376,0.003946396,0.001263116,0.004678338,0.010974675,0.002624575,0.004522921,0.002536656,0.065383085,0.100283901,0.003724058,0.015150587,0.011638711,0.005153884,0.0082802,0.02132336,0.028367484,0.011162982,0.019788074,0.002961815,0.011059527,0.014410547,0.011635542,0.0099443,0.011315514,0.005849942,0.03753831,0.028815159,0.001339729,0.028624934,0.002317543,0.058110789,0.002771571,0.002648372,0.002003881,0.012615657,0.038113539,0.011323863,0.002330435,0.039349443,0.04409865,0.005882688,0.033953287,0.004442279,0.021346312,0.026747162,0.053713493,0.043229776,0.150226289,0.060601039,0.020354236,0.166863287,0.037002044,0.003036159,0.011023697,0.016717866,0.003058453,0.00707834,0.012669894,0.010882257
234,0.005436654,0.014899533,0.012359196,0.004098064,0.002504439,0.001912546,0.003017966,0.448702308,0.541088193,0.356244977,0.294764677,0.379340586,0.004062926,0.044443643,0.037744523,0.005369464,0.012574378,0.003908736,0.004625753,0.001591743,0.001020512,0.00133366,0.01193722,0.026405532,0.03964502,0.564825683,0.158318877,0.035697307,0.079477333,0.104417717,0.004201161,0.042194143,0.041059049,0.027977989,0.051783732,0.200290308,0.397318054,0.605913525,0.161107536,0.470028578,0.616995037,0.132135829,0.538425565,0.603226381,0.139578095,0.069776856,0.23987713,0.131126206,0.1151327,0.045734702,0.438634407,0.392499455,0.548962367,0.289434122,0.239520499,0.414793034,0.033781818,0.075693334,0.059703306,0.393478982,0.038010579,0.240134516,0.145081167,0.063390097,0.027272775,0.007421356,0.287390537,0.471354718,0.043782206,0.156740885,0.0327199,0.009373173,0.183113286,0.155644408,0.142772472,0.074013775,0.019409555,0.203960026,0.15118472,0.155251502,0.140180556,0.102761961,0.133147715,0.047073869,0.025791555,0.018526061,0.011987675,0.009207199,0.011004049,0.008399401,0.006044666,0.002645382,0.006780518,0.003294325,0.146900803,0.585857264,0.639070055,0.539458752,0.086972751,0.044398004,0.03309637,0.039235187,0.015539525,0.032631765,0.038892732,0.050659632,0.010742889,0.119792906,0.110915543,0.003745806,0.065944563,0.004623172,0.071277352,0.092658025,0.069919874,0.159720742,0.186156104,0.00104352,0.001000076,0.000795271,0.001195273,0.00086333,0.006692171,0.026298566,0.01107846,0.000927695,0.001033632,0.008009652,0.025953928,0.030398934,0.006444521,0.014126044,0.022150586,0.008021837,0.001869778,0.004666884,0.031544575,0.011085455,0.035011645,0.037569647,0.015736213,0.015650216,0.00984859,0.188802603,0.068344701,0.011738243,0.08493212,0.060899711,0.076947225,0.040524147,0.038670159,0.007026609,0.001800244,0.003746991,0.000826813,0.003359046,0.013955456,0.001720169,0.003217197,0.001745744,0.079663664,0.114950143,0.002473255,0.025227773,0.018471253,0.008870781,0.015395161,0.048131733,0.161360628,0.010169858,0.059139521,0.00285189,0.021575599,0.029418414,0.019662983,0.01238646,0.01928017,0.006280616,0.142976916,0.059549971,0.003786449,0.066645422,0.007758358,0.392779808,0.008179485,0.008476202,0.006578484,0.052338794,0.064564432,0.021601349,0.010064617,0.171743864,0.255250024,0.015633205,0.185500922,0.016800268,0.045034347,0.126646316,0.365210141,0.299054453,0.193324109,0.09340137,0.024345588,0.214105095,0.095053394,0.006635767,0.047582202,0.095624785,0.013384583,0.040002318,0.018289541,0.012813157
235,0.014226601,0.026705532,0.034839522,0.01090599,0.006859645,0.005133216,0.007607789,0.502692269,0.583104766,0.429635018,0.295209381,0.41004816,0.01013956,0.048330216,0.110438785,0.013099403,0.029168593,0.010012803,0.011137589,0.003989648,0.00278446,0.003699108,0.025275415,0.034559174,0.089597075,0.626793576,0.201149912,0.079482128,0.165621288,0.103409253,0.010726513,0.050975484,0.046278715,0.035931937,0.057244748,0.266101978,0.415183891,0.556192072,0.248518985,0.458295859,0.555877577,0.244982112,0.519318474,0.679916254,0.229994713,0.147536603,0.296826094,0.185069041,0.212199954,0.090914311,0.469718421,0.421849361,0.589395202,0.375360515,0.321650896,0.392662779,0.044767326,0.089443923,0.077620349,0.347172337,0.073530057,0.219920889,0.17536588,0.08002447,0.041446523,0.009062993,0.316174988,0.535089075,0.08089447,0.15094466,0.040483365,0.021257677,0.180740419,0.128280952,0.107409992,0.054563168,0.024692664,0.198271368,0.150061191,0.166490143,0.129307515,0.101197862,0.115309718,0.055056627,0.034032574,0.027128952,0.020546026,0.019080995,0.020358082,0.015853038,0.008390071,0.004652884,0.01257847,0.004385636,0.180218994,0.665210614,0.727276533,0.610726593,0.123682527,0.067641724,0.048551243,0.060831384,0.019743512,0.053307454,0.074212083,0.052221946,0.0149846,0.103068643,0.097617976,0.004830546,0.046514429,0.004580204,0.108932499,0.10955182,0.098903365,0.171344486,0.203785167,0.003749378,0.003313485,0.003373876,0.003793215,0.003932723,0.013545316,0.041335605,0.018800935,0.003676077,0.004535648,0.014870501,0.046198541,0.051474848,0.011262868,0.024372646,0.035765704,0.01355224,0.004504057,0.010272969,0.052419962,0.026285123,0.069002243,0.062047222,0.024810818,0.045142834,0.022575735,0.210411952,0.100175165,0.025427234,0.142925978,0.123735152,0.115430031,0.069026773,0.052666697,0.019529527,0.005592425,0.009118671,0.003505719,0.008311626,0.02589216,0.004324871,0.007780196,0.00554325,0.081257601,0.11283821,0.006379611,0.045761072,0.037537123,0.013400044,0.016843656,0.080456554,0.113832927,0.019014268,0.057898422,0.005647958,0.026638706,0.045446139,0.032200648,0.021859724,0.03005089,0.009737424,0.137981176,0.095406853,0.007718051,0.076337204,0.013592382,0.35788811,0.014194814,0.010869747,0.012666974,0.054289238,0.080943813,0.031009364,0.009831458,0.166922047,0.230940415,0.030526942,0.175851524,0.037898346,0.066451547,0.129025094,0.33186428,0.263286113,0.234862174,0.150655018,0.029781619,0.224934204,0.085812973,0.01491373,0.044346477,0.082814633,0.013741058,0.036344714,0.02501688,0.018974735
236,0.009901239,0.022244841,0.020230687,0.008450921,0.007226719,0.006040487,0.007159727,0.247447114,0.186410899,0.313996173,0.185434146,0.225698278,0.014615009,0.030387904,0.030967137,0.016541081,0.022641488,0.012117601,0.013755171,0.006165495,0.004595144,0.005039107,0.019213472,0.040455397,0.055644341,0.357846762,0.120043541,0.057110964,0.065520545,0.059273342,0.004753946,0.048316569,0.027679036,0.024847609,0.039001886,0.169156846,0.255490413,0.32755254,0.141434961,0.302955091,0.336134016,0.105864375,0.395341357,0.470848491,0.114455404,0.058279413,0.140216621,0.102740409,0.086655606,0.046412371,0.168614919,0.171654372,0.183224358,0.347105474,0.291287471,0.22751343,0.057618267,0.055599822,0.06001428,0.185965078,0.038274346,0.101806982,0.233502583,0.049039616,0.031574681,0.031332973,0.15710248,0.211533122,0.041712451,0.127466064,0.064186068,0.048085865,0.133700429,0.123178735,0.109197572,0.06106016,0.042654731,0.150765235,0.120368895,0.128900203,0.113172187,0.094163685,0.111487207,0.071781528,0.067022706,0.065937685,0.052058996,0.02365765,0.04948988,0.02994568,0.032703463,0.026168081,0.014039461,0.022972955,0.115019198,0.466924372,0.30223419,0.254029668,0.089656606,0.059690688,0.049078892,0.054866993,0.028697183,0.046809563,0.052327147,0.06281409,0.023627669,0.101180474,0.096884998,0.007090627,0.052164017,0.013799717,0.078762989,0.091000299,0.077662024,0.140969212,0.140820191,0.003692741,0.00310055,0.003520582,0.003809157,0.004214289,0.015040293,0.040173568,0.024799117,0.003675181,0.005799062,0.019647411,0.04021,0.04480627,0.009928026,0.021787253,0.033400176,0.015026592,0.007199427,0.013562411,0.047362028,0.016697115,0.057609585,0.053362431,0.02536472,0.020458178,0.018768646,0.136655067,0.066836238,0.022093584,0.096680339,0.089709833,0.105244081,0.057924045,0.0510435,0.017792155,0.006327158,0.007619534,0.004111915,0.01016414,0.021744099,0.005909192,0.010050885,0.006944464,0.052481467,0.074539909,0.008217323,0.027627844,0.025854294,0.012220295,0.025665033,0.061950872,0.115066475,0.051372152,0.072690318,0.007521418,0.035453151,0.04300693,0.033743528,0.023292737,0.027884354,0.015100151,0.084817627,0.04752053,0.001876789,0.024653886,0.003043127,0.122855232,0.003695423,0.00319087,0.002594727,0.014313675,0.031639803,0.009837484,0.002883589,0.046468565,0.05846114,0.006911649,0.043457978,0.005691547,0.019946539,0.039674198,0.102964516,0.074317641,0.108564484,0.05432481,0.01634883,0.116227108,0.037316322,0.004232548,0.018273123,0.038941512,0.005876152,0.012165863,0.012145733,0.0105807
237,0.008350128,0.00306423,0.011776076,0.004578567,0.001518375,0.000980032,0.001687867,0.036379233,0.038079121,0.127189533,0.16481684,0.129091951,0.001675804,0.196641057,0.016970603,0.001724862,0.004322904,0.000925338,0.001666206,0.000915877,0.000494551,0.000650057,0.002159193,0.009115923,0.058354978,0.668523105,0.150575282,0.069344924,0.053264109,0.289733131,0.01807835,0.189896869,0.319673751,0.334295442,0.312311045,0.069731695,0.270500014,0.500486009,0.047507062,0.26071074,0.327065962,0.032061324,0.207826433,0.69670044,0.055321123,0.034345701,0.046115114,0.055346511,0.038532856,0.021466201,0.051918412,0.055883388,0.035529686,0.094435133,0.12603208,0.079147881,0.099266749,0.170539482,0.075977371,0.137313221,0.23396697,0.053200916,0.572022298,0.238458152,0.312827916,0.080744284,0.592717152,0.727535365,0.087108027,0.454389182,0.24657487,0.281647522,0.242623018,0.179658412,0.08506632,0.056642261,0.135977414,0.168700562,0.178910952,0.181341778,0.184958404,0.175621199,0.272976595,0.401378137,0.226350087,0.158999607,0.153924906,0.294302759,0.198387353,0.133498767,0.078628717,0.076774447,0.208834927,0.047656028,0.084004758,0.6528443,0.778366799,0.734408575,0.067976055,0.01555239,0.011637088,0.018361373,0.004224982,0.01905047,0.031202557,0.010415865,0.002583102,0.057972459,0.038927282,0.059777998,0.028244178,0.022471244,0.051195563,0.044065514,0.042794925,0.170067087,0.121306844,0.040040598,0.031637741,0.096367232,0.037488955,0.117408751,0.001715174,0.013001309,0.004325115,0.028694722,0.111541775,0.002375646,0.025472646,0.035390704,0.005163259,0.007551419,0.022930625,0.009477772,0.005241589,0.003332719,0.037137463,0.001565582,0.070638157,0.040427821,0.004612212,0.011813954,0.00198705,0.113752413,0.037904805,0.00409475,0.142201234,0.18576061,0.130474091,0.051183528,0.019813852,0.002524222,0.063585422,0.012753986,0.063423506,0.00099037,0.002796031,0.00089881,0.001117074,0.066558973,0.304232462,0.318564989,0.002317227,0.295006318,0.459013716,0.157600168,0.00298438,0.030077401,0.025573398,0.182368311,0.21002638,0.00502782,0.006077046,0.015360074,0.009358208,0.004607369,0.016503965,0.001616379,0.055702723,0.103046642,0.003679413,0.047042028,0.004598722,0.064910754,0.006094187,0.002384763,0.003811458,0.012369301,0.13959206,0.024495592,0.001679483,0.08900776,0.047514149,0.006051912,0.027786793,0.005166854,0.086435886,0.190148798,0.078157143,0.013789344,0.32323755,0.284150004,0.039112114,0.278796037,0.042012444,0.005569314,0.012510919,0.019836926,0.003471702,0.009824467,0.033113796,0.032705115
238,0.01247467,0.010486065,0.014770659,0.009194886,0.006259483,0.005039327,0.006330084,0.126131231,0.083157174,0.223387369,0.136816541,0.15291455,0.006515859,0.180213885,0.019338995,0.007439827,0.010478742,0.005483743,0.006898506,0.004616576,0.004047444,0.004318797,0.009595853,0.011264907,0.048344341,0.499198052,0.134734561,0.059995361,0.05518213,0.228331109,0.016992944,0.187560839,0.273592524,0.290470383,0.272157123,0.086733942,0.276733904,0.486139741,0.058891354,0.303808636,0.37185577,0.040445765,0.304776611,0.53263137,0.05899503,0.038191763,0.058519613,0.055461874,0.042266564,0.025694733,0.074141586,0.074696651,0.078799882,0.236224261,0.205988992,0.096499406,0.123715965,0.18162523,0.108465148,0.166358207,0.269496203,0.087547813,0.442125672,0.262495053,0.33815278,0.107710101,0.361502899,0.484675777,0.146076162,0.27657949,0.227914419,0.342425126,0.155466036,0.102421698,0.091549383,0.104104142,0.2913946,0.12518687,0.119473826,0.133407302,0.113656414,0.132371043,0.164709532,0.280275866,0.227039242,0.167960683,0.22342901,0.362020515,0.288268276,0.316431231,0.115020905,0.069352586,0.235372142,0.045134747,0.077519543,0.516252868,0.565451862,0.510484488,0.05344077,0.013786351,0.011745872,0.017059404,0.008479417,0.018787568,0.027010151,0.012654473,0.006934638,0.047342111,0.03506928,0.055966652,0.039716953,0.023134864,0.040896041,0.035770134,0.035196707,0.132192653,0.103397276,0.044431228,0.035818596,0.083938139,0.037850081,0.102108671,0.009970891,0.014327923,0.009612293,0.036959429,0.098376941,0.008613481,0.028382255,0.036128157,0.018375296,0.016477325,0.027527534,0.01461824,0.009201628,0.008408155,0.037570062,0.007439833,0.061774211,0.038378528,0.011288274,0.01488563,0.009869754,0.10019576,0.038377503,0.010453392,0.107421963,0.139442769,0.101883796,0.0460904,0.022207246,0.007350615,0.060306177,0.016855206,0.060308833,0.005835889,0.009590047,0.004764761,0.005926187,0.062710596,0.262114487,0.273517397,0.006426337,0.383791428,0.500820484,0.17093411,0.007629571,0.025420996,0.034940074,0.250792367,0.209335675,0.009617696,0.009470425,0.016082663,0.012701367,0.012238773,0.023042753,0.007254758,0.090039284,0.1412856,0.023978984,0.084762565,0.023109086,0.092329536,0.036116091,0.008558079,0.019398267,0.024407459,0.135952357,0.060354249,0.003839911,0.085504744,0.052277045,0.028286281,0.040723184,0.023272309,0.090385132,0.157414982,0.089580605,0.027387742,0.289194753,0.261498475,0.150022092,0.246621789,0.04848761,0.044774574,0.023625828,0.039046366,0.010772013,0.016767122,0.164784819,0.21591941
239,0.009373604,0.004288592,0.01244406,0.00535202,0.001920418,0.001277295,0.0022579,0.12981927,0.084170113,0.25998952,0.183142265,0.186065909,0.002089152,0.213006623,0.018242203,0.002218343,0.005565371,0.001239061,0.00212895,0.001147686,0.000648404,0.000851022,0.003030587,0.01058913,0.063262198,0.719460035,0.150106831,0.074956733,0.060513083,0.275724835,0.018546609,0.214482914,0.334927023,0.356065349,0.328803611,0.093763213,0.293417938,0.507319857,0.061744161,0.323419548,0.385175171,0.044207211,0.363741265,0.768227037,0.065611562,0.041294035,0.068709312,0.068218865,0.048237623,0.026102062,0.082543302,0.085761191,0.078949374,0.263788263,0.240801252,0.116287202,0.128409588,0.197907266,0.106023574,0.167626303,0.277217861,0.073538597,0.617907402,0.270557193,0.361483625,0.123892053,0.540768391,0.718764169,0.097194703,0.397649598,0.280267584,0.409844554,0.224112586,0.155562978,0.10903107,0.109597106,0.305417665,0.176184943,0.171117425,0.187455704,0.166558477,0.176581878,0.23683939,0.362492555,0.281506511,0.196588479,0.259713127,0.398501409,0.334521623,0.326035348,0.129439115,0.089372305,0.276982973,0.056970203,0.098903035,0.737240866,0.826994466,0.751524786,0.074441207,0.017145815,0.01303555,0.020368214,0.005461445,0.021143325,0.034108497,0.012600153,0.003447519,0.061062227,0.04321498,0.069416767,0.042624217,0.027419005,0.055710649,0.047219456,0.046783369,0.187205798,0.138691539,0.040481116,0.032092282,0.095313161,0.037523962,0.116058257,0.002709276,0.014545126,0.00513783,0.029381476,0.110251267,0.003125372,0.027889366,0.038887176,0.008787028,0.009944838,0.026176696,0.011371527,0.005802054,0.004135839,0.040883054,0.00229212,0.076661973,0.044381682,0.005899183,0.01257558,0.002599548,0.131123934,0.044591544,0.005275177,0.154665433,0.201568112,0.142730173,0.05617418,0.022952109,0.003027009,0.063532431,0.013713104,0.063082415,0.001346076,0.003878593,0.001150559,0.001468984,0.066444474,0.312972395,0.321241448,0.002672547,0.387738944,0.527516846,0.202355429,0.004214647,0.032959381,0.03702811,0.295578781,0.259189462,0.006125223,0.007425556,0.017150834,0.010501361,0.005716544,0.019694116,0.002563584,0.082005387,0.138217274,0.019706554,0.089243752,0.018687255,0.11296096,0.028960011,0.006389054,0.01567672,0.02389166,0.172674332,0.05623083,0.003403385,0.109425949,0.063303097,0.021339679,0.044421188,0.019466147,0.111247623,0.216370718,0.113683443,0.030093527,0.380422704,0.337615004,0.140013633,0.325025413,0.056508684,0.030694979,0.020261824,0.039470577,0.006277735,0.01599368,0.150808919,0.196365107
240,0.008839843,0.003113212,0.013985713,0.0048887,0.001576746,0.000973869,0.001680577,0.408130093,0.413618799,0.46445061,0.262258638,0.357280618,0.001842805,0.414951454,0.025682883,0.00179023,0.005315831,0.000997246,0.001756272,0.000943291,0.000458406,0.000628511,0.001993356,0.011259537,0.06346708,0.776071466,0.194246097,0.074805216,0.074978,0.345950918,0.018597317,0.508245606,0.513616603,0.56136655,0.544127426,0.191505765,0.363865397,0.564587597,0.168171997,0.401816592,0.45488491,0.114824879,0.460726324,0.850273332,0.135831727,0.053465039,0.15698834,0.101252245,0.084298206,0.029589421,0.31738885,0.278800819,0.412936543,0.454968007,0.369077307,0.245389667,0.487981356,0.459707641,0.464616667,0.358122109,0.510466757,0.319706968,0.631384902,0.408610071,0.359317421,0.08570481,0.516712351,0.729531916,0.085476944,0.360099085,0.238075673,0.331362699,0.240316112,0.182868692,0.09754153,0.079656974,0.212081705,0.202703424,0.186914851,0.209134187,0.182041184,0.168972054,0.232827117,0.259359903,0.24964242,0.170662169,0.24312547,0.278148871,0.285829663,0.169324138,0.084479125,0.077306962,0.23151406,0.048612287,0.139445853,0.8329936,0.88760561,0.786355236,0.078017087,0.017883069,0.013619751,0.020821122,0.005469881,0.021628352,0.034704125,0.012198586,0.003696559,0.063385639,0.043622112,0.060505173,0.03535935,0.023478323,0.056886747,0.049126291,0.047522161,0.209748764,0.189911339,0.0374427,0.029665219,0.090878488,0.035389435,0.110668081,0.001557929,0.015254889,0.005205031,0.026506079,0.105127375,0.002769133,0.027668078,0.038533599,0.005011604,0.008079431,0.025133964,0.010205913,0.005013864,0.003500455,0.040476573,0.00157821,0.076586704,0.044423536,0.005015155,0.014703988,0.001643169,0.186388187,0.052024759,0.004823442,0.156745517,0.201362162,0.150658486,0.056401362,0.023185339,0.003279308,0.05996924,0.01215536,0.059585792,0.000962054,0.002872245,0.000907968,0.00109841,0.062744013,0.526936056,0.551145265,0.002192878,0.476716023,0.53529235,0.175441167,0.003758045,0.033544967,0.032739463,0.261458293,0.228034637,0.005012184,0.007828654,0.017863218,0.010987979,0.004949355,0.018115514,0.001915364,0.409581295,0.466345434,0.022894912,0.096504191,0.021238396,0.111279526,0.032998492,0.007251834,0.017919962,0.028152749,0.16594028,0.059707721,0.003979433,0.114160375,0.079694452,0.023962005,0.057892201,0.02287635,0.108262283,0.208428918,0.119645247,0.037934207,0.35297432,0.314826639,0.159405224,0.300932715,0.053495064,0.033240963,0.018451924,0.03287661,0.005627772,0.016241902,0.175658877,0.233770308
241,0.013010692,0.019300206,0.011033348,0.008780075,0.004124025,0.003142872,0.007695263,0.174148755,0.072777432,0.32612487,0.143332983,0.184182564,0.004495376,0.141092141,0.015470631,0.007014316,0.013248955,0.005564653,0.005884088,0.001695766,0.000879848,0.001673916,0.016004943,0.012009183,0.048085611,0.542225174,0.119612956,0.05773611,0.062216329,0.164164114,0.014518245,0.143976394,0.221223892,0.239434599,0.216829414,0.101511499,0.303034094,0.506656158,0.062624078,0.372701868,0.462528429,0.045211247,0.454153383,0.582183222,0.063309519,0.046480334,0.066230327,0.063236899,0.049251208,0.031422035,0.063460563,0.07058407,0.064602921,0.379117188,0.306651256,0.111256874,0.084801323,0.162161031,0.080766189,0.229081303,0.267093366,0.130991189,0.493889004,0.297421376,0.425887612,0.209566068,0.34257865,0.492652336,0.298137915,0.24596375,0.334895233,0.560151901,0.139502332,0.072414935,0.141515448,0.215046949,0.617083759,0.126697614,0.11054072,0.13558141,0.094142597,0.147681388,0.129760874,0.297576772,0.349596387,0.286256338,0.385676379,0.587117751,0.510213605,0.706910005,0.231731267,0.108166426,0.397676441,0.072601351,0.086515292,0.576842709,0.600212716,0.529678387,0.056620641,0.013779427,0.011744804,0.017777628,0.011449353,0.019261221,0.027059619,0.017467132,0.008135165,0.055307374,0.04390109,0.08787991,0.075612994,0.039235628,0.042980593,0.038196823,0.037564852,0.1413622,0.110945646,0.043925937,0.03579621,0.068404173,0.032939797,0.082931567,0.02536974,0.013678177,0.010383658,0.039858902,0.078921346,0.013609468,0.028168734,0.038138462,0.072762924,0.034792421,0.035637119,0.024072167,0.015446411,0.014519949,0.03887277,0.01376736,0.061617919,0.039595394,0.017534616,0.011747706,0.013332508,0.109064519,0.045115184,0.013614314,0.115005968,0.149383639,0.108848836,0.048682956,0.025921171,0.005185224,0.055748749,0.025324563,0.052077217,0.004495255,0.016389413,0.002198676,0.00437488,0.059729229,0.198589692,0.197782813,0.007179539,0.48186776,0.560538942,0.279258242,0.013039975,0.026453907,0.060381498,0.42843274,0.317948487,0.021054817,0.01101571,0.016107598,0.011015303,0.019959891,0.036132953,0.016461113,0.088819425,0.124979105,0.057220507,0.182222145,0.056192007,0.162267396,0.09184303,0.016815965,0.045479861,0.049373993,0.231175359,0.1616508,0.007259401,0.143613924,0.08883856,0.065831836,0.076249774,0.053090127,0.160802252,0.232647945,0.149011066,0.050466405,0.439360465,0.412863818,0.355138953,0.370882981,0.080006622,0.128709095,0.042973705,0.072730042,0.01686276,0.027617403,0.396330568,0.517313795
242,0.009299257,0.00568163,0.012127279,0.005318146,0.00184358,0.001226462,0.002585788,0.32918939,0.308887948,0.415067888,0.238575149,0.307861109,0.002048043,0.369409361,0.018211596,0.002438752,0.006121814,0.001525313,0.002248438,0.000967938,0.000439796,0.000703291,0.004212706,0.013339334,0.064872849,0.738459107,0.169875473,0.076240579,0.063961234,0.324298571,0.018332744,0.425774363,0.475965172,0.51745705,0.491841779,0.11134754,0.308648687,0.552628914,0.070875525,0.370896963,0.444648682,0.053537212,0.453089555,0.797055456,0.072945498,0.04402592,0.126519088,0.088867339,0.056403716,0.028117365,0.242381446,0.217174064,0.306382525,0.417189284,0.321065563,0.207868327,0.377556816,0.386551308,0.352314832,0.291326363,0.467515268,0.234343501,0.63188505,0.393458599,0.404799726,0.117263431,0.516690671,0.708705163,0.106192135,0.371909587,0.286621471,0.418926949,0.234098929,0.172470932,0.114635161,0.111212694,0.309023782,0.195970605,0.182335849,0.204215658,0.176663629,0.179273902,0.232060382,0.303993959,0.300074966,0.215209172,0.300497916,0.368591921,0.363865912,0.289296304,0.120365285,0.090785386,0.284266665,0.057689818,0.127114696,0.781777867,0.841351794,0.753977073,0.078554711,0.018364332,0.014615057,0.021748778,0.007553289,0.022893136,0.035798434,0.013650494,0.005676683,0.065803068,0.046264738,0.07099463,0.044658582,0.027925314,0.057853124,0.04990767,0.048662965,0.206337767,0.175713021,0.037632195,0.029890219,0.08983576,0.03520573,0.109361481,0.003879475,0.016954381,0.0067599,0.026884251,0.103799489,0.004364516,0.02913837,0.040406715,0.011864123,0.012177581,0.027695577,0.012161521,0.005765278,0.004712616,0.042199619,0.003491833,0.078442042,0.045975783,0.007063828,0.012312724,0.003441528,0.170313884,0.050403912,0.005930393,0.159152544,0.205537635,0.151146838,0.058213951,0.024797451,0.002958515,0.060154764,0.014099642,0.059128144,0.00143216,0.005026514,0.001022419,0.001517836,0.062952838,0.471762578,0.487928767,0.002874204,0.507699171,0.605218362,0.210555142,0.005231371,0.034404058,0.039650228,0.326669811,0.271294115,0.006464597,0.010370427,0.019407719,0.012888785,0.00731682,0.021447836,0.003276711,0.300826013,0.371040997,0.028764494,0.114585499,0.026500651,0.095177651,0.041658186,0.008560629,0.022286714,0.030522892,0.192996485,0.074901915,0.00438091,0.118246346,0.07054852,0.029635131,0.053201865,0.027535562,0.126195189,0.224176238,0.104350952,0.025555523,0.430011549,0.376946884,0.201202547,0.364754732,0.063448506,0.043743582,0.025377142,0.037739057,0.008956521,0.017295472,0.220794598,0.292405387
243,0.01373494,0.020436081,0.034820735,0.008811097,0.003655122,0.002319373,0.003673961,0.062396831,0.053984051,0.141518248,0.087969236,0.105114146,0.006084874,0.09500139,0.130529398,0.009046578,0.023568273,0.004271567,0.007498946,0.001869587,0.000970028,0.001442842,0.016186154,0.051158501,0.040543785,0.628074983,0.253481361,0.038162298,0.187440328,0.129833007,0.013998985,0.11395246,0.105344813,0.105713541,0.118256397,0.385951097,0.518363088,0.465796377,0.432430106,0.478132542,0.437962468,0.267925273,0.530382635,0.673406612,0.314591837,0.130106669,0.064040164,0.068748796,0.158239298,0.063504199,0.045377913,0.048467345,0.049959467,0.125287249,0.272624202,0.055725427,0.111702104,0.115307934,0.111625658,0.210480185,0.110648299,0.12136931,0.223543563,0.107799268,0.083826014,0.020687003,0.311173227,0.536134394,0.108954845,0.146014146,0.08187986,0.051059856,0.095439802,0.050854517,0.034528907,0.024642923,0.041275957,0.062551547,0.067594955,0.066563249,0.059097562,0.056101789,0.070374775,0.099642792,0.071088446,0.077972395,0.051899968,0.043356212,0.04840993,0.035833584,0.020578502,0.015958831,0.029480567,0.016001088,0.066273812,0.621706343,0.717083278,0.605127935,0.035557831,0.034103197,0.040318323,0.035680262,0.049481783,0.042337682,0.041603003,0.027708693,0.056242923,0.033039426,0.030021539,0.011862034,0.02311552,0.017093345,0.033589076,0.032655809,0.033159603,0.042589484,0.056090644,0.025421799,0.020102834,0.059926994,0.023799474,0.073015619,0.03864229,0.050758513,0.052705315,0.018486848,0.069572868,0.049275946,0.039162892,0.036494449,0.012134491,0.02035608,0.025990048,0.011578349,0.005282284,0.007826625,0.031743134,0.008561755,0.038225436,0.034123253,0.027438681,0.045765907,0.01762476,0.068303614,0.054584219,0.022426276,0.036068705,0.038890386,0.039764004,0.036158595,0.036359257,0.013985274,0.040890158,0.011406783,0.039790323,0.003663972,0.015668709,0.00230941,0.004255674,0.042682099,0.133724899,0.164290021,0.003379213,0.089746988,0.106125283,0.025567176,0.03783301,0.034036887,0.023625329,0.047571108,0.0613038,0.005562099,0.053024836,0.048274065,0.05297187,0.042462613,0.023506488,0.036403091,0.118115093,0.107993012,0.004223759,0.039082527,0.00502792,0.178658971,0.006714144,0.002667709,0.004128135,0.013910878,0.088059672,0.019859441,0.002197218,0.085320413,0.06080449,0.006622364,0.038915915,0.00621668,0.053882079,0.148994285,0.152679763,0.063785574,0.12279696,0.11614146,0.030420055,0.13414814,0.046945374,0.006584395,0.033187254,0.066976384,0.012747993,0.017992406,0.030144903,0.033659445
244,0.011348185,0.019495789,0.009287448,0.007913123,0.004028264,0.00315816,0.007596491,0.114533791,0.083779022,0.194826213,0.128147082,0.142352801,0.004436186,0.149568011,0.013016474,0.007160197,0.012737378,0.005878993,0.005938614,0.001674846,0.000952568,0.00172998,0.01651912,0.015127766,0.039841619,0.441482248,0.111355135,0.047323291,0.051339169,0.16045743,0.01170972,0.171548864,0.2072831,0.223263156,0.213285604,0.069740701,0.234454053,0.425798971,0.043904225,0.26622851,0.351943534,0.03105901,0.264625414,0.452148856,0.04914508,0.037524263,0.052942036,0.050579278,0.037747461,0.026460571,0.072382159,0.070819134,0.08010572,0.200964924,0.174084909,0.088209993,0.139546999,0.185226587,0.138852577,0.223872355,0.282753303,0.170709996,0.404625307,0.300051258,0.372141971,0.152249475,0.380644701,0.465680845,0.26962799,0.292260985,0.302584115,0.413999699,0.154701841,0.098201734,0.113777019,0.150983086,0.422230994,0.11234397,0.114196896,0.121480383,0.110992689,0.14145958,0.158941071,0.31483907,0.298157607,0.259800902,0.285967329,0.434701524,0.367976719,0.470489298,0.165231336,0.088648272,0.304861814,0.058404871,0.071894741,0.437818506,0.493287811,0.4677046,0.045551931,0.012869994,0.012478023,0.016453293,0.014332839,0.018683801,0.024074231,0.015419132,0.012389751,0.05134181,0.038729385,0.072674238,0.055667405,0.030564099,0.035293778,0.033357588,0.031306896,0.112258251,0.092361471,0.033220319,0.027290187,0.0528443,0.026238433,0.064206412,0.024522279,0.015979495,0.01326951,0.029069231,0.062173329,0.0152031,0.026191473,0.033692108,0.068454216,0.033373037,0.031758013,0.021385802,0.013205286,0.01371229,0.033553807,0.014308652,0.050768032,0.033920113,0.017672934,0.009982064,0.014040517,0.092517106,0.037842151,0.013312804,0.089134014,0.115184474,0.086127121,0.04090671,0.023501398,0.004976741,0.046304216,0.023130105,0.040413367,0.00464188,0.016530409,0.002209999,0.004487194,0.049124758,0.204789862,0.212809949,0.007049362,0.387269366,0.482729783,0.217925851,0.013151288,0.02264557,0.046424032,0.314197664,0.265986493,0.018392564,0.015121368,0.017328974,0.014682053,0.021106495,0.032801502,0.015272947,0.143370634,0.172559237,0.041384481,0.14410642,0.041202944,0.09290494,0.066070155,0.01279232,0.033341168,0.03923581,0.200768375,0.129213055,0.006210264,0.120811881,0.074240621,0.047962489,0.061863638,0.038527274,0.137385031,0.191893392,0.097175875,0.032949921,0.428708048,0.383060442,0.269202958,0.370292547,0.093179143,0.091737982,0.083286765,0.088130376,0.038896392,0.027775401,0.290584639,0.360001508
245,0.011141936,0.022970106,0.006908358,0.008238272,0.004539927,0.003617355,0.008650877,0.03865125,0.030670086,0.07321263,0.065585988,0.064638413,0.004957375,0.079742324,0.009278355,0.00817646,0.014366295,0.00677579,0.006751163,0.001851491,0.001116509,0.002013469,0.019294826,0.017389645,0.021446238,0.200461076,0.076150718,0.025186923,0.040977822,0.07821337,0.007224897,0.124509556,0.094143041,0.104064427,0.110975754,0.039207874,0.15813961,0.313272561,0.024499922,0.171643887,0.255151241,0.016047988,0.114678951,0.186920307,0.031201781,0.030951307,0.023647871,0.028883533,0.024551953,0.02364859,0.028256916,0.028018669,0.02881851,0.070428249,0.07034006,0.038680747,0.137609726,0.159138702,0.151097003,0.210274867,0.277976221,0.199555631,0.209609197,0.305032536,0.367938167,0.169726678,0.227931655,0.242315833,0.318330762,0.196159112,0.287883423,0.42492489,0.093067568,0.059125082,0.113772194,0.175099375,0.492776521,0.057114503,0.067175135,0.064041655,0.068578797,0.112058371,0.100867637,0.247378123,0.294566028,0.262037607,0.298602359,0.456975037,0.392306837,0.563974048,0.187412535,0.088134445,0.316604891,0.059378614,0.040622409,0.178494209,0.215884694,0.225167139,0.022294259,0.009754299,0.011909034,0.013116522,0.019844977,0.016106776,0.016146148,0.016766944,0.018410649,0.043560394,0.034629399,0.078829722,0.064055925,0.033143899,0.019097389,0.022166031,0.018883705,0.048835558,0.045382964,0.036375537,0.031158272,0.026966046,0.023683824,0.033111942,0.030313729,0.016260518,0.0169542,0.037703549,0.035523167,0.019374753,0.022031551,0.026186572,0.086728487,0.037706828,0.029616506,0.023027378,0.014867022,0.015634948,0.024826291,0.016312932,0.028927702,0.023634667,0.020848302,0.007918622,0.016344466,0.049537319,0.02875185,0.01520802,0.037200679,0.047003658,0.039287567,0.026763297,0.021603807,0.005353763,0.038153642,0.024376761,0.031445936,0.005348588,0.019252875,0.002493403,0.005139091,0.038862627,0.11059002,0.120994705,0.007814805,0.339672845,0.430287977,0.223165488,0.019006069,0.014433747,0.051930002,0.327968977,0.261503279,0.021164302,0.019381299,0.016648332,0.016701975,0.02510962,0.033935428,0.021154248,0.164781331,0.186066679,0.053290028,0.161274212,0.052597156,0.060194485,0.083846482,0.016401044,0.042601579,0.046478509,0.189807454,0.14960984,0.008280597,0.108913942,0.071214046,0.062617248,0.067189758,0.047698909,0.1345411,0.14107776,0.066686397,0.034968848,0.40373586,0.374292817,0.338028522,0.359621132,0.140429215,0.118969945,0.187218198,0.169309966,0.093157005,0.042670252,0.362653057,0.435628617
246,0.01386366,0.03814871,0.006836106,0.00972877,0.005250498,0.00376124,0.007105067,0.009182787,0.009195529,0.012709771,0.037003578,0.018028512,0.005649325,0.019180569,0.006757601,0.00991807,0.025645432,0.004353686,0.008295184,0.002059714,0.001296881,0.002296512,0.026692811,0.035965852,0.047861292,0.004928765,0.020043839,0.052300767,0.028228895,0.010010802,0.009405304,0.051749103,0.011426009,0.015179883,0.023580821,0.007797515,0.015144856,0.03645541,0.004567537,0.018987424,0.029398181,0.004372971,0.008242281,0.003026742,0.010820007,0.030193493,0.018673535,0.030728097,0.015683952,0.040507733,0.023053971,0.024558796,0.00955434,0.014230991,0.012874817,0.028122599,0.075309936,0.087240203,0.08895929,0.051147392,0.250833521,0.081672678,0.021878677,0.239796192,0.285755642,0.08492762,0.00807717,0.00457396,0.143013451,0.030330772,0.125070569,0.227271779,0.033799191,0.038081158,0.119256383,0.139905873,0.289659226,0.066367295,0.050615029,0.068997323,0.040891908,0.075517566,0.029144156,0.056150097,0.152712073,0.097160715,0.166131791,0.225186776,0.229001854,0.254835576,0.09003423,0.049008341,0.166772307,0.035808579,0.042633439,0.003914323,0.002000284,0.004155712,0.051973708,0.024960554,0.028067118,0.029647833,0.045828488,0.03357266,0.036554277,0.042612494,0.0425331,0.077128148,0.070247134,0.068415053,0.069294756,0.028387218,0.044231883,0.047784163,0.042119249,0.09909105,0.062338988,0.136710418,0.126482428,0.029916632,0.106635532,0.036981119,0.041044629,0.034343513,0.030898964,0.174837705,0.069378097,0.032076139,0.036721924,0.042154673,0.081075698,0.034519601,0.036913529,0.028241142,0.028453917,0.01713286,0.04234473,0.012116696,0.054136782,0.045034995,0.041334564,0.009350376,0.02420703,0.050553932,0.045252747,0.027650482,0.089347231,0.112697881,0.08016911,0.049366725,0.048686431,0.006674622,0.095715604,0.02971585,0.089908235,0.005371831,0.030900699,0.002740471,0.005536415,0.084441312,0.024584295,0.027518229,0.007352946,0.281655735,0.419347688,0.132770339,0.055503358,0.03336856,0.09198813,0.187551096,0.161471439,0.03076612,0.040063392,0.034630448,0.033414748,0.034841701,0.037714252,0.043127303,0.078575958,0.135739986,0.038868019,0.077425833,0.049592987,0.013543075,0.08894574,0.019517891,0.036474446,0.031596301,0.063700141,0.13017616,0.006323621,0.025270865,0.024698444,0.084526423,0.033816963,0.038052468,0.053259924,0.024343289,0.014422704,0.008698188,0.107689809,0.112392999,0.147639669,0.084756993,0.021461055,0.200747616,0.018313037,0.018203677,0.009150509,0.008799865,0.159960016,0.202683627
247,0.010441712,0.018727406,0.027394667,0.007352163,0.003783283,0.002801339,0.004600975,0.138919474,0.066009792,0.273605435,0.143309912,0.177993038,0.006359304,0.068925414,0.097530635,0.008646405,0.0235595,0.01037286,0.007514826,0.002279843,0.001255654,0.001886098,0.014320343,0.078583019,0.057717978,0.568176148,0.292059947,0.060137408,0.176780337,0.121133617,0.009314863,0.08947739,0.06197221,0.05533643,0.080126776,0.295787344,0.478726555,0.593527877,0.299819372,0.480431021,0.578323816,0.19157542,0.446912701,0.629392452,0.237602073,0.122098897,0.083638062,0.092911228,0.135935774,0.074495548,0.057088684,0.064208625,0.057746946,0.303390651,0.341813341,0.106106675,0.096724173,0.131911407,0.124992785,0.456142105,0.145795669,0.33177794,0.596419194,0.203471103,0.157952521,0.034972291,0.402224407,0.495983667,0.317560429,0.327829961,0.308734149,0.109986483,0.165644335,0.086569853,0.096509168,0.048308217,0.104378158,0.100342958,0.113396648,0.107590177,0.10812511,0.141873927,0.16834579,0.399889945,0.279329929,0.311373487,0.200281286,0.062476723,0.146695543,0.057998859,0.037799918,0.02816433,0.022437759,0.025796332,0.099623305,0.602753147,0.571484925,0.520451611,0.058767586,0.048222901,0.056091925,0.051142969,0.05814829,0.058750083,0.057882749,0.04560577,0.059562373,0.072326354,0.065196895,0.007477897,0.031299714,0.01711411,0.055781314,0.061729747,0.05533146,0.067218166,0.088243863,0.001234027,0.001271202,0.000969776,0.001766167,0.000990478,0.022280582,0.074543675,0.047511428,0.000979125,0.001214863,0.032166712,0.052548333,0.053573876,0.010597118,0.025119255,0.03989242,0.016151045,0.005360487,0.01511825,0.053624439,0.012974547,0.062966362,0.055527553,0.025857533,0.035610663,0.014103577,0.105069265,0.080915963,0.021972249,0.055179442,0.053305531,0.067506037,0.059118874,0.057999379,0.01308359,0.002679293,0.005824072,0.000915869,0.00450536,0.016078128,0.002641536,0.004820721,0.002629431,0.10385848,0.136566686,0.003800377,0.122032761,0.174015174,0.02053034,0.031466853,0.05054569,0.053151089,0.158081355,0.209863831,0.006078528,0.081555652,0.069297864,0.076466857,0.034169934,0.032585371,0.02133592,0.217069817,0.129669302,0.010065448,0.090889816,0.014789744,0.138467187,0.014742382,0.008127929,0.012766698,0.034582405,0.182752749,0.059280281,0.006678021,0.141990228,0.100418587,0.026200017,0.073216609,0.036295898,0.127506155,0.228520042,0.170376931,0.064565273,0.334579907,0.274058854,0.040365592,0.30405394,0.131717643,0.01323514,0.164100206,0.149162171,0.073610881,0.042308303,0.028798524,0.017045807
248,0.011715623,0.00871897,0.038251418,0.007514767,0.002747769,0.001511034,0.002053775,0.20627068,0.07633151,0.397999582,0.159044357,0.228591718,0.004741278,0.059873668,0.151986144,0.005371077,0.020195455,0.003418795,0.004728196,0.001532,0.000675233,0.000986344,0.006214265,0.049775803,0.032089589,0.617699332,0.330326677,0.035470862,0.232976224,0.129266223,0.012239551,0.065027331,0.051647555,0.039203728,0.066725178,0.453077714,0.640242164,0.676787109,0.475793864,0.63550693,0.706486378,0.300484662,0.640290044,0.748177909,0.355164634,0.159557653,0.09782791,0.098008118,0.189789054,0.07762417,0.052616704,0.064775591,0.063503137,0.467277989,0.515371656,0.117474294,0.062064533,0.114140454,0.094427319,0.530365223,0.09978829,0.357241122,0.739396522,0.173744158,0.13562279,0.02490629,0.444270053,0.463041964,0.265396137,0.395592969,0.361925621,0.15684896,0.180918778,0.077304256,0.100208514,0.05645313,0.169049922,0.092583087,0.109943799,0.102186559,0.105965222,0.150722197,0.190922893,0.471002616,0.341375342,0.349461824,0.28704029,0.075028169,0.226273638,0.09250625,0.028230569,0.013905781,0.026865376,0.01280368,0.098753138,0.721423949,0.498914425,0.474283069,0.03214133,0.024987722,0.031882792,0.028356755,0.035043057,0.034836543,0.032580246,0.025331243,0.035398347,0.054260195,0.045154289,0.004631749,0.023408083,0.008394821,0.030214483,0.036992001,0.030482007,0.045350331,0.078905425,0.000834247,0.000947629,0.000608338,0.001426918,0.000546415,0.008531289,0.046463269,0.02657142,0.000524921,0.000628219,0.014951832,0.032041035,0.033937136,0.004864947,0.012945188,0.027207701,0.010001842,0.002149641,0.005876036,0.034797545,0.004996085,0.039565711,0.034765335,0.013504774,0.050699007,0.006088616,0.103533071,0.0734865,0.016635851,0.028109795,0.027457728,0.044229547,0.037356052,0.038172369,0.014249774,0.001507081,0.00269994,0.000484241,0.002093448,0.007650017,0.001622847,0.002393188,0.001306302,0.09619583,0.132272502,0.00144524,0.089923485,0.127470033,0.022172636,0.016030066,0.027068525,0.03813463,0.233265156,0.256750787,0.003184127,0.052197319,0.042872086,0.048033373,0.017309125,0.021205317,0.008824489,0.212742269,0.094247798,0.019047075,0.156673367,0.027747083,0.219807971,0.027089728,0.014269047,0.023962615,0.059956267,0.310848496,0.108456794,0.011758867,0.250923269,0.167491084,0.04850913,0.122655956,0.070544311,0.221740455,0.411599028,0.290256193,0.1034418,0.431652465,0.395204121,0.055675691,0.395258662,0.229044982,0.024246995,0.322226544,0.281899577,0.146576004,0.079135369,0.041158715,0.021510471
249,0.008276042,0.029881643,0.003523497,0.007010318,0.004638562,0.004018896,0.010719481,0.021527155,0.023142606,0.043257585,0.057674965,0.054281254,0.005300809,0.03415304,0.00455736,0.010610914,0.015502952,0.009842988,0.008183327,0.001398552,0.00079642,0.001945599,0.027731403,0.019531938,0.014172446,0.152559506,0.042528808,0.016316694,0.022358751,0.033687225,0.00241075,0.046299698,0.036606834,0.038694224,0.041968542,0.019687207,0.051673119,0.085554709,0.013007524,0.055742771,0.071256464,0.009894979,0.05980576,0.10668316,0.019454637,0.01842119,0.015424673,0.019109566,0.015990026,0.016512293,0.019765256,0.018540977,0.021848756,0.03376995,0.03614637,0.027462393,0.048907401,0.072791527,0.057037318,0.065170934,0.228729765,0.076298855,0.166201331,0.229385644,0.254331329,0.031308403,0.310265401,0.266088879,0.129278541,0.245383874,0.203321522,0.11015773,0.100823341,0.040890687,0.03929071,0.037541772,0.106457567,0.038163212,0.055349989,0.045952793,0.057653463,0.066110944,0.102140709,0.303296655,0.132247376,0.205483766,0.099460987,0.109832069,0.104439099,0.111371891,0.03471961,0.015769258,0.063160322,0.010684191,0.027285582,0.10001634,0.154636376,0.208381146,0.011693442,0.007764318,0.011413682,0.010490302,0.018917097,0.014199294,0.012684382,0.010201322,0.019401756,0.020291383,0.015914581,0.013211941,0.013639319,0.005874519,0.010809051,0.012646804,0.011047294,0.021990554,0.026859753,0.004875288,0.004221341,0.006568591,0.004249187,0.007985695,0.02402959,0.018158094,0.01974335,0.004140971,0.008212798,0.020172336,0.020460944,0.021727023,0.045617987,0.042047858,0.025426491,0.016490918,0.006107161,0.014885818,0.019485082,0.02558345,0.018945041,0.017473355,0.023513063,0.004255281,0.024281213,0.033270328,0.019670753,0.016916279,0.014662833,0.017935981,0.01877676,0.018314285,0.017064616,0.005202491,0.011060907,0.020804388,0.005566592,0.007083031,0.025626631,0.002413834,0.006476613,0.011491655,0.043399827,0.046654626,0.009125642,0.243710688,0.414334405,0.047994421,0.01325371,0.009772756,0.015863668,0.095688195,0.102119806,0.009513214,0.022144523,0.016896031,0.020713975,0.028576904,0.030709784,0.01302228,0.05589079,0.099987697,0.009727508,0.065044673,0.010102339,0.030181344,0.015009044,0.004967231,0.008547251,0.019989863,0.116198494,0.035346171,0.003678453,0.052757067,0.047273487,0.013315043,0.038032399,0.010660061,0.073931998,0.071552231,0.033947349,0.019493722,0.473092322,0.321867787,0.104884626,0.418661774,0.094588852,0.014950047,0.081319299,0.074146153,0.037803161,0.017503556,0.093721923,0.099275868
250,0.012543702,0.044228952,0.021947215,0.009702087,0.00604694,0.004883374,0.009005316,0.084527396,0.049566564,0.171673208,0.132393823,0.13321442,0.009448609,0.108966133,0.066776876,0.016118736,0.036860747,0.018345894,0.013533612,0.003174822,0.001825177,0.003073094,0.034314646,0.116166727,0.10121733,0.444361146,0.239083255,0.09478057,0.139880856,0.110857809,0.008727035,0.169414467,0.105933782,0.114481626,0.133747883,0.190677787,0.34188831,0.481018269,0.188049529,0.345619775,0.441615738,0.121990188,0.288258256,0.427058859,0.1605714,0.104951687,0.0755776,0.096878306,0.103083575,0.084463228,0.059081358,0.062862931,0.044647428,0.180431315,0.211834793,0.101880733,0.201007474,0.193219652,0.222070074,0.391515903,0.213430202,0.330858502,0.400982706,0.229085946,0.16030241,0.076019731,0.349047574,0.467162607,0.276430269,0.255455053,0.227599179,0.089422803,0.155376267,0.107427964,0.106473198,0.064759054,0.082063395,0.116759154,0.125610412,0.119904431,0.119987888,0.135483176,0.145813417,0.298671986,0.200345665,0.230471579,0.128927969,0.065847962,0.099580561,0.065944021,0.080035596,0.067237468,0.036790333,0.062115195,0.107297378,0.40814709,0.531663873,0.484541579,0.104608259,0.091676172,0.097620079,0.091629181,0.101572815,0.099241415,0.102426268,0.082995375,0.108675256,0.109052944,0.104137771,0.019980831,0.061439444,0.044083441,0.100323764,0.104809894,0.098532164,0.100491662,0.104880516,0.003419151,0.003171363,0.003072897,0.003709279,0.003517193,0.067614782,0.113960412,0.098100855,0.00323927,0.004030956,0.086237706,0.086370594,0.083412897,0.027332659,0.049554023,0.058097819,0.02603863,0.009616527,0.02721174,0.077577629,0.025620961,0.092387836,0.085743526,0.056879424,0.028395684,0.034715064,0.112471381,0.097703642,0.038353638,0.101735644,0.09666502,0.101439302,0.090639928,0.090128259,0.014957767,0.006557997,0.012346399,0.003044824,0.008357901,0.035541359,0.004303805,0.009026433,0.006532434,0.144498164,0.170684466,0.006941664,0.146664183,0.175482132,0.031729193,0.074733268,0.092987177,0.087695618,0.106002382,0.159989769,0.01081799,0.118377421,0.109242845,0.114729713,0.079625131,0.052821197,0.063631257,0.274915845,0.2206134,0.005963048,0.044159992,0.007429336,0.080862628,0.009295313,0.00412812,0.006317514,0.015773915,0.086607739,0.026106879,0.003097099,0.062507488,0.045181236,0.012053037,0.032979202,0.012731382,0.057391627,0.100140094,0.08147221,0.033782429,0.205734631,0.158679123,0.041716767,0.190290871,0.062230437,0.009620176,0.064458647,0.067735564,0.029064375,0.018131176,0.036528601,0.035957547
251,0.008895895,0.046619882,0.008781102,0.00734219,0.005281269,0.004660747,0.008678322,0.02062794,0.019292833,0.04048513,0.059833381,0.049034863,0.008368795,0.058950501,0.016445898,0.015338402,0.03284939,0.022779752,0.013169429,0.003008451,0.001808944,0.003046774,0.034861306,0.133315009,0.085556963,0.122186265,0.11149392,0.075724774,0.059937806,0.050780169,0.004605095,0.077405874,0.059036753,0.063934504,0.068068469,0.041569696,0.100990496,0.174895439,0.033997287,0.108210293,0.165883693,0.023240913,0.068354417,0.08824376,0.042157599,0.046134526,0.027559877,0.045129369,0.034321223,0.053689743,0.025599049,0.025639984,0.018109673,0.03663967,0.044734443,0.043620419,0.083845912,0.097074473,0.09624183,0.180126336,0.14300718,0.178636891,0.196603165,0.191125267,0.190063121,0.075476842,0.163391156,0.168718465,0.375811007,0.152918767,0.191215305,0.227516156,0.080956873,0.053944716,0.077495849,0.089637186,0.226405742,0.059700293,0.067226977,0.062288127,0.063851417,0.088614918,0.083330821,0.201920779,0.182121917,0.197611461,0.18166062,0.176120129,0.209884296,0.248661116,0.082982268,0.037851702,0.112065957,0.032696655,0.055317849,0.083767235,0.145891481,0.15448206,0.06678189,0.074691914,0.095196697,0.080265751,0.144681347,0.099336083,0.093424,0.065990535,0.175046117,0.060638179,0.058711988,0.028691379,0.049663329,0.027882926,0.065812467,0.062385369,0.067318223,0.053467821,0.05406746,0.00515682,0.004841645,0.002432166,0.004934771,0.002787316,0.0743518,0.127687943,0.157946938,0.005600246,0.004102048,0.131582429,0.094064987,0.080040332,0.028347813,0.050304147,0.051443553,0.027166711,0.011716566,0.03315501,0.063908132,0.026147452,0.073401013,0.071614022,0.067109931,0.010401891,0.035440134,0.057819156,0.063108197,0.037886558,0.05624163,0.05731253,0.055232727,0.072447249,0.080152043,0.009937603,0.007466572,0.011247466,0.003892922,0.008008481,0.035621846,0.004239602,0.008976575,0.007137839,0.069303835,0.074618793,0.006619511,0.13406876,0.189049965,0.080560606,0.108535155,0.071957956,0.053956042,0.189172901,0.149689386,0.012029603,0.148775375,0.118115506,0.143817533,0.109839025,0.050987695,0.085916022,0.125459626,0.109891833,0.019153333,0.074857337,0.019033018,0.062082925,0.030104845,0.008193455,0.015717741,0.024565326,0.099678745,0.046475476,0.005593386,0.05925189,0.041334627,0.02532645,0.037268886,0.01882842,0.066281362,0.074323146,0.053995523,0.036854247,0.264842728,0.215932901,0.163952283,0.255778708,0.128660759,0.033126348,0.18859999,0.174122377,0.094110064,0.036802003,0.165997933,0.187180173
252,0.004160978,0.007168004,0.002664199,0.002989379,0.001525909,0.00113497,0.002265074,0.003464189,0.004658197,0.00723024,0.020955848,0.013884558,0.001778102,0.019289182,0.004143559,0.002565,0.006363875,0.001919169,0.002295512,0.000788591,0.000454518,0.000708966,0.005146603,0.022684297,0.014412722,0.018819386,0.024383393,0.013164491,0.024547348,0.012215008,0.002151854,0.052490466,0.0130474,0.017346831,0.025339832,0.008075949,0.019755879,0.044210025,0.004846861,0.023221125,0.036073991,0.003877588,0.011564483,0.011750578,0.010539645,0.019103848,0.006856692,0.013720072,0.01135756,0.016282251,0.00663688,0.006299464,0.004167404,0.005875479,0.009015983,0.017428819,0.076538114,0.071461438,0.084552415,0.059286809,0.12965271,0.078451077,0.064901278,0.143284191,0.192767689,0.119316375,0.035426488,0.028517667,0.117051501,0.06160749,0.223065856,0.393056316,0.029996436,0.032515834,0.104515912,0.15044294,0.486949353,0.022836385,0.028291854,0.022757285,0.032084602,0.081895974,0.041178807,0.104825512,0.269508455,0.192293944,0.308456854,0.335531369,0.399160616,0.551374225,0.141440834,0.03290731,0.202142667,0.024678152,0.018165241,0.01080472,0.016044888,0.023102121,0.010721415,0.009680069,0.014270362,0.012561022,0.02041217,0.016708375,0.014921141,0.01326836,0.022049021,0.037497541,0.030241715,0.026692362,0.041402366,0.013348917,0.011218831,0.016455924,0.012526757,0.014375908,0.016824333,0.010814166,0.010064244,0.004906098,0.007642694,0.006621353,0.006889061,0.021665016,0.018599918,0.010743637,0.009451588,0.012728572,0.01598195,0.015537132,0.016367036,0.010876658,0.013075448,0.007727603,0.002368877,0.004061377,0.013140908,0.003680142,0.013794596,0.014135111,0.009499765,0.003195747,0.004455562,0.019779881,0.01987847,0.006634412,0.008570645,0.009215975,0.012084797,0.015037526,0.017128698,0.002210081,0.011211512,0.00565827,0.009307216,0.001510543,0.005897959,0.000938006,0.001579926,0.00975118,0.026403318,0.030517514,0.001679262,0.124888049,0.166699812,0.143583348,0.013054375,0.010973287,0.041067532,0.333496135,0.240741443,0.004094425,0.024780568,0.020067852,0.023929498,0.012948728,0.013673238,0.008326818,0.08035515,0.09948742,0.043781875,0.143275868,0.040019961,0.039398625,0.063499559,0.014070589,0.033695753,0.044061938,0.143434998,0.09535699,0.01027832,0.078194061,0.057996434,0.044167988,0.061208453,0.040015858,0.100919807,0.064030367,0.036386059,0.051675737,0.370677638,0.32412755,0.369306403,0.357654824,0.252876611,0.065555628,0.422569763,0.367092079,0.214086135,0.074621378,0.389572792,0.451856533
253,0.017879514,0.039528495,0.032238581,0.015611826,0.013190018,0.011161055,0.014946031,0.157259163,0.122998086,0.227092815,0.1646825,0.176985189,0.020826814,0.055628756,0.062142932,0.025379137,0.038778816,0.029860156,0.021892775,0.008957538,0.006860654,0.008915708,0.033671746,0.080720249,0.090034262,0.391106441,0.181634279,0.089493453,0.115649328,0.067367068,0.01004843,0.102163513,0.049799237,0.054251133,0.070652569,0.185942766,0.280240754,0.34413296,0.181781693,0.288382598,0.329249168,0.122601384,0.295428871,0.41046817,0.149593732,0.092296323,0.102067604,0.102683271,0.09951668,0.075015086,0.119955938,0.117147004,0.119416019,0.242249238,0.239046939,0.163593181,0.130739983,0.116090309,0.139781253,0.255594963,0.120949352,0.200212496,0.282436043,0.131935569,0.092483934,0.069431132,0.289835099,0.374937814,0.131539111,0.21795362,0.161114877,0.083937849,0.157720181,0.121295587,0.104575399,0.063696002,0.082796028,0.146330775,0.13498406,0.138613395,0.126597322,0.126313099,0.141737112,0.221435876,0.145332579,0.150681782,0.097128772,0.051381848,0.090695836,0.068254007,0.074218053,0.060534517,0.0324988,0.053076245,0.117881593,0.399678048,0.433059571,0.393835527,0.116279947,0.089166478,0.082006943,0.084983957,0.066456137,0.080231352,0.086478716,0.086429903,0.064795511,0.113969605,0.110126238,0.015300923,0.052328803,0.031722907,0.107256785,0.114710146,0.104832164,0.141324074,0.133253994,0.006700253,0.005959946,0.004852043,0.007464257,0.005687482,0.041244842,0.079564983,0.062352971,0.007137195,0.008462744,0.053019008,0.070617957,0.07355265,0.022771889,0.046437687,0.056497345,0.030690231,0.016195,0.036079484,0.07423418,0.032126256,0.08864059,0.08145814,0.047215798,0.035065071,0.033775179,0.132607731,0.091554974,0.038705185,0.124981514,0.119730148,0.119916181,0.086443111,0.080511234,0.026010888,0.011340566,0.015720503,0.006457975,0.017486573,0.036384903,0.009462386,0.017043929,0.011932176,0.080023647,0.100971124,0.015406898,0.085160111,0.095417266,0.026217397,0.053593587,0.091652009,0.090387428,0.089938803,0.127746443,0.015647816,0.077717182,0.080181276,0.074668957,0.053897816,0.050662979,0.040284926,0.173646097,0.129206396,0.004062139,0.027982617,0.005333564,0.073042136,0.006854953,0.004440401,0.004545042,0.012383047,0.051595416,0.016131519,0.002984606,0.043650547,0.035944954,0.010941807,0.026971425,0.009330521,0.034630161,0.063254468,0.068108724,0.036201947,0.120647685,0.091562975,0.025228131,0.113138452,0.038264641,0.008795092,0.035468058,0.042645231,0.015941512,0.012741107,0.022065225,0.020776418
254,0.014801323,0.037968955,0.023149342,0.012704436,0.009814368,0.008045138,0.012477493,0.136058539,0.105014835,0.196290557,0.157649775,0.158414515,0.012991371,0.044880989,0.055621725,0.01762509,0.034544066,0.026615264,0.015234832,0.005380351,0.003973536,0.005920932,0.029498557,0.077471399,0.09730848,0.307784991,0.140971608,0.092977243,0.104491288,0.039202486,0.008408365,0.108283926,0.035467669,0.044188588,0.060099526,0.153435076,0.213781282,0.248323727,0.150380937,0.225831059,0.250858375,0.101557226,0.24891852,0.291106245,0.125719019,0.089736302,0.097146603,0.105711802,0.089452756,0.077933738,0.113020951,0.109888312,0.101830387,0.213131688,0.203416156,0.153669105,0.151833958,0.122056046,0.163029083,0.216943021,0.13281966,0.188697279,0.230613425,0.125221185,0.081312619,0.100790953,0.277333206,0.338330006,0.082370988,0.205959332,0.139211968,0.091266348,0.158328525,0.134904979,0.121566053,0.082014924,0.109928912,0.150832671,0.142656388,0.142928435,0.136639671,0.130727552,0.139589212,0.20406737,0.125706078,0.121652686,0.088657149,0.058854514,0.098563155,0.108644062,0.109168266,0.085532706,0.046800526,0.072996877,0.122011335,0.287253774,0.358176482,0.340060978,0.138855806,0.101511629,0.087220413,0.09385321,0.062367146,0.083483699,0.093422944,0.102112526,0.05678373,0.144084329,0.139741797,0.019157182,0.063058278,0.039020539,0.127813508,0.141747713,0.124907976,0.156510608,0.139987323,0.005725562,0.005442451,0.003313851,0.007156786,0.003756342,0.037302752,0.076495514,0.054969425,0.006436984,0.006404111,0.046945332,0.068802488,0.073295181,0.026578462,0.047236287,0.054412416,0.029874095,0.01541283,0.03609277,0.073809126,0.02935675,0.089630258,0.085337448,0.045559052,0.028012659,0.027590539,0.135556888,0.098780313,0.034255301,0.148116513,0.135801446,0.133974832,0.091562006,0.087671418,0.018324754,0.010753563,0.014966797,0.00501712,0.01193915,0.033520362,0.006231256,0.011619763,0.011006776,0.064269801,0.079842842,0.010926364,0.081236889,0.07463838,0.034659518,0.05441754,0.104576831,0.112202448,0.090703238,0.120945135,0.01522495,0.071995343,0.07954715,0.067271404,0.049284906,0.050173862,0.037453743,0.182479453,0.154378872,0.003781474,0.018940713,0.004358082,0.058414067,0.006547645,0.003329075,0.003617181,0.007509748,0.036632231,0.011164331,0.002175668,0.02870524,0.018813742,0.007831097,0.013999108,0.005103253,0.023588505,0.047891429,0.047360195,0.025337419,0.074169734,0.063898029,0.029600273,0.071160781,0.0236429,0.009126783,0.020177415,0.030604093,0.009179572,0.008415694,0.028450624,0.028285061
255,0.019306874,0.037998943,0.018142274,0.017963238,0.015986099,0.012254807,0.015455772,0.135767234,0.113635724,0.162346644,0.126059567,0.128999772,0.016066465,0.025331799,0.022646713,0.020424775,0.031595339,0.017825866,0.018084998,0.007920287,0.006745877,0.009574486,0.030736381,0.080399106,0.077685551,0.092788219,0.067209669,0.078330007,0.052753091,0.023469748,0.012354113,0.039498932,0.020193529,0.021430197,0.027879641,0.061434824,0.112434545,0.176012244,0.049358629,0.132635839,0.186520213,0.035847463,0.117683457,0.090518637,0.047233888,0.048159891,0.065278362,0.064955047,0.041422324,0.051159583,0.1067814,0.097211351,0.112244347,0.184208067,0.135123103,0.147133995,0.047698365,0.066684985,0.062606272,0.173448891,0.10671618,0.149338843,0.126891795,0.143387516,0.174218596,0.159136252,0.097924773,0.094148576,0.186025195,0.115278164,0.172202565,0.348337222,0.102927994,0.098639468,0.114223918,0.151668134,0.390785587,0.129939821,0.105097741,0.116494526,0.096555784,0.111216492,0.09443498,0.129676903,0.190528702,0.160785411,0.248181868,0.262336114,0.334197138,0.440049437,0.175283727,0.095419015,0.203694978,0.073781857,0.085027508,0.101859985,0.088954022,0.092242215,0.094723569,0.070688443,0.071874901,0.070600443,0.081149436,0.07231401,0.07391752,0.071788508,0.087914482,0.099670878,0.09207936,0.05626407,0.06936565,0.043165783,0.084258135,0.089429119,0.08261919,0.139415716,0.111974284,0.026618703,0.027591937,0.010016142,0.039453315,0.011370404,0.054882969,0.077045016,0.081766519,0.03457825,0.029448337,0.072983363,0.068168972,0.067469224,0.041792776,0.040583707,0.048004318,0.030566672,0.023249044,0.0263535,0.061798777,0.02108294,0.077730156,0.069554106,0.049719537,0.01937293,0.031864788,0.103134199,0.067580017,0.034061029,0.114851822,0.123176904,0.103535104,0.074060767,0.070034852,0.017664384,0.043943872,0.021806057,0.022318895,0.014851842,0.03161425,0.008734962,0.014285151,0.041002947,0.030773433,0.035470904,0.013007692,0.127356091,0.163080376,0.137688942,0.069577439,0.073077405,0.075330872,0.283225674,0.178623289,0.024149565,0.083501681,0.076031662,0.077986741,0.065679916,0.045699726,0.058334394,0.09794887,0.076663448,0.027501826,0.072368744,0.026498764,0.068148051,0.043172412,0.013662415,0.022094397,0.026297824,0.067304275,0.051802918,0.008388337,0.039259446,0.033037018,0.037108439,0.035045348,0.026418274,0.049559021,0.046458304,0.052740558,0.03249627,0.151197373,0.137748043,0.175741328,0.130371843,0.054154288,0.057251439,0.063942604,0.071511688,0.032563732,0.019868194,0.194777293,0.251475997
256,0.016456127,0.03566004,0.010667236,0.014579267,0.01192867,0.008764503,0.011727014,0.066607745,0.053271778,0.080584131,0.068021792,0.064683426,0.010818595,0.017839475,0.011100011,0.015152897,0.026356068,0.00915464,0.013172458,0.005188725,0.004371007,0.006525305,0.027833861,0.063377612,0.052342719,0.02177224,0.034804583,0.053014404,0.036845275,0.013444215,0.010210525,0.034543084,0.011386775,0.012624227,0.019102383,0.025563564,0.057069036,0.106494795,0.016621751,0.069760052,0.108152303,0.013201598,0.048216475,0.019176467,0.021233888,0.035342382,0.034056011,0.039891262,0.023737042,0.040439213,0.052861821,0.048771968,0.052328239,0.094399591,0.066689803,0.076484016,0.045829755,0.070278832,0.062342198,0.112098101,0.168836731,0.115002792,0.068697071,0.192590426,0.249716851,0.153074508,0.03003539,0.019801257,0.203855651,0.067367428,0.189113506,0.380811667,0.059287782,0.069707054,0.124621497,0.162116341,0.40245508,0.078523242,0.068018208,0.072562849,0.065191944,0.101217354,0.061427006,0.104102322,0.221768618,0.167634382,0.270964864,0.319694686,0.354894781,0.429306418,0.165488837,0.094029201,0.245355466,0.069496508,0.053387276,0.027081351,0.013247053,0.01840233,0.056637224,0.043033494,0.049478411,0.046109806,0.0702018,0.052283915,0.050925205,0.051210053,0.073713247,0.095228788,0.083466501,0.079420593,0.07493109,0.043984109,0.05165184,0.061905925,0.051830437,0.084270403,0.067261206,0.049568028,0.047369544,0.01456463,0.048337467,0.017179314,0.056717145,0.05976281,0.060463084,0.061494916,0.033973569,0.057970764,0.051048936,0.050762819,0.070229177,0.036455535,0.039069778,0.027495112,0.02159448,0.018733014,0.045548874,0.01478651,0.053597213,0.04991862,0.044482465,0.012048529,0.02851912,0.062801776,0.050507576,0.029003674,0.069218522,0.077947091,0.064669057,0.052607382,0.054324714,0.011568958,0.051323391,0.022651957,0.0355149,0.01026069,0.028126286,0.005994847,0.009986276,0.046375257,0.02101203,0.023333147,0.009128543,0.217361951,0.291165389,0.177710315,0.065994163,0.045646908,0.078502792,0.302633479,0.208482454,0.025591758,0.06840947,0.057937032,0.061125263,0.053846983,0.039763299,0.059430008,0.078151264,0.09637872,0.034994999,0.084638944,0.035086934,0.047637611,0.058766363,0.017203812,0.02862117,0.031313049,0.074040735,0.070101744,0.010619606,0.037443062,0.033904659,0.050557645,0.038842412,0.033115166,0.056242215,0.042688272,0.039331228,0.02299814,0.167383923,0.156982193,0.206056167,0.137115608,0.048353812,0.090904889,0.054059323,0.05766031,0.027474096,0.017479074,0.229611357,0.29959329
257,0.008346591,0.014631079,0.005576147,0.006586607,0.004294434,0.00321615,0.005092453,0.014860067,0.012533186,0.021763849,0.030579074,0.023694227,0.004373022,0.020132348,0.007367589,0.005876132,0.013250175,0.004882787,0.005324169,0.00215726,0.001594282,0.002330266,0.010326567,0.050450051,0.028815176,0.017186805,0.039668356,0.027570233,0.036799562,0.014775768,0.004633842,0.040103254,0.012353532,0.013905351,0.021473638,0.017556595,0.065985063,0.136353788,0.010764762,0.072208184,0.122868016,0.007540122,0.025447412,0.010196906,0.01783117,0.030968083,0.015040768,0.026423706,0.018912733,0.030966507,0.015901758,0.01520326,0.011707225,0.024073705,0.023684408,0.025254354,0.053739795,0.08092392,0.071366923,0.125096509,0.200551706,0.130048568,0.056582839,0.232281544,0.308391512,0.142219558,0.026618981,0.020247223,0.233391307,0.060835398,0.253330907,0.526479635,0.039760149,0.056555994,0.137035482,0.162125825,0.463265365,0.039059758,0.046397695,0.039419435,0.050270206,0.106293567,0.047475966,0.114714207,0.307352553,0.236386482,0.379053075,0.430601303,0.464644959,0.489382452,0.156082436,0.077972255,0.285946701,0.052982777,0.034406988,0.010992652,0.01119036,0.017116594,0.027869851,0.023092703,0.031876768,0.028062988,0.045786314,0.035209152,0.030979359,0.033605391,0.048897025,0.098836972,0.082483653,0.06996847,0.059293636,0.029027837,0.028970511,0.047615893,0.031145739,0.033180591,0.033301857,0.022883614,0.021244715,0.007582557,0.017756749,0.009206512,0.016922498,0.045982794,0.038015869,0.025838667,0.013762734,0.026904281,0.032024412,0.03141634,0.051564965,0.020155329,0.024842352,0.015980365,0.008213358,0.010202743,0.027681621,0.006875609,0.028828307,0.030910333,0.020680356,0.00649648,0.009660726,0.035982809,0.040100793,0.014005238,0.025365036,0.027335804,0.029839346,0.032011112,0.03809911,0.005191392,0.021886532,0.011928652,0.016224894,0.00381325,0.012008107,0.002455055,0.003869022,0.019426282,0.023680281,0.026931634,0.003996441,0.256580661,0.350514626,0.20521863,0.030608195,0.025503195,0.070369532,0.411218787,0.267724264,0.013160614,0.055774776,0.042716342,0.049468832,0.026684058,0.025263219,0.02055671,0.088953009,0.110443053,0.048582469,0.140691189,0.045284702,0.069590116,0.072957359,0.016115709,0.038018288,0.043427473,0.144328052,0.100436364,0.009119228,0.076404536,0.058912924,0.054555491,0.060901633,0.04454456,0.103480965,0.090032703,0.061822396,0.042946865,0.336406101,0.313219427,0.364348508,0.298627833,0.148977156,0.086860286,0.218091718,0.20132206,0.109315713,0.045910232,0.391978471,0.472334282
258,0.019994716,0.043402992,0.032720463,0.018006898,0.015869625,0.01277823,0.0153887,0.229875171,0.183883989,0.300678326,0.199585283,0.224687107,0.026483135,0.04124304,0.048017817,0.033392691,0.045687251,0.02464226,0.027086442,0.010467704,0.008185061,0.010405879,0.036874749,0.085889868,0.096480829,0.380893729,0.145552943,0.097482516,0.091837294,0.049231618,0.009861452,0.096977442,0.033496609,0.039518905,0.056448224,0.179955425,0.253918242,0.310768182,0.166951037,0.274409176,0.302745097,0.117841646,0.315885559,0.47132339,0.135237435,0.080042023,0.129310269,0.113229512,0.095713628,0.073255928,0.171396153,0.165098013,0.180586856,0.32768988,0.285763563,0.226961787,0.135314789,0.093476879,0.125359646,0.222909481,0.076270421,0.162877389,0.22073392,0.097680979,0.067680589,0.086042115,0.217826155,0.282547407,0.065086002,0.176943999,0.1186284,0.103121814,0.161836089,0.142196623,0.115256078,0.07612845,0.097547836,0.178562428,0.149001978,0.15936182,0.1382417,0.126176378,0.13980962,0.145651035,0.11622084,0.110158782,0.090108874,0.053188606,0.102760817,0.079882561,0.092242699,0.076461643,0.035542271,0.065823347,0.134315819,0.465415891,0.363823168,0.317546536,0.139117429,0.113977531,0.099671518,0.106191272,0.069131714,0.091653262,0.095951334,0.115559373,0.062434578,0.129543295,0.129619528,0.017214998,0.061116717,0.036338672,0.128251711,0.137338229,0.127348359,0.179333116,0.163556286,0.009866168,0.008261163,0.009110247,0.01017758,0.010973773,0.041285179,0.083239348,0.063603271,0.01010553,0.015539078,0.053612745,0.076614553,0.07995508,0.023164596,0.042087308,0.058934949,0.028746768,0.015803003,0.028474819,0.0819404,0.029075641,0.09680642,0.092237234,0.052808365,0.033626091,0.037956314,0.156968219,0.09723391,0.045246117,0.147292682,0.140183793,0.140761106,0.096758313,0.092805211,0.033446819,0.016369573,0.015944195,0.011093576,0.020703219,0.041104975,0.011095182,0.02004737,0.018041947,0.06459208,0.086008194,0.016260929,0.06028964,0.063390628,0.027023298,0.060316982,0.112525708,0.107853052,0.096441499,0.113623371,0.015809516,0.079546953,0.086484849,0.074822876,0.05518565,0.050415657,0.042397421,0.159353279,0.08530164,0.002925688,0.017116448,0.003843482,0.067517929,0.005354922,0.004222373,0.003264183,0.009507042,0.026887069,0.009130643,0.002719799,0.027931243,0.027432781,0.009322364,0.021436784,0.006091338,0.018140617,0.03323498,0.055650462,0.037360341,0.072447071,0.050936083,0.0182227,0.06990282,0.023813142,0.007950429,0.017409364,0.028376755,0.007737211,0.008816881,0.016511258,0.016164221
259,0.022499849,0.044537389,0.034131373,0.020981659,0.019029576,0.015326198,0.019088949,0.175751624,0.149625318,0.230728159,0.169858257,0.183422108,0.025543655,0.043779849,0.054933879,0.031441706,0.044326288,0.030795226,0.026770481,0.011110427,0.009058115,0.012321241,0.038144509,0.085647207,0.095795198,0.336601481,0.147352478,0.095684965,0.098127408,0.05076579,0.012863077,0.093409828,0.037131283,0.042607247,0.057871065,0.161403432,0.236918435,0.290293576,0.155871981,0.245586557,0.274915484,0.106567853,0.258260121,0.370598572,0.128251428,0.08308293,0.105470306,0.102114752,0.088741361,0.074277978,0.14247735,0.134561841,0.147098372,0.245090125,0.225585612,0.179171439,0.126225593,0.099666662,0.126811222,0.210324542,0.100758417,0.164426157,0.218841669,0.111883009,0.081858276,0.081981054,0.242153207,0.305746213,0.089646241,0.191367998,0.142308559,0.099949486,0.152311359,0.125213888,0.106191688,0.071920008,0.104176519,0.156135812,0.137242476,0.144805507,0.127459641,0.124423541,0.135032862,0.188119661,0.132856767,0.129436682,0.095554208,0.0593923,0.104020223,0.091842176,0.088059918,0.069966979,0.042387242,0.060397698,0.121338872,0.364078186,0.357286721,0.324223747,0.130830642,0.103390904,0.092713329,0.097284113,0.07289403,0.087968128,0.093420615,0.102542019,0.070235763,0.121710418,0.120029124,0.018433455,0.055531029,0.034849361,0.12037093,0.12807629,0.118507944,0.160878872,0.144359781,0.010885254,0.00958521,0.00770857,0.011582547,0.009111452,0.046862906,0.08355622,0.069782809,0.011740638,0.013579877,0.060429056,0.076525246,0.079102946,0.026970561,0.04798034,0.059529778,0.033088466,0.01946729,0.036292129,0.079365434,0.033106698,0.094436326,0.088574714,0.053855679,0.035907499,0.038959876,0.139382108,0.093738212,0.044507706,0.141452574,0.135888395,0.130750038,0.09322241,0.088585666,0.031180641,0.01660869,0.018650382,0.01059265,0.022119078,0.041235159,0.01194894,0.021046609,0.017523514,0.065141774,0.083923023,0.018521794,0.077228423,0.084269857,0.032277307,0.062850738,0.104032449,0.093273829,0.09732684,0.122751153,0.01889711,0.081720888,0.085494849,0.077499665,0.060254849,0.053311985,0.047365591,0.153959265,0.106642972,0.004219,0.020834112,0.005212753,0.056264561,0.007381821,0.005878031,0.004423804,0.010757047,0.035417889,0.012377301,0.003569524,0.030164378,0.025103174,0.012494299,0.020089904,0.00776667,0.023958816,0.042234949,0.048743001,0.029591126,0.083826766,0.065597938,0.025713265,0.078431551,0.026528453,0.010854616,0.023344137,0.030632395,0.011500761,0.010089294,0.024200986,0.024527574
260,0.024641628,0.046340259,0.04013217,0.02279484,0.020921434,0.017050317,0.02018277,0.203043025,0.172495519,0.265003893,0.19024569,0.206742986,0.032454846,0.043968898,0.054603268,0.039556134,0.050426358,0.032060214,0.032779846,0.013475121,0.010865953,0.014070929,0.04123165,0.086947718,0.096122905,0.374670894,0.155253039,0.097778708,0.097657891,0.053816931,0.012777315,0.099978045,0.036507241,0.042469432,0.059772093,0.18225894,0.263413347,0.323248438,0.17695042,0.267990153,0.297631118,0.121042089,0.274398785,0.450588912,0.141747639,0.082638835,0.114896153,0.105169426,0.094795363,0.074465779,0.160579605,0.15082702,0.169763517,0.282305559,0.258950945,0.213527549,0.138136684,0.096093996,0.127357523,0.223805793,0.079515473,0.167927338,0.191447756,0.103543555,0.074091771,0.086932402,0.226459344,0.297258755,0.074836278,0.181104251,0.128990994,0.111170742,0.158226621,0.134568144,0.102592046,0.069483059,0.101879754,0.173255254,0.144684161,0.154753352,0.133261293,0.124388198,0.138026022,0.159922493,0.12425061,0.116360124,0.094049043,0.058812114,0.108757385,0.08495484,0.093451872,0.077259719,0.038230692,0.066291162,0.126440447,0.441376816,0.375823829,0.329712671,0.134486108,0.111305126,0.098634662,0.104378828,0.07152931,0.091327572,0.095126696,0.111338842,0.066394411,0.119568005,0.119603191,0.017770051,0.054213096,0.0364202,0.124260987,0.130846379,0.123052927,0.172418788,0.154260276,0.012551519,0.010559764,0.010584134,0.012766639,0.012730426,0.043162102,0.084320321,0.067837671,0.013100145,0.018297927,0.057244372,0.078494246,0.08152451,0.024226793,0.046486634,0.062547479,0.033397597,0.019792656,0.035074768,0.08372899,0.034548275,0.09757741,0.09235605,0.055485958,0.040196429,0.043088669,0.148281071,0.094923583,0.049940871,0.143971556,0.138702537,0.133799032,0.096158256,0.091818067,0.039539129,0.019380002,0.019370894,0.013507702,0.026574525,0.044990686,0.014194609,0.025349948,0.021127667,0.068411871,0.090749741,0.021633822,0.064929097,0.071094928,0.029054718,0.061297563,0.110070712,0.089714605,0.100994638,0.117386124,0.019077887,0.081572467,0.086995111,0.077283362,0.058612662,0.054232065,0.044025634,0.162795842,0.086296379,0.003577767,0.018646703,0.004573175,0.054803,0.006360725,0.005515919,0.003908497,0.010512483,0.029465568,0.010599872,0.00329701,0.027910287,0.02658691,0.01176682,0.021342816,0.00729507,0.02018434,0.034391308,0.047793711,0.031557828,0.076870842,0.056311411,0.020647814,0.072343501,0.024115848,0.009453714,0.019677888,0.026597787,0.009601963,0.009189675,0.019077877,0.019293716
261,0.01793007,0.041014273,0.027558106,0.016111347,0.01371393,0.011242861,0.015547576,0.143970954,0.119929802,0.198032975,0.156424976,0.16194268,0.018388096,0.046762689,0.053743363,0.023545393,0.038344084,0.030350899,0.020288946,0.007919232,0.006202561,0.008724294,0.033605315,0.081962383,0.094861399,0.319527532,0.149232017,0.092949106,0.101233285,0.048350216,0.010235101,0.100276519,0.039538345,0.046336871,0.061271236,0.150013332,0.220829651,0.269491843,0.145919647,0.229403342,0.25945999,0.09866835,0.239589162,0.313740711,0.122581815,0.084651707,0.095314957,0.099813333,0.085709048,0.074471817,0.120585058,0.11496823,0.117271643,0.210045093,0.199394301,0.154856942,0.135698337,0.111245949,0.142774129,0.212279121,0.119192142,0.176879339,0.225986701,0.121382205,0.084755593,0.086170597,0.270641594,0.337013713,0.096959089,0.20412147,0.14449259,0.09129943,0.152731515,0.123537804,0.108533052,0.072764329,0.101242871,0.14632639,0.135433697,0.138862505,0.127546983,0.124982005,0.136013669,0.206919645,0.130122088,0.129309216,0.090736381,0.058227196,0.096859178,0.094493645,0.092791839,0.073291071,0.043207099,0.063178925,0.117231859,0.30819399,0.368490205,0.344091302,0.129448496,0.098489992,0.087826144,0.092361986,0.068949428,0.08440276,0.091710584,0.097315708,0.066224744,0.126805134,0.123632341,0.018508035,0.056802543,0.035917676,0.119176982,0.129018801,0.116801062,0.151172944,0.135869568,0.007960824,0.007250726,0.005033351,0.009012315,0.005852379,0.043690067,0.080503513,0.064417644,0.008772583,0.009216938,0.055801342,0.072537661,0.075714583,0.026666501,0.049113193,0.05720031,0.032346465,0.017857323,0.038726329,0.075829064,0.032248537,0.091060604,0.085283741,0.049551502,0.030834489,0.033075548,0.132028997,0.093674125,0.03854243,0.139059961,0.131073204,0.12743957,0.090584713,0.085936009,0.0234595,0.013076173,0.016699599,0.007301701,0.016463659,0.036895846,0.008771617,0.01586628,0.013547364,0.067024968,0.083928629,0.014469891,0.081427305,0.083976175,0.032794826,0.058908282,0.100475096,0.096761194,0.090715011,0.120688487,0.017244981,0.078057649,0.08237078,0.07387271,0.056208785,0.052379704,0.043713458,0.165800818,0.131269556,0.004145628,0.020338412,0.004906015,0.053612949,0.007152155,0.004485552,0.004118201,0.009039328,0.036806731,0.012139061,0.002819753,0.029038843,0.021267816,0.010056125,0.016548195,0.006480145,0.024273783,0.044979363,0.045474239,0.025216789,0.081891867,0.066832146,0.028267114,0.077266042,0.025759648,0.010189939,0.023233519,0.031005653,0.011076627,0.009210337,0.026987469,0.027624424
262,0.021901589,0.049810086,0.030201784,0.02043658,0.01851076,0.01504895,0.01947529,0.127383023,0.115736803,0.162854757,0.136464931,0.13990082,0.023639842,0.050087123,0.045283591,0.029658194,0.04382702,0.03300362,0.025887055,0.010771016,0.0087487,0.011936937,0.041748729,0.100047626,0.096962265,0.244687561,0.131014397,0.094654617,0.08655319,0.048939453,0.012596189,0.088033027,0.046280273,0.052028553,0.062370052,0.115667984,0.184075297,0.242035397,0.110387724,0.19173745,0.22921263,0.074912726,0.184164299,0.238581932,0.096098324,0.072707691,0.080039288,0.084779286,0.069091662,0.069963909,0.112414492,0.104490516,0.114169924,0.169299217,0.15612652,0.137824792,0.110636506,0.100496526,0.118005805,0.191326146,0.116675948,0.163510914,0.183100625,0.131389438,0.114846998,0.093585237,0.216220389,0.259300062,0.148748929,0.176727929,0.157512567,0.163001083,0.130376054,0.103230695,0.100375634,0.089848435,0.17683538,0.130975436,0.118131558,0.124521834,0.108875557,0.115225924,0.117570261,0.191122921,0.150087866,0.147267939,0.134710939,0.115264161,0.161031124,0.183849902,0.101239382,0.067089523,0.085707721,0.057192823,0.102871894,0.235353898,0.277549665,0.262495126,0.116892547,0.0964497,0.094512922,0.093590633,0.097335758,0.092971471,0.096047965,0.092402325,0.105415541,0.106709632,0.104300626,0.028857015,0.058948541,0.037123348,0.108024409,0.111600489,0.106425227,0.138195173,0.121487806,0.0138932,0.012971444,0.006891264,0.015750039,0.008006543,0.064126765,0.097221682,0.101116067,0.016179429,0.014090688,0.089521028,0.085069142,0.083197724,0.033462809,0.054806078,0.061244407,0.036326838,0.021670652,0.041044195,0.078319009,0.035156738,0.093167267,0.086929409,0.062689634,0.031491696,0.042964024,0.117212889,0.086039655,0.046032579,0.126517246,0.125328432,0.115366348,0.090894465,0.08799619,0.027292483,0.020114802,0.0203035,0.011797301,0.021103954,0.043478834,0.011705273,0.020473111,0.01993397,0.066502607,0.079389999,0.018175378,0.096743539,0.111984275,0.061615234,0.081762281,0.096925638,0.082179647,0.143637696,0.135582297,0.021175324,0.101893115,0.096249071,0.097415408,0.081682473,0.057623434,0.06649666,0.141605728,0.114172923,0.011219702,0.036929797,0.011708675,0.052048253,0.018291534,0.008220713,0.009790755,0.01535092,0.049248103,0.0241708,0.00487847,0.033516764,0.025410428,0.020211253,0.02298014,0.012516647,0.033757029,0.045895795,0.043384945,0.027140771,0.115156896,0.099037395,0.075524854,0.107529504,0.045036689,0.024623926,0.055222062,0.058344098,0.028221898,0.015619198,0.078252804,0.091382694
263,0.014672731,0.046675624,0.023695147,0.012119207,0.008857058,0.007799237,0.013655784,0.095374316,0.066221306,0.164601335,0.144478576,0.138404069,0.013415087,0.083104027,0.058600984,0.01974942,0.038648934,0.036466704,0.017036338,0.005244609,0.003522869,0.005454021,0.037233472,0.094708274,0.101774306,0.374090175,0.198336561,0.097687237,0.123074595,0.073595523,0.008370949,0.14870355,0.078213893,0.089605737,0.104622104,0.157054274,0.248025981,0.322539613,0.153505011,0.255038921,0.305847926,0.101828462,0.241938497,0.307574341,0.134296636,0.096446639,0.082139884,0.100091392,0.092206522,0.082110101,0.078445463,0.079655547,0.062399976,0.173866206,0.18519527,0.122774828,0.188163542,0.161815036,0.202230633,0.278885138,0.169474716,0.248207203,0.272398018,0.16440634,0.103909632,0.085768845,0.362365771,0.466496005,0.144760266,0.250357893,0.165748962,0.069505225,0.164957222,0.121744954,0.108684675,0.067930766,0.072623243,0.133688591,0.137019457,0.133041414,0.13127889,0.130792684,0.149320578,0.26178608,0.138678265,0.151161861,0.08523345,0.050082641,0.075278519,0.065644303,0.090973885,0.076812072,0.034369772,0.069023317,0.113444777,0.298836833,0.491378999,0.464565899,0.120519781,0.096292295,0.092101091,0.092483847,0.083109787,0.091997112,0.099393227,0.090547547,0.085291366,0.124354015,0.119631124,0.019525779,0.063914612,0.044354591,0.113466076,0.121490453,0.110779884,0.125942717,0.120288091,0.003633052,0.003457823,0.002176927,0.004542028,0.002414987,0.059937145,0.094603604,0.081501027,0.003863134,0.003820936,0.074433594,0.081187741,0.082594763,0.028697097,0.06159963,0.064273663,0.036866141,0.017847124,0.049747864,0.081162906,0.038968134,0.095926671,0.088734041,0.056258151,0.028767919,0.03634378,0.122161201,0.098241937,0.039740105,0.12393885,0.1159751,0.118283042,0.094121564,0.08940335,0.018344565,0.008024587,0.016553041,0.003033192,0.012741856,0.039895865,0.006388076,0.012874962,0.008277333,0.108852165,0.127188572,0.012037911,0.101219812,0.099575118,0.028379086,0.068140751,0.098865998,0.099597789,0.075880854,0.123277957,0.016867803,0.092617717,0.094249946,0.090398517,0.071460958,0.060925548,0.056445997,0.229494846,0.19470738,0.003591306,0.022265033,0.004216476,0.056898269,0.005959438,0.002721548,0.003521917,0.008074564,0.043640278,0.012752305,0.001830093,0.032941593,0.022173351,0.007160561,0.016123812,0.005630907,0.028060974,0.054482841,0.049507913,0.022784544,0.096311734,0.077552854,0.027181799,0.092495672,0.030215805,0.007269122,0.028479189,0.03630474,0.012909293,0.009506701,0.025434052,0.026392911
264,0.011459464,0.067636045,0.012916416,0.009298563,0.006515231,0.005452334,0.010042588,0.028829719,0.024562853,0.070113554,0.078094275,0.070286538,0.011782882,0.150973994,0.026797887,0.023269038,0.045529022,0.018384929,0.019032148,0.003499648,0.001897302,0.003254293,0.053465536,0.173544715,0.119862287,0.288752262,0.197601218,0.105956364,0.090150958,0.123528852,0.007009367,0.192298928,0.160557715,0.174459997,0.179658923,0.076473063,0.217044063,0.398312661,0.063109553,0.225892141,0.340248651,0.041047357,0.13359898,0.244357017,0.071075264,0.06459848,0.039997358,0.063270204,0.051883945,0.070777502,0.032795601,0.034106193,0.02252331,0.061228728,0.081689921,0.050526869,0.202073794,0.200920736,0.214366834,0.331535795,0.230342544,0.304798278,0.290327722,0.25456009,0.194895666,0.048127765,0.243565441,0.339515622,0.378427441,0.181771561,0.197209456,0.105381695,0.102012122,0.061192117,0.073481824,0.060946759,0.092289451,0.074670118,0.084400646,0.081039923,0.076231533,0.099746389,0.097237925,0.236114411,0.1731443,0.215691484,0.120623181,0.084548831,0.101890451,0.086731882,0.047736559,0.033621625,0.0467041,0.040341815,0.075907919,0.231077024,0.384942987,0.35010331,0.09415632,0.11132149,0.134973527,0.115123915,0.175229115,0.137330836,0.131678409,0.088398751,0.204592851,0.073029111,0.073735167,0.0257428,0.067227164,0.05086048,0.094026246,0.085806458,0.095294271,0.068105018,0.071701203,0.002651206,0.002560266,0.0015889,0.003011013,0.001715787,0.132900683,0.170214749,0.189732148,0.002584691,0.002270901,0.176402366,0.123576994,0.106800192,0.035998202,0.064609432,0.067061132,0.028863322,0.009729193,0.028184641,0.0870012,0.030140708,0.101913794,0.096620757,0.091655962,0.015294665,0.058077626,0.078050078,0.082968245,0.052818932,0.077826682,0.078167823,0.076484402,0.098847916,0.104061277,0.01383688,0.005840078,0.01344324,0.001972126,0.010579324,0.050719738,0.005283194,0.012235681,0.005734846,0.18138628,0.19791348,0.007434023,0.17094527,0.224645397,0.03933869,0.13459032,0.104976685,0.063184737,0.104444821,0.133844135,0.01158723,0.18410594,0.159159957,0.182947509,0.14837814,0.064392786,0.128162122,0.253388635,0.21735595,0.006526469,0.040269637,0.007205002,0.040446158,0.010695536,0.003904146,0.005995552,0.013574806,0.070655145,0.022150591,0.002850563,0.039100343,0.031609226,0.010933074,0.025278739,0.008142775,0.045376311,0.054613356,0.038444747,0.021131395,0.245254322,0.173033074,0.064084954,0.223299611,0.064261479,0.011459183,0.067457304,0.065184157,0.032090512,0.015047502,0.057994405,0.060178932
265,0.008735303,0.041127993,0.007962329,0.007408104,0.005616188,0.004944945,0.008730626,0.017137387,0.017387522,0.031016555,0.058847818,0.044370422,0.008102348,0.032069473,0.012382682,0.013779246,0.029922951,0.023691159,0.012142209,0.003234435,0.002115868,0.003427999,0.030031052,0.12650034,0.077668308,0.07604573,0.086489546,0.068758929,0.050629121,0.030640226,0.004279339,0.044383395,0.029077199,0.031133953,0.035563825,0.028845559,0.067870744,0.116893877,0.022048532,0.075308779,0.120872791,0.015598597,0.047539453,0.045998333,0.031599953,0.040584357,0.02372548,0.040348394,0.028244548,0.04959468,0.023993727,0.023525581,0.016465686,0.027967864,0.032349686,0.047505641,0.050377927,0.067109972,0.063031003,0.143338223,0.109065939,0.145475378,0.177423588,0.163899821,0.18215572,0.08880138,0.141765609,0.120459806,0.348876205,0.150788092,0.206332729,0.281584342,0.079139581,0.057179672,0.084969188,0.106551546,0.292301528,0.060373833,0.066376087,0.060351215,0.0648017,0.091853039,0.085275555,0.203157077,0.201792329,0.209699101,0.218013294,0.216888688,0.263669057,0.322568513,0.099445926,0.040351254,0.141853541,0.031233538,0.050771188,0.043752085,0.078393178,0.099464791,0.060288893,0.065677937,0.086381248,0.072239014,0.139582966,0.091211654,0.08470749,0.061149307,0.170562036,0.059754136,0.056435703,0.031640074,0.04696507,0.021791987,0.05896439,0.057218452,0.060704913,0.052356626,0.051352975,0.006848956,0.006401866,0.002810322,0.006229586,0.003280144,0.058289623,0.119832916,0.151792323,0.007562972,0.005113253,0.120289473,0.0879488,0.074291326,0.026410267,0.046197255,0.047811283,0.026950776,0.01254284,0.033891491,0.058600184,0.024739988,0.066821481,0.066084182,0.06111221,0.009132878,0.029587006,0.054192419,0.05891748,0.034412581,0.05094952,0.052426021,0.050396009,0.066557635,0.075422564,0.009431418,0.008697837,0.010916964,0.005124693,0.007865059,0.031787866,0.004298064,0.008582225,0.008185642,0.037189337,0.039847903,0.00682994,0.113737195,0.160385401,0.099841003,0.102803192,0.063947963,0.053514551,0.232773005,0.16868696,0.012485248,0.143867648,0.110111334,0.137555536,0.100341446,0.047792455,0.074851546,0.091658481,0.07726795,0.024889581,0.088933285,0.024412281,0.069038739,0.0389664,0.010343181,0.020110088,0.029376219,0.108082729,0.056936409,0.007092902,0.066701698,0.043689394,0.032085811,0.04147196,0.023557501,0.07274711,0.078691792,0.058089167,0.04422685,0.253049188,0.220075038,0.210082295,0.25350398,0.162388582,0.043247941,0.257714077,0.23498824,0.12975915,0.048640081,0.215880951,0.243788325
266,0.006066383,0.037271705,0.005557467,0.004935342,0.003443123,0.003032127,0.005783665,0.009594493,0.011790359,0.022717758,0.057284553,0.039850056,0.005979469,0.031963541,0.009345709,0.011371087,0.026809579,0.015325694,0.009843608,0.002043649,0.001111964,0.001934687,0.026739283,0.130113045,0.083176868,0.078785492,0.07292088,0.070351976,0.042262328,0.030048016,0.002837476,0.040711856,0.030445858,0.032171697,0.035315969,0.023277587,0.056990324,0.097098618,0.017322422,0.061139678,0.093077244,0.012518637,0.039854563,0.050374527,0.02648893,0.035180871,0.020433741,0.037013684,0.024544428,0.045805658,0.019453173,0.01924288,0.010978095,0.017699203,0.024425877,0.047039721,0.043616631,0.062345123,0.053668015,0.108335674,0.134488366,0.118001342,0.235791493,0.187961835,0.198353104,0.054075056,0.138137309,0.121429267,0.421630273,0.152860473,0.202029872,0.189111416,0.078641745,0.05795264,0.072990762,0.074376881,0.19679707,0.059063608,0.065041614,0.057433317,0.064710036,0.090626036,0.089688109,0.215360845,0.187640109,0.202634838,0.160506857,0.149594883,0.178459423,0.206365731,0.060733009,0.022101118,0.08753185,0.018804175,0.046979578,0.046953346,0.084735485,0.102847764,0.058429861,0.065687703,0.088654808,0.073539323,0.138137211,0.094748573,0.089180445,0.05845028,0.168126407,0.053551985,0.050517107,0.018425245,0.035895186,0.015967626,0.057968452,0.05456632,0.059694236,0.048414998,0.047763607,0.003034802,0.00284592,0.001426876,0.002743312,0.001626195,0.05586645,0.126002539,0.149940173,0.003128686,0.002266491,0.116408909,0.088907449,0.073113618,0.019900677,0.037803476,0.041776143,0.019958032,0.007754601,0.022719424,0.054831159,0.01805345,0.065266805,0.064184294,0.05735139,0.006609706,0.026753736,0.050585748,0.055540848,0.031231781,0.047112155,0.049274164,0.046583626,0.064970462,0.073744169,0.00723085,0.004396426,0.007351275,0.002240332,0.005462824,0.027984483,0.00297638,0.00637668,0.004155862,0.036740118,0.03906289,0.004237265,0.138612512,0.221678324,0.063950504,0.09842924,0.064363907,0.044155609,0.16138045,0.154281007,0.008150373,0.146086531,0.114934424,0.144677621,0.097100701,0.040787547,0.07135654,0.070856463,0.075564957,0.015743939,0.071040432,0.015827443,0.046769089,0.024808381,0.007191355,0.013062218,0.023403199,0.09798197,0.042096784,0.005660212,0.056271237,0.040056453,0.020638751,0.035974053,0.015608612,0.063888387,0.062114212,0.041179934,0.035728657,0.300841654,0.224001462,0.156576856,0.289711208,0.151474731,0.026149826,0.229472355,0.205116356,0.114935216,0.041546234,0.152540743,0.159379119
267,0.004069961,0.01558114,0.003173204,0.003170889,0.00199606,0.001631728,0.002988505,0.005313326,0.006921248,0.010800776,0.034607898,0.022175197,0.002919587,0.012416145,0.004820267,0.004929921,0.012384718,0.005928032,0.004388608,0.001172939,0.000689852,0.001087444,0.010808947,0.062936552,0.038637541,0.026427344,0.032691344,0.032782608,0.025692313,0.011502227,0.001910787,0.02098554,0.008918709,0.009607971,0.013070138,0.011072971,0.030124348,0.055661554,0.007261766,0.03334884,0.054311951,0.005500599,0.01762592,0.01342212,0.013408042,0.021778008,0.011024268,0.020740902,0.013980975,0.025145929,0.011420702,0.010947353,0.006433797,0.008819175,0.01198086,0.032171559,0.026680838,0.039712293,0.034596705,0.065819408,0.085805686,0.071961001,0.117922266,0.121510288,0.159066748,0.086313294,0.059201205,0.044398018,0.217429538,0.08601619,0.192815646,0.299906539,0.045621672,0.043195905,0.083679083,0.109701434,0.342541114,0.037509483,0.041087237,0.034830356,0.04357579,0.078549702,0.05665417,0.133614192,0.212754664,0.178297703,0.220258884,0.233914839,0.287107372,0.38446159,0.101174785,0.026754379,0.146407874,0.020206801,0.027064375,0.012406654,0.022429798,0.034573065,0.027604291,0.02891403,0.040745036,0.033853411,0.062766736,0.044472366,0.041167939,0.028756729,0.074648954,0.042418306,0.036607793,0.021481007,0.03452325,0.011857329,0.027508993,0.02988091,0.028863602,0.027815347,0.027846353,0.004767411,0.004446425,0.001956394,0.003756627,0.002383579,0.020035163,0.060328647,0.064546506,0.004967896,0.003449307,0.046615286,0.041206557,0.034850403,0.016600785,0.017571395,0.021117637,0.0107616,0.003887832,0.009523936,0.026341526,0.007258352,0.030815276,0.030938155,0.024493909,0.00373204,0.010359424,0.029874002,0.031254262,0.01400048,0.022186216,0.023408924,0.023926522,0.031757243,0.036764566,0.003608933,0.005377474,0.004852507,0.003616755,0.002524723,0.011930591,0.001530309,0.00287628,0.004843234,0.014258895,0.015443072,0.002135497,0.102195035,0.145397464,0.104013304,0.04179635,0.029369213,0.038461132,0.243424959,0.186041669,0.00527083,0.070550676,0.054741277,0.069025702,0.040278998,0.020920637,0.02765217,0.04509892,0.049945338,0.030595081,0.109474597,0.028795173,0.048616747,0.045703828,0.011110426,0.024018995,0.034803551,0.118965833,0.070415868,0.008742176,0.070926691,0.04755184,0.033256543,0.04812738,0.028418042,0.081145423,0.062962767,0.041368354,0.050133343,0.296567382,0.251884074,0.279287522,0.299967137,0.23152681,0.047549277,0.391967947,0.343796886,0.19856364,0.068566816,0.28733994,0.316405797
268,0.008525888,0.011373661,0.005024135,0.005901574,0.002999191,0.002250635,0.004487005,0.008057742,0.007458038,0.014916034,0.021079,0.017566019,0.003058897,0.059110759,0.006390308,0.004172962,0.008945582,0.003105406,0.003699174,0.001472341,0.000986796,0.001462307,0.008467508,0.017394558,0.011237437,0.033984443,0.039885981,0.011645018,0.030502131,0.032139767,0.005687739,0.1724918,0.045517374,0.061771558,0.085834824,0.014255513,0.046597891,0.12319119,0.008603641,0.056787545,0.093673283,0.005944762,0.023487282,0.026305163,0.01494146,0.023416539,0.008398047,0.015214518,0.014110849,0.018715701,0.007961826,0.007801984,0.006760008,0.014158573,0.01735597,0.013336496,0.252301396,0.207659853,0.271765756,0.162683366,0.349385579,0.216269756,0.063097775,0.316893647,0.337925394,0.171560829,0.049419495,0.045478277,0.145142451,0.069172746,0.24417051,0.474545168,0.031942446,0.030792094,0.120261386,0.19077814,0.566612968,0.02163577,0.029341732,0.024328505,0.032393222,0.088330836,0.041387342,0.113075513,0.297156596,0.210208185,0.353721699,0.439747845,0.465029926,0.646521884,0.194095995,0.075511325,0.294822738,0.051952455,0.020394571,0.024947907,0.032100604,0.039147782,0.010119102,0.008375342,0.011510869,0.010929176,0.019666123,0.013806855,0.011790142,0.015594153,0.019421504,0.041718405,0.034388216,0.071066143,0.063236133,0.028654198,0.010549062,0.016644659,0.012156617,0.01450936,0.018057993,0.051984956,0.046988225,0.021287082,0.034118113,0.02889466,0.012990174,0.015699589,0.014674541,0.05407124,0.040940395,0.012618729,0.01470655,0.016276694,0.048343478,0.018256377,0.018279649,0.013767487,0.007447545,0.007567343,0.015055554,0.006269528,0.014102918,0.014667245,0.012575431,0.006184298,0.006942011,0.022114345,0.021366014,0.009226454,0.009593084,0.01050116,0.013185091,0.015788854,0.017590654,0.003585597,0.047292855,0.016574803,0.042632193,0.002773819,0.009448411,0.001701083,0.002747122,0.041240354,0.087435508,0.102390861,0.004226506,0.293130689,0.374753571,0.207834647,0.017461369,0.009870377,0.055532276,0.388298179,0.267969018,0.01020372,0.019610107,0.015449675,0.016412898,0.014127387,0.020368471,0.01416016,0.251659742,0.299627133,0.059362043,0.158377921,0.054408149,0.038612599,0.08344049,0.017592597,0.046125765,0.049768163,0.155092972,0.116252708,0.010561849,0.081073758,0.062751375,0.062306518,0.068284237,0.050596232,0.112210058,0.072536525,0.038472116,0.046754447,0.380152526,0.35151784,0.396953314,0.356208697,0.222802918,0.097028243,0.360853863,0.314106195,0.182743174,0.066766277,0.424408362,0.504791906
269,0.004592594,0.010687588,0.003265866,0.003483423,0.002045854,0.001574561,0.00280505,0.005251792,0.006167555,0.009608351,0.026369255,0.017277859,0.002510655,0.013730952,0.004920619,0.003728823,0.009487743,0.003879486,0.003381543,0.001123814,0.000703087,0.00107273,0.007323782,0.044698277,0.026211162,0.017758923,0.030579531,0.023137954,0.02742546,0.011297244,0.002313796,0.026597668,0.008947419,0.010057207,0.014753179,0.011167141,0.037472945,0.07495161,0.00692062,0.040870837,0.068103876,0.005046238,0.016136679,0.009309963,0.012992155,0.022450588,0.009724716,0.018858773,0.013757067,0.022616743,0.009587036,0.009173818,0.005638016,0.008725486,0.011795005,0.023215486,0.035493581,0.050281787,0.045190618,0.07481792,0.112137423,0.080547564,0.07810009,0.14384173,0.198788712,0.10930016,0.03481331,0.026216714,0.18737188,0.064895038,0.216427548,0.390327019,0.035602649,0.041426482,0.103013266,0.134501492,0.419936406,0.030650139,0.035883802,0.029616103,0.039341781,0.085157751,0.045963583,0.112548876,0.256025898,0.196535321,0.290467062,0.31600976,0.369396536,0.466428701,0.126504422,0.039467414,0.198464574,0.028369905,0.024562721,0.008703424,0.013592184,0.021045427,0.020384883,0.019607296,0.028122866,0.023814963,0.041314117,0.031163985,0.028083633,0.02332227,0.046845844,0.054152621,0.045138234,0.032974206,0.041352571,0.015592542,0.020971228,0.028678046,0.02254221,0.022376534,0.02370318,0.008232602,0.007650518,0.003173287,0.006186706,0.003927356,0.012295594,0.042102951,0.03884566,0.008705063,0.005622653,0.026738415,0.028415752,0.025687492,0.024168344,0.014232205,0.017943594,0.010178326,0.003815303,0.007149188,0.020726166,0.005073462,0.022846339,0.023701737,0.016373569,0.003841641,0.006804446,0.026274873,0.028585428,0.010270696,0.016353512,0.017285973,0.019700781,0.024591013,0.028955687,0.003132203,0.008563506,0.005828033,0.006179039,0.00210845,0.008497527,0.001351777,0.002291359,0.007630273,0.016135993,0.018068476,0.002042292,0.139961705,0.190722877,0.141695714,0.02609195,0.020798377,0.045810525,0.316441121,0.224641652,0.006343884,0.049581522,0.038408407,0.047061172,0.024659102,0.018053276,0.016568101,0.055263125,0.065489473,0.039730705,0.130553112,0.036741527,0.053503474,0.058572548,0.013253883,0.030816564,0.040413207,0.135398608,0.08717505,0.009460832,0.076861876,0.054272724,0.041758657,0.056057421,0.036541108,0.094547979,0.072293373,0.046790739,0.05094761,0.326063024,0.291719855,0.338038516,0.31783932,0.226643088,0.062314857,0.37645524,0.331733301,0.190478236,0.067840505,0.355333094,0.407580078
270,0.007069698,0.010453043,0.004331858,0.005222862,0.002907238,0.002098332,0.003586476,0.007023407,0.006858692,0.011173304,0.022705817,0.015072726,0.002933909,0.01810646,0.006036772,0.003835148,0.009868054,0.00240241,0.003513426,0.001441792,0.000979677,0.001453269,0.006960688,0.029015233,0.018440259,0.009528805,0.029708179,0.019042135,0.033782977,0.012314347,0.003877955,0.040915943,0.01080772,0.012936842,0.020163173,0.011439823,0.037270123,0.078884535,0.006667628,0.041096399,0.067913983,0.005175331,0.013644129,0.00530024,0.0138707,0.028330876,0.011401726,0.02260719,0.016239247,0.026865908,0.010843327,0.010332913,0.006154926,0.011997713,0.013926896,0.015500395,0.057042174,0.078935183,0.071638344,0.076907446,0.221370792,0.093003728,0.036014207,0.237573635,0.32157083,0.134286173,0.013550513,0.010036472,0.15299833,0.047429478,0.253558414,0.556613861,0.034255381,0.06265512,0.153677297,0.163460238,0.458622038,0.033879399,0.044758287,0.035154824,0.051246783,0.112266428,0.042499289,0.094046116,0.319890699,0.224511164,0.401173751,0.441847039,0.48636405,0.445164359,0.14473827,0.08073631,0.296090424,0.053725454,0.030188793,0.005434462,0.005161057,0.008913732,0.020788354,0.013773847,0.01884501,0.018314993,0.02576806,0.022432891,0.01913059,0.02958627,0.024855333,0.124750574,0.101952114,0.075952137,0.060786578,0.029155004,0.023670202,0.05166516,0.026238157,0.0268117,0.027838403,0.024968487,0.023082245,0.008013654,0.018091571,0.009956169,0.009904649,0.026316022,0.018578969,0.027944567,0.013989469,0.012911115,0.020896546,0.023048366,0.04136183,0.015637178,0.020714305,0.013097833,0.006255976,0.006619796,0.022658963,0.004312769,0.021395159,0.02468074,0.0141697,0.005230889,0.006045808,0.030764653,0.036403714,0.010105892,0.018675109,0.020287999,0.024703264,0.02532286,0.030709913,0.003634405,0.021848297,0.010243372,0.017455021,0.002435848,0.008819646,0.001622402,0.002483531,0.01883726,0.021708395,0.024233661,0.002805493,0.261736267,0.384849462,0.213526183,0.018863663,0.017483619,0.079301509,0.432866184,0.284583876,0.01038228,0.031517622,0.025629308,0.026813951,0.01478312,0.02103841,0.011812344,0.073580027,0.115213182,0.052505634,0.146069278,0.048910072,0.046661989,0.079462506,0.016623623,0.041002848,0.044667315,0.143686515,0.10820485,0.008365858,0.067233472,0.059448161,0.059370343,0.0632919,0.04820092,0.105371113,0.075898329,0.04563542,0.032144967,0.371953336,0.333669014,0.394224837,0.306854468,0.11758533,0.097187185,0.15504556,0.141752905,0.077092367,0.035215142,0.424293962,0.511706484
271,0.013475497,0.035431705,0.00673964,0.009386862,0.005004075,0.003590007,0.006745518,0.007629148,0.008149256,0.010865545,0.037560603,0.017097974,0.005259682,0.018510942,0.006693265,0.008985594,0.024376019,0.004200038,0.00758915,0.001999075,0.001281827,0.002232456,0.024177707,0.03095901,0.047260834,0.004814981,0.019927533,0.052780311,0.02807421,0.009844995,0.009464294,0.049105486,0.010998639,0.014463611,0.022475301,0.007554811,0.015333455,0.036499053,0.004444346,0.018810532,0.029307485,0.004242672,0.007542099,0.002947552,0.010690912,0.029923576,0.018760343,0.031038743,0.015552397,0.040147201,0.02307369,0.024813771,0.008590625,0.01199812,0.011502412,0.027993254,0.071192996,0.084732635,0.084586882,0.049444393,0.251822563,0.078244711,0.019911726,0.240113352,0.288304443,0.08240804,0.007471602,0.004473117,0.127710865,0.02823546,0.124818953,0.234999908,0.033881422,0.038671831,0.121457384,0.13941671,0.292318789,0.068936594,0.05181589,0.071804845,0.041403472,0.075801661,0.027727894,0.052019172,0.153741852,0.09803673,0.172594544,0.228395059,0.235891009,0.253517284,0.087550998,0.046977075,0.166170302,0.033982983,0.043282127,0.003601116,0.002090145,0.00412961,0.052141782,0.022275464,0.024521416,0.027159335,0.03874256,0.030452305,0.03412302,0.040606909,0.034753224,0.079628467,0.072072888,0.064468436,0.066871771,0.026059138,0.044014618,0.048151998,0.04151254,0.103978037,0.064478331,0.139118179,0.128655404,0.030077547,0.10849785,0.037177055,0.033441432,0.029908827,0.025797579,0.178516479,0.070456214,0.026202012,0.034349675,0.0406552,0.07265618,0.031668302,0.035773797,0.027396973,0.02853806,0.016604901,0.041965372,0.011201924,0.05475752,0.044528869,0.03807373,0.009235638,0.021271646,0.051657529,0.045237373,0.025993058,0.093042286,0.118379937,0.08381227,0.049109557,0.04721485,0.006325804,0.096221515,0.029035637,0.091379324,0.004998575,0.029189246,0.00259706,0.005090217,0.084938573,0.023471311,0.026177186,0.007189501,0.282934709,0.427264414,0.131366545,0.048831867,0.031744044,0.092942794,0.194306286,0.162179138,0.03004959,0.034274149,0.030585345,0.028757417,0.029566724,0.035865485,0.035732574,0.074693244,0.132258329,0.04066702,0.082773683,0.051797342,0.014516698,0.092618642,0.020034795,0.038083954,0.033037741,0.068989897,0.140414893,0.006356575,0.027472417,0.026469635,0.087640654,0.035750655,0.039797581,0.057407237,0.026588597,0.015518131,0.009455937,0.118620693,0.12163138,0.158166424,0.093564121,0.02457924,0.208190643,0.022282215,0.021745395,0.011132505,0.009792382,0.170702116,0.213922964
272,0.014939113,0.044107617,0.006837918,0.010068918,0.004915816,0.00358279,0.007582976,0.006004403,0.006058824,0.00922531,0.033338296,0.014530585,0.006042933,0.018841596,0.006414748,0.011813881,0.028066345,0.00447091,0.009613491,0.001849813,0.000959418,0.001929548,0.032674719,0.029622943,0.04417865,0.003349809,0.01765662,0.049632943,0.026678617,0.009412906,0.009882482,0.052021945,0.011105177,0.014971116,0.023332083,0.006098204,0.008219251,0.022923574,0.003480994,0.01130844,0.016393436,0.003661958,0.004549563,0.001962807,0.00962344,0.029410501,0.016779304,0.028374544,0.014556379,0.03986323,0.020051099,0.021979824,0.006480214,0.010488483,0.009983832,0.024143546,0.076172565,0.08703689,0.089769767,0.040446845,0.252758653,0.078010909,0.017007356,0.243967475,0.283001338,0.085605166,0.005752079,0.003104941,0.193435206,0.025593245,0.113390102,0.176427742,0.029625344,0.031491876,0.115919736,0.143732909,0.279096481,0.062418642,0.046112479,0.065648969,0.035768208,0.069994605,0.024551208,0.047607328,0.139982066,0.081256402,0.133787205,0.192656381,0.194266457,0.243173473,0.090025429,0.049661659,0.159442895,0.036688033,0.039610687,0.002606613,0.001108876,0.002835361,0.048076796,0.020746944,0.023085611,0.025777399,0.041889167,0.029137798,0.032010886,0.041603999,0.037338687,0.066670268,0.062048152,0.07493857,0.077211093,0.032588285,0.040295331,0.041705187,0.038234538,0.096249005,0.059252592,0.160594482,0.148468441,0.034259468,0.124948953,0.042286391,0.053380269,0.028052524,0.028785637,0.206627857,0.080640877,0.035495687,0.035371261,0.041580905,0.104834183,0.042371149,0.03961244,0.032173343,0.032711721,0.019690681,0.041901862,0.014664135,0.052376136,0.043410953,0.045441806,0.00972067,0.031518795,0.047304786,0.042538126,0.030705817,0.086865578,0.110727614,0.077802009,0.047700869,0.046527662,0.006875242,0.110992078,0.034626273,0.105117524,0.005885246,0.035359771,0.002753426,0.006314802,0.09821975,0.024198139,0.026903118,0.008207751,0.278650158,0.418469078,0.130137487,0.055748405,0.029733316,0.094306824,0.152264976,0.154659705,0.036090483,0.033986475,0.028952745,0.027291716,0.040281772,0.042390095,0.048981948,0.075801527,0.137657811,0.035726443,0.063798052,0.048505808,0.006181041,0.088831494,0.018750478,0.034879783,0.028371193,0.048988706,0.12293666,0.00525865,0.018132973,0.018641446,0.08524953,0.02823859,0.035263495,0.042932689,0.015164353,0.007850272,0.004983225,0.067513912,0.077206912,0.106110361,0.052384262,0.0109483,0.213736656,0.006196944,0.006180695,0.003123192,0.005577663,0.115403113,0.151425458
273,0.018513224,0.022515145,0.009909399,0.013427224,0.007464469,0.005477638,0.009486154,0.049144919,0.019585019,0.07730496,0.032388883,0.042306721,0.006794133,0.049664314,0.010921198,0.00857323,0.018356577,0.005808022,0.007744988,0.003624959,0.002813431,0.003928495,0.015637458,0.024370114,0.017503544,0.017414142,0.040800039,0.019885652,0.044697136,0.027660038,0.010975332,0.134275202,0.035679779,0.046240836,0.066590719,0.024168676,0.040967151,0.097957158,0.014720492,0.051930372,0.078554215,0.012211146,0.023374208,0.018361956,0.021129845,0.03945767,0.019934267,0.028084851,0.023491128,0.036476695,0.016959317,0.017828218,0.01706234,0.099921836,0.072699429,0.029307359,0.192360783,0.211178827,0.2483707,0.132506905,0.410391172,0.198745846,0.038991146,0.340424528,0.409872649,0.184857417,0.023421044,0.01892621,0.152846947,0.050610368,0.223487765,0.518253843,0.035963585,0.052405338,0.197868965,0.251229881,0.546076575,0.034634318,0.04328932,0.037162526,0.046808173,0.110067659,0.041083492,0.08849742,0.283588033,0.186460313,0.34402038,0.515121472,0.466131522,0.598900129,0.200502918,0.10580547,0.350837784,0.071494115,0.035805171,0.027026502,0.012595455,0.01679256,0.019594049,0.013360259,0.017360332,0.018337845,0.029909817,0.021749846,0.017925133,0.037828504,0.026630367,0.114249818,0.098860909,0.170096385,0.10901867,0.046858468,0.021853569,0.044680773,0.025304205,0.027641711,0.031802437,0.119132423,0.104756683,0.036543847,0.069552249,0.044363543,0.023512427,0.021526462,0.019922481,0.131451861,0.052566685,0.019260914,0.024216699,0.028718819,0.124875558,0.032887428,0.034485539,0.02816565,0.018033933,0.015783914,0.029620922,0.010442468,0.024790828,0.028834324,0.024759595,0.012305191,0.012870042,0.036726191,0.042098628,0.018593897,0.019143795,0.020889641,0.025516955,0.029809099,0.036226765,0.007918325,0.090008167,0.035304725,0.077544035,0.006139628,0.01932321,0.004025391,0.005962166,0.07528725,0.068283034,0.076356402,0.008875947,0.420128968,0.47502276,0.273426969,0.032494114,0.017422587,0.140987179,0.392498019,0.280765809,0.028059764,0.027405779,0.022501502,0.021033858,0.022618015,0.037798326,0.025909784,0.209518648,0.345871229,0.079568966,0.127988443,0.079464434,0.024087069,0.120523536,0.027700818,0.069606365,0.049992573,0.107527172,0.109166165,0.009333367,0.048808816,0.047286447,0.108121845,0.06000002,0.064346999,0.085897528,0.051835402,0.027190351,0.017711709,0.233425085,0.232058097,0.308417328,0.18786785,0.058132771,0.193241988,0.064055231,0.058585638,0.032593483,0.020409829,0.341998243,0.445049413
274,0.015046808,0.053567566,0.006767394,0.010341459,0.005320756,0.003969182,0.008359422,0.005033925,0.005760098,0.007578226,0.030303626,0.013497684,0.007159261,0.01344468,0.006135672,0.014816538,0.032289369,0.00491688,0.011873484,0.00200357,0.000996931,0.002062179,0.041432475,0.045220603,0.047330506,0.003481156,0.015487401,0.049419732,0.024817825,0.007533047,0.00937957,0.033273922,0.007648927,0.009637937,0.015223652,0.005367856,0.007115806,0.016704822,0.00310608,0.009215625,0.012575683,0.003376432,0.004411508,0.001720161,0.009010628,0.02873918,0.015575592,0.027113735,0.013984636,0.040913603,0.018297254,0.019908919,0.006133156,0.008166772,0.008154173,0.021662448,0.047691953,0.064337025,0.058385659,0.027272357,0.217688952,0.061218983,0.020138073,0.223548739,0.254740125,0.079050238,0.007201165,0.003533381,0.253702865,0.030286608,0.110786277,0.129723682,0.028620385,0.028887874,0.104628015,0.130491411,0.231676876,0.055712983,0.042495521,0.05856505,0.033593386,0.066865059,0.02740743,0.058458003,0.131236938,0.077042699,0.10886068,0.144206706,0.153704331,0.186789632,0.080650617,0.051536929,0.144446005,0.038398941,0.037434272,0.002139892,0.001133062,0.003032971,0.04909177,0.02853077,0.033593271,0.033129316,0.063730969,0.038500567,0.039814165,0.047639041,0.061043436,0.059476545,0.056879543,0.070944225,0.080152934,0.036425436,0.041948447,0.041237846,0.040671986,0.085457253,0.053885767,0.155559931,0.143824484,0.031547112,0.122547169,0.03874814,0.076293146,0.041837365,0.043141221,0.20303576,0.078202438,0.052035485,0.042282795,0.046049328,0.118668614,0.050684283,0.042366303,0.033946501,0.033095398,0.02108974,0.043173375,0.01777146,0.051501288,0.04538474,0.056028576,0.009601879,0.041603524,0.043885898,0.042637017,0.036245651,0.079929942,0.099454919,0.070121322,0.04903096,0.051535347,0.007787009,0.10638419,0.034753897,0.101351731,0.007085494,0.041576985,0.003185116,0.007769764,0.09510216,0.015986437,0.017103116,0.008543976,0.245474023,0.386118227,0.119405702,0.076376977,0.034831297,0.089311073,0.119119138,0.144474629,0.03742267,0.052303324,0.041361244,0.041777101,0.055874982,0.047125565,0.070662974,0.048823145,0.102828429,0.028184671,0.047464796,0.040158801,0.004936144,0.074787434,0.01514466,0.028382225,0.022286787,0.036167437,0.098100578,0.004306228,0.013397723,0.013584781,0.069974327,0.021363839,0.027913878,0.032190325,0.010623704,0.005888272,0.003873221,0.044079134,0.05176285,0.074778396,0.034439065,0.007928441,0.18666352,0.00513754,0.005146977,0.002645419,0.004301892,0.079951398,0.103399697
275,0.038540477,0.060786704,0.069291979,0.036781572,0.036261007,0.030569763,0.034539897,0.218417957,0.205543488,0.262566249,0.193331511,0.213759479,0.055629863,0.029546196,0.083239155,0.058972879,0.064355897,0.05076244,0.052089177,0.026208071,0.021471511,0.026038972,0.061136062,0.077537142,0.103974107,0.366100417,0.1596478,0.10738698,0.116715856,0.052841031,0.020229347,0.050494707,0.025837261,0.025213435,0.037153012,0.213755046,0.289858407,0.305290491,0.219288983,0.282204364,0.283323828,0.150325251,0.3009663,0.450890063,0.171613489,0.099222011,0.122529464,0.108320644,0.111741694,0.081668556,0.183764274,0.168208561,0.204017548,0.271445075,0.262302521,0.225567537,0.062030914,0.064495744,0.069432591,0.157589722,0.074954601,0.102950832,0.14220249,0.07967927,0.066757856,0.048638387,0.194538661,0.267109556,0.082905585,0.155920921,0.1278525,0.10048416,0.146815232,0.116535937,0.080795623,0.053630519,0.094459731,0.174814119,0.136918832,0.155296344,0.120009642,0.115807146,0.122098734,0.143792618,0.126381093,0.111086594,0.087291344,0.056593719,0.099399706,0.078976278,0.051830735,0.038449488,0.037632395,0.033627429,0.12627698,0.439176582,0.356078254,0.305124629,0.129204513,0.097710693,0.086339512,0.093037529,0.069838362,0.085380508,0.094057362,0.088679488,0.070126646,0.094255473,0.092944837,0.015227091,0.038033248,0.022516267,0.117972783,0.114490743,0.112916118,0.176055298,0.156151902,0.014054123,0.012526639,0.008568447,0.015714336,0.010057996,0.053278618,0.078661587,0.075739476,0.015696522,0.016251772,0.067695203,0.084372893,0.087330778,0.028972004,0.057226053,0.071186543,0.042159079,0.027063565,0.045314814,0.089342865,0.055235316,0.105351901,0.094320629,0.065907196,0.06554028,0.06458712,0.149207544,0.091845318,0.064571863,0.152771947,0.154840205,0.136733248,0.098153161,0.084135705,0.059740209,0.021557842,0.029220778,0.013030679,0.045090424,0.061417493,0.025521288,0.042782959,0.022582555,0.046839187,0.065039352,0.039472703,0.066641261,0.077401579,0.029263948,0.062640612,0.102326088,0.061816248,0.091578189,0.115445487,0.025795723,0.073900039,0.080931653,0.07509517,0.069180399,0.063276712,0.051946028,0.085857047,0.070885107,0.004878739,0.023752636,0.006584052,0.057969433,0.009267828,0.009112365,0.005725396,0.016379397,0.03311435,0.012668608,0.005007139,0.035288571,0.040191082,0.01997837,0.034050049,0.011690919,0.023714043,0.033827405,0.054426139,0.043222078,0.108348852,0.075142016,0.024694165,0.097815197,0.026995528,0.015147184,0.017400594,0.021953769,0.009549576,0.010860015,0.022530032,0.023117117
276,0.012831506,0.006410708,0.045207472,0.008135493,0.002795007,0.001400844,0.001696768,0.330854244,0.190818167,0.463539206,0.157074091,0.267034214,0.004806932,0.050287829,0.184060757,0.004928604,0.018586853,0.001880431,0.004219525,0.001446048,0.000689746,0.000933106,0.005534384,0.011208224,0.015869842,0.456446875,0.30460759,0.016236976,0.245703628,0.122081609,0.013606181,0.046504902,0.043778226,0.029039022,0.055957686,0.538264237,0.711007929,0.695035616,0.571798707,0.713062804,0.765926012,0.365711426,0.714868598,0.301747368,0.410965865,0.17170505,0.141131911,0.104133854,0.219686459,0.072401405,0.137223386,0.139778641,0.180231322,0.560918929,0.567145808,0.183770549,0.037320021,0.088948162,0.069272129,0.532246726,0.034537241,0.322424648,0.560054286,0.078206044,0.033660511,0.003467051,0.302681269,0.530790751,0.044998998,0.134184663,0.045360459,0.017760516,0.105061032,0.049005775,0.041826907,0.020655149,0.02099699,0.085824457,0.071554621,0.077853524,0.057863612,0.049213173,0.062627822,0.062745324,0.037529832,0.034769279,0.029214735,0.012244665,0.024173564,0.011293079,0.00352924,0.001345374,0.006087476,0.001401886,0.094521855,0.323011335,0.649086522,0.567808194,0.027081868,0.013430718,0.011125509,0.013054269,0.006796899,0.012799147,0.014534559,0.01417574,0.005094479,0.034454651,0.030947957,0.001339608,0.01505989,0.001491413,0.022322893,0.027744715,0.021323962,0.052059479,0.084010449,0.000555271,0.000659048,0.000404824,0.001162293,0.00034931,0.002939941,0.011581651,0.005418072,0.000330697,0.000405905,0.003723115,0.012314295,0.014920826,0.002649104,0.007106667,0.014183184,0.005619093,0.00103496,0.00257718,0.016022893,0.005351878,0.017499816,0.016561305,0.006909514,0.060031034,0.005014325,0.10166679,0.058690929,0.013900291,0.026819375,0.021429499,0.032434118,0.018241057,0.018467845,0.015891958,0.001089151,0.002111641,0.000313286,0.001972599,0.006248959,0.001434934,0.002037532,0.000895658,0.086839798,0.123948829,0.001252322,0.025508051,0.018500121,0.0084898,0.005043457,0.015745255,0.036201253,0.024171177,0.041045857,0.001788476,0.009587113,0.012604217,0.009340986,0.005684493,0.011567292,0.002478425,0.18989917,0.061062744,0.003312371,0.040580495,0.005808143,0.40377514,0.005914133,0.004209846,0.00480288,0.02519371,0.054961343,0.018674326,0.004829935,0.128034846,0.127547584,0.010112415,0.081070993,0.012708906,0.039638381,0.140923386,0.386176559,0.159245763,0.100391259,0.070019037,0.011422921,0.108423515,0.071218836,0.004781514,0.058192928,0.106515085,0.022031144,0.035967475,0.009709292,0.005128457
277,0.013693936,0.0039294,0.048851452,0.008487908,0.002617565,0.001140204,0.001148587,0.277567987,0.097300491,0.502036307,0.168064481,0.269341979,0.004629364,0.054245367,0.20052174,0.00434327,0.019235273,0.001147876,0.003821081,0.001387257,0.000561845,0.000752339,0.002762935,0.017552185,0.012066484,0.590876597,0.34433001,0.014741167,0.276251367,0.12925485,0.014904924,0.051191202,0.04618661,0.03122313,0.059236999,0.588903759,0.762928027,0.712806437,0.629734743,0.753094046,0.786570514,0.396231588,0.791468828,0.705646268,0.454747015,0.190296359,0.115020431,0.102729627,0.235716321,0.079512582,0.059864215,0.075144844,0.081243461,0.611788604,0.656534674,0.136680446,0.042697422,0.098512714,0.075335634,0.562943285,0.047554667,0.354091717,0.777467081,0.117527118,0.081772976,0.017501949,0.442432655,0.435196419,0.136689092,0.388087654,0.319161972,0.158953599,0.176094655,0.066285895,0.090391737,0.056948396,0.186244009,0.086074685,0.100195619,0.09381019,0.095543696,0.133826458,0.179874831,0.427068574,0.3096984,0.2908692,0.290798464,0.067312329,0.24062117,0.101579244,0.020664828,0.005187894,0.025583755,0.005126007,0.096672665,0.691765301,0.44181262,0.434699151,0.015034202,0.008574911,0.01095772,0.01054949,0.011778468,0.013489714,0.012067587,0.010696282,0.010888951,0.039557251,0.030379746,0.002871468,0.0189603,0.003749647,0.013194856,0.020194979,0.013504938,0.033368265,0.07329447,0.000535242,0.000692024,0.000346436,0.00122863,0.000232152,0.002353101,0.016514029,0.00858413,0.000212655,0.000260598,0.004521364,0.013688744,0.016504634,0.002024345,0.006783205,0.016790594,0.006841941,0.000991228,0.002502026,0.017896594,0.002181474,0.018697224,0.016919018,0.006006969,0.064916233,0.002698877,0.101110051,0.06497834,0.014184881,0.012520109,0.011670895,0.027719004,0.018677163,0.020296734,0.016555708,0.000931359,0.001459126,0.00020109,0.001320538,0.003739004,0.001321934,0.001553563,0.000676265,0.090929918,0.128270846,0.000703591,0.042029501,0.046823113,0.020115458,0.005557694,0.01038854,0.028906699,0.241261592,0.237929514,0.001962088,0.01766646,0.016168286,0.015964411,0.006080936,0.013390658,0.002641032,0.204636903,0.066332063,0.02242743,0.178946473,0.032728374,0.309458096,0.031697456,0.016553495,0.028222184,0.070141789,0.34933659,0.125913616,0.013857496,0.302756877,0.202065918,0.056935391,0.145673861,0.084108139,0.251880844,0.490505211,0.391102356,0.137015391,0.405174269,0.400875298,0.054666985,0.377042375,0.265127216,0.028311538,0.386440523,0.344152145,0.176003932,0.097113044,0.041672476,0.019591342
278,0.012892972,0.007520996,0.042973806,0.008281743,0.003043144,0.001643826,0.002071085,0.237494965,0.087770344,0.439736503,0.163349697,0.245403551,0.005062929,0.057625552,0.172077056,0.005386238,0.020403697,0.003083751,0.004740559,0.001658629,0.000794142,0.001116119,0.005467466,0.035722897,0.025553686,0.597638139,0.331494775,0.028247803,0.249778563,0.12690401,0.013494229,0.061707563,0.049489487,0.036734412,0.064225577,0.507926637,0.684877604,0.680961651,0.538607693,0.677775783,0.729666925,0.34020802,0.697742319,0.712703222,0.395519838,0.172489824,0.106705861,0.101301795,0.209161275,0.079122868,0.05869711,0.071772488,0.073783128,0.525891995,0.571114426,0.127919575,0.058172408,0.108951002,0.090170431,0.53650287,0.079171595,0.351810421,0.740882115,0.147730332,0.109682786,0.024195092,0.438079576,0.45143683,0.200603954,0.383292905,0.331978384,0.153276131,0.177622161,0.074421897,0.095737088,0.056719312,0.171722746,0.091761062,0.106652395,0.099895873,0.102214989,0.141631999,0.183070491,0.437758283,0.316648255,0.312307942,0.278579473,0.070283496,0.225096926,0.094830402,0.027570562,0.012826892,0.026675724,0.011681168,0.09906387,0.692791934,0.476358464,0.458047661,0.028084296,0.019895132,0.02394939,0.02228254,0.025023502,0.026634912,0.025411302,0.020926074,0.02457262,0.050480079,0.041473952,0.004364933,0.022538405,0.007383957,0.025890512,0.032837137,0.025929935,0.043724478,0.078687888,0.001018502,0.001106034,0.000793877,0.001624329,0.00077066,0.006432403,0.033644484,0.018987312,0.000720309,0.00088553,0.010930932,0.024865007,0.027313445,0.004328022,0.011212361,0.023358303,0.009166198,0.002024721,0.005185503,0.028438534,0.004560797,0.031887743,0.028385602,0.011070025,0.056923269,0.005287387,0.103834154,0.070832117,0.016206777,0.025512302,0.024448948,0.040081849,0.030773738,0.031636089,0.01562667,0.001683558,0.002623296,0.000678961,0.002141406,0.006773458,0.001699606,0.002378847,0.001467151,0.093880661,0.130002073,0.001481155,0.069066222,0.090093145,0.021586389,0.012254025,0.022088272,0.036288631,0.228909794,0.241315813,0.003003141,0.036798448,0.031769448,0.033851239,0.013034767,0.018565452,0.006682629,0.210023265,0.085876021,0.019891941,0.160680216,0.028961306,0.258146979,0.02825434,0.014838054,0.02499491,0.062411971,0.315704588,0.111887529,0.012294197,0.265399794,0.177932032,0.050541007,0.129128882,0.073787816,0.226361756,0.43153954,0.329502656,0.116812105,0.404296409,0.383065219,0.053872033,0.373163079,0.236157107,0.025381313,0.336971566,0.298905331,0.153335096,0.084259949,0.040709507,0.020986971
279,0.013395962,0.064232558,0.014837924,0.011699381,0.009519188,0.00718986,0.009133173,0.269617382,0.305957307,0.241892937,0.18458202,0.222755668,0.01735706,0.02237362,0.015971038,0.027838879,0.048686671,0.009301389,0.021790444,0.005490333,0.003837969,0.005275304,0.048071549,0.145533703,0.134967673,0.18474559,0.080009361,0.132151857,0.045580879,0.036307253,0.005210614,0.050596489,0.017889344,0.019176881,0.030691698,0.074781098,0.162597417,0.262030924,0.059761697,0.177000569,0.215978938,0.044149614,0.166905431,0.232320027,0.054473251,0.048669094,0.121406503,0.097726781,0.04864098,0.068967558,0.261075658,0.223946516,0.309203959,0.231752569,0.15711159,0.221972865,0.069525183,0.048090801,0.057380401,0.118531127,0.054502767,0.069761125,0.122411384,0.067777235,0.064678273,0.06551476,0.120310353,0.12834942,0.025540445,0.136207223,0.122547114,0.094050504,0.13048072,0.104034489,0.090844534,0.07035991,0.10608908,0.174590685,0.132364059,0.160767435,0.11139164,0.115610084,0.111494929,0.162863513,0.112947568,0.111214095,0.082974965,0.045430554,0.10131874,0.077000614,0.067477638,0.055331834,0.039991495,0.052076559,0.134071356,0.23881634,0.160530717,0.143267109,0.18053149,0.164979141,0.154846089,0.155171002,0.138756341,0.140522434,0.140219682,0.160535519,0.138044416,0.124933034,0.134692695,0.023749367,0.060928326,0.042316313,0.16571728,0.162664311,0.16534885,0.220320292,0.181442072,0.007402924,0.006979165,0.006324608,0.011065058,0.007462716,0.111371184,0.138437189,0.130146651,0.008295989,0.013089832,0.123676709,0.11475509,0.109654558,0.047415842,0.04872454,0.063848543,0.024266857,0.01148138,0.015512691,0.099124145,0.01968668,0.126264256,0.11984727,0.087325965,0.015441633,0.051107929,0.164915018,0.101351668,0.053660562,0.198124758,0.19994466,0.16663624,0.125178227,0.126943085,0.02164667,0.017365737,0.012918711,0.008414737,0.013239181,0.050209636,0.006786045,0.014033978,0.018612792,0.038802778,0.056775074,0.007988182,0.077550939,0.0985466,0.029954212,0.129753352,0.156485282,0.08310147,0.090468041,0.110982856,0.014556951,0.142495048,0.139575141,0.13152443,0.109743781,0.056255989,0.114435992,0.073653807,0.033674592,0.001628114,0.005862921,0.002545998,0.014689249,0.004657812,0.002419723,0.001878772,0.004281221,0.007697265,0.002888426,0.001858747,0.009214013,0.008643626,0.005552823,0.007984626,0.002286056,0.004969896,0.005586381,0.01002432,0.021786929,0.027933234,0.015678009,0.007768008,0.027668463,0.008101578,0.01109826,0.003896737,0.005402996,0.001520925,0.002447068,0.006629816,0.006399983
280,0.01057967,0.07425497,0.008459469,0.009105672,0.007013373,0.005248529,0.00773253,0.173615495,0.211479325,0.141150045,0.130306572,0.146211366,0.011901613,0.009840248,0.008854849,0.022441874,0.047233627,0.005879892,0.018083011,0.003478787,0.00214323,0.003399872,0.054068007,0.166973318,0.141341961,0.090250003,0.041474272,0.134316456,0.030826244,0.01992629,0.003747601,0.015635684,0.008149243,0.007101055,0.011926478,0.036334322,0.090014852,0.146242022,0.026258703,0.101238721,0.121050704,0.020950061,0.103208922,0.104817655,0.028487665,0.03973637,0.088396411,0.08126786,0.032864733,0.066623378,0.190253811,0.163282857,0.21479362,0.127310173,0.079648653,0.144531448,0.01839336,0.022935401,0.016883037,0.048859867,0.054286596,0.020296219,0.113876015,0.05262917,0.060953007,0.039904614,0.079675665,0.067403779,0.01813124,0.119406939,0.125719377,0.060720494,0.101026232,0.077101363,0.08032158,0.062951287,0.083747589,0.140243285,0.108445423,0.13506436,0.089013105,0.104650743,0.096049096,0.187990001,0.105407532,0.111463458,0.066262378,0.032510418,0.07421698,0.0562686,0.038147818,0.030763377,0.037441324,0.03314448,0.113042354,0.110205828,0.071158996,0.069630714,0.176489002,0.162947338,0.161652089,0.154780517,0.174893826,0.14971857,0.148854537,0.156201047,0.181519139,0.114466946,0.125134947,0.025091317,0.060841488,0.03920851,0.160503849,0.153760551,0.159947247,0.199148428,0.153460077,0.005150591,0.005545148,0.00295836,0.010004657,0.003270648,0.149264263,0.158190838,0.159260802,0.006493821,0.008241932,0.156290873,0.124741849,0.115120973,0.062524534,0.055326637,0.062736957,0.023584453,0.009511956,0.013273759,0.097323484,0.018435891,0.126088499,0.119703357,0.102023835,0.009390648,0.056723055,0.135789837,0.096270711,0.055123546,0.194550499,0.198941665,0.157500176,0.125241762,0.131453048,0.013703152,0.014346124,0.011971403,0.005092798,0.009831793,0.05379049,0.004958617,0.011175597,0.014416119,0.016615894,0.025289611,0.00560322,0.086879886,0.114284104,0.029017471,0.16634465,0.153572536,0.077412953,0.066497589,0.102353714,0.013954049,0.170038413,0.156172324,0.154527671,0.134819037,0.058693227,0.153795233,0.019156328,0.021097725,0.001413549,0.003128591,0.00235399,0.00635316,0.004610778,0.001956438,0.001657654,0.002836456,0.0036762,0.001569321,0.001509038,0.004652248,0.004252206,0.00477384,0.00437135,0.001722769,0.002425801,0.002244681,0.003946046,0.012075741,0.012937559,0.006881597,0.004483735,0.013101221,0.004000793,0.012015086,0.001846132,0.002298726,0.000742552,0.001252681,0.003847523,0.004023132
281,0.013734112,0.087423663,0.011076095,0.012422117,0.010323076,0.007665981,0.010721438,0.136392319,0.161678834,0.119614192,0.115946541,0.123137888,0.015117904,0.008527672,0.011314346,0.027544621,0.055298748,0.008428676,0.022495149,0.004721159,0.003171607,0.00515218,0.06479205,0.178850389,0.142569222,0.093307412,0.037976058,0.13626631,0.032553353,0.016652441,0.005491631,0.012352094,0.0069533,0.005974337,0.009745035,0.034640124,0.077035767,0.118474633,0.026037832,0.086535201,0.099990907,0.020625705,0.093780141,0.1020954,0.02861612,0.042265808,0.074543234,0.075032593,0.03265741,0.07086348,0.150100202,0.130265944,0.163786684,0.110577415,0.073863468,0.122375265,0.013800589,0.02220186,0.013931674,0.040117649,0.062610629,0.018326175,0.115512742,0.060081602,0.071151584,0.044067972,0.093004666,0.081747893,0.029273319,0.130655548,0.147810327,0.061544775,0.099127589,0.075032466,0.083975158,0.07023129,0.094055468,0.127506873,0.103395597,0.123730616,0.087130638,0.10749257,0.10007567,0.20988058,0.125994221,0.137055077,0.077126763,0.036106938,0.08087649,0.063480228,0.041752545,0.033370179,0.044288865,0.036512707,0.103183677,0.10559049,0.079895313,0.080800898,0.164409678,0.159437181,0.164388387,0.153809639,0.199491309,0.15581438,0.151998506,0.151275574,0.216531541,0.108679504,0.117934057,0.029363444,0.068641722,0.044917179,0.151399765,0.143226577,0.1515927,0.175626553,0.135956503,0.005935713,0.006223951,0.003019341,0.010585596,0.00329519,0.175875393,0.169961715,0.19598353,0.007400223,0.008304946,0.193372191,0.138524023,0.124181236,0.070862199,0.064086863,0.069008758,0.027535243,0.011491611,0.016610929,0.102685861,0.022787172,0.12820672,0.12337218,0.119870561,0.011967639,0.069045253,0.121743716,0.095215383,0.065049266,0.175905136,0.179897147,0.142662812,0.126845498,0.135547597,0.016819349,0.01500117,0.014342775,0.005481733,0.013008323,0.063191851,0.006531832,0.014386539,0.01493922,0.013429953,0.019956579,0.007668548,0.101578498,0.133165408,0.034271494,0.193041809,0.149727993,0.080210473,0.073458314,0.116543269,0.01662249,0.18695457,0.166070151,0.17275718,0.163486296,0.066096025,0.183202844,0.0149249,0.023073522,0.001684262,0.003396807,0.0026305,0.005646339,0.004986106,0.003475408,0.001916779,0.003828793,0.003725165,0.001974488,0.002892184,0.004076974,0.004032926,0.006437082,0.004564462,0.00226788,0.002664034,0.002338078,0.003792137,0.009236218,0.01200458,0.007400671,0.005444695,0.011526033,0.003506353,0.012471836,0.001830413,0.002250105,0.001027656,0.001412523,0.005070874,0.005625533
282,0.015169157,0.076752886,0.013232651,0.014198964,0.012434247,0.009196903,0.012165448,0.157901514,0.187451459,0.136463704,0.127131622,0.138547089,0.016310396,0.010882182,0.013371848,0.027252592,0.05097272,0.010344717,0.022425294,0.005509251,0.004027823,0.006481058,0.057754852,0.161802033,0.136571602,0.103159939,0.044853551,0.131996793,0.034062385,0.021297789,0.006923404,0.017405108,0.009193021,0.008230667,0.01326778,0.040762109,0.092069452,0.14477913,0.031509307,0.100930664,0.118988916,0.024190814,0.100935327,0.116610827,0.03248791,0.042059741,0.082558186,0.078617904,0.034598725,0.067508868,0.170939842,0.147734194,0.189989752,0.126026879,0.083899336,0.138189557,0.020610248,0.0251164,0.019160753,0.051117066,0.057515313,0.024787374,0.114424022,0.058426941,0.067196096,0.043762883,0.094115274,0.085403527,0.03274471,0.128553807,0.135740008,0.066297935,0.103153852,0.078408246,0.080860749,0.064705905,0.091104899,0.136971231,0.107934743,0.131778203,0.089995205,0.106212745,0.099936912,0.19658863,0.116253501,0.123699544,0.074104052,0.038230464,0.080789007,0.06485938,0.042685132,0.033401582,0.041272812,0.034758188,0.108535563,0.12069545,0.0888966,0.086958306,0.166424147,0.153121471,0.153560732,0.146609001,0.174121214,0.144280635,0.142701703,0.147363408,0.185699684,0.110013198,0.118973306,0.025651492,0.060167951,0.038828199,0.151490091,0.145201549,0.151006803,0.188941636,0.145841141,0.00706357,0.007134283,0.003721749,0.011451659,0.00416975,0.14893234,0.153612218,0.168693148,0.008632398,0.009519585,0.164239392,0.126494045,0.11601928,0.063353116,0.058867026,0.06569782,0.027549689,0.013009118,0.017843446,0.09839906,0.022585243,0.124898762,0.118306256,0.104581408,0.013886062,0.061246501,0.129825655,0.094070693,0.058921339,0.183703156,0.188588957,0.149907286,0.122784056,0.127930469,0.018278885,0.015907423,0.014770101,0.006547005,0.014325106,0.056977764,0.007162333,0.015060488,0.01598961,0.018019996,0.026710888,0.009072758,0.089868195,0.119011686,0.032032453,0.165298994,0.145134438,0.075579245,0.073100534,0.109036239,0.017246943,0.166852292,0.15127413,0.153535379,0.141065551,0.061875899,0.153263612,0.022161502,0.023350274,0.001996354,0.004374318,0.002959435,0.006989517,0.005447409,0.004669064,0.002210259,0.004925533,0.004703032,0.002671528,0.003919975,0.00493627,0.004926385,0.007924261,0.005616872,0.00280262,0.003404334,0.002992724,0.004787538,0.01060519,0.014741918,0.009471212,0.007180845,0.013964003,0.004274141,0.013017979,0.002360088,0.002905126,0.001417211,0.001834809,0.006914514,0.007819921
283,0.026261381,0.145136052,0.018188904,0.025460551,0.023041331,0.016813197,0.02238358,0.057638673,0.069103632,0.055786513,0.071432328,0.066165586,0.027846534,0.009736413,0.017759742,0.050669451,0.089798068,0.017222761,0.041697453,0.008958317,0.006555059,0.011379253,0.11413937,0.231131462,0.161125324,0.056372404,0.036015064,0.160755165,0.039588305,0.01804718,0.011431349,0.00939123,0.008532404,0.006815521,0.009812136,0.024733607,0.05755383,0.08775534,0.018691808,0.061925905,0.071043376,0.014756616,0.060124702,0.047749059,0.025252541,0.05244712,0.044578304,0.061863757,0.03134112,0.090643782,0.071453238,0.06394311,0.069557066,0.050423071,0.039362599,0.060920418,0.007217973,0.031420405,0.011590684,0.026866924,0.126371548,0.021760814,0.112963989,0.122348159,0.144586479,0.07502492,0.087424528,0.064936195,0.122285131,0.138706252,0.219832345,0.064358411,0.081580574,0.060784206,0.102683064,0.105171266,0.13424082,0.084416083,0.083267783,0.087620537,0.07440874,0.117088642,0.096456919,0.255683658,0.195234252,0.211964423,0.106228731,0.054574892,0.100759328,0.091942329,0.069631695,0.058860148,0.081040244,0.065493983,0.081314672,0.048310729,0.044079547,0.055311272,0.139598187,0.167443238,0.191567855,0.16891874,0.283054381,0.19245026,0.177590789,0.151040625,0.328732192,0.099248037,0.106636563,0.055050939,0.113104119,0.083736357,0.13720444,0.123978585,0.140592672,0.108233647,0.091221407,0.009475763,0.008729372,0.003451708,0.011465638,0.003623758,0.304793349,0.223295896,0.324890627,0.011066293,0.007929245,0.336901237,0.201061257,0.170543189,0.120701383,0.107513017,0.101414198,0.046993087,0.021346551,0.031587253,0.135304206,0.043624566,0.152115634,0.15087061,0.193811995,0.019513264,0.127803184,0.087477679,0.100239356,0.107349508,0.125909552,0.126820789,0.104557262,0.147453616,0.162006031,0.028878967,0.017755358,0.025868718,0.007068993,0.026620335,0.10533483,0.012575275,0.028342929,0.018089261,0.013069854,0.017050483,0.014689879,0.208039505,0.274945969,0.063009973,0.285725806,0.154742849,0.098407548,0.090403799,0.17196686,0.031624935,0.250691766,0.213759783,0.244955936,0.279295099,0.102547145,0.303121357,0.00874176,0.041190304,0.002285227,0.004505345,0.003172662,0.005659251,0.005505464,0.013312183,0.002487635,0.010949384,0.003871747,0.003269081,0.015535075,0.003819642,0.004889296,0.012301687,0.007472011,0.003968922,0.003183039,0.002463669,0.004354103,0.006057259,0.009854707,0.007701384,0.007395472,0.008485822,0.002962112,0.012189601,0.001915617,0.002311335,0.001891673,0.002243584,0.007779939,0.009364007
284,0.020086356,0.088370187,0.018309338,0.019523086,0.017948877,0.013231723,0.016869034,0.136178269,0.154756223,0.129209923,0.12050737,0.127448304,0.021457133,0.011712669,0.018305138,0.034129253,0.059487189,0.01493125,0.028397571,0.0076307,0.005883253,0.009540588,0.068195594,0.167631054,0.134648998,0.119768985,0.048118183,0.131757834,0.038086436,0.023178706,0.009947953,0.017879014,0.010158746,0.009008301,0.01417938,0.045409084,0.09230948,0.139096931,0.037246137,0.097362044,0.111634481,0.027778468,0.094700724,0.131945664,0.037019874,0.04576164,0.073450875,0.073849234,0.036670592,0.071211621,0.142757366,0.124738139,0.156194119,0.122976926,0.088254431,0.12705842,0.020709405,0.026741215,0.019711362,0.048999015,0.062187312,0.026158068,0.112705291,0.063411749,0.073232914,0.047563109,0.115092207,0.109454365,0.041651918,0.145019883,0.156828121,0.065984488,0.105450789,0.078958003,0.082653971,0.06921572,0.096705537,0.127786007,0.10518355,0.123025763,0.090374793,0.109245824,0.107167393,0.219033278,0.136048834,0.149108895,0.084019589,0.040362392,0.085248105,0.068273517,0.046116029,0.036413367,0.045935526,0.038133337,0.100500868,0.134193904,0.111139991,0.109436761,0.150838263,0.144438558,0.150746999,0.140784164,0.192074702,0.145592183,0.141498698,0.136924576,0.214055294,0.102001084,0.108585135,0.028751472,0.065658939,0.043343493,0.138772374,0.131259488,0.138780048,0.166329767,0.131091247,0.007867862,0.007576178,0.004017752,0.01117895,0.0045018,0.169056224,0.159903958,0.20031001,0.009292761,0.009360431,0.195791242,0.137300916,0.122852615,0.068786921,0.067022103,0.071855991,0.032399276,0.016001436,0.022826321,0.102689408,0.028302871,0.125411785,0.119726483,0.119620907,0.018712403,0.073435148,0.118974512,0.091728464,0.068837353,0.162685207,0.167631919,0.134197147,0.122060078,0.128124927,0.023591092,0.015836051,0.017781293,0.006984198,0.01937033,0.06610849,0.009623885,0.019786008,0.016036135,0.019145562,0.027756483,0.012613671,0.098705882,0.128595804,0.035703039,0.185378865,0.137009319,0.07600974,0.07881481,0.121461062,0.020612366,0.177457255,0.155890874,0.16650134,0.165377881,0.06888816,0.176068932,0.022386601,0.025468313,0.002105992,0.004785533,0.002989962,0.006979285,0.00522568,0.006804851,0.002324528,0.006379961,0.005028735,0.00314045,0.005654669,0.004876166,0.005229418,0.010209987,0.006354611,0.003439408,0.003838784,0.003398102,0.005165737,0.008794151,0.014778605,0.010463306,0.007630084,0.013458047,0.004155136,0.01177384,0.00256922,0.00308482,0.00191395,0.002233949,0.007553215,0.008541945
285,0.015499488,0.081394181,0.014955053,0.014311285,0.012394098,0.009242045,0.012120693,0.179571312,0.205114773,0.165111427,0.141996424,0.158887254,0.018129387,0.014640684,0.015220427,0.030543449,0.055207541,0.011095273,0.024800626,0.005886672,0.004193646,0.006539261,0.061796757,0.159723335,0.134852829,0.143322076,0.056044607,0.133487134,0.038424015,0.028305512,0.006601137,0.026434828,0.012360124,0.011511654,0.01877817,0.052296099,0.109310189,0.172365423,0.042297886,0.113827338,0.13439058,0.031598529,0.102117881,0.163992207,0.04073325,0.04491743,0.087793357,0.079800664,0.039044975,0.068811609,0.181386206,0.156837256,0.207215342,0.15672424,0.108288722,0.158282613,0.033417253,0.031552868,0.028907107,0.064693039,0.056253333,0.035649607,0.108470837,0.059783689,0.065551521,0.05052613,0.123378124,0.12482754,0.028638792,0.147233221,0.146529874,0.064919776,0.114839054,0.08655557,0.080725619,0.06583887,0.08996666,0.143211424,0.114019047,0.135548726,0.097146416,0.110197901,0.110963912,0.209245349,0.12623437,0.140115146,0.07953338,0.036282224,0.081838772,0.061763118,0.049457571,0.04094154,0.041886344,0.041939407,0.109776044,0.16777641,0.136845107,0.129323514,0.156882189,0.145365277,0.148200098,0.140773351,0.177446398,0.142335072,0.139518896,0.13709403,0.196416619,0.105251118,0.111571361,0.027521212,0.064034669,0.044317103,0.143386872,0.136596572,0.142839717,0.183662393,0.14667151,0.006154668,0.005899934,0.004077722,0.009201733,0.004662407,0.157126965,0.152959532,0.188219484,0.007084175,0.008986309,0.183721927,0.133204749,0.120466351,0.062069172,0.0608017,0.069057105,0.02773541,0.011899754,0.018217229,0.102139885,0.023792849,0.127266474,0.119576646,0.111736291,0.015469913,0.067110253,0.133010306,0.092208262,0.063785118,0.172818429,0.178406513,0.143509953,0.122701397,0.125270916,0.020811131,0.013993695,0.014398642,0.006137555,0.015309494,0.060504605,0.007677087,0.01635917,0.014452404,0.025185242,0.036933389,0.009401797,0.090174964,0.114511516,0.032271938,0.170841657,0.138806822,0.074389886,0.075979555,0.113982869,0.016312949,0.166651158,0.150081536,0.157771385,0.155169716,0.064415718,0.16290576,0.03503224,0.025639193,0.001431487,0.003496123,0.002140222,0.005970534,0.003858615,0.003593276,0.001619154,0.003829616,0.003996418,0.002077523,0.002669602,0.004201277,0.004225956,0.006403289,0.004683103,0.002213452,0.002885776,0.002688104,0.004191784,0.008853922,0.012933751,0.00829318,0.005263798,0.012184569,0.003623447,0.009103675,0.001975425,0.002439717,0.001190702,0.001538948,0.004941587,0.005335126
286,0.018261806,0.073473407,0.014439336,0.017409074,0.015620917,0.011386931,0.014800631,0.161139145,0.193894496,0.132419227,0.123063189,0.136189003,0.017393185,0.009603991,0.014484503,0.027653313,0.04942999,0.012144332,0.023191407,0.006414944,0.00497651,0.008111303,0.056464238,0.151450285,0.133051218,0.076953768,0.041408137,0.130590794,0.035037617,0.016142084,0.009369061,0.012608336,0.007659092,0.00675802,0.01027864,0.038170998,0.094101554,0.144938693,0.028088801,0.112421534,0.134408605,0.021693636,0.129057271,0.083210012,0.030227269,0.042732056,0.083347771,0.078660654,0.033726561,0.066864141,0.175933924,0.151432555,0.196805827,0.121717675,0.078072012,0.136335026,0.013035697,0.028334584,0.016272705,0.058715111,0.089698012,0.031799812,0.146908336,0.094752791,0.112634798,0.064623497,0.070473402,0.056185342,0.095763263,0.108951247,0.139719191,0.113321503,0.095341382,0.075552626,0.091359476,0.084159216,0.147924201,0.134612188,0.104774835,0.130060998,0.086249601,0.106426549,0.087975706,0.170793602,0.12847007,0.124592614,0.098634159,0.075165608,0.123740092,0.128803132,0.066472422,0.045013516,0.06831011,0.042902344,0.10865777,0.089185869,0.054211608,0.056282222,0.166264681,0.153496539,0.15014024,0.146543472,0.15624917,0.139714111,0.137979897,0.150888127,0.163029937,0.114503134,0.124151904,0.032226438,0.064806884,0.041376615,0.152656912,0.148002581,0.15262607,0.189582171,0.146058881,0.01421223,0.014815425,0.005647194,0.023423613,0.006314843,0.139143054,0.143863855,0.153759437,0.018444724,0.017393418,0.150774001,0.121810732,0.113376353,0.068946323,0.060317329,0.066383097,0.032102826,0.019512747,0.021661663,0.097628504,0.024246184,0.123919495,0.117536399,0.098348587,0.015318018,0.060244638,0.129489536,0.09421361,0.056800802,0.183905301,0.188731906,0.151080519,0.122220649,0.126003616,0.018717152,0.028429054,0.019296999,0.012265428,0.01605997,0.055657028,0.008076025,0.016331259,0.02752949,0.013566252,0.019689099,0.01097999,0.130813148,0.185064318,0.052261752,0.147250237,0.14585603,0.080888863,0.10616099,0.124546061,0.023532163,0.153470821,0.143067115,0.142043658,0.131915271,0.063149417,0.137311599,0.01941441,0.033502955,0.005504821,0.011174101,0.007168056,0.013248414,0.013108285,0.009874309,0.005442907,0.010426536,0.01026625,0.007744705,0.009713505,0.00802872,0.008451001,0.015341189,0.010310747,0.006461787,0.007785067,0.005956683,0.009435673,0.013920736,0.028709113,0.021648185,0.024278626,0.024837795,0.00733351,0.028789649,0.004388992,0.006161972,0.0026038,0.003302129,0.025611788,0.03189536
287,0.026747244,0.156643864,0.018381065,0.025823022,0.023224064,0.017077929,0.023059229,0.033955779,0.040491544,0.038211971,0.059960459,0.050703042,0.028812845,0.011645007,0.017887897,0.053284645,0.095657158,0.017635751,0.043782375,0.008915807,0.006387146,0.011434984,0.122900379,0.249924636,0.16507898,0.049057604,0.040684247,0.161506152,0.040354949,0.026092048,0.011581952,0.010226578,0.010759206,0.007803259,0.012316658,0.022803111,0.065983584,0.112092125,0.016503605,0.065557856,0.079489343,0.012628454,0.04399354,0.03645079,0.024114933,0.053644357,0.035454111,0.057505108,0.030326197,0.094320445,0.047407612,0.043759233,0.040357858,0.034105305,0.030520228,0.043745934,0.006938717,0.031820376,0.010749411,0.026688958,0.121326521,0.018399093,0.107470644,0.114670916,0.136076128,0.072574832,0.09101757,0.062419589,0.105493173,0.150764503,0.233330583,0.051180235,0.079335185,0.057232494,0.101912438,0.105901183,0.124473284,0.072526717,0.077966738,0.077191406,0.071641516,0.117621472,0.101307115,0.281836382,0.202629086,0.230310263,0.104778688,0.045963344,0.091956883,0.079777075,0.065708305,0.057645518,0.079063006,0.066170816,0.074533821,0.035949826,0.036602237,0.050486398,0.13359447,0.170342114,0.200828683,0.17294579,0.311563086,0.202766925,0.185880959,0.150166285,0.36217771,0.094490481,0.10144685,0.057257659,0.119620297,0.088650122,0.132960278,0.117603568,0.136988625,0.089188108,0.078278626,0.006867077,0.00597992,0.002402724,0.007489969,0.002391842,0.332619143,0.241054895,0.347816433,0.007596818,0.004838304,0.361708632,0.210919287,0.176867345,0.130100687,0.114555248,0.105113214,0.048074786,0.019982084,0.032063772,0.137907255,0.046467805,0.152195188,0.153187095,0.208482522,0.01974095,0.136626966,0.077565516,0.100400896,0.114680199,0.112580348,0.11194609,0.092625571,0.148718791,0.167658814,0.029900302,0.013919801,0.026150902,0.004789825,0.027851416,0.113163044,0.012805714,0.029688583,0.014537082,0.017843625,0.024664983,0.01500508,0.206095389,0.266851068,0.061523971,0.314787579,0.155702439,0.100506889,0.084128343,0.174689635,0.031180188,0.273327012,0.229194428,0.265019657,0.299141641,0.107686562,0.333033184,0.007228213,0.039155758,0.001371764,0.002951264,0.001943523,0.004300603,0.003227963,0.011501162,0.001566684,0.009128981,0.002458831,0.002126136,0.013120788,0.002796283,0.003776825,0.010363913,0.00603567,0.002970716,0.002103369,0.001656022,0.003336632,0.004536166,0.006081839,0.004684448,0.004029828,0.005244106,0.001975413,0.006933858,0.001226293,0.001485541,0.001398179,0.001712827,0.004234424,0.004857623
288,0.01774702,0.046752083,0.018115896,0.016671553,0.01488315,0.011306345,0.014374926,0.183201553,0.187177782,0.187592218,0.144797215,0.162203532,0.016326232,0.020136738,0.02440276,0.022175775,0.0368307,0.016222779,0.019093742,0.007103309,0.00583367,0.008631598,0.036624828,0.102355838,0.100630608,0.143589218,0.068737896,0.09847842,0.052492133,0.023859724,0.010435098,0.037026018,0.016106111,0.017346148,0.024212998,0.071722291,0.130983948,0.187806922,0.060415372,0.150741892,0.18273317,0.043699085,0.164014081,0.163034493,0.054901156,0.051461503,0.089328338,0.080973492,0.047474293,0.059842336,0.167684714,0.147368893,0.187713253,0.193829983,0.141686594,0.167964183,0.047325652,0.052406719,0.053339427,0.12106581,0.08356463,0.089129865,0.138564872,0.097474946,0.10890271,0.104415604,0.113165103,0.117531697,0.097040472,0.12222477,0.139676027,0.209016458,0.112735083,0.09889161,0.106749433,0.114840017,0.263556733,0.143335901,0.114676777,0.131428047,0.101396755,0.111003673,0.098542391,0.140301801,0.145131529,0.126554652,0.152922647,0.136632469,0.215152652,0.280802447,0.115188735,0.061606892,0.112026955,0.052186467,0.106877003,0.169805816,0.128918084,0.122779108,0.137388037,0.115377509,0.10728367,0.109016986,0.096133009,0.099545557,0.10152801,0.114723429,0.096028082,0.114743699,0.116288756,0.032385317,0.06163226,0.035339915,0.125146944,0.128677681,0.12433366,0.171652237,0.14028082,0.015921648,0.016307487,0.006844995,0.023947353,0.007742306,0.070238118,0.097580572,0.090590401,0.020216539,0.018598789,0.083156904,0.083219494,0.08185845,0.040988837,0.043595231,0.052749935,0.028548278,0.019333144,0.023636043,0.075053202,0.02177195,0.094928498,0.089565548,0.06115219,0.019376453,0.037779359,0.12853053,0.083705347,0.039905552,0.153176276,0.153315111,0.130713535,0.094636157,0.09401979,0.018594779,0.028700613,0.018150991,0.013737766,0.014886799,0.038208112,0.008092168,0.01445341,0.027835659,0.028100977,0.036719563,0.01197836,0.096665914,0.124779982,0.076189658,0.086734209,0.112536013,0.08295204,0.179950735,0.142451512,0.020684155,0.100571883,0.098776533,0.092568378,0.076064404,0.048886208,0.072163409,0.069363748,0.059245962,0.01056011,0.031340055,0.011362066,0.04109772,0.018783061,0.008717483,0.00930059,0.014548302,0.039254043,0.02109659,0.006344043,0.024313633,0.022207458,0.019325788,0.021347166,0.011446429,0.027717554,0.029243749,0.031871787,0.0296221,0.115322921,0.092788456,0.075637628,0.096998982,0.026771191,0.029608534,0.021275734,0.027113545,0.010460228,0.009119987,0.077442839,0.086916995
289,0.016922141,0.049868102,0.016302645,0.015759226,0.013941139,0.010510094,0.013397152,0.195030177,0.208585566,0.186649161,0.146183996,0.166405539,0.015667093,0.016290532,0.019793366,0.022005328,0.037546165,0.013677081,0.018821367,0.006586221,0.005316921,0.007926959,0.038576987,0.111196911,0.107523501,0.120786314,0.059298347,0.105348919,0.045439541,0.021525438,0.009673576,0.027265122,0.012880484,0.013081881,0.018875774,0.061441972,0.123036775,0.183432218,0.04916402,0.144604778,0.177125595,0.036408732,0.158852502,0.14085621,0.046052748,0.046939466,0.092101195,0.080918346,0.042599122,0.059233872,0.184534354,0.160421948,0.210046306,0.188854916,0.130885051,0.172323659,0.03336142,0.043054747,0.038782755,0.106937686,0.080630537,0.073136211,0.139322507,0.094810329,0.111092829,0.098074551,0.093069406,0.089773245,0.096713283,0.113392419,0.136320824,0.20089997,0.108741597,0.094198498,0.102768665,0.110714561,0.251790295,0.146676186,0.113758635,0.135020614,0.098142822,0.109273299,0.09451884,0.137830313,0.14053791,0.122802198,0.147274554,0.131218029,0.206590474,0.263396912,0.107528973,0.058084232,0.107559063,0.049617748,0.109314487,0.149192213,0.098888525,0.094813588,0.145715725,0.124472291,0.116454733,0.117680434,0.105738895,0.107383679,0.108805632,0.123604792,0.10558313,0.114094094,0.117687704,0.032963133,0.061055681,0.035502118,0.132407911,0.133614079,0.131600238,0.183376957,0.146992502,0.016672002,0.017397774,0.006972316,0.026651812,0.007879896,0.080090015,0.105693523,0.098741653,0.021582367,0.020390425,0.091797865,0.089162086,0.086955632,0.045330453,0.044466885,0.053922989,0.028086403,0.019236102,0.02126978,0.078581476,0.020437708,0.101095963,0.094840049,0.065995328,0.017292963,0.040028408,0.132894996,0.08509527,0.041358032,0.164625162,0.167314251,0.13882,0.10028303,0.099935467,0.017545932,0.031591314,0.01815138,0.01454053,0.014152404,0.039865827,0.0076104,0.013937179,0.030455699,0.022839937,0.030837529,0.011121036,0.101777485,0.137654757,0.0737919,0.09612335,0.120567144,0.080506143,0.172778692,0.138713435,0.020980475,0.109534517,0.106780991,0.100421485,0.083200927,0.049905118,0.081535029,0.052981237,0.047729755,0.010469551,0.028721732,0.011463993,0.035398909,0.019395596,0.008654524,0.00925802,0.013866865,0.032914422,0.01959211,0.006511777,0.020607485,0.01958506,0.01927118,0.019583292,0.011135156,0.023610703,0.022540379,0.026844757,0.027390019,0.097448249,0.077522078,0.069634402,0.081567898,0.022321127,0.032688856,0.016660439,0.021881969,0.008137756,0.007712246,0.072330163,0.084006759
290,0.011473617,0.027876648,0.005583062,0.008517156,0.00490387,0.003497335,0.006441446,0.018568141,0.009689555,0.028501157,0.021392614,0.020008841,0.005192377,0.017059513,0.006402986,0.008911004,0.018466172,0.003808518,0.007419096,0.0018896,0.001198025,0.002129048,0.021458465,0.032511531,0.021907135,0.005908712,0.021525952,0.021787224,0.030550301,0.01049942,0.006040053,0.042686372,0.010165945,0.012716481,0.019862717,0.010107688,0.010445422,0.021709206,0.005934048,0.013910592,0.016634161,0.005629248,0.008420896,0.005088449,0.011960689,0.028145661,0.01235001,0.021073772,0.015352667,0.029610691,0.0115938,0.011689745,0.008680472,0.035914225,0.027344155,0.016639238,0.060797312,0.083284829,0.082363174,0.03449137,0.218621017,0.070489965,0.025393447,0.212584567,0.282291023,0.141438383,0.009831896,0.00582025,0.175533039,0.0402005,0.185517065,0.365664753,0.02786722,0.045297574,0.140312406,0.175459921,0.398773485,0.029222403,0.036104821,0.030935528,0.039508074,0.091450649,0.035836278,0.079406965,0.232348242,0.146305601,0.248910555,0.332608448,0.339562671,0.402261787,0.149856574,0.088913063,0.264297597,0.060781227,0.027779638,0.008124707,0.002440217,0.005107152,0.023072452,0.018917675,0.023703465,0.022507341,0.042624606,0.026688616,0.02363649,0.035950658,0.041511061,0.094373537,0.080495944,0.106943674,0.081575849,0.040476744,0.024264845,0.041923287,0.026735754,0.027170287,0.026594396,0.06378828,0.058271408,0.017100637,0.045294086,0.020263438,0.043031779,0.029370119,0.029524087,0.076404129,0.029792683,0.032615323,0.026998659,0.028800046,0.088590502,0.031730101,0.028634503,0.02164363,0.014449891,0.012399724,0.026820581,0.010249468,0.024528746,0.027836024,0.03125285,0.007166769,0.021289273,0.028671257,0.034435285,0.020316599,0.022885575,0.024709805,0.02486952,0.028537444,0.035001931,0.00574924,0.0489864,0.020674219,0.041438411,0.004888826,0.021590676,0.002524439,0.005100242,0.042287443,0.020768241,0.022079297,0.005267068,0.254185661,0.339879471,0.198827967,0.045830656,0.021147819,0.091305088,0.283962535,0.228231402,0.020582032,0.036801517,0.029287631,0.02917703,0.033876919,0.032215374,0.042360189,0.064771551,0.136732343,0.030940363,0.063963759,0.032573826,0.009723282,0.056277919,0.014478923,0.026164808,0.025325014,0.051996255,0.053554879,0.006851217,0.021297604,0.024190327,0.051068151,0.030287524,0.029068692,0.041162883,0.022688643,0.011836925,0.006761577,0.135940105,0.123680632,0.152328711,0.101639081,0.017857206,0.100119241,0.007501061,0.007969782,0.003378093,0.005947591,0.17225967,0.236418266
291,0.015357136,0.055296442,0.008486615,0.012706438,0.009322914,0.006777712,0.01057943,0.054244812,0.04160001,0.067757512,0.060780409,0.054936717,0.010041769,0.012243178,0.008588219,0.017596692,0.034635237,0.007194817,0.014531572,0.003663012,0.002663662,0.00446384,0.042893308,0.088304929,0.06492562,0.015876103,0.024982408,0.06067128,0.031225654,0.009463899,0.008519951,0.021644866,0.007372358,0.007679259,0.01205536,0.01927504,0.03500981,0.062582659,0.012223442,0.044674625,0.067627012,0.010461439,0.034626743,0.0141355,0.016843338,0.033620084,0.030118907,0.037693348,0.021007315,0.045018407,0.044401706,0.041844194,0.04083197,0.080292784,0.055935518,0.066902307,0.027982886,0.05225626,0.04053423,0.073587086,0.155284947,0.085100582,0.058633438,0.177881521,0.212787922,0.110155354,0.026347845,0.014670938,0.252593346,0.066171726,0.145547371,0.214577682,0.053659852,0.055681171,0.098458568,0.129620839,0.267468957,0.072893047,0.060843824,0.067699867,0.055976966,0.084187978,0.059299607,0.109677357,0.156034167,0.120510477,0.160810106,0.189409938,0.213063136,0.266086209,0.115745727,0.072251837,0.171129765,0.055549935,0.050293196,0.021107648,0.008434983,0.013187416,0.065463607,0.057639459,0.067800946,0.059888691,0.110315191,0.069190735,0.067569695,0.062956662,0.115764191,0.070691856,0.066386249,0.070179456,0.076555753,0.043484067,0.05877134,0.058640267,0.058813833,0.084591766,0.06463242,0.068978303,0.065352635,0.016120647,0.063844464,0.019202528,0.094870597,0.082487001,0.083227621,0.08988851,0.042403019,0.0846861,0.063790109,0.060636071,0.099846195,0.049329665,0.044641275,0.030126882,0.023519856,0.019374148,0.050906115,0.01828998,0.059657466,0.05693265,0.066220731,0.010345842,0.043708023,0.058960002,0.051779892,0.039556653,0.077178906,0.085820335,0.066528908,0.059733753,0.066313764,0.010748991,0.061585586,0.025494879,0.047203498,0.009655345,0.041237598,0.004881864,0.01001512,0.055920847,0.013457073,0.014125723,0.008373828,0.20435911,0.288542863,0.133592459,0.110377563,0.057215211,0.075302851,0.177079809,0.155109811,0.028603709,0.097856831,0.078908092,0.083781527,0.07852566,0.047850398,0.100224499,0.050785056,0.074211852,0.021419628,0.044241423,0.02447952,0.028157856,0.043464851,0.012776715,0.018851395,0.01942831,0.033865316,0.046219457,0.008397136,0.017051051,0.016513841,0.038260864,0.021146901,0.020606332,0.027226918,0.017003859,0.021591591,0.012699441,0.064731835,0.063197139,0.100834066,0.052056202,0.018160607,0.085912742,0.017345253,0.022044144,0.008766812,0.007582249,0.113164139,0.15144086
292,0.015281923,0.06441763,0.006781319,0.011088698,0.00638438,0.004845296,0.009746799,0.005852331,0.006117083,0.00853731,0.022791276,0.012956556,0.008948151,0.009002663,0.006150114,0.018978216,0.036921884,0.005859667,0.015058643,0.002400338,0.00124357,0.002536023,0.052275105,0.070311903,0.047158346,0.004622107,0.014710822,0.042872646,0.024414584,0.006359952,0.008217427,0.017316106,0.00490645,0.00525949,0.00848507,0.005440716,0.006854063,0.011891519,0.003239917,0.00827265,0.009951478,0.003473135,0.005471997,0.002150341,0.009083818,0.028540557,0.012681263,0.02376204,0.013774133,0.040848364,0.013601661,0.014248868,0.006092793,0.009076999,0.008695094,0.015852571,0.023304419,0.044946943,0.0319711,0.016455933,0.177580913,0.049471482,0.028401443,0.201732235,0.2262323,0.081623676,0.010850152,0.005205246,0.348579861,0.041774774,0.124703504,0.106799907,0.026872683,0.027896482,0.092657295,0.119022314,0.192275659,0.037482653,0.034688556,0.039529186,0.031172564,0.067344779,0.034729201,0.084787577,0.139377958,0.087535282,0.097334938,0.115143689,0.127152335,0.14872865,0.080562113,0.060872151,0.146500911,0.045280764,0.031611638,0.002592455,0.00168156,0.004173942,0.044804257,0.040385446,0.05027825,0.04403269,0.098059612,0.052768368,0.050151905,0.055946917,0.099076299,0.054168491,0.052695337,0.076833063,0.085648812,0.044269854,0.04080794,0.040467922,0.041874348,0.052334651,0.037984399,0.127149928,0.117529965,0.025090894,0.101209121,0.030492444,0.109433494,0.063750562,0.066156029,0.167386783,0.064000691,0.077459917,0.051562072,0.050546832,0.144576753,0.061855984,0.044960666,0.035233145,0.029932869,0.022284121,0.042135691,0.021815108,0.044047289,0.045182007,0.069276137,0.009330305,0.054620294,0.034473758,0.041430023,0.042658193,0.053986032,0.061529317,0.045782595,0.047042593,0.056980483,0.009246226,0.088146701,0.033229218,0.082529023,0.008945433,0.048059671,0.00395236,0.009924156,0.079733144,0.009187974,0.008911475,0.008764945,0.212276848,0.336794324,0.123366759,0.106325335,0.040933055,0.080410384,0.099946593,0.146244046,0.036962877,0.081567226,0.060954718,0.064946399,0.078856395,0.053071722,0.103122317,0.026138776,0.072079876,0.017483201,0.025593852,0.025701954,0.003906463,0.049264978,0.010126777,0.018073852,0.014142988,0.019473736,0.045428971,0.003971606,0.007634668,0.008251481,0.043217026,0.013123157,0.017199537,0.017231367,0.006332585,0.004114708,0.002786095,0.027304902,0.030216759,0.045615964,0.021218632,0.005187634,0.125378836,0.003616226,0.003788119,0.001908503,0.002671911,0.048223938,0.063010779
293,0.014256864,0.062679099,0.014734611,0.013003882,0.011146705,0.008334986,0.010601438,0.245583399,0.285174053,0.213500643,0.170315622,0.202947627,0.016798064,0.01929764,0.015522239,0.026625459,0.046442219,0.010337725,0.021321896,0.005577752,0.004086636,0.006098041,0.04733976,0.141690203,0.131782677,0.156467633,0.069723601,0.12924164,0.041336262,0.033997771,0.006349511,0.039867752,0.015944465,0.016109044,0.02590768,0.063183987,0.143271023,0.233956478,0.049780397,0.154473662,0.188868532,0.037052003,0.140765918,0.191943705,0.046638643,0.045380825,0.112442436,0.092274711,0.04350873,0.065850079,0.245271725,0.209953949,0.288656737,0.200874812,0.133140063,0.201170753,0.053076437,0.04027803,0.044458086,0.09712735,0.051173545,0.054464901,0.115587955,0.061195606,0.061776095,0.057147411,0.112451612,0.114132831,0.028305507,0.133352659,0.122276267,0.087270597,0.122614059,0.095610989,0.084929696,0.065828054,0.102481211,0.165521729,0.125419199,0.15438322,0.104554114,0.111144641,0.10698083,0.169787494,0.110474881,0.110575665,0.079632287,0.044531495,0.095676279,0.077913278,0.058759566,0.046192659,0.039959394,0.043919051,0.127584739,0.19843484,0.136393323,0.124372837,0.175429604,0.155366846,0.147098272,0.146497932,0.138277403,0.134726364,0.135254031,0.151183261,0.140123248,0.119123792,0.127999427,0.022434495,0.055857191,0.037549809,0.159257605,0.155908359,0.158353999,0.216319729,0.174284701,0.007429357,0.007103278,0.005477393,0.011122411,0.006397515,0.11082014,0.134681091,0.131062446,0.008537528,0.011848998,0.124303424,0.112303291,0.107101711,0.048470726,0.049050787,0.06203152,0.024843581,0.012254324,0.016516736,0.09573522,0.020065492,0.123426042,0.115671452,0.085277119,0.015270096,0.05018211,0.15693966,0.097116474,0.051661937,0.196844526,0.200708226,0.164029939,0.12128051,0.121960543,0.020284387,0.016651786,0.013376942,0.007860633,0.013788273,0.048732221,0.006948377,0.014270684,0.017530188,0.033610718,0.04947608,0.008769283,0.074029464,0.095325375,0.030010225,0.128227149,0.1482977,0.076710055,0.085440114,0.107081547,0.015238148,0.140313015,0.135247804,0.129216642,0.10983954,0.055430187,0.113287279,0.056281784,0.029213791,0.001902838,0.005980066,0.002776769,0.012089153,0.00498839,0.003409621,0.002095264,0.004743333,0.007610401,0.003295198,0.002541617,0.00810481,0.007566031,0.006831328,0.007425945,0.002662135,0.005115191,0.005261951,0.008193184,0.018363155,0.026212718,0.016104756,0.009518497,0.025044612,0.007261738,0.011360438,0.003802954,0.004924246,0.001749914,0.00242626,0.008682262,0.008767593
294,0.016113146,0.057458659,0.016896334,0.015079273,0.013406348,0.010112369,0.012711641,0.238977482,0.271211156,0.214185736,0.167421989,0.198733367,0.017312017,0.017655303,0.019092718,0.025427365,0.043315899,0.013072116,0.021069976,0.006544105,0.005102232,0.007592977,0.043969243,0.130986123,0.124598581,0.157079073,0.067746314,0.121875123,0.044380389,0.029624902,0.008240687,0.033478695,0.014657075,0.014679773,0.022680367,0.067433628,0.142920291,0.220261685,0.054193213,0.159525411,0.189849166,0.040137045,0.165303245,0.193998535,0.049901475,0.047564121,0.110471667,0.091536981,0.045627793,0.06470064,0.234236328,0.201503177,0.274120333,0.20573155,0.139846726,0.197901695,0.042992822,0.039151385,0.039759577,0.094723299,0.058921322,0.05307941,0.129797665,0.0675809,0.072830414,0.062793258,0.109863776,0.110081246,0.046002773,0.129092469,0.128063246,0.120555076,0.121023682,0.097353878,0.092984618,0.078211893,0.145459305,0.162465255,0.124047066,0.150984096,0.104669017,0.11260016,0.104651102,0.159694415,0.122909529,0.115880775,0.100002872,0.066822806,0.128739636,0.129760518,0.066571256,0.043431885,0.055525002,0.040281128,0.125007135,0.200378887,0.130476892,0.119905702,0.168762791,0.148669849,0.138883838,0.139902594,0.124570119,0.1265543,0.127530764,0.146365024,0.124089579,0.120020268,0.127875333,0.022878892,0.055334001,0.033340574,0.153717593,0.152050156,0.15291789,0.20894359,0.169346109,0.009890166,0.009807511,0.005625991,0.015014421,0.006458829,0.095492725,0.124366826,0.116329446,0.011956208,0.01346028,0.108605527,0.103639542,0.099982078,0.045344125,0.04736174,0.059276658,0.026687728,0.015566695,0.019475623,0.090160395,0.021197428,0.116399945,0.109623158,0.077131406,0.017455012,0.046001479,0.153029812,0.095039943,0.047801385,0.189153801,0.192142252,0.15873598,0.115363593,0.115976835,0.020123857,0.020357171,0.015361332,0.009378979,0.014956157,0.04562549,0.007745715,0.014971768,0.020801595,0.029023337,0.042225348,0.010669648,0.078427474,0.10356297,0.039932566,0.114056925,0.142326677,0.080006188,0.111985421,0.119291259,0.017806706,0.128604348,0.125583423,0.11796475,0.097462964,0.053506508,0.097459639,0.049433776,0.03461591,0.003812362,0.012198135,0.004919639,0.021074397,0.008493054,0.005424336,0.003852559,0.00794354,0.016435559,0.007346917,0.004140499,0.013641323,0.012753737,0.010788162,0.012242734,0.004896026,0.011261864,0.011928885,0.015243687,0.025582793,0.054239592,0.038080667,0.024444911,0.048507934,0.013149999,0.017022938,0.007938926,0.010288792,0.003788179,0.004388819,0.023317971,0.023724695
295,0.015850361,0.064654663,0.015710012,0.014834783,0.013116794,0.009768799,0.012350663,0.2281595,0.264075507,0.200096012,0.162511954,0.19055614,0.017665326,0.017222539,0.016282947,0.027414142,0.047307817,0.011764653,0.022314077,0.006175264,0.004690102,0.007180565,0.04922977,0.143231706,0.131494548,0.14710687,0.06423686,0.128936743,0.040476971,0.030416905,0.007610264,0.033946426,0.014283249,0.014212036,0.022638484,0.059685808,0.133530399,0.214299941,0.047054397,0.145574543,0.175990439,0.035112633,0.139018562,0.180063165,0.044469107,0.045244439,0.106383565,0.089644449,0.042156781,0.066187774,0.229263599,0.19666171,0.26724329,0.188981787,0.126055127,0.189887513,0.04434017,0.036917734,0.038127462,0.087502306,0.054582635,0.048173914,0.117464937,0.062934887,0.066613749,0.055765247,0.107940879,0.107000216,0.034562953,0.131914716,0.127842161,0.091835921,0.119180075,0.093348969,0.086117038,0.068158453,0.109492047,0.160715539,0.122535919,0.150409375,0.102426881,0.11136773,0.105842225,0.1735942,0.116286422,0.115882577,0.084291313,0.049180154,0.100924556,0.085583423,0.057238946,0.043415382,0.043992981,0.041539668,0.123772766,0.186056883,0.125678115,0.115759791,0.172726808,0.154220028,0.147095451,0.145848077,0.141683242,0.135175766,0.135229105,0.150622288,0.144694032,0.117758044,0.126623858,0.023497289,0.056486149,0.036999147,0.157087922,0.153439936,0.156322427,0.210760784,0.168521748,0.008470652,0.008209786,0.005412809,0.012592642,0.006261277,0.115056585,0.136069144,0.135441535,0.009966363,0.012221989,0.128969285,0.113741631,0.107927225,0.051377487,0.051303881,0.062874497,0.026693881,0.014088243,0.018327964,0.095807554,0.021505371,0.12303515,0.115622488,0.087567867,0.016199347,0.052177709,0.151492462,0.096495904,0.052878021,0.193456327,0.197732789,0.161019243,0.121006686,0.12244429,0.020723256,0.018002638,0.014780444,0.008395933,0.015072867,0.050229826,0.007611283,0.015347389,0.018669454,0.029424039,0.043281553,0.009998038,0.079390923,0.103876344,0.033017817,0.13162766,0.147078936,0.076994612,0.08993537,0.111560312,0.017118098,0.142688953,0.136329012,0.13144758,0.113672692,0.056974032,0.117123388,0.047827566,0.028862734,0.002489718,0.007213502,0.003447289,0.012894022,0.00610673,0.004672153,0.002641879,0.005923447,0.008654446,0.004252253,0.003633849,0.008748227,0.008224796,0.008671692,0.00838659,0.003404605,0.005954593,0.005824076,0.008780746,0.019046626,0.028539948,0.018266962,0.012330103,0.0269389,0.007962144,0.013402617,0.004492838,0.005663066,0.002265265,0.002871636,0.01175356,0.012624674
296,0.019412857,0.051409462,0.028313541,0.017272992,0.014935877,0.011589849,0.013078499,0.261521076,0.230966283,0.320231317,0.221368976,0.247429576,0.029035366,0.039763785,0.031734497,0.039634403,0.05428669,0.018126543,0.030283489,0.010006912,0.007601372,0.009417852,0.041657504,0.112647798,0.110822417,0.37118111,0.139551326,0.112057497,0.07581166,0.045760115,0.007919114,0.110558747,0.029652121,0.038004934,0.057680075,0.168121662,0.255931009,0.342699999,0.155592559,0.267894605,0.305967856,0.107862045,0.274053318,0.493963624,0.123807108,0.06880503,0.129414202,0.110203515,0.085086755,0.074520334,0.207233039,0.188936561,0.228707974,0.342441793,0.286343319,0.268372083,0.161654394,0.090345881,0.132209068,0.228564219,0.054833814,0.164983055,0.145766785,0.094415485,0.067289099,0.108458618,0.18541911,0.242637255,0.041240696,0.160941403,0.109236278,0.13731936,0.166210237,0.151118207,0.109054351,0.080014281,0.119661277,0.201095147,0.158668472,0.172711758,0.144698684,0.128957038,0.141031267,0.122009992,0.11128759,0.0998152,0.09788731,0.061522189,0.128770055,0.092619048,0.116219532,0.099377005,0.039263741,0.085885942,0.139650894,0.488765186,0.336193119,0.285350491,0.161627749,0.152567188,0.135050637,0.141903764,0.091238245,0.118705291,0.117554776,0.156014669,0.080246584,0.135387536,0.141965327,0.021231103,0.064218703,0.047689694,0.152427276,0.158685294,0.153819973,0.201052661,0.177681309,0.011177223,0.009069925,0.012311453,0.011456424,0.014969274,0.056255661,0.10692218,0.08215088,0.011010579,0.020871167,0.070332311,0.09341282,0.094402243,0.027362229,0.04181313,0.065269922,0.026768994,0.014179047,0.021667856,0.09560701,0.02506405,0.111008878,0.109948299,0.066037867,0.028247239,0.044235085,0.168327705,0.104655387,0.054311629,0.162944416,0.154308355,0.14908603,0.11296362,0.115536612,0.037895465,0.020350115,0.015120904,0.014087494,0.020908621,0.04748043,0.010956075,0.020663286,0.023288489,0.066178958,0.091791365,0.014049001,0.056810643,0.063358191,0.028647968,0.081157773,0.143938947,0.099361602,0.116043573,0.113893052,0.015106755,0.104042726,0.111030562,0.096196185,0.069588317,0.053772805,0.058903533,0.175471474,0.059189848,0.001881519,0.010207829,0.002603279,0.035506981,0.004000452,0.003125399,0.002132364,0.006328463,0.014234786,0.005105572,0.002200238,0.015703032,0.015942932,0.006591393,0.013417445,0.003484304,0.009306628,0.013302152,0.026941304,0.029082872,0.049439396,0.029375587,0.011566632,0.048763995,0.014609868,0.007315687,0.008159074,0.013797222,0.003485929,0.00482005,0.009994658,0.009767054
297,0.024732054,0.049687037,0.041729753,0.022916709,0.021482173,0.017710642,0.020375218,0.22072629,0.198295094,0.271377135,0.194680412,0.214844558,0.035536541,0.034271538,0.050654517,0.041876352,0.051555488,0.030249389,0.034961799,0.015080178,0.012054087,0.014822663,0.044944011,0.0857704,0.095928615,0.352020987,0.142057168,0.097784569,0.088570661,0.051122007,0.012078572,0.074632863,0.028470346,0.031165624,0.046400524,0.186883087,0.269077297,0.319769897,0.183900953,0.2701484,0.289269831,0.125895598,0.279968645,0.453005795,0.143420545,0.077207258,0.117781812,0.101291142,0.093864388,0.070313294,0.178342543,0.164145212,0.196341605,0.286166627,0.260604637,0.232125755,0.101488302,0.073113423,0.092610753,0.184518731,0.06101555,0.125204023,0.144052537,0.080756576,0.062441313,0.069479679,0.181420193,0.240724393,0.058385113,0.152253587,0.111866542,0.112655311,0.148230234,0.12806414,0.090782697,0.062600676,0.098202126,0.175638823,0.138716703,0.152199627,0.125469609,0.114888144,0.126115001,0.126588047,0.111835266,0.10040821,0.087722694,0.055961417,0.106959635,0.079025706,0.07424316,0.060496794,0.035433102,0.05257262,0.122537026,0.443645366,0.326032402,0.278717769,0.130599619,0.111107275,0.098670198,0.104434137,0.073264207,0.09129774,0.094611163,0.109167602,0.069075918,0.106749517,0.108082472,0.016540278,0.048159331,0.031301246,0.120915769,0.123363851,0.119323812,0.17260077,0.153764774,0.011625649,0.009982386,0.009485054,0.01237238,0.011344797,0.049879038,0.083594574,0.07202057,0.01230974,0.016718025,0.063116319,0.079599233,0.081271108,0.025640469,0.044640186,0.060691765,0.03115463,0.018641257,0.030424461,0.082209326,0.035075862,0.096492424,0.091125376,0.058901622,0.040385778,0.047403125,0.146716333,0.089214343,0.051825886,0.141505805,0.138226991,0.12921611,0.094408724,0.089507303,0.041310799,0.018782823,0.01940808,0.012345573,0.027925718,0.047700816,0.015311471,0.026881508,0.020455908,0.056129549,0.077846813,0.022983821,0.057546449,0.065170215,0.026804407,0.065468462,0.10949632,0.077888644,0.098042475,0.107510721,0.018472099,0.080628667,0.086333144,0.077419976,0.062913092,0.052421989,0.050652555,0.120305852,0.06160318,0.003244085,0.018135209,0.004394616,0.05115666,0.006255604,0.005480408,0.003753809,0.01123864,0.025356468,0.009302535,0.003419195,0.027355879,0.029854694,0.011931256,0.024570489,0.007149409,0.01722124,0.025534427,0.044626068,0.037540625,0.082698663,0.052198655,0.018595848,0.079554919,0.022934582,0.010230645,0.01417264,0.019995191,0.006753486,0.008045262,0.016331569,0.016332156
298,0.078391634,0.035562062,0.040963071,0.077741588,0.075899364,0.057542788,0.078295455,0.001107755,0.001816983,0.003520687,0.01117875,0.007916927,0.036567236,0.075365827,0.027688078,0.045886567,0.037586996,0.11057326,0.043488089,0.014290148,0.015595242,0.042321631,0.04561363,0.005377809,0.009909065,0.012018209,0.055703334,0.021458717,0.036577568,0.060713659,0.082784793,0.086195682,0.087195384,0.094736814,0.091679683,0.01174763,0.049810175,0.109101706,0.006776864,0.053132066,0.087267511,0.004030712,0.013620579,0.002851304,0.014151277,0.02858913,0.00453667,0.011327109,0.012614946,0.025418005,0.002529642,0.002758917,0.001478362,0.002330802,0.00677316,0.004423119,0.080954691,0.095083549,0.08276436,0.090832053,0.139274886,0.094543294,0.018546995,0.129111639,0.145640399,0.02074268,0.037394284,0.026611357,0.096819414,0.035126979,0.028463967,0.03498395,0.019472197,0.014225646,0.022150754,0.026082277,0.039734352,0.011418307,0.017596302,0.015276174,0.01679946,0.022331002,0.019324699,0.033172111,0.027120715,0.021206088,0.018264224,0.129437865,0.024516535,0.030360371,0.020500604,0.017791398,0.088660329,0.011091305,0.01415369,0.002179717,0.008114369,0.018138641,0.003284719,0.001957682,0.003338962,0.004583781,0.005291853,0.007185387,0.005654367,0.00550533,0.004277775,0.01137253,0.009285376,0.016835829,0.011166466,0.005922483,0.00445489,0.006466304,0.005417984,0.006144565,0.010400078,0.360851692,0.359131977,0.298062796,0.356406507,0.301404711,0.005790112,0.006417526,0.009639936,0.378389802,0.323526535,0.008437321,0.024756672,0.030738303,0.064205423,0.08179702,0.064591284,0.090905978,0.116401178,0.121170981,0.034988597,0.085366177,0.027449806,0.023660083,0.026504003,0.047454224,0.044707308,0.013731739,0.019229333,0.036944955,0.002730798,0.003995441,0.009829568,0.022830278,0.016268585,0.03399019,0.285552129,0.102538719,0.34500745,0.061789955,0.045190634,0.020583494,0.04690143,0.260443854,0.088319227,0.089930298,0.070865629,0.205862432,0.221945241,0.091340458,0.004567163,0.004388813,0.012464546,0.019431342,0.033896198,0.081364338,0.00546542,0.006726024,0.008535373,0.018558047,0.074099675,0.003670372,0.085266163,0.097635149,0.008462757,0.013298765,0.015776705,0.003946265,0.021234197,0.005827616,0.015114093,0.010333799,0.011705438,0.007543181,0.001663454,0.006558344,0.01248308,0.025661064,0.016872188,0.039113175,0.01625623,0.006988596,0.005131801,0.003182166,0.026103961,0.025222391,0.011067116,0.020342775,0.003756529,0.04536697,0.001681356,0.001785655,0.00184775,0.002506539,0.008380328,0.009022219
299,0.065506669,0.034208226,0.032314391,0.065064081,0.063712741,0.047223925,0.062333286,0.001124572,0.001751575,0.003308567,0.01013011,0.007193553,0.033191028,0.072673111,0.021934617,0.04137484,0.034304836,0.099796219,0.039488515,0.015588215,0.016231634,0.035157682,0.042653378,0.005017063,0.008507872,0.010754286,0.048584839,0.018500302,0.03257891,0.053289958,0.05579147,0.084767164,0.080741049,0.087988713,0.085905093,0.010653284,0.043891085,0.097909025,0.006220781,0.047905442,0.080672821,0.003765631,0.012686891,0.002904108,0.012819797,0.026052269,0.00427612,0.010545034,0.011605313,0.023373337,0.002411673,0.002627169,0.001441854,0.002281165,0.006378731,0.004122127,0.082516108,0.097865086,0.08594764,0.091044718,0.162545888,0.097003436,0.017590866,0.143505786,0.159872797,0.019366969,0.031688956,0.022605217,0.080119112,0.03089372,0.024804427,0.029624814,0.017392166,0.013068755,0.019214061,0.023493402,0.03371881,0.010428346,0.015988724,0.013884015,0.015259417,0.019678746,0.017455933,0.030419855,0.02168937,0.019638498,0.014996997,0.117229842,0.020492024,0.026412181,0.019053626,0.016861795,0.082878513,0.010492344,0.013090568,0.002288775,0.007226527,0.015632953,0.002987699,0.001780455,0.003023924,0.004133471,0.005195772,0.006443328,0.004959558,0.005075624,0.004327982,0.01022589,0.008349134,0.01607313,0.010219793,0.005608122,0.003990884,0.005843381,0.004877496,0.005692412,0.009611431,0.348647251,0.339665138,0.274488089,0.325456687,0.280969595,0.006868847,0.005751078,0.009386493,0.36498266,0.299283879,0.00901533,0.022682445,0.028535359,0.080057556,0.084372664,0.062933082,0.093642191,0.121664475,0.125804467,0.032200867,0.083188275,0.024338509,0.021498586,0.025725555,0.038307851,0.041758357,0.012683931,0.017722696,0.033980182,0.002521617,0.003603031,0.008939871,0.020784092,0.015052917,0.030247208,0.260162205,0.091292365,0.328158457,0.054177701,0.042647584,0.020801485,0.042893146,0.237843418,0.082977292,0.084364313,0.052787738,0.245111477,0.270095608,0.085544334,0.004485277,0.003940922,0.011179374,0.016225894,0.027928644,0.086027228,0.005234867,0.006063675,0.007635075,0.018966596,0.074140505,0.004049397,0.088102654,0.106322288,0.006842099,0.011441391,0.013602102,0.004430051,0.01613693,0.005749923,0.01378992,0.009147203,0.009488209,0.006200389,0.001652135,0.006648011,0.011629284,0.020609503,0.014880132,0.036018576,0.015900582,0.005614967,0.005229057,0.003801048,0.015162087,0.016827658,0.007926393,0.012218525,0.003448537,0.031811936,0.002053689,0.002035272,0.004278925,0.004915798,0.006170442,0.00644906
300,0.031283252,0.012985457,0.016286618,0.026186603,0.021687482,0.016384952,0.023957992,0.000659305,0.00102515,0.001748379,0.004980109,0.003644085,0.011592217,0.088817464,0.011407274,0.014122356,0.013417227,0.034826861,0.01350991,0.005441359,0.005333156,0.01198842,0.014642499,0.002933099,0.003831904,0.004938319,0.032141557,0.008223105,0.020391804,0.051119706,0.031196691,0.108245492,0.097940788,0.109235574,0.105120536,0.008523454,0.044542447,0.107222546,0.004706193,0.049716067,0.087625318,0.00243876,0.011010907,0.001352482,0.008571478,0.015846378,0.00236595,0.005943809,0.007252876,0.01228946,0.001351924,0.001459387,0.000833706,0.001297253,0.00468007,0.00227088,0.109975319,0.108121776,0.110851067,0.105242246,0.13289087,0.110258796,0.011720764,0.111334894,0.105292848,0.011105533,0.010318227,0.00727811,0.036062498,0.01146807,0.010687326,0.018683183,0.007562857,0.005994014,0.011914015,0.015565532,0.018968753,0.005572471,0.008436316,0.007534444,0.007383344,0.01073918,0.00685379,0.01070644,0.011034968,0.008015813,0.008174155,0.080561447,0.011665662,0.015227791,0.011048369,0.009386147,0.057540596,0.005689198,0.007652966,0.000961966,0.002379555,0.005279399,0.001592404,0.0009358,0.001642103,0.002265809,0.00299806,0.003470976,0.002414545,0.003191545,0.002201134,0.00629925,0.005199677,0.010374538,0.00670401,0.003340687,0.002096666,0.003376716,0.002729851,0.003337675,0.005754492,0.325674516,0.287222742,0.136682245,0.239403308,0.160076493,0.00276252,0.002949989,0.004128617,0.361712543,0.206309446,0.003732323,0.010794742,0.014193923,0.091290489,0.038050479,0.032304998,0.051584951,0.071759965,0.053532246,0.015284033,0.028816956,0.011707337,0.010331463,0.010275822,0.020636631,0.013787823,0.007801996,0.009901231,0.013076672,0.001337805,0.001796061,0.004790084,0.010898324,0.008026457,0.011206455,0.218944542,0.064395135,0.254928887,0.017919062,0.015620188,0.007114944,0.014279775,0.194519692,0.099293337,0.100240273,0.025118499,0.155555373,0.160673073,0.064195099,0.002568735,0.002108295,0.007745934,0.009332093,0.016084012,0.05826712,0.003092888,0.003260775,0.003550959,0.008020637,0.037432914,0.002003475,0.112047539,0.116514193,0.002775449,0.004340173,0.005313536,0.00140983,0.007391895,0.002607372,0.004851429,0.004036132,0.003847088,0.003475526,0.000872075,0.002249232,0.004022866,0.009504728,0.005636708,0.011482259,0.005352364,0.002121094,0.001711945,0.001249242,0.006590262,0.00757033,0.004936606,0.005331826,0.001314628,0.015119618,0.000748538,0.000763014,0.001326213,0.001604589,0.003301988,0.00350938
301,0.093631926,0.052670463,0.053716305,0.104662881,0.112278291,0.082733443,0.088969691,0.001825434,0.002560544,0.005326303,0.015407246,0.01115414,0.071126993,0.116991114,0.037966369,0.080506024,0.06136123,0.108838349,0.078169456,0.049442074,0.050802446,0.068784483,0.070739976,0.007239949,0.012916644,0.017260788,0.06958709,0.02792351,0.042571291,0.079090107,0.043484913,0.140582858,0.128470074,0.141041879,0.138051959,0.016009678,0.065580047,0.148509903,0.009939473,0.072321841,0.123437063,0.005892668,0.020032096,0.005522827,0.018058883,0.035240963,0.007238945,0.016794819,0.016170259,0.035568631,0.003845494,0.004361087,0.002153487,0.003763895,0.009534056,0.00639524,0.141211853,0.150578184,0.145122592,0.147038353,0.223138353,0.157189878,0.028922673,0.19393035,0.190529195,0.015717598,0.048489737,0.035047855,0.114405319,0.048156591,0.041654442,0.029695763,0.025731081,0.017270037,0.022322315,0.02399618,0.038779141,0.015129336,0.022150678,0.020044969,0.021008308,0.026846843,0.026539163,0.055151658,0.031835204,0.034565977,0.018933874,0.108424068,0.024101396,0.027492612,0.015833069,0.012379332,0.072299558,0.007834667,0.019526867,0.004559796,0.012189539,0.024497449,0.004699931,0.002815252,0.004543897,0.006070185,0.007945692,0.009427723,0.007538526,0.006782496,0.007355599,0.012751621,0.010385333,0.012566219,0.010033177,0.004510458,0.006030912,0.008107895,0.007076194,0.008693763,0.014076933,0.322542523,0.293138783,0.185366977,0.251650892,0.203597481,0.012514648,0.008669944,0.015590776,0.345321399,0.230635847,0.015161085,0.033205591,0.040097742,0.086299007,0.090829635,0.077539363,0.101849599,0.132673344,0.12755817,0.047738901,0.102991558,0.036011484,0.032213608,0.040321827,0.05579333,0.074110323,0.018046017,0.026300201,0.060457565,0.004258331,0.006000902,0.014006458,0.029608115,0.021662188,0.064644653,0.215704748,0.095389828,0.273803701,0.097890456,0.066868111,0.055801638,0.084051845,0.199418865,0.133346608,0.13650641,0.06613036,0.297187819,0.325885136,0.077583568,0.00700575,0.00586979,0.012620081,0.019178899,0.035478277,0.09318982,0.00765977,0.008942387,0.011961617,0.028156909,0.084766274,0.007084838,0.148763479,0.165455924,0.010830561,0.021043039,0.022792222,0.011903791,0.023258161,0.018210568,0.024335289,0.021262456,0.016046991,0.010956444,0.005045659,0.01621782,0.024156559,0.040989068,0.029424141,0.066389988,0.030090405,0.010076572,0.012195229,0.011154998,0.015180815,0.023992749,0.010231227,0.014418661,0.01057485,0.040027701,0.008116401,0.007553301,0.026313487,0.028099432,0.008567858,0.0079775
302,0.03560597,0.014970668,0.017938587,0.029572975,0.024270361,0.018267866,0.027741735,0.000622878,0.0010489,0.001852379,0.005739865,0.004116918,0.012148515,0.107514391,0.012449787,0.015360096,0.014809448,0.043438882,0.014618569,0.004751682,0.00463845,0.012924115,0.016767922,0.003151252,0.004252564,0.005586367,0.037705246,0.00931231,0.022862605,0.061505746,0.03702737,0.13117855,0.118747785,0.132465767,0.127465907,0.009927013,0.054107768,0.131023562,0.005372078,0.060582809,0.107820998,0.002669091,0.013183806,0.001228308,0.009719344,0.017671334,0.002522315,0.006470947,0.008055934,0.013648614,0.001387769,0.001504251,0.000830603,0.001309094,0.005268829,0.002497455,0.133234192,0.130950126,0.134509117,0.130022372,0.163295096,0.135555391,0.013704622,0.13426798,0.120021259,0.013285653,0.012298516,0.00847037,0.04192373,0.01370898,0.01081052,0.015878313,0.00903398,0.007700518,0.012948008,0.017168465,0.018676584,0.006389118,0.009874515,0.008563093,0.008935494,0.011899611,0.008504841,0.011502212,0.010717101,0.007945631,0.007544096,0.070351903,0.01070592,0.014837636,0.013047955,0.011639707,0.058433075,0.007055768,0.008414118,0.000775043,0.002488476,0.006056582,0.001629821,0.000936908,0.001727557,0.002436712,0.003161674,0.003794159,0.002610886,0.003480496,0.002233531,0.007044891,0.00575536,0.012253726,0.007581042,0.004000518,0.002230688,0.003705375,0.0029414,0.003505097,0.006295179,0.366694712,0.327301531,0.169837146,0.279779799,0.193636409,0.002923893,0.003202759,0.00447496,0.404895793,0.243221682,0.004051922,0.012245328,0.016164698,0.099626991,0.045883206,0.037569373,0.060740767,0.084680429,0.065879992,0.017341759,0.035386842,0.013231913,0.011636951,0.011702,0.023168121,0.015546686,0.008627159,0.01095402,0.014478075,0.001265309,0.001753215,0.005166934,0.012264942,0.008968608,0.011713437,0.251500654,0.073627293,0.29408242,0.020016212,0.01802425,0.006822166,0.01557204,0.224154581,0.120363862,0.121490788,0.02896362,0.192405324,0.199022536,0.065143397,0.00269241,0.002256217,0.008543543,0.008458644,0.016462169,0.067194182,0.003304595,0.003548321,0.00389222,0.009140961,0.044066509,0.002051151,0.136836594,0.141755231,0.00312199,0.004793316,0.006050916,0.001325415,0.008482461,0.002292137,0.005502247,0.004132825,0.004322082,0.003883474,0.000710726,0.002258465,0.00434145,0.010110561,0.00615293,0.013041126,0.006041145,0.002326414,0.00174154,0.001141923,0.007681824,0.008581991,0.005589894,0.006093638,0.001140572,0.017399333,0.000506711,0.000557722,0.000352271,0.000646129,0.003596921,0.003724684
303,0.026877335,0.144016966,0.013072341,0.027999753,0.026956319,0.018946416,0.026123833,0.007385422,0.011695557,0.01124379,0.037718076,0.025861577,0.026707194,0.010541491,0.01290162,0.051315136,0.086352555,0.022165456,0.043121191,0.008225367,0.006262109,0.012144125,0.120534871,0.22581221,0.142489171,0.021632197,0.024168582,0.138634239,0.033198959,0.016470935,0.008514378,0.009113889,0.012732029,0.012055216,0.01275887,0.010123253,0.023057648,0.036360206,0.006761527,0.022583841,0.025480516,0.006320552,0.015769747,0.006649444,0.015170555,0.046007469,0.022537595,0.045708847,0.023363702,0.084867893,0.02185381,0.021809956,0.011473034,0.007715443,0.009994809,0.019778989,0.004872419,0.026946277,0.008296045,0.009961369,0.113672945,0.021763992,0.078129485,0.123069179,0.139576584,0.038365401,0.068504376,0.038643012,0.205198006,0.123251632,0.167399228,0.03960534,0.059887117,0.042038204,0.077449806,0.069465989,0.068907163,0.051153583,0.059202868,0.056384444,0.054650449,0.093035194,0.082621315,0.225085511,0.143092769,0.141927445,0.064053863,0.044941995,0.053310796,0.043148786,0.034623997,0.028943456,0.047875101,0.032073135,0.057959805,0.005950522,0.011954299,0.026407711,0.10864352,0.135648357,0.16812393,0.140325398,0.303530529,0.172323897,0.159621766,0.12394307,0.351787543,0.072974955,0.078142034,0.031926191,0.072822647,0.042726349,0.106152264,0.091555246,0.109659454,0.065724034,0.057759557,0.020220436,0.015377746,0.003928531,0.009939012,0.004537457,0.242709317,0.214514047,0.295009212,0.023426157,0.006555565,0.283663849,0.181982773,0.153288385,0.109330097,0.10465051,0.095593162,0.053006232,0.030339029,0.041012454,0.121041957,0.060950204,0.130551315,0.131348282,0.181141246,0.014796424,0.126342654,0.057826003,0.08704668,0.102339728,0.090622326,0.090231689,0.072098379,0.126481774,0.147954399,0.026159902,0.014541754,0.03164809,0.012172744,0.03520094,0.111404104,0.012742727,0.034350852,0.016515006,0.013781404,0.014486477,0.014689432,0.175250353,0.245214991,0.043229972,0.295762523,0.124369929,0.079302152,0.049363269,0.130652604,0.042039803,0.257528956,0.201452809,0.238278633,0.241145759,0.098128779,0.268171366,0.004868689,0.035631661,0.001812703,0.004143273,0.002499536,0.00690958,0.003657142,0.053222617,0.002156937,0.040156763,0.002344053,0.003330051,0.079347703,0.004663411,0.008668028,0.018899304,0.017857632,0.005816791,0.002133731,0.001730692,0.005425764,0.008157736,0.00364591,0.002978401,0.003092186,0.003045166,0.002408816,0.006710483,0.001542984,0.001595446,0.001695182,0.002367424,0.003803509,0.003998212
304,0.020737767,0.103505281,0.018433746,0.020012272,0.018202935,0.01342697,0.017360014,0.113638018,0.124346575,0.116681522,0.112134847,0.114145922,0.022538738,0.009836227,0.01840869,0.0373152,0.06741228,0.014799244,0.030995782,0.007755296,0.00581935,0.009537032,0.079078244,0.184999835,0.140030659,0.122397091,0.043668756,0.136747672,0.038395117,0.019853364,0.009916813,0.013477329,0.00837749,0.007110957,0.011266034,0.042142855,0.080324428,0.11587968,0.034506219,0.085050072,0.093970173,0.026092125,0.089042722,0.129576489,0.035466302,0.047718706,0.064751492,0.070188674,0.036146378,0.076394258,0.117705984,0.104066858,0.124988613,0.113327406,0.084246517,0.11305872,0.014648925,0.024337397,0.015023578,0.038781119,0.066216814,0.020746743,0.114895303,0.065241437,0.077337611,0.04855402,0.131159954,0.122943731,0.041245737,0.159666924,0.18219336,0.062857548,0.106687853,0.078380336,0.088389769,0.076733886,0.10471504,0.119373914,0.103057071,0.115883995,0.09062628,0.114528023,0.11315484,0.245704631,0.159934673,0.179046536,0.095389826,0.038733223,0.090509136,0.068802479,0.045965602,0.036696948,0.049095989,0.040204555,0.094773084,0.130793933,0.116142873,0.118556908,0.145161417,0.147838133,0.159847323,0.146134681,0.223385744,0.157028085,0.149726068,0.13892527,0.25588494,0.099749041,0.105784332,0.032457753,0.074991788,0.049624091,0.135685734,0.126337042,0.136504105,0.149749735,0.119747472,0.006604148,0.006447771,0.003316229,0.009901754,0.003627664,0.202511005,0.176604908,0.24299748,0.007779721,0.007879802,0.239377397,0.154064531,0.134288735,0.077437939,0.075151812,0.077875633,0.034071668,0.015420474,0.023247898,0.109541229,0.030549669,0.13009804,0.126523468,0.141294255,0.018949545,0.085781243,0.110465955,0.093131778,0.079130048,0.1506696,0.155060375,0.124368372,0.127006171,0.136739701,0.024558259,0.014631067,0.018366535,0.005791827,0.020168812,0.075907036,0.010030399,0.021079654,0.014770074,0.015445905,0.022261582,0.01270022,0.109060946,0.140352063,0.038024667,0.220718391,0.139329309,0.081417128,0.085133159,0.13829279,0.020928689,0.200053389,0.170888204,0.18933089,0.198684973,0.075901812,0.214222285,0.015885962,0.025086471,0.001718892,0.003818447,0.002554868,0.005765081,0.004487646,0.006096104,0.00197665,0.005576663,0.004030714,0.002446981,0.004674395,0.00408062,0.004494121,0.009559929,0.005556,0.003051949,0.003138212,0.002761425,0.004311961,0.007383795,0.011950803,0.008365797,0.00553424,0.010898309,0.003338212,0.010432057,0.001956751,0.002346519,0.001597939,0.001927624,0.005352603,0.005862761
305,0.04346778,0.128896391,0.035123481,0.045959143,0.045993816,0.033302743,0.040586024,0.034760271,0.037738581,0.045058312,0.064770148,0.055209515,0.04169303,0.016785339,0.034070898,0.058806924,0.088099022,0.034429242,0.050612177,0.015999728,0.013743918,0.02440535,0.106277579,0.212183175,0.137025685,0.068077483,0.058372388,0.129263015,0.043768651,0.043946974,0.026269105,0.015183949,0.017667669,0.013061182,0.020366924,0.035546069,0.107633092,0.18754834,0.028583955,0.101164562,0.125600204,0.01922446,0.051183914,0.059749731,0.032202668,0.052994027,0.035261829,0.055325895,0.032472192,0.08586737,0.04472226,0.042184612,0.037284192,0.042146637,0.041613537,0.047970033,0.010554538,0.027877794,0.011335448,0.039928459,0.071315077,0.015492271,0.112122513,0.071978492,0.084636517,0.041975839,0.105473296,0.075149705,0.077688438,0.165141749,0.19841743,0.042148884,0.083916535,0.056737752,0.081014189,0.072101711,0.081292443,0.073929273,0.076663094,0.077107019,0.070844166,0.10629115,0.108860329,0.280305908,0.167280437,0.195097321,0.085276868,0.033074377,0.068953858,0.051501651,0.038459721,0.031555688,0.045016098,0.035498059,0.070945406,0.057919777,0.05383655,0.065067367,0.11701128,0.137659027,0.164177222,0.13970301,0.273135778,0.164976793,0.15429803,0.124664472,0.312314696,0.079828817,0.084403853,0.032089725,0.07520078,0.046912307,0.112182549,0.099160671,0.114695053,0.088951791,0.076342196,0.009779452,0.007936013,0.003154678,0.009083045,0.003427719,0.233509577,0.201306675,0.264372763,0.010582242,0.006147059,0.258865244,0.165241231,0.141621584,0.100310329,0.100633228,0.092286199,0.057412577,0.035567985,0.047346629,0.113385783,0.055062179,0.123119295,0.124529391,0.164253582,0.035248323,0.111357166,0.075226195,0.090231501,0.100761639,0.105737462,0.106655182,0.086235026,0.121846893,0.140770164,0.043286699,0.015004033,0.033758474,0.006864405,0.042929912,0.100524814,0.019447443,0.039688768,0.016306638,0.030085834,0.043743151,0.028043018,0.115713497,0.153248802,0.037446265,0.265337604,0.126445663,0.079027925,0.067275582,0.138724154,0.042784119,0.237067724,0.190322849,0.218269017,0.219825898,0.095137462,0.24843849,0.009268361,0.025259856,0.001822928,0.004510168,0.002611832,0.007558774,0.003890371,0.020372071,0.002241179,0.015528415,0.003382329,0.00335692,0.019264591,0.004626234,0.006426071,0.022211241,0.010434788,0.005423068,0.003242051,0.00253291,0.006061446,0.006235695,0.006811483,0.005738542,0.004024907,0.005900248,0.002721171,0.007595352,0.001764213,0.002049375,0.002875341,0.003445784,0.004387059,0.004724138
306,0.087285082,0.041691481,0.041562157,0.089099767,0.088919811,0.064940601,0.086224103,0.000985788,0.001809304,0.003849784,0.013566504,0.009344644,0.041354659,0.086999621,0.028012107,0.053420819,0.042828225,0.119291467,0.050242214,0.014579128,0.016245,0.046879098,0.054529963,0.00571303,0.011132483,0.014317294,0.065017705,0.024461078,0.039898893,0.069380075,0.084034732,0.100112985,0.099605809,0.108134448,0.105245717,0.013246435,0.057584147,0.127600664,0.007493192,0.062444312,0.105767961,0.004336938,0.016156898,0.002741318,0.015766372,0.030609302,0.004876485,0.012277455,0.013651309,0.0274787,0.002592114,0.002875291,0.001424634,0.002351865,0.007449292,0.005035984,0.095125323,0.109378353,0.097892329,0.115723211,0.15023544,0.118667199,0.022601024,0.141161617,0.154772734,0.018670023,0.047094298,0.033005666,0.112775328,0.04500899,0.032319351,0.037428557,0.02463993,0.019427035,0.022715805,0.025463758,0.04167829,0.013652227,0.021458166,0.017967872,0.02146883,0.025347247,0.02563932,0.0409784,0.028176775,0.025172019,0.019171066,0.141918788,0.025799642,0.031051365,0.018647619,0.015503534,0.08819835,0.009687488,0.015507223,0.00194734,0.009454855,0.022292466,0.003435791,0.001985719,0.003504146,0.004900733,0.005638477,0.00783381,0.006186141,0.0055968,0.004655832,0.012409271,0.009779884,0.014985133,0.010549596,0.005248045,0.004789156,0.007023193,0.005812796,0.006586529,0.011456958,0.376008509,0.376920201,0.327886756,0.379651132,0.327881569,0.007765256,0.006993602,0.011055324,0.392623951,0.347282777,0.01030423,0.027974872,0.034522392,0.058786062,0.090910077,0.071624344,0.098308811,0.125136937,0.133478401,0.039446455,0.097920278,0.031106132,0.026608631,0.030803723,0.048903634,0.054236246,0.015208024,0.020708273,0.042435752,0.002741071,0.004172869,0.010799488,0.025479339,0.017727742,0.037516472,0.300410211,0.108454013,0.366579691,0.072112763,0.052894226,0.022249427,0.054389243,0.275564062,0.10189814,0.104155894,0.072179154,0.218555994,0.229236695,0.092145817,0.004696633,0.004705396,0.012224362,0.020365129,0.035155093,0.085551247,0.005803569,0.007306471,0.009496733,0.021845972,0.081844575,0.004320213,0.104689952,0.111789813,0.009550743,0.015212469,0.018817355,0.00481754,0.023092927,0.005375512,0.018918119,0.010863283,0.012848949,0.006975704,0.001437053,0.007770881,0.015043123,0.026329244,0.019535569,0.049860735,0.021031752,0.007542915,0.00625676,0.003900645,0.024865759,0.024354494,0.010898143,0.019162088,0.003433388,0.046993654,0.001364952,0.00149178,0.000649383,0.001380132,0.008181095,0.008588508
307,0.062780886,0.03256803,0.025223553,0.06685997,0.068495816,0.046249449,0.056795983,0.000985969,0.001661701,0.003714544,0.012133531,0.008639428,0.031503341,0.154996834,0.018271494,0.041765017,0.033069002,0.063914777,0.038823969,0.010708971,0.012009706,0.032754279,0.043350371,0.004955946,0.009387027,0.013510651,0.068643388,0.020445392,0.034287687,0.095893192,0.044729697,0.188545012,0.171861437,0.190441011,0.184588911,0.01581525,0.082176085,0.195629483,0.008698233,0.091810978,0.163040095,0.004259349,0.021506217,0.002620825,0.015443488,0.024587794,0.004300569,0.010476032,0.011840295,0.021541763,0.002287291,0.002557553,0.001301305,0.002355505,0.008338964,0.004658596,0.19053761,0.19033856,0.193477625,0.196812547,0.242837282,0.205302388,0.026404992,0.205125272,0.182221625,0.013486577,0.039485478,0.027642776,0.100609007,0.038550585,0.026451913,0.025570093,0.021175744,0.016327642,0.017926366,0.020610264,0.031809559,0.012056378,0.018597145,0.015751212,0.018262751,0.020604696,0.021513086,0.036126511,0.019850832,0.022236488,0.013968294,0.101331216,0.019039918,0.022763696,0.013585272,0.010743541,0.068983013,0.006675255,0.013330895,0.001771066,0.007934605,0.018830151,0.002946393,0.001693775,0.003005714,0.004196479,0.005133811,0.006715762,0.005255344,0.004840899,0.00432406,0.010415442,0.008208592,0.011260355,0.008485974,0.00383962,0.004076728,0.005986021,0.004962983,0.005771687,0.010059021,0.3249324,0.290340781,0.159332036,0.252640439,0.179781744,0.008461104,0.005967882,0.009611449,0.356199106,0.223712994,0.009625536,0.02288649,0.027757217,0.075843999,0.06032917,0.052847158,0.071027442,0.100789908,0.081941348,0.031489081,0.064360803,0.025786142,0.021723966,0.024528575,0.03034168,0.044620963,0.013449672,0.016873163,0.033106433,0.002368434,0.003575826,0.009188029,0.021016651,0.014567462,0.027589873,0.225799214,0.079093582,0.264319375,0.054948786,0.040573503,0.016622434,0.041757836,0.20524989,0.176101545,0.179136128,0.039804965,0.295428657,0.306126708,0.076807528,0.004365787,0.004011342,0.010293332,0.014903483,0.025773272,0.070946904,0.005119443,0.006264145,0.008064117,0.018069975,0.058153315,0.004519475,0.200121777,0.205957643,0.00801078,0.013119549,0.017143776,0.004825156,0.019000073,0.004529626,0.01777914,0.009437805,0.010584842,0.00648257,0.001357297,0.007281066,0.013679992,0.021032887,0.01721881,0.045777756,0.020935529,0.00577075,0.00597346,0.004109234,0.011989725,0.014828199,0.009639065,0.009405794,0.002245672,0.034672967,0.001063547,0.001137825,0.000532714,0.001228584,0.006569513,0.006488176
308,0.037300958,0.135453649,0.025199123,0.039595285,0.039552079,0.028652454,0.03570163,0.014692912,0.018681007,0.02096499,0.046782064,0.035479572,0.036335245,0.015321956,0.024903563,0.055995854,0.087429629,0.030288749,0.048180631,0.013938755,0.01187283,0.020588391,0.112532409,0.225899325,0.140142175,0.036285732,0.047497713,0.130194228,0.03918531,0.037496431,0.019083937,0.013284823,0.017119905,0.013484499,0.01892251,0.022818098,0.080087555,0.145720679,0.016880328,0.074877583,0.095604526,0.011642361,0.031171164,0.023220091,0.023349759,0.04981048,0.026840124,0.049825211,0.027501776,0.086145055,0.028262492,0.02767962,0.018327859,0.017328989,0.020802511,0.027912149,0.008171231,0.026359597,0.009487961,0.029907838,0.077851618,0.015143973,0.098277546,0.080459733,0.092903752,0.037064787,0.078275332,0.045020559,0.107049783,0.144812509,0.177085386,0.033885351,0.069281925,0.047005041,0.076153906,0.068036898,0.067348055,0.05820801,0.065079063,0.062863557,0.060525589,0.097257237,0.096881338,0.258517096,0.146232099,0.163641686,0.068512201,0.031935351,0.054475876,0.042015564,0.033404439,0.027648855,0.041300881,0.031278592,0.063020505,0.021849413,0.02247164,0.034857063,0.113069161,0.139087264,0.170205006,0.141775628,0.296422293,0.171226912,0.160133872,0.12477538,0.336866247,0.074803597,0.07992523,0.029917263,0.072224516,0.042340337,0.109084978,0.094342354,0.112139936,0.072727295,0.063914283,0.013560008,0.010303178,0.003416603,0.008984772,0.003836859,0.234354408,0.213632349,0.268634406,0.014838067,0.006189069,0.258591393,0.169386232,0.144116575,0.10376118,0.102681985,0.09290649,0.057488473,0.03602293,0.046875525,0.114108917,0.059714579,0.122691983,0.125139564,0.169927662,0.02615673,0.115528718,0.064039617,0.088952197,0.101051133,0.096221252,0.095399156,0.076294492,0.121833998,0.14481528,0.036347667,0.014730512,0.034131077,0.008812774,0.041593542,0.106027886,0.017791909,0.03891323,0.016644224,0.02639543,0.036694339,0.022737598,0.122590478,0.167426461,0.035769975,0.286304189,0.12639184,0.078697659,0.052325242,0.126374954,0.045081855,0.254813062,0.200720909,0.231129839,0.221075877,0.09628182,0.257884163,0.006833458,0.026182689,0.001640619,0.003930027,0.002294191,0.006791075,0.003376232,0.029102626,0.001968129,0.022099515,0.002671835,0.003081035,0.036912915,0.004267478,0.006562993,0.019273851,0.011897316,0.004967102,0.002494127,0.002028737,0.00542057,0.006172694,0.005142317,0.004325332,0.003297816,0.004340779,0.002533774,0.006340516,0.001692348,0.00185283,0.003027171,0.003604161,0.00374138,0.003988049
309,0.067194609,0.100407633,0.061865324,0.07320879,0.076051079,0.055413704,0.063372883,0.09430341,0.099240381,0.108071998,0.107668495,0.105557018,0.063400204,0.018377694,0.059121922,0.075355311,0.087060784,0.057967936,0.066506547,0.028318919,0.0258972,0.042736104,0.092462873,0.138875096,0.110507535,0.147440144,0.074179351,0.11504616,0.056847202,0.039754473,0.045703091,0.025432195,0.018080501,0.015987342,0.023277226,0.071336944,0.131243036,0.184372044,0.067606579,0.122881725,0.135948836,0.045463262,0.093547382,0.163106858,0.059664911,0.060143296,0.058897041,0.067333418,0.046712838,0.078915973,0.095436905,0.086175233,0.099082223,0.105373961,0.095320513,0.103343863,0.027676977,0.032531957,0.024986685,0.059442606,0.058329317,0.033160521,0.11287963,0.066167458,0.074397063,0.043947111,0.147841871,0.139386034,0.06401244,0.17564743,0.189343044,0.069857894,0.10830994,0.076598491,0.078630054,0.060921146,0.091959337,0.110723696,0.098371501,0.108501484,0.088508656,0.112349848,0.119231987,0.254390491,0.170628472,0.180060892,0.097351413,0.043851429,0.089206816,0.065425422,0.04394973,0.033636844,0.041032981,0.033057956,0.087189118,0.159520954,0.136351654,0.136587202,0.112599402,0.107540336,0.117033076,0.108373341,0.171490361,0.118539261,0.113199992,0.103835146,0.200730143,0.081763225,0.083495499,0.023031332,0.052853523,0.03310616,0.104395967,0.098268822,0.104676449,0.128313632,0.105593113,0.017760489,0.015340215,0.00776084,0.018713174,0.008992221,0.147965745,0.132972415,0.19683353,0.019557856,0.015494822,0.188122996,0.130680539,0.118715673,0.068457521,0.091202434,0.09017344,0.071615316,0.055795651,0.068373671,0.105153141,0.064863046,0.114784396,0.110129513,0.1227458,0.059955326,0.100266305,0.099865249,0.085434089,0.093948403,0.12219253,0.12874551,0.106915657,0.108651186,0.111047215,0.065976491,0.025300666,0.044962032,0.014497835,0.063276944,0.088382433,0.031481197,0.055862565,0.027144825,0.03098136,0.043776894,0.046881693,0.086520545,0.116031096,0.033395083,0.162695315,0.104376554,0.063994956,0.086533191,0.139730054,0.057787123,0.152611871,0.128804247,0.146523175,0.163605357,0.089801433,0.151442233,0.028776011,0.026516308,0.003631953,0.009402092,0.005074903,0.013381389,0.007525087,0.027649088,0.004352162,0.02155705,0.00802242,0.006913261,0.0198783,0.008953741,0.011465319,0.038267636,0.016922238,0.009978431,0.007359191,0.005835298,0.010865773,0.011039822,0.0182005,0.015296717,0.009740811,0.015789485,0.006353299,0.014348717,0.004435646,0.004986616,0.007352161,0.008189212,0.010242972,0.011260821
310,0.081869701,0.096370985,0.076236509,0.089828379,0.094229055,0.069488716,0.078031028,0.101215368,0.105915135,0.116785365,0.113349142,0.11183188,0.077378454,0.020258164,0.07225562,0.087432594,0.092597575,0.07255926,0.078104536,0.036987034,0.034436661,0.054693662,0.093537761,0.121478717,0.102943591,0.164911206,0.083900906,0.10995522,0.065310715,0.040187487,0.057781977,0.031220854,0.019556072,0.018429435,0.026008731,0.085578472,0.143204123,0.188108334,0.083966224,0.132833609,0.143047925,0.055943547,0.10579813,0.189012646,0.071634485,0.066064017,0.062895791,0.070406512,0.052996458,0.080566472,0.100956599,0.091269166,0.105707433,0.114172863,0.107413492,0.111366309,0.036346302,0.036908122,0.032358755,0.069725841,0.059918657,0.042759893,0.111065269,0.070306795,0.077131115,0.048841586,0.148097606,0.147234395,0.066260179,0.170857861,0.189254242,0.081410329,0.110184849,0.080082868,0.080065396,0.0612222,0.100814835,0.115428612,0.100894796,0.112234708,0.090685987,0.113869761,0.118339894,0.240163396,0.17573551,0.174219862,0.101656581,0.050845211,0.098268443,0.075373239,0.050080034,0.037699427,0.043760581,0.035297986,0.089873559,0.183945075,0.153185476,0.148575716,0.108723889,0.099835729,0.105739006,0.100316198,0.146665586,0.107021369,0.103053839,0.097674278,0.170413555,0.081349818,0.082199492,0.022070316,0.049106952,0.031113925,0.100508039,0.095940901,0.100447137,0.131412252,0.108771666,0.023646075,0.020620463,0.010668247,0.024745757,0.012484774,0.125390685,0.116759252,0.171179663,0.026018075,0.021013232,0.162238765,0.120570643,0.112668569,0.06232611,0.093263096,0.093491406,0.082657583,0.069074372,0.082229234,0.104266836,0.074199836,0.111597682,0.106210919,0.113469198,0.073409002,0.101592425,0.102920838,0.085440172,0.097369256,0.121076023,0.128199413,0.108358161,0.104702983,0.103857658,0.079794003,0.031894258,0.053787393,0.019630429,0.077197332,0.090069431,0.040135575,0.067466242,0.03416176,0.033165719,0.046009795,0.058854933,0.084717628,0.114488155,0.035292337,0.13835434,0.098150188,0.061425733,0.093558876,0.144970364,0.068992091,0.132095184,0.114056946,0.127889504,0.144459115,0.092658777,0.127343419,0.038656214,0.029948256,0.004765574,0.01240175,0.006540688,0.016747757,0.00964759,0.03266717,0.005622872,0.025753979,0.010922378,0.009135615,0.022017351,0.011574083,0.014522797,0.04706887,0.020908524,0.012663566,0.009851538,0.007965071,0.013746064,0.013430994,0.025374916,0.021662281,0.01367895,0.021869234,0.008838516,0.01798708,0.006461064,0.0071283,0.011135593,0.012071028,0.014330197,0.015988456
311,0.07203175,0.056500164,0.023348029,0.086458407,0.09264275,0.056632972,0.066652929,0.00778118,0.010177969,0.011545158,0.033874752,0.021902044,0.039610815,0.017514217,0.02084801,0.048286371,0.053378788,0.039149037,0.040918612,0.016662414,0.017470325,0.038619804,0.050495622,0.053259292,0.049072567,0.019790094,0.025711212,0.057139981,0.030662513,0.024607581,0.049753373,0.016780364,0.022903234,0.023147578,0.022892117,0.009762379,0.023665646,0.039100684,0.006387237,0.023544975,0.027605878,0.00530424,0.01473199,0.006356479,0.012995221,0.032317859,0.01527889,0.027093614,0.016481408,0.041753713,0.017168661,0.017540929,0.01006274,0.009446562,0.011017315,0.020081149,0.010706833,0.036757607,0.014533525,0.013460981,0.137722078,0.022349588,0.055785637,0.143864201,0.188250607,0.063884532,0.060688697,0.038648428,0.117424806,0.098602606,0.217905629,0.138546159,0.046775398,0.034529111,0.095537848,0.096756354,0.202604398,0.045039548,0.045274833,0.050012483,0.042679018,0.093534027,0.061986841,0.17284975,0.237673896,0.180203806,0.142794181,0.148383389,0.161206023,0.137202461,0.064485806,0.04626796,0.133125631,0.034739685,0.036063876,0.005966153,0.012298256,0.026435837,0.04146116,0.035195842,0.041634994,0.038918353,0.076788279,0.046966476,0.044742121,0.038637564,0.08845282,0.045477754,0.041018957,0.042022172,0.05013644,0.026372857,0.038510688,0.036451721,0.038619212,0.055883188,0.042418323,0.058584232,0.04837828,0.017487325,0.047049201,0.020361158,0.084095818,0.051639871,0.085007569,0.066948417,0.035801876,0.087177381,0.063360051,0.061215945,0.068957273,0.071932136,0.059891316,0.092493144,0.1080487,0.08235683,0.056229914,0.043882965,0.059385941,0.053849174,0.065455383,0.026538892,0.053423695,0.040001092,0.040341349,0.055641389,0.053876714,0.063988421,0.050363397,0.05344498,0.050507669,0.0377815,0.052166916,0.051992437,0.041795816,0.042673355,0.049718026,0.020069017,0.032878001,0.05361789,0.022877998,0.022821329,0.027770639,0.189740943,0.286897551,0.103303494,0.082577583,0.037773905,0.050565766,0.139030683,0.210257837,0.106002731,0.061584216,0.050484073,0.059297174,0.079798225,0.066555408,0.0838349,0.009729185,0.046604104,0.008951366,0.014068303,0.01286935,0.013633542,0.022333552,0.081726329,0.009743603,0.061957808,0.008864673,0.013546189,0.098366301,0.010521118,0.016990865,0.060527251,0.032849313,0.016590014,0.008023416,0.004998263,0.011152216,0.013132005,0.015233163,0.01432378,0.018634577,0.012146728,0.006330059,0.04943058,0.004276504,0.004382388,0.007373219,0.008887274,0.019245666,0.023107089
312,0.193749751,0.115430349,0.101886868,0.227035541,0.250077195,0.19206284,0.199030699,0.020538655,0.024277587,0.027242965,0.057011086,0.040940826,0.162005744,0.018875356,0.088254994,0.164172039,0.139144765,0.148678971,0.158208187,0.117677212,0.119746279,0.162414496,0.126603145,0.092395859,0.082726775,0.04363139,0.053394811,0.099730875,0.060160826,0.032608769,0.163894536,0.017831922,0.023895167,0.023787509,0.024310983,0.029471166,0.051501907,0.069405068,0.02679,0.048177806,0.051615305,0.019385206,0.034673398,0.037909174,0.033128898,0.067997803,0.033616959,0.058131062,0.036481245,0.091196297,0.034283228,0.034815124,0.024165457,0.024140764,0.028419966,0.038340292,0.01213991,0.028397601,0.013290595,0.023101621,0.076094469,0.019682272,0.082734574,0.07999472,0.095404097,0.03577768,0.074848558,0.051152262,0.080224085,0.135333165,0.263220103,0.068136399,0.071026653,0.050077776,0.093576022,0.067897052,0.131342711,0.070704664,0.069130989,0.078305653,0.062970101,0.121191002,0.094713421,0.247562087,0.272976729,0.214806326,0.127291175,0.053439133,0.111835025,0.0830466,0.03691793,0.022068628,0.047711195,0.020232198,0.06847269,0.035996088,0.031285051,0.042106391,0.068829854,0.061460593,0.072304197,0.066490453,0.12731985,0.080040536,0.076880615,0.06178926,0.147718214,0.058510493,0.054931851,0.019082503,0.041966047,0.019671112,0.064189161,0.058740071,0.064328118,0.085035099,0.07094791,0.06467814,0.061187048,0.023484013,0.066076901,0.028359769,0.101108295,0.090341621,0.136884406,0.06980156,0.044519633,0.126253104,0.11265726,0.111816484,0.078048148,0.133797081,0.126233895,0.169114688,0.178969746,0.168444393,0.114137107,0.13456072,0.107401539,0.10005137,0.118052408,0.103433575,0.133088266,0.068800681,0.080703004,0.139456201,0.082047526,0.094324547,0.083297966,0.095121001,0.089043736,0.139994997,0.068318351,0.12848463,0.05034586,0.176744715,0.123703256,0.12242944,0.153151879,0.073610766,0.025572207,0.028267885,0.128694338,0.103981488,0.153972183,0.040879435,0.124591377,0.064053302,0.053849607,0.104398766,0.221793819,0.175904269,0.105640162,0.087444345,0.103198416,0.122844684,0.12991339,0.109799247,0.011567811,0.028786097,0.009337956,0.02156043,0.013548587,0.024335372,0.020961722,0.091311803,0.011135075,0.069909383,0.018939552,0.016724741,0.07602657,0.022059664,0.028345583,0.109409878,0.047257465,0.024904379,0.016210397,0.012895856,0.020205214,0.020948533,0.053129355,0.042830359,0.022153909,0.042388476,0.025790993,0.041300315,0.019781389,0.018815523,0.063043632,0.066134264,0.021250207,0.022217755
313,0.172573319,0.105668041,0.140524331,0.194623412,0.20995002,0.160265547,0.172266821,0.051461315,0.051807213,0.070275047,0.082455372,0.071627111,0.158206671,0.020024243,0.126965155,0.158861544,0.135339023,0.152145138,0.148656068,0.092422713,0.090282428,0.132200746,0.121546982,0.078512502,0.076047266,0.129943655,0.08794641,0.091470767,0.081842425,0.038362952,0.140256601,0.02459355,0.021175795,0.02042978,0.024642607,0.086754331,0.121610869,0.131301799,0.090560354,0.106430885,0.102117741,0.059479001,0.086719762,0.154707541,0.077702854,0.081787092,0.047666531,0.0657757,0.057144294,0.092506596,0.056587689,0.054722432,0.051154934,0.068206714,0.082966263,0.070595463,0.024606174,0.032706535,0.024012709,0.048656303,0.062377,0.032186847,0.092578932,0.068739061,0.078792235,0.038915214,0.108332231,0.106835777,0.065093515,0.145198327,0.21992975,0.07620135,0.087761174,0.063860392,0.080183872,0.056390334,0.108524592,0.089347435,0.081827929,0.091894486,0.074306785,0.113484604,0.10351145,0.229675839,0.21944821,0.182442439,0.108929134,0.054276405,0.101248563,0.078704481,0.040777769,0.027103357,0.045053966,0.023847059,0.07733668,0.146731088,0.114220471,0.109652693,0.072818877,0.060352007,0.06576597,0.063579318,0.099384299,0.071483363,0.069687501,0.060750176,0.114842965,0.060871649,0.057532332,0.01763617,0.035952084,0.019405511,0.06708205,0.063824064,0.066540791,0.098830762,0.084065428,0.050860005,0.045995289,0.020602188,0.0520626,0.024285613,0.080893818,0.077114481,0.116348584,0.055205042,0.038845857,0.106686319,0.100089618,0.102121147,0.058271253,0.123951906,0.120476631,0.152795114,0.151884557,0.160478854,0.108036847,0.129642148,0.100398261,0.094103737,0.105946902,0.13537889,0.130703522,0.081630975,0.081582193,0.134118742,0.088311208,0.099013435,0.08901294,0.08972532,0.081733598,0.152881498,0.058951016,0.109282756,0.040635861,0.161053564,0.118080537,0.096106178,0.138067534,0.063168831,0.029047145,0.037040683,0.12927504,0.082281595,0.117175195,0.037923355,0.094453164,0.063475391,0.048072471,0.095193069,0.17739154,0.142910759,0.086821356,0.07566848,0.086700663,0.106986371,0.122139829,0.083556373,0.026396656,0.029992299,0.008885403,0.022950332,0.012593634,0.028315589,0.01808567,0.064038396,0.010928249,0.049887114,0.019757752,0.017071394,0.036323205,0.022052152,0.028001898,0.09866221,0.040892112,0.026204274,0.018559248,0.01450485,0.024076209,0.02070932,0.044372685,0.041208174,0.021585887,0.037350464,0.01878522,0.03324843,0.014364816,0.014601913,0.036698068,0.038942263,0.02214998,0.024215778
314,0.149953346,0.079013688,0.083463014,0.170929985,0.189190433,0.1630766,0.162483632,0.012927835,0.014834204,0.018921743,0.045652945,0.02907327,0.136350987,0.013216004,0.066245778,0.138751924,0.104480923,0.146169885,0.139597784,0.101167237,0.105225043,0.1458289,0.0966611,0.034250057,0.046298135,0.032815454,0.03599103,0.059499457,0.043898289,0.019563057,0.145097849,0.013637576,0.014631326,0.014875809,0.015447816,0.022224199,0.033317973,0.040632379,0.020960979,0.031082313,0.032095038,0.015165368,0.024404545,0.031561784,0.024853029,0.048995643,0.024682338,0.041125808,0.026423695,0.060648238,0.025079242,0.026520507,0.0148958,0.017217,0.021455189,0.031198179,0.011856442,0.01970647,0.012726601,0.018586881,0.039697411,0.016481932,0.058082184,0.042593408,0.051463821,0.023721158,0.04521617,0.033897022,0.041191349,0.100754795,0.257058544,0.056203537,0.053282023,0.040613065,0.081395561,0.052742623,0.122327914,0.061519316,0.054673954,0.067074123,0.049719644,0.106675507,0.075337019,0.202564029,0.278486643,0.205247428,0.122630741,0.041221468,0.104718171,0.070416015,0.025476522,0.012598659,0.036304442,0.010629693,0.049716377,0.029865082,0.026106739,0.030501198,0.043740652,0.025704588,0.028103383,0.029020366,0.044083797,0.033983626,0.035682622,0.026325307,0.049779748,0.039618556,0.033676018,0.010763722,0.023890576,0.008716942,0.037881003,0.034395999,0.036056555,0.078330453,0.058308604,0.077190733,0.072822071,0.031321251,0.075673914,0.038127752,0.035773562,0.034918961,0.051809289,0.082543687,0.057559963,0.046811804,0.057743668,0.065206962,0.044733316,0.107239969,0.097442291,0.137139874,0.170390411,0.15127116,0.073803047,0.129040829,0.067791209,0.05949908,0.067958265,0.084449097,0.099175014,0.053142709,0.05097955,0.102826081,0.068881941,0.085214574,0.069722822,0.057966784,0.045344137,0.113537284,0.074548991,0.108985592,0.062500404,0.17026933,0.095509023,0.109041723,0.145319932,0.077709035,0.016123331,0.017681593,0.116278629,0.052577519,0.073274532,0.031375749,0.042724288,0.031659632,0.033390148,0.098088219,0.219402976,0.138974265,0.037825635,0.034854332,0.039238297,0.05542969,0.102480335,0.036836532,0.012431805,0.019550473,0.008378942,0.016646557,0.012634878,0.015430807,0.020369674,0.050669492,0.010279677,0.040527061,0.015670617,0.012007621,0.029183588,0.016311167,0.020266288,0.081252556,0.031758997,0.020851517,0.013760857,0.010488578,0.013334627,0.013345253,0.043275094,0.036414067,0.019941527,0.034803444,0.02046377,0.041535814,0.016070491,0.015072369,0.051106455,0.053152434,0.017273809,0.018803124
315,0.131352328,0.083063096,0.056038014,0.148157317,0.163629123,0.146888846,0.15187995,0.002207457,0.004323988,0.004655157,0.030548268,0.015012586,0.111401917,0.011393282,0.042385034,0.125115683,0.089682192,0.152441873,0.126774326,0.074373183,0.080697364,0.129836888,0.105726397,0.012859937,0.028435688,0.008883291,0.019463337,0.039433268,0.029497309,0.012971103,0.136967073,0.01117488,0.012109661,0.012702432,0.012474804,0.006498786,0.011419635,0.017757475,0.004752794,0.011461258,0.013900072,0.004302587,0.006552505,0.004323236,0.010765727,0.034864608,0.014236447,0.026245908,0.015298222,0.044111385,0.013779831,0.015517586,0.004531562,0.003080359,0.005554973,0.018074922,0.00979612,0.014710303,0.010264441,0.011826875,0.022673764,0.012382727,0.040804828,0.02434786,0.029355273,0.015314235,0.023685018,0.012846251,0.024140591,0.078113481,0.238617029,0.040576468,0.037833797,0.030670325,0.07432072,0.047426404,0.118003057,0.046184379,0.040675979,0.051240321,0.037662792,0.093106332,0.06033774,0.172439116,0.265013338,0.18830366,0.113760538,0.027966875,0.095553453,0.059141512,0.01707039,0.005458999,0.026255624,0.004585946,0.033678768,0.003803776,0.004688371,0.009491991,0.027968082,0.010256532,0.010593331,0.013118445,0.015830865,0.015635309,0.017936431,0.011719943,0.016483051,0.028711922,0.022363759,0.005591458,0.017027651,0.00366195,0.022974901,0.020659179,0.02114608,0.061587311,0.042660268,0.102350805,0.101576165,0.046513568,0.104544376,0.058099751,0.016218892,0.013963547,0.022164171,0.109478921,0.087930697,0.020901709,0.037439331,0.047663627,0.049401525,0.119717763,0.094188958,0.150005147,0.19707218,0.175108169,0.056978505,0.159695294,0.047792149,0.041711888,0.058170235,0.060912775,0.101412411,0.037539861,0.033935739,0.089048159,0.052677556,0.068120156,0.05292114,0.04094517,0.028129041,0.087000233,0.103152282,0.120656687,0.088366524,0.171072128,0.103514354,0.087668789,0.139231516,0.107872983,0.01229318,0.012466735,0.109413871,0.030946251,0.03851318,0.025254793,0.01552372,0.016473246,0.025131328,0.088648763,0.209418075,0.160517987,0.013820121,0.014677073,0.015744247,0.036240508,0.106019334,0.013040101,0.010109879,0.013668937,0.008162875,0.009956903,0.012284431,0.00595157,0.021534564,0.027748377,0.009656173,0.023458826,0.009013058,0.006828291,0.011921366,0.008403505,0.01124121,0.055837067,0.019056362,0.016191668,0.008320589,0.005205969,0.005375672,0.006012923,0.02506757,0.020525089,0.014901103,0.01949431,0.011722467,0.047804119,0.008899208,0.008113642,0.031341153,0.032773775,0.01083679,0.013376257
316,0.24767392,0.090459098,0.116101264,0.287753702,0.319211484,0.267738922,0.269101777,0.005131291,0.008046634,0.008861988,0.040615292,0.022727815,0.205566443,0.01069258,0.089853768,0.198544446,0.14382389,0.200786086,0.201076123,0.171847907,0.179456909,0.23805191,0.116479541,0.029199071,0.041599177,0.015785736,0.03325805,0.058181095,0.050716094,0.018169914,0.26610909,0.008639021,0.011231682,0.011137585,0.011164808,0.012724005,0.018137606,0.022552228,0.010664311,0.016896603,0.016789025,0.009155818,0.011650979,0.011295886,0.019670549,0.059395183,0.024782917,0.047540912,0.027914603,0.075907445,0.019610881,0.022118573,0.008138024,0.006567791,0.010472561,0.024172745,0.006195932,0.013903813,0.006724136,0.009085845,0.029029208,0.008640312,0.052063837,0.031318956,0.038818273,0.017092505,0.033495446,0.019577018,0.026341566,0.09746391,0.283860576,0.046555238,0.050027133,0.038284157,0.085959095,0.049800606,0.119590308,0.055948323,0.052050284,0.063593558,0.047860188,0.114349439,0.075048658,0.211048694,0.312734368,0.224572852,0.129963641,0.028981835,0.103889583,0.060735481,0.018756183,0.006994298,0.025390339,0.006197176,0.053572197,0.010332828,0.009528133,0.015395462,0.037019614,0.02040999,0.023118604,0.024418481,0.038596192,0.029890428,0.030895355,0.022232496,0.042991235,0.037663733,0.030973736,0.0066803,0.020609319,0.005498172,0.032300848,0.030013955,0.031052201,0.069287456,0.055282995,0.080810813,0.083179697,0.032826861,0.095002219,0.040294681,0.028542849,0.030352693,0.046028182,0.085969285,0.06203386,0.039297647,0.059632454,0.069743237,0.045411933,0.118644619,0.114229506,0.164519162,0.197694757,0.174877049,0.084278574,0.154203357,0.070059106,0.063497253,0.07492157,0.11986053,0.121816886,0.052448102,0.059869639,0.138498525,0.058949727,0.074010402,0.066582706,0.059765466,0.047009279,0.16602601,0.087403431,0.160435022,0.066601475,0.240144665,0.115211236,0.178638641,0.207297169,0.090228217,0.011447898,0.011897792,0.185614277,0.03732934,0.055899429,0.023382331,0.037119355,0.026716279,0.031708776,0.099166212,0.244259306,0.167043555,0.032551399,0.030481742,0.034989718,0.052607736,0.117381742,0.030139191,0.005835715,0.012488714,0.008992169,0.019772814,0.014528367,0.016947658,0.023661336,0.072801107,0.011645927,0.056026375,0.020524246,0.013233294,0.031513285,0.022358457,0.026954053,0.124526993,0.044211017,0.025332503,0.016899507,0.013519699,0.014599975,0.016620245,0.069313347,0.052723043,0.020595818,0.054113269,0.035093376,0.049994961,0.027096899,0.024669504,0.099139042,0.102901263,0.015818337,0.014355912
317,0.109942385,0.094585863,0.111210755,0.12058502,0.127116311,0.094155845,0.104901976,0.099166084,0.103719461,0.118400467,0.116506184,0.112891859,0.105450423,0.020555175,0.105803364,0.111981621,0.106424245,0.10156327,0.100998689,0.05011558,0.046621027,0.074569575,0.100662433,0.097512883,0.091968542,0.189935163,0.101355639,0.102670404,0.082009069,0.041947014,0.079915444,0.032096661,0.019274259,0.018224285,0.026022707,0.113889781,0.169131871,0.196098531,0.117826343,0.15091951,0.151965665,0.076868593,0.123067233,0.227214905,0.095849164,0.078516978,0.065566824,0.073983309,0.064864772,0.085678844,0.099886009,0.091222566,0.103364092,0.114865966,0.121879816,0.11418527,0.037932379,0.037164794,0.033722628,0.074404421,0.05590981,0.045334797,0.11042538,0.068143204,0.074192897,0.050182634,0.148026447,0.156514223,0.066851693,0.166874457,0.192740427,0.089827835,0.111199573,0.081939003,0.078579372,0.05730687,0.104467561,0.118968203,0.102466004,0.115620478,0.091749868,0.115261604,0.117845237,0.230210802,0.183738621,0.169990277,0.10435039,0.054535177,0.103942129,0.083190232,0.052750403,0.03839767,0.042932413,0.034468209,0.091972123,0.218157452,0.17493367,0.163645741,0.100570679,0.085342311,0.087659172,0.08598006,0.114374197,0.089787837,0.087880171,0.084700318,0.132200068,0.07731726,0.076457325,0.019100071,0.041633224,0.026536176,0.092038505,0.08891623,0.091230353,0.133304427,0.110359611,0.027748889,0.023784332,0.012565598,0.030095671,0.014734142,0.097085202,0.094547939,0.139195944,0.030550549,0.025784222,0.130013277,0.107909953,0.105704316,0.053702049,0.101474454,0.101974726,0.103860378,0.091042773,0.109421814,0.10465522,0.093390948,0.107578797,0.100871127,0.103879354,0.105745172,0.10993969,0.10450677,0.085555045,0.108093972,0.118215496,0.127402205,0.109388441,0.098972384,0.092984125,0.109548654,0.039036,0.068514838,0.023347551,0.103368617,0.097305287,0.053224857,0.088890908,0.042041827,0.033266186,0.046501188,0.082098679,0.07493737,0.103801536,0.034356005,0.1060566,0.086346148,0.054883009,0.098032906,0.150246615,0.087537667,0.104743173,0.09340782,0.103332827,0.121635827,0.101114726,0.095999125,0.041078099,0.029468205,0.00590021,0.016027367,0.008064469,0.021525034,0.011608331,0.03799235,0.007031848,0.029772208,0.01390164,0.011695833,0.019268291,0.014622822,0.018473343,0.061892864,0.025941602,0.016575751,0.01288345,0.010212606,0.01791899,0.015659545,0.031170701,0.027911848,0.017074252,0.026645349,0.010437294,0.020900859,0.007487799,0.008430182,0.013156567,0.01443724,0.018202175,0.020498459
318,0.291325725,0.130873786,0.189267661,0.343754815,0.381004447,0.275209296,0.277500007,0.00828255,0.013003698,0.013031994,0.051100551,0.031910925,0.268677429,0.012805993,0.173154615,0.248597793,0.202317181,0.214746072,0.235297977,0.169185825,0.166360781,0.22758961,0.147818687,0.08563826,0.08320446,0.023366261,0.085768706,0.11494052,0.092821033,0.029786898,0.187854166,0.010021514,0.014833998,0.014337422,0.014530318,0.023509981,0.032997123,0.036729358,0.020120846,0.029352102,0.026326203,0.016086991,0.01898512,0.018588777,0.035975423,0.099696885,0.035970778,0.074938199,0.046118323,0.129426439,0.025669841,0.028120326,0.012836085,0.00926208,0.01617859,0.028132193,0.0054255,0.021251778,0.006968564,0.009901553,0.077809646,0.009521779,0.074556056,0.075673355,0.088990059,0.021964814,0.048773267,0.026440189,0.033887597,0.130380621,0.30005204,0.046697963,0.068601849,0.049032931,0.098922647,0.060334526,0.118601044,0.065074158,0.069317311,0.077867195,0.063468575,0.136531279,0.100538784,0.271427435,0.314790652,0.233996444,0.129176894,0.030647677,0.102918233,0.062578329,0.023168132,0.010374222,0.025937235,0.010183225,0.082300769,0.016873079,0.012244334,0.020563802,0.061144777,0.055238214,0.066752338,0.062043214,0.122468095,0.077126276,0.073849531,0.057951272,0.136009496,0.057315992,0.052527091,0.010093687,0.033942546,0.010861398,0.058855897,0.055015916,0.060080465,0.072526568,0.070314788,0.069855035,0.056542067,0.021625849,0.060928908,0.026026667,0.084459476,0.085381264,0.115244155,0.071910689,0.043091468,0.098823981,0.127576381,0.136021566,0.087102746,0.199237624,0.184977705,0.320984669,0.343060911,0.317565179,0.154187022,0.180742404,0.132128116,0.122095464,0.128906331,0.184806595,0.155369611,0.072892202,0.107360051,0.194317812,0.068182836,0.07876546,0.085647972,0.112671952,0.100812379,0.245225593,0.079353623,0.180037881,0.051738202,0.252676666,0.151827253,0.169792188,0.215610479,0.096430922,0.015357495,0.016720653,0.169591357,0.09308768,0.159409438,0.025070962,0.118968617,0.059396521,0.0519617,0.098672312,0.250406518,0.349156499,0.098652191,0.083217466,0.097486932,0.112450164,0.192442143,0.095702269,0.004273613,0.024402394,0.008196977,0.022559808,0.012339538,0.027140571,0.017189604,0.084572978,0.010616884,0.062900991,0.018917039,0.017015465,0.043816694,0.025579912,0.032300616,0.123521928,0.049074803,0.029258581,0.01739058,0.014193367,0.023181448,0.021984326,0.046681852,0.043346766,0.013616564,0.038893775,0.02632297,0.031553666,0.019943384,0.018809801,0.069559113,0.073408721,0.013293647,0.01091459
319,0.058098556,0.079167697,0.067098065,0.061340191,0.062630386,0.046630066,0.053199886,0.143251736,0.147325511,0.166277865,0.148040657,0.150985153,0.059882704,0.02551963,0.065069311,0.070721659,0.078049394,0.056841108,0.061430021,0.025899904,0.023047036,0.036559774,0.075988634,0.10772518,0.100771571,0.241193628,0.106852225,0.107857785,0.073676149,0.045134594,0.037567041,0.05233086,0.022049157,0.022829843,0.034563528,0.120509887,0.189865861,0.244124479,0.12077713,0.173343293,0.187107393,0.079699492,0.13564677,0.286661262,0.097412909,0.068758405,0.079842589,0.0794852,0.065173537,0.07558107,0.135805155,0.121351558,0.146993527,0.16425952,0.153936609,0.156872932,0.069820777,0.049226424,0.057731704,0.109345682,0.048221572,0.072260117,0.10982052,0.067753882,0.064898612,0.060061843,0.184329079,0.20591435,0.050792722,0.184186152,0.166918368,0.095865928,0.132501019,0.100803899,0.077819492,0.055940057,0.093905713,0.145004727,0.120676686,0.134970115,0.108310449,0.117046148,0.131101845,0.222315997,0.153859376,0.155634008,0.097931699,0.050683221,0.101853891,0.071517409,0.063138676,0.051302174,0.037273494,0.045815574,0.102978438,0.278874441,0.235993761,0.217358089,0.120990219,0.104573598,0.102964717,0.102593569,0.119013381,0.101156119,0.099063266,0.104031434,0.136241411,0.090813159,0.091921076,0.019179927,0.044815674,0.032032855,0.110674428,0.108815661,0.109990167,0.159283202,0.131012037,0.019976875,0.016975286,0.011961391,0.021615082,0.014225385,0.09931247,0.103505944,0.146835417,0.021835492,0.023406665,0.136944193,0.108693374,0.103807068,0.047609707,0.076495794,0.082709889,0.060597673,0.045330949,0.061864761,0.098345426,0.058866656,0.109581927,0.103002961,0.095028761,0.063714302,0.083752514,0.122760497,0.086511773,0.081507785,0.13817395,0.144463793,0.122701193,0.103224929,0.099387015,0.065813686,0.029355653,0.038739852,0.018886353,0.057288943,0.074405348,0.02845199,0.051225846,0.031395364,0.043350869,0.06139348,0.043985683,0.063886523,0.081877457,0.029436149,0.108618808,0.103357593,0.059918827,0.097102183,0.128674031,0.044240895,0.113009441,0.103142027,0.11036757,0.122969013,0.078812347,0.0974044,0.073794107,0.03309566,0.003393397,0.009224958,0.004630917,0.012541497,0.006819361,0.018950454,0.00398835,0.01538602,0.00878432,0.006599897,0.010444717,0.008638805,0.010481549,0.030631882,0.014003835,0.008749015,0.007704732,0.00654454,0.010355716,0.010411732,0.021737468,0.017926656,0.010483539,0.018953271,0.006591507,0.012699192,0.004721194,0.005379689,0.006157332,0.006686498,0.010832897,0.011991445
320,0.068935504,0.086292728,0.071411907,0.074212177,0.077001193,0.057110216,0.064388257,0.132113625,0.144351157,0.139569351,0.129493215,0.133444282,0.068395551,0.019711693,0.068591334,0.077389988,0.083573821,0.063369103,0.068575609,0.030922564,0.028064628,0.044870164,0.08294407,0.117838584,0.106583167,0.17856124,0.08904673,0.112755599,0.067005056,0.038519438,0.047152088,0.033452892,0.017761912,0.016986629,0.025275737,0.095659808,0.15769218,0.203746668,0.09430186,0.148446152,0.159818362,0.062794229,0.124690982,0.209856691,0.078687268,0.066091715,0.07536726,0.077062811,0.056736837,0.078177377,0.133012288,0.118026615,0.144870806,0.13432313,0.121247607,0.135298528,0.041151218,0.038192829,0.036215023,0.080123998,0.058569425,0.048615253,0.116210182,0.070992378,0.076360617,0.055226427,0.143819999,0.149697137,0.066751964,0.161256127,0.172204024,0.091007342,0.115072686,0.086015353,0.080642017,0.062304977,0.107403903,0.130978423,0.108938961,0.125126609,0.095731123,0.113670648,0.115796829,0.21740368,0.160668381,0.156470555,0.099085587,0.054049742,0.103549851,0.086177876,0.057551112,0.042874337,0.044731544,0.039381257,0.099893576,0.205317446,0.165504155,0.155745583,0.122991716,0.10807849,0.109140387,0.106408601,0.133074292,0.107708137,0.105633322,0.1061327,0.150433439,0.090080439,0.092091796,0.021646669,0.048544174,0.031938906,0.112498568,0.109019013,0.111871102,0.154501101,0.125922533,0.019772348,0.017214053,0.009568986,0.022595517,0.011202374,0.112798363,0.113248206,0.153116188,0.022092289,0.020208316,0.144544378,0.114780838,0.109142866,0.055653012,0.083590623,0.087423173,0.071180975,0.056970586,0.070860233,0.102070398,0.064683871,0.113572153,0.106806982,0.102704618,0.068234818,0.090398935,0.117011037,0.088174468,0.087670968,0.139909337,0.1469332,0.123123368,0.107024459,0.104351071,0.072108161,0.030100987,0.045487569,0.017140166,0.066160014,0.080571568,0.03344888,0.058231781,0.032006595,0.032586709,0.046270948,0.050830504,0.080773142,0.110191453,0.034968356,0.123681673,0.10632411,0.062763771,0.09621092,0.136317996,0.056809905,0.124462776,0.111910454,0.120056068,0.129986074,0.084883837,0.112624023,0.044744443,0.030456583,0.004504607,0.011843696,0.00607837,0.016146223,0.009297649,0.024059669,0.005142143,0.019607076,0.01105146,0.008401896,0.013927197,0.010837907,0.013091584,0.0381659,0.017596214,0.010744918,0.009528881,0.007946937,0.013120143,0.013397104,0.027847205,0.022995406,0.015383266,0.024024039,0.008307688,0.017712852,0.005750567,0.006694845,0.007813157,0.008618829,0.016082674,0.018326267
321,0.120709248,0.135682524,0.095749409,0.136045743,0.145625006,0.1038592,0.112950967,0.04021184,0.049271432,0.041572941,0.062001039,0.053480589,0.114981574,0.014107442,0.095124823,0.123752102,0.128775308,0.097408849,0.111642603,0.05440923,0.050682576,0.080984966,0.129907158,0.163663078,0.12250672,0.053773259,0.06601858,0.136160765,0.065037601,0.02999465,0.074558128,0.012898654,0.015503064,0.013918564,0.016523145,0.04194007,0.074938508,0.097698888,0.039685251,0.071055004,0.075419392,0.027295799,0.056307932,0.055375284,0.042645331,0.072495074,0.040987551,0.064144972,0.04139384,0.102681788,0.053561181,0.049929951,0.049440388,0.036395604,0.039438065,0.047897705,0.008778305,0.029153409,0.011539967,0.028928526,0.102435389,0.023529056,0.101252171,0.110410221,0.126556,0.05604343,0.068673314,0.04730995,0.151666025,0.128007112,0.218242271,0.060979357,0.072767658,0.052839548,0.089515292,0.075981228,0.115180226,0.073466816,0.073766636,0.079734417,0.065924523,0.113808002,0.092220522,0.235482988,0.210748055,0.183684303,0.101094715,0.051170013,0.091768761,0.086461157,0.05631556,0.040948228,0.052613076,0.040468805,0.077760719,0.053072921,0.035601451,0.042453964,0.099627393,0.107847824,0.127880255,0.112811637,0.214661761,0.134715203,0.125904066,0.102668152,0.25052261,0.075502302,0.076886509,0.029158875,0.065459328,0.041338222,0.096063772,0.087356612,0.098154807,0.0895401,0.079321042,0.029619748,0.02273281,0.008758704,0.02527539,0.010107643,0.185177106,0.158310652,0.232311247,0.031580332,0.018369544,0.222589476,0.164580649,0.150511103,0.096506836,0.139981056,0.131261417,0.147330266,0.135331291,0.141084067,0.137932809,0.105302593,0.138343737,0.132562433,0.15857467,0.093975548,0.139266283,0.078272809,0.0979072,0.135591888,0.096955076,0.102479647,0.091200673,0.126469279,0.129666802,0.112589986,0.037725689,0.081182286,0.021095704,0.112095531,0.124787652,0.057916017,0.096188001,0.044003748,0.019943149,0.024900784,0.074843614,0.144019211,0.214355569,0.043388292,0.206675631,0.104101523,0.071216093,0.08388713,0.17796959,0.143616047,0.184055675,0.151127916,0.178357771,0.199041406,0.134289346,0.192395573,0.0098505,0.034163178,0.005152497,0.012668886,0.007055078,0.019130464,0.0105579,0.046448189,0.006016058,0.035577304,0.009549484,0.009591314,0.0381957,0.012207767,0.016316046,0.056699954,0.025400947,0.01412477,0.008916213,0.00703233,0.015660366,0.013554912,0.019933907,0.018505171,0.013499435,0.016596788,0.008145503,0.01980646,0.005619264,0.006288578,0.0127586,0.014330502,0.014997514,0.017570501
322,0.37545762,0.107890083,0.302418286,0.445701025,0.494122293,0.359993879,0.374622271,0.042435749,0.025213079,0.091180954,0.080153662,0.075108726,0.337581901,0.014543243,0.257502555,0.327272669,0.251316566,0.270648306,0.307598896,0.218383718,0.220539814,0.302815714,0.149501416,0.020815957,0.035285382,0.270867829,0.179603452,0.063784117,0.173499119,0.039202941,0.238411842,0.013225237,0.012725201,0.011673056,0.013629051,0.172456291,0.167710036,0.066119966,0.189555051,0.151623412,0.09460318,0.124328793,0.215828063,0.266505925,0.160798148,0.165021606,0.071953499,0.107859066,0.115856693,0.157188435,0.036015177,0.044449065,0.022364348,0.094499192,0.143583505,0.053646829,0.011447324,0.025096254,0.013643577,0.033732131,0.07892555,0.014993564,0.099771311,0.071943004,0.080975449,0.006459919,0.163084597,0.260265037,0.01630887,0.128960189,0.124052947,0.015413907,0.091518559,0.068447305,0.042705579,0.014671111,0.024055859,0.071737306,0.077235609,0.081629845,0.073117276,0.087274346,0.096797898,0.143287876,0.112903483,0.083894512,0.033570163,0.021876614,0.024672592,0.014451098,0.006768686,0.004214693,0.015217157,0.003307646,0.097212928,0.250835345,0.334790485,0.288214053,0.029701877,0.015574637,0.016528901,0.020293461,0.020652864,0.025578982,0.024986978,0.018360016,0.021634999,0.035224417,0.028414435,0.003932907,0.00769295,0.002667129,0.028154056,0.030885831,0.027832452,0.056747186,0.073252768,0.03023569,0.024675739,0.012780767,0.032200545,0.013961159,0.01283936,0.024241775,0.040000143,0.031246101,0.019211172,0.027909919,0.071835934,0.088171372,0.016144436,0.099436246,0.146897387,0.120467149,0.09875706,0.129966544,0.126172321,0.161083973,0.088504578,0.085688669,0.094064219,0.286074116,0.172159905,0.082228464,0.111608855,0.231834899,0.03658493,0.04267883,0.072455868,0.073922484,0.06011043,0.333770574,0.045232689,0.182496622,0.022706367,0.334091403,0.150797867,0.226621869,0.286530435,0.047150473,0.016168691,0.020172366,0.2907293,0.092486135,0.153506729,0.017581957,0.018115728,0.022851949,0.018695149,0.023738657,0.094813585,0.080333396,0.020887963,0.025020131,0.029605197,0.050679697,0.12470035,0.013011238,0.011735173,0.029666007,0.009341021,0.031312507,0.015546761,0.036142131,0.016732351,0.092308453,0.015708632,0.07202805,0.023289493,0.018574663,0.018842129,0.041461547,0.051755886,0.154697389,0.066373647,0.056103097,0.023507467,0.020847285,0.031855871,0.033395126,0.038542457,0.053829368,0.010258889,0.039834563,0.036546794,0.0237584,0.029222974,0.02713474,0.102482993,0.107571491,0.012187113,0.008799529
323,0.1869651,0.138160499,0.175644278,0.206631047,0.223686855,0.169001611,0.168966885,0.013228484,0.018281571,0.019191497,0.049172448,0.034828894,0.207979847,0.013116311,0.185267444,0.197940377,0.174563317,0.161113206,0.184187489,0.101345979,0.093100395,0.139188748,0.148264133,0.120535484,0.096699282,0.039757337,0.102026573,0.122707236,0.0951805,0.034696539,0.11650428,0.010609659,0.015359711,0.014188327,0.015491175,0.040223388,0.058793742,0.064367067,0.038910191,0.050304163,0.045807528,0.026943414,0.032774383,0.043175076,0.047989125,0.095935534,0.034318588,0.068199931,0.04782954,0.123662792,0.027807156,0.028885808,0.017987671,0.014810039,0.027019195,0.027927472,0.005781672,0.021248339,0.007023179,0.015032232,0.070261822,0.011726711,0.082130184,0.07314724,0.083919919,0.025523123,0.056754195,0.032617039,0.078828287,0.129202817,0.231398156,0.035057286,0.067129049,0.045609791,0.079984541,0.051626388,0.077256203,0.059971101,0.066113961,0.071132289,0.060013096,0.115171153,0.095559347,0.252215728,0.224959557,0.179149775,0.08747673,0.027525012,0.067713997,0.045352099,0.025456992,0.016575994,0.025916543,0.016881517,0.076809626,0.039435836,0.021252957,0.02811087,0.07090524,0.074109556,0.090955025,0.080942571,0.166859272,0.1008669,0.093869328,0.074126901,0.194412364,0.058603107,0.057205214,0.014383974,0.040022164,0.018867999,0.069402731,0.063623547,0.071544282,0.066406012,0.066043643,0.042164758,0.0273836,0.01056124,0.027323905,0.012297626,0.122713393,0.1177752,0.176445167,0.042707658,0.021316507,0.158213812,0.147844777,0.146468589,0.088310206,0.182023136,0.171439234,0.262896698,0.262430932,0.259195544,0.153986061,0.157186339,0.13627857,0.129070302,0.146808621,0.170243495,0.157368364,0.069195775,0.104740505,0.173619241,0.069025784,0.075422277,0.079701381,0.119008559,0.114139273,0.199454371,0.048109248,0.121684475,0.028530885,0.191967095,0.148161499,0.102251219,0.163551773,0.062260467,0.017841425,0.02156015,0.115839469,0.091531631,0.145887738,0.024911358,0.158570269,0.074674557,0.054527259,0.065445872,0.1818521,0.273277078,0.138743231,0.112761208,0.136170645,0.155539937,0.176068327,0.134915296,0.004560356,0.022593188,0.004315051,0.01247233,0.006386524,0.025282647,0.008392948,0.054033939,0.005791906,0.040750388,0.008956455,0.009165609,0.038835731,0.015452832,0.020409992,0.071236935,0.030501386,0.017035566,0.00918642,0.008002654,0.020921818,0.016930445,0.014315292,0.016656554,0.006160808,0.013034934,0.00856945,0.014429557,0.005904251,0.006403559,0.015941931,0.018095476,0.007264117,0.006760679
324,0.028146094,0.050510326,0.048101961,0.026516853,0.025422543,0.02117155,0.024362615,0.210679158,0.192928182,0.256129805,0.1848432,0.205529113,0.039140615,0.03434498,0.060513124,0.044115045,0.05220777,0.035922599,0.038006593,0.017698769,0.014430974,0.01783573,0.047562957,0.078627444,0.092874713,0.346970137,0.145805899,0.094955003,0.096309057,0.05499337,0.014738872,0.064251036,0.030212726,0.031010021,0.044776779,0.189999788,0.273437798,0.317881962,0.189148172,0.272792852,0.289712246,0.130097184,0.283094654,0.433303371,0.148427348,0.082569099,0.115734802,0.099903108,0.097518726,0.071013521,0.172584753,0.15909042,0.191224666,0.267310053,0.24978258,0.217081148,0.082428927,0.07038065,0.081647396,0.175980273,0.068482511,0.117373174,0.152639924,0.081496593,0.065812306,0.057165528,0.185772358,0.248870687,0.07121749,0.152466518,0.118682453,0.1039086,0.142172221,0.1179963,0.086165305,0.058520254,0.094618088,0.16546728,0.131517636,0.14541521,0.118047886,0.1114949,0.120906545,0.135003817,0.117396769,0.106046048,0.087214077,0.056382773,0.10123054,0.07787014,0.060915849,0.047541605,0.036873247,0.041474005,0.11836807,0.423269411,0.330566966,0.284324695,0.121396291,0.097973587,0.087592918,0.092800266,0.069263211,0.083558954,0.08853998,0.093796023,0.067771568,0.097625144,0.097255269,0.015875464,0.043707034,0.026250928,0.111480431,0.112242666,0.108767481,0.163398497,0.146675733,0.012909737,0.011324761,0.009054179,0.013626996,0.01071246,0.049513493,0.077706073,0.070843321,0.014014778,0.016032397,0.062782548,0.076772445,0.078627424,0.026142403,0.047157338,0.060771129,0.033917555,0.021195845,0.034770475,0.079367015,0.03988527,0.093545731,0.086357905,0.058028721,0.046495534,0.050109988,0.140682538,0.085725942,0.052572701,0.136180417,0.135133913,0.124153207,0.089798953,0.082066433,0.043886244,0.019214511,0.021976868,0.012592927,0.031859355,0.049159965,0.017748068,0.030391018,0.02038345,0.054993628,0.075452467,0.027300575,0.063132645,0.072779513,0.028397683,0.061826041,0.098964699,0.071442088,0.093459413,0.10959166,0.020565465,0.074850334,0.079819934,0.073286913,0.062611629,0.053553722,0.049590726,0.104985337,0.066551158,0.004313421,0.022946063,0.005725095,0.060874785,0.007964289,0.007007115,0.004944768,0.014184483,0.032166737,0.012189781,0.004244138,0.034345878,0.03754431,0.015338222,0.03079452,0.009645313,0.022302647,0.03369713,0.055249068,0.043067009,0.099135054,0.065467986,0.023382568,0.094029776,0.028145851,0.012484728,0.019365281,0.025233501,0.009635577,0.01043628,0.021032803,0.021459847
325,0.070673633,0.080299617,0.09932997,0.072938099,0.075329234,0.059568434,0.064391801,0.176674228,0.172369883,0.209021267,0.166580519,0.177357916,0.085879108,0.019908146,0.104002639,0.088410278,0.08919544,0.072560096,0.079838297,0.042680638,0.037247836,0.049675199,0.082432501,0.095070498,0.113073895,0.292756635,0.142674081,0.119722944,0.115453607,0.041170474,0.045410544,0.028514734,0.01747132,0.016111949,0.02332861,0.181020566,0.237344879,0.22688,0.188159251,0.228892013,0.214303534,0.12661896,0.256688299,0.347150537,0.149671707,0.101811744,0.105335999,0.103627458,0.099417106,0.093113934,0.158669169,0.145077066,0.171474645,0.213491899,0.210939638,0.182991979,0.031805584,0.044707719,0.038878674,0.099765654,0.078701964,0.058640403,0.151491484,0.082439543,0.08667851,0.0578802,0.173017815,0.224903298,0.093912173,0.155517933,0.158869404,0.106378357,0.134120065,0.103097944,0.08447033,0.065762115,0.127352066,0.159753064,0.128244265,0.148760828,0.110951322,0.120574967,0.117657235,0.174516749,0.156134716,0.13791986,0.102505943,0.068754124,0.116055855,0.1134108,0.061490165,0.041476029,0.055247511,0.036752004,0.122642379,0.33782767,0.286377295,0.250629679,0.131400692,0.102709388,0.096278033,0.099855013,0.097945755,0.097323804,0.103455357,0.09375783,0.106354118,0.093840626,0.092811292,0.021777653,0.044528752,0.028005557,0.120203038,0.114724776,0.115817646,0.174473365,0.149816757,0.020629608,0.018869019,0.009510945,0.024968137,0.010942492,0.081950068,0.095238428,0.112919995,0.023885095,0.020492795,0.104559091,0.10444248,0.105157701,0.042305402,0.075615525,0.089511842,0.061586703,0.045375502,0.064468063,0.105892301,0.070823513,0.119823163,0.108013332,0.089733508,0.092919866,0.089865082,0.141456626,0.098665006,0.09044042,0.157192109,0.164103657,0.143110382,0.110244837,0.096548068,0.088967034,0.03154365,0.045983962,0.017368881,0.07380458,0.080997768,0.042417668,0.067714232,0.03214849,0.030035361,0.04229551,0.06059369,0.089470904,0.119753386,0.042212686,0.09125797,0.106966897,0.060874039,0.104012736,0.138671459,0.043073746,0.095640652,0.096123266,0.096562614,0.100168213,0.081869207,0.082061339,0.044658671,0.051949355,0.006927154,0.02165617,0.009056911,0.034080159,0.013710104,0.020057122,0.007735042,0.021191093,0.026356966,0.013505397,0.00963681,0.023878085,0.027879901,0.037168188,0.028389893,0.014973185,0.020385031,0.022404347,0.031439354,0.026587532,0.083864767,0.06572542,0.029484545,0.070689704,0.01911141,0.024870719,0.012604824,0.014705132,0.012373567,0.013384215,0.02961889,0.033640905
326,0.23775319,0.132345829,0.241919064,0.260112045,0.277089908,0.21769458,0.230226647,0.034541095,0.035688743,0.048738776,0.061453132,0.052656547,0.235461894,0.013829917,0.210392236,0.225475592,0.187914842,0.203547522,0.210458412,0.125380839,0.120241386,0.181653774,0.156564225,0.091967091,0.0800458,0.094472985,0.09126951,0.098639554,0.098342621,0.035140079,0.207180103,0.011445236,0.014105983,0.012072871,0.015009172,0.082903205,0.107087959,0.098171264,0.08834834,0.092483261,0.079061075,0.057930773,0.082313781,0.115885778,0.078251746,0.102470557,0.043735149,0.068760023,0.060890968,0.118888366,0.041988653,0.042227516,0.035051297,0.046544792,0.067190155,0.045469035,0.007685445,0.022870366,0.009279782,0.026699008,0.066779052,0.014818298,0.090402362,0.070436124,0.081436225,0.034484018,0.071877016,0.066270519,0.082616695,0.120503525,0.194547165,0.041345301,0.070241035,0.049219641,0.068798293,0.047376787,0.076110074,0.068224648,0.06773263,0.075202766,0.060747821,0.101494422,0.089052171,0.2145647,0.185827114,0.15346059,0.077452311,0.03445708,0.065298628,0.056079003,0.035343031,0.02491331,0.033303888,0.023635245,0.075881848,0.108464834,0.074077229,0.070106471,0.066869226,0.061836761,0.07201839,0.066500179,0.119300838,0.079844958,0.075903489,0.060468932,0.138459335,0.054432101,0.052277966,0.016428953,0.036931851,0.022145525,0.063543585,0.059229899,0.063972274,0.076228947,0.071540991,0.030257248,0.023528683,0.009136432,0.032466345,0.010216199,0.098138087,0.090698401,0.137492094,0.032091169,0.01941516,0.126238808,0.118438893,0.119848393,0.060295473,0.145090852,0.148180237,0.178979413,0.165588358,0.188245749,0.130021653,0.161374292,0.11067983,0.107534901,0.132011792,0.22724623,0.171156879,0.072586306,0.093923963,0.183701395,0.073267615,0.080737573,0.079672445,0.098645087,0.092804674,0.24173229,0.045490753,0.133301699,0.021629757,0.22503086,0.151746021,0.128646783,0.191404785,0.051177456,0.019054296,0.024905538,0.183807037,0.089968391,0.136884211,0.029548483,0.114131011,0.064020079,0.045598753,0.061472758,0.151294393,0.157294002,0.10291742,0.087546819,0.103716583,0.127712231,0.146882158,0.103003484,0.007553918,0.023566505,0.007786413,0.024294314,0.011587367,0.03779103,0.014419609,0.071327275,0.010787751,0.054675694,0.018796769,0.017042642,0.03169949,0.027311901,0.034627226,0.112753548,0.047203378,0.032858771,0.01934108,0.015777883,0.032060134,0.026000277,0.031492528,0.038740378,0.012773866,0.029173687,0.017570062,0.023316233,0.012717487,0.013169564,0.036997804,0.040485359,0.014822695,0.014543589
327,0.014042709,0.057650325,0.016181908,0.011981739,0.009382417,0.006803379,0.007965192,0.314073049,0.344134925,0.298371256,0.21731347,0.263106192,0.020614396,0.036874197,0.017100537,0.033013019,0.052191251,0.008598111,0.024212463,0.005675569,0.00390251,0.005096332,0.043392445,0.13688754,0.131737087,0.25567032,0.114353816,0.131306797,0.055493081,0.049961356,0.004817169,0.098534298,0.028190125,0.033933124,0.053538905,0.100106705,0.212846227,0.356418636,0.082669465,0.223172351,0.284896262,0.059158423,0.178350528,0.324027845,0.072344795,0.053720763,0.136366475,0.107016206,0.05817612,0.071852396,0.290869265,0.249223726,0.346763119,0.292752407,0.205903449,0.267997654,0.142590817,0.079630633,0.113128525,0.197533181,0.052533276,0.136476471,0.109120174,0.086403722,0.065929496,0.101345976,0.152206675,0.183863805,0.025484598,0.147112582,0.107330889,0.110915626,0.150972319,0.124889381,0.093926824,0.073322991,0.110046777,0.197892108,0.149720581,0.176937759,0.128133808,0.121280048,0.123206636,0.141348195,0.100899446,0.095466573,0.082774383,0.049704097,0.110116881,0.080250227,0.107166255,0.093328273,0.038885659,0.082777841,0.146612787,0.330079398,0.242176037,0.209764805,0.18794695,0.173228458,0.156690418,0.16125287,0.118442439,0.13877513,0.138072539,0.171266994,0.110229587,0.135769171,0.146048925,0.024245416,0.063404142,0.052046808,0.17396105,0.174953462,0.17447045,0.232836105,0.197058853,0.008631536,0.007136618,0.010358821,0.010012632,0.012578981,0.086398631,0.129923542,0.108188951,0.008469544,0.018128571,0.098870146,0.109499274,0.107768208,0.037357179,0.043232183,0.066160221,0.022811506,0.010035116,0.014199899,0.103320935,0.018454467,0.127556847,0.122656399,0.078214101,0.017060694,0.04664442,0.181567511,0.107413113,0.054501386,0.200493869,0.197130336,0.171108719,0.127305458,0.128704344,0.028510092,0.018446738,0.011908656,0.011587173,0.014267105,0.048135024,0.007099445,0.014872397,0.021064558,0.064270445,0.091708397,0.007313507,0.067498771,0.079631403,0.028642629,0.108135178,0.16346117,0.085816103,0.097120255,0.104975623,0.012575131,0.129176598,0.133164384,0.119231949,0.091382073,0.054778767,0.089039837,0.149770418,0.046822568,0.001041348,0.004535417,0.001650523,0.012180065,0.002974203,0.001586878,0.001221753,0.003166316,0.006059673,0.002129839,0.001297929,0.00760603,0.006983959,0.003619045,0.006341725,0.001525117,0.003809497,0.004364319,0.00812783,0.018677118,0.022716171,0.012136595,0.005313021,0.022865606,0.006709972,0.006984464,0.003098986,0.004360123,0.001117667,0.001924638,0.004361076,0.004110702
328,0.016256444,0.058295058,0.019199817,0.014070126,0.011257478,0.008095226,0.009152534,0.290082533,0.303132766,0.300096057,0.220993881,0.256287177,0.024438448,0.043817977,0.019847066,0.038740821,0.057541777,0.010500038,0.028028494,0.006562938,0.004623016,0.006161345,0.044780378,0.134478314,0.127262422,0.303547204,0.131267461,0.128927121,0.062642801,0.052881235,0.005632277,0.125037307,0.032567551,0.041534182,0.064798779,0.119019232,0.230358938,0.376590579,0.104376793,0.232495397,0.297776687,0.072492438,0.169744475,0.381866094,0.087955208,0.05811044,0.128601763,0.105837924,0.064763214,0.07466302,0.260383328,0.224571161,0.304101755,0.301734028,0.226693778,0.270295427,0.184183178,0.096809348,0.144985469,0.23602368,0.052569235,0.175654925,0.097587044,0.09887131,0.068755884,0.123394196,0.179731948,0.230256356,0.028490471,0.159841768,0.10575956,0.121272569,0.160656461,0.136521797,0.093900934,0.074982351,0.112864877,0.20258889,0.15620673,0.177826575,0.136793872,0.12455723,0.133434486,0.141476242,0.098497106,0.094527472,0.084923752,0.053403606,0.116083554,0.084037389,0.131483974,0.116284533,0.03968037,0.101442808,0.143841865,0.383891748,0.303725479,0.261944672,0.182910616,0.171714369,0.154924672,0.16000585,0.115693016,0.137013341,0.134800216,0.171716293,0.108383602,0.137186128,0.146671534,0.025293563,0.065349318,0.058577103,0.170681431,0.173994739,0.172039908,0.223887821,0.190438914,0.010076843,0.007837876,0.013029914,0.010143904,0.015949688,0.08050574,0.127448727,0.11030062,0.009424588,0.021808401,0.098656596,0.110686331,0.108965162,0.034667039,0.043997265,0.069906734,0.023934718,0.010092603,0.015730923,0.106728267,0.020233876,0.126888716,0.123619271,0.078898761,0.020099957,0.048738937,0.177228067,0.108715551,0.05888747,0.189369211,0.182715228,0.162879108,0.12672915,0.129278487,0.034556393,0.019704978,0.012546881,0.014088272,0.016973255,0.050431595,0.0082562,0.017350448,0.022959734,0.075605301,0.106144392,0.008561439,0.063538112,0.071264572,0.028970587,0.104361028,0.161386748,0.085160936,0.102304207,0.103284425,0.012364465,0.126904672,0.130887641,0.117983495,0.091734178,0.056980003,0.083595639,0.193585063,0.054646894,0.000819562,0.003292844,0.0012366,0.007981725,0.002147737,0.001629046,0.000946074,0.002520412,0.004431522,0.001675344,0.001163447,0.005048275,0.004782639,0.003319997,0.004477745,0.001326014,0.002912401,0.003282876,0.005536207,0.011478486,0.016118887,0.009428281,0.004152108,0.015639336,0.004480735,0.004805748,0.00221944,0.003031395,0.00097366,0.001442722,0.003566815,0.003435826
329,0.025814475,0.055918581,0.042308264,0.023834003,0.022329772,0.018533558,0.020832214,0.22671627,0.226517003,0.259938218,0.207247897,0.221094186,0.038873944,0.033672319,0.043514487,0.047951643,0.058788071,0.031499208,0.039365399,0.015586658,0.012409549,0.015584783,0.049473977,0.106033711,0.110044262,0.338234857,0.138049177,0.112785782,0.0813456,0.045290284,0.011535748,0.087344693,0.025985719,0.031445728,0.047944073,0.17610496,0.254475734,0.30887147,0.17766257,0.240795086,0.258671235,0.117876052,0.216817293,0.440950537,0.13679405,0.072045668,0.114594818,0.100667,0.085882646,0.073486356,0.202626834,0.179353619,0.225982806,0.263590934,0.23885562,0.247547857,0.1254261,0.073389187,0.102676567,0.179857624,0.050212482,0.127673952,0.11117188,0.081440264,0.063696184,0.088022414,0.183620483,0.235185514,0.040096616,0.163885568,0.120461709,0.130576566,0.158187733,0.136516442,0.088379565,0.064119956,0.109566536,0.195118325,0.151314138,0.169329888,0.135039755,0.123852038,0.136567555,0.145831502,0.117718899,0.105689812,0.093777436,0.05976639,0.12125429,0.086899474,0.094296491,0.07938167,0.037312574,0.068857083,0.130162209,0.430769391,0.315895291,0.271155849,0.153817125,0.135234768,0.121310578,0.126884478,0.092620059,0.109975692,0.111109435,0.134235908,0.08844733,0.117566839,0.121479285,0.019037966,0.050079383,0.039701311,0.141967786,0.143809558,0.141185303,0.202786822,0.170897216,0.013238346,0.011157433,0.011737643,0.014674184,0.014176359,0.061875131,0.101625181,0.091275145,0.013944768,0.021463211,0.079966626,0.094121369,0.094922058,0.029688413,0.048979154,0.068687951,0.033498186,0.019649785,0.032062404,0.095089476,0.034855027,0.11207023,0.106358141,0.06965635,0.039959369,0.053413441,0.159430556,0.097335925,0.059647231,0.167607412,0.166078492,0.147480888,0.109524213,0.106379862,0.045761976,0.022700824,0.020198722,0.015066066,0.031166147,0.053068582,0.016342098,0.030083735,0.025020859,0.056469839,0.079273513,0.024037993,0.055693251,0.06611548,0.027539504,0.082554362,0.1306392,0.072810422,0.109399801,0.113084617,0.019599816,0.100652484,0.104635617,0.094819921,0.077127475,0.058672042,0.064090819,0.135200401,0.048193388,0.002199846,0.008327284,0.003007834,0.01748284,0.00479282,0.004554096,0.00245794,0.006283403,0.011485481,0.004679315,0.002698216,0.010864812,0.011432574,0.009043697,0.010490713,0.004018156,0.008028752,0.009712387,0.01439295,0.017019022,0.039167273,0.026576497,0.01102317,0.035684324,0.009681841,0.009410895,0.005829799,0.007547262,0.003387752,0.003889766,0.01011507,0.010455726
330,0.054334369,0.080139277,0.057809034,0.057716018,0.059271436,0.044355598,0.050130662,0.14778487,0.1602494,0.155951298,0.140137581,0.146412909,0.055793955,0.021404229,0.056043792,0.065505657,0.074698894,0.051228196,0.057469087,0.025356025,0.022753013,0.035056945,0.074358424,0.118242172,0.108396256,0.195626102,0.091191194,0.113550527,0.065338819,0.038674696,0.035211233,0.039872362,0.018933754,0.018967501,0.028102292,0.099908175,0.163474734,0.2131192,0.097963353,0.154811135,0.168292273,0.065549168,0.131168079,0.23215355,0.081074361,0.063675357,0.080806153,0.079327486,0.057876794,0.074937759,0.145998907,0.129009059,0.160820613,0.151098125,0.132990051,0.150712356,0.051080931,0.042458325,0.044115145,0.090663863,0.058230946,0.057500318,0.114334011,0.072235005,0.075292719,0.058452413,0.150817296,0.162430099,0.06122821,0.1621962,0.163735326,0.095484903,0.120805006,0.092137941,0.08132819,0.06288924,0.107441934,0.139831875,0.114532743,0.131493781,0.100663663,0.11428322,0.118155341,0.208472971,0.152791226,0.149628091,0.09808607,0.05543741,0.105322202,0.085204655,0.060965677,0.046725259,0.045112801,0.042556831,0.103691067,0.227803716,0.184608837,0.171216075,0.128617385,0.112749242,0.11212126,0.110161588,0.130627083,0.109381141,0.107742965,0.110585811,0.146078823,0.094025967,0.09638396,0.022064032,0.049390872,0.033259878,0.117544122,0.114469176,0.116810541,0.163107627,0.132953242,0.019745221,0.017311725,0.010319184,0.021869746,0.012131104,0.109139268,0.113537998,0.148509066,0.022019611,0.020877018,0.139827128,0.112561556,0.106951647,0.052855901,0.075331406,0.081337985,0.059491768,0.045684651,0.058119013,0.099422829,0.054752847,0.11344998,0.10639143,0.097681767,0.055346435,0.0809602,0.123179819,0.08817652,0.078987055,0.145956393,0.152279048,0.127497362,0.107423503,0.10483261,0.059352279,0.028775547,0.037754856,0.017554465,0.053462105,0.072895191,0.027593241,0.048029906,0.030401773,0.035424028,0.049981713,0.040410722,0.079549175,0.106301206,0.035119755,0.121405888,0.110549401,0.06429396,0.0975217,0.131729481,0.045987217,0.12363581,0.112639183,0.118836268,0.125008995,0.077750927,0.109755779,0.05520504,0.032928265,0.004120389,0.010607278,0.005494898,0.014154992,0.008559634,0.01938985,0.00459813,0.016359635,0.010444188,0.007478917,0.012852544,0.009800465,0.01147404,0.029333823,0.014899321,0.008905662,0.008637214,0.007540368,0.011487034,0.012612512,0.027775325,0.022255436,0.014803532,0.02413241,0.008153346,0.016521765,0.005806073,0.006653843,0.007196968,0.007732334,0.015264097,0.017495915
331,0.051735477,0.092373886,0.052545684,0.054697301,0.055881148,0.041582297,0.047225925,0.136692849,0.156025611,0.131431868,0.122655275,0.129836961,0.052873316,0.014326272,0.051502857,0.063293309,0.077547555,0.045595074,0.055777675,0.02410725,0.021367807,0.032593992,0.081942118,0.141408565,0.123018552,0.14152562,0.072607598,0.126953937,0.059804444,0.027901421,0.032519271,0.019519823,0.012853325,0.011646449,0.016729305,0.078397893,0.133664301,0.16793284,0.075074223,0.136099607,0.144994962,0.051120893,0.140133507,0.160296736,0.065171736,0.062207329,0.077091822,0.078313335,0.051323199,0.07947671,0.14257383,0.125328485,0.157296311,0.12393502,0.10418831,0.129726294,0.02095103,0.032961725,0.022400683,0.062861155,0.084279555,0.035710799,0.14050441,0.091779772,0.105956359,0.067493475,0.116324794,0.116360846,0.101197527,0.140406631,0.174438994,0.100892509,0.105293338,0.079727188,0.090215423,0.08009152,0.139854958,0.127072963,0.105126866,0.122938813,0.090398953,0.113982505,0.103046298,0.203036644,0.165385049,0.158507768,0.107362645,0.067107886,0.119182645,0.118457067,0.069750736,0.049359978,0.062057733,0.046678148,0.102257535,0.158916139,0.124766923,0.119755513,0.13663716,0.126987483,0.130101703,0.124823325,0.160404297,0.12775843,0.124584559,0.122225209,0.180197472,0.098511381,0.102549757,0.02984933,0.063234152,0.042306016,0.126635658,0.121077211,0.126366492,0.15869285,0.129035175,0.018972437,0.017617322,0.008045561,0.024397628,0.009201338,0.144633378,0.136183705,0.179691455,0.022296787,0.019247881,0.174235148,0.130722424,0.120903186,0.06667839,0.081811698,0.085969517,0.059191516,0.044250022,0.054188038,0.107966632,0.053052919,0.124436504,0.117614173,0.115579691,0.050737519,0.089455945,0.118988469,0.092969964,0.084388604,0.150693724,0.156942526,0.130021163,0.11843311,0.11831853,0.054752722,0.03109154,0.037725066,0.01581851,0.049998873,0.079103796,0.026237126,0.045701913,0.031684099,0.021703837,0.030645876,0.037112032,0.119252927,0.168036873,0.047220306,0.153185485,0.12318984,0.073825296,0.106030672,0.146351567,0.046491438,0.149049384,0.133886718,0.143656475,0.152400227,0.083302517,0.145477256,0.025439485,0.034961349,0.005558297,0.012853019,0.007368816,0.015265801,0.012284843,0.019670692,0.005944936,0.017355704,0.01254929,0.008924113,0.014106651,0.010695543,0.012565731,0.029928041,0.016038396,0.009918174,0.010147088,0.008538613,0.012466292,0.013443605,0.034923863,0.028167228,0.021399659,0.029486439,0.009020992,0.025259186,0.00604285,0.007137733,0.006983978,0.007681803,0.022381961,0.026832083
332,0.375706132,0.122319311,0.340935023,0.428781243,0.464200115,0.349155046,0.397725981,0.020080312,0.015674571,0.044346667,0.051523229,0.043228184,0.321688122,0.010322476,0.264302439,0.322112655,0.246346994,0.335920605,0.298626084,0.159829419,0.161334266,0.282400627,0.170525302,0.02604605,0.034231192,0.132761293,0.097623233,0.055022514,0.118288284,0.031738281,0.32294327,0.007088242,0.008630322,0.00651134,0.009194372,0.100048185,0.108696181,0.071637498,0.110307835,0.088963742,0.062155049,0.072618765,0.091378245,0.163101881,0.095536615,0.126357767,0.045856194,0.072658813,0.074149027,0.13309019,0.025435488,0.030187714,0.014387759,0.042987098,0.076574839,0.033979222,0.004749116,0.014089967,0.005372325,0.018554342,0.035307797,0.005647137,0.061363203,0.033873238,0.039240601,0.006927122,0.073968813,0.096436527,0.014412519,0.096392391,0.1429714,0.014484717,0.059005686,0.039487224,0.041829121,0.016010162,0.026031722,0.052569556,0.053125162,0.059797231,0.047971565,0.076524054,0.073260319,0.161718953,0.132912751,0.101528922,0.04099516,0.01261667,0.028050819,0.014378367,0.007210783,0.004407992,0.010474074,0.003960167,0.068336527,0.15134532,0.127869385,0.109798475,0.029541368,0.017673242,0.019866324,0.021894693,0.030729288,0.027389947,0.026250241,0.020197254,0.03411057,0.029385308,0.025078819,0.003786073,0.009571943,0.003764201,0.027417661,0.027581371,0.027123439,0.051031839,0.054718056,0.017840313,0.014993804,0.005826596,0.029806449,0.005969944,0.021349286,0.027896441,0.048817859,0.018508026,0.011892923,0.037947297,0.070094495,0.083474789,0.021085913,0.124980025,0.148653806,0.158134464,0.133805003,0.179138484,0.113287247,0.195291722,0.074843979,0.077082659,0.103334113,0.31809868,0.191579502,0.058741502,0.087261438,0.23079811,0.039352851,0.046533171,0.057359585,0.064956844,0.055153849,0.333871369,0.043713428,0.202517715,0.012642962,0.341585016,0.167761736,0.175441443,0.276822003,0.047024665,0.012862282,0.017780997,0.349748177,0.042735856,0.070850097,0.012758308,0.028468421,0.023471894,0.019477002,0.028204052,0.104821322,0.115131416,0.028188222,0.027974202,0.034362566,0.059846356,0.138835128,0.02247997,0.004046228,0.012505471,0.006621409,0.023214364,0.010351851,0.03302053,0.011444188,0.06197389,0.010071464,0.047530388,0.017630486,0.015787073,0.014986979,0.027210303,0.034185561,0.108129096,0.044437717,0.034293361,0.018939736,0.015261761,0.028532529,0.023807726,0.025282444,0.036613454,0.006874701,0.025310625,0.01824347,0.016274429,0.013695692,0.013590263,0.044333134,0.047806425,0.008557397,0.00615215
333,0.107095212,0.054360272,0.064554089,0.120197179,0.128899008,0.094961591,0.104199088,0.002184698,0.003335503,0.005786973,0.019128733,0.012990144,0.079078947,0.130269985,0.04534034,0.087200202,0.067210263,0.104572152,0.08289409,0.044506218,0.046043327,0.075962437,0.07225003,0.01203893,0.019207172,0.017649436,0.07227132,0.035190611,0.045373809,0.087278323,0.077471662,0.157104075,0.144889359,0.15966425,0.155328289,0.017064501,0.072615503,0.165439869,0.010460435,0.079633274,0.13541685,0.00618283,0.021403737,0.005425188,0.018936342,0.037974728,0.009177257,0.020183238,0.017539775,0.039781288,0.00601843,0.006688022,0.002972018,0.003999752,0.010091532,0.008802985,0.15760573,0.159993105,0.159806273,0.158838942,0.2094293,0.168544118,0.034600678,0.184312711,0.170393221,0.02497201,0.050228779,0.035230102,0.12248817,0.056379496,0.068756702,0.039069659,0.029708197,0.019888272,0.034374675,0.035751526,0.06220051,0.02117967,0.026667317,0.026485342,0.024788272,0.037978904,0.032609857,0.074531082,0.063321325,0.056411394,0.036015281,0.105832814,0.040970154,0.042265477,0.024944615,0.019844238,0.085797982,0.012893435,0.023803999,0.00442165,0.011575787,0.024358489,0.010304346,0.006414339,0.008594039,0.009986171,0.014882745,0.014028371,0.01253922,0.01053496,0.015418732,0.017687073,0.014940425,0.01810683,0.015579914,0.007308743,0.010859347,0.012254157,0.011621641,0.017857731,0.019902797,0.24344296,0.220813034,0.134680204,0.195177844,0.147953509,0.016914655,0.013599535,0.022292578,0.263178771,0.174277192,0.020662408,0.03831887,0.044439312,0.052025776,0.082571579,0.075390684,0.101160841,0.130583554,0.117019114,0.051951698,0.09640059,0.042627348,0.037306928,0.043556596,0.065164828,0.076217828,0.02278452,0.030621361,0.065991593,0.013067027,0.016936523,0.021776936,0.034677624,0.026179542,0.073939403,0.172929197,0.091861205,0.203299,0.104197456,0.068166603,0.051295525,0.085167231,0.161659657,0.149186857,0.152564539,0.074668137,0.252045988,0.270910682,0.086208304,0.014196497,0.010023529,0.018541752,0.034142064,0.061987497,0.094117202,0.013142765,0.013762816,0.017499602,0.031926537,0.080010227,0.012759883,0.163228789,0.17239285,0.012765515,0.022138491,0.025268014,0.011920867,0.03006081,0.026222929,0.025250291,0.027494107,0.017187169,0.014551239,0.011589726,0.015583091,0.02492377,0.05726265,0.033205779,0.063609547,0.029450335,0.010138111,0.012405249,0.01071828,0.018970078,0.026672648,0.016247663,0.016604215,0.008796336,0.057944414,0.006291105,0.005999258,0.017914022,0.019674693,0.012642633,0.01427251
334,0.26416991,0.109959791,0.274766229,0.281213147,0.297715098,0.258393562,0.253670613,0.003961702,0.006797031,0.007454763,0.035246979,0.020783251,0.266785056,0.029926706,0.173076881,0.243846511,0.183314125,0.221610631,0.235507825,0.167495115,0.164576278,0.22836796,0.147958179,0.030903549,0.039004875,0.014089323,0.04252674,0.059702854,0.069839712,0.032390304,0.297732914,0.031328933,0.03338661,0.035410484,0.034558184,0.01221395,0.025493401,0.044719489,0.009007644,0.025804203,0.034434694,0.008238291,0.011976652,0.006800534,0.021419962,0.08108493,0.024303902,0.051371868,0.032430916,0.099385739,0.016455162,0.018710766,0.006719916,0.005076962,0.009101396,0.019333056,0.028133663,0.038600938,0.029250975,0.03013004,0.075366792,0.031830477,0.047401693,0.070971429,0.078440014,0.019063898,0.038042836,0.022113368,0.038958403,0.083924959,0.167548562,0.037611912,0.045631706,0.030545729,0.060232446,0.041680257,0.085619804,0.04549545,0.045525514,0.054098725,0.040337696,0.080705741,0.062725256,0.163567814,0.173311535,0.131035186,0.078234307,0.042870309,0.068784402,0.048935692,0.019911132,0.011274631,0.039771294,0.008632259,0.055262913,0.006051731,0.008444898,0.016109083,0.030869473,0.019585414,0.023413621,0.024386222,0.041464302,0.031065359,0.029852962,0.023184323,0.046466423,0.031732494,0.02738693,0.010601711,0.019302122,0.006674252,0.028424483,0.02727986,0.028321572,0.052993169,0.04814446,0.090699489,0.075075176,0.037918348,0.076262657,0.042492158,0.030696974,0.032195548,0.053609326,0.094993123,0.056080298,0.044715364,0.070450423,0.081774364,0.041766057,0.144653108,0.141359819,0.219659749,0.237529823,0.237196467,0.102196551,0.178127866,0.075436088,0.073199914,0.093531387,0.248692542,0.161059842,0.048868232,0.072110819,0.175296513,0.044204776,0.054917139,0.057714455,0.065121864,0.054276836,0.272667008,0.085254907,0.157798647,0.068940175,0.259132831,0.143935782,0.169394374,0.224677659,0.095044577,0.033728024,0.034296542,0.194831201,0.092742172,0.13003081,0.038153361,0.03978836,0.025239499,0.028491951,0.063611294,0.143393094,0.199628229,0.034910302,0.03207413,0.039041896,0.062688313,0.145177031,0.032241615,0.028069536,0.040858214,0.011595076,0.028396489,0.018806293,0.029833005,0.024472454,0.107411717,0.01751809,0.080325527,0.019090447,0.019801728,0.038374251,0.033971626,0.047798175,0.171925271,0.068708008,0.051957483,0.020297432,0.015670617,0.026911107,0.027496082,0.029384143,0.037681573,0.014753424,0.028440962,0.025712296,0.044407683,0.020123217,0.018732095,0.068031214,0.072193963,0.01531754,0.014255469
335,0.063206759,0.029145224,0.0303024,0.061980907,0.059801799,0.043721109,0.059256041,0.000816398,0.001468144,0.002967501,0.010386131,0.007125423,0.028068427,0.093250051,0.020647062,0.036130004,0.029927928,0.081393464,0.034009065,0.010017445,0.01092938,0.031432704,0.037127959,0.004514614,0.007954821,0.010514669,0.052327191,0.017471785,0.031888626,0.064339775,0.061275894,0.110248746,0.104653228,0.114956981,0.111455489,0.011649697,0.055323328,0.127315526,0.006480132,0.06106186,0.106484079,0.003561893,0.014873793,0.002064372,0.012949186,0.024474171,0.003808785,0.009607442,0.011036376,0.020958503,0.00205269,0.002260247,0.001155704,0.00188265,0.00645134,0.003988025,0.108229443,0.117739384,0.111101158,0.122554102,0.162731836,0.126242172,0.018768814,0.142918485,0.145305999,0.016258239,0.032147842,0.022320204,0.080010597,0.032294152,0.022626739,0.026178124,0.018490376,0.015679091,0.018264287,0.021590487,0.030543622,0.010766463,0.016937826,0.014074281,0.016910809,0.019782334,0.019395949,0.028072799,0.020064581,0.017369976,0.013510637,0.105661466,0.018330493,0.023055769,0.016117637,0.013825006,0.074014831,0.008527841,0.012275033,0.001419259,0.006393438,0.015269881,0.002607196,0.001494635,0.002674278,0.003755936,0.004472573,0.005963331,0.004530639,0.004580939,0.003524604,0.010179199,0.00800887,0.013832249,0.009173766,0.004702724,0.00361768,0.005559422,0.004496405,0.005214816,0.009162169,0.368400964,0.345501625,0.232995237,0.319475,0.247290046,0.005598177,0.005230794,0.007994132,0.396902615,0.285074601,0.007419154,0.020613915,0.025880045,0.080697606,0.067929886,0.054978511,0.079457434,0.10647455,0.098314852,0.029096211,0.067219615,0.022844531,0.019638153,0.02181815,0.036411159,0.036611997,0.012277705,0.016135112,0.029564001,0.002056281,0.003052188,0.008229619,0.019330487,0.013588397,0.025735653,0.271081873,0.091205947,0.321842251,0.048397011,0.036586208,0.015140023,0.036645079,0.245540025,0.10675529,0.10837471,0.051843118,0.224726485,0.236570139,0.079488368,0.003713367,0.003571078,0.010451955,0.014441514,0.026514808,0.076991767,0.004630175,0.005561847,0.006890303,0.015826712,0.0629863,0.00328351,0.116926104,0.124676921,0.006592459,0.010433161,0.013032778,0.003251637,0.016344001,0.003928923,0.012880465,0.007786796,0.008903641,0.005234715,0.001101911,0.005278255,0.010226268,0.018726533,0.013467195,0.033401574,0.014295709,0.005136445,0.004225402,0.002673424,0.016908717,0.016872341,0.008543717,0.013061337,0.002372469,0.032944637,0.00096299,0.001055011,0.000471224,0.001004553,0.006047297,0.006239135
336,0.324660433,0.131762619,0.334712657,0.350313557,0.378119477,0.324996294,0.324637165,0.004832346,0.006919935,0.010492375,0.032247415,0.022056105,0.361164816,0.00770515,0.260316143,0.323424166,0.238883585,0.312782041,0.313134248,0.217007424,0.21028989,0.288793089,0.180826083,0.027888467,0.029590001,0.025304897,0.074473452,0.053424976,0.096764733,0.023805321,0.311444126,0.004516803,0.006196191,0.005133215,0.006038693,0.027192109,0.031624758,0.026654345,0.0265731,0.025759036,0.019146064,0.019377155,0.017615006,0.029385074,0.037241205,0.103263479,0.024042738,0.051634835,0.041480872,0.122183723,0.013186338,0.015206111,0.006479746,0.007907964,0.017659017,0.016257202,0.002592937,0.011243708,0.003427381,0.006411201,0.034838774,0.004135288,0.057400515,0.033311656,0.038861366,0.006289501,0.034389122,0.018597012,0.01195253,0.099888061,0.176328311,0.014462307,0.046986439,0.030689837,0.047603163,0.018618506,0.031570171,0.034955978,0.041998698,0.044315421,0.040444589,0.082942979,0.078244297,0.210001498,0.162245536,0.122978267,0.049160902,0.011357669,0.033047066,0.015283427,0.006601567,0.003393827,0.009434239,0.003170776,0.05351729,0.026634931,0.013903825,0.017017869,0.020309159,0.015517736,0.019760151,0.020527118,0.036339747,0.027372073,0.023758314,0.020456661,0.040359293,0.027459449,0.023365438,0.003515302,0.010601342,0.003376348,0.020725258,0.022344177,0.022010398,0.0305816,0.03813626,0.044219481,0.033153341,0.011908833,0.049471613,0.013462399,0.024849001,0.029062068,0.052434717,0.047472599,0.030522509,0.041440863,0.07553194,0.090419879,0.035725591,0.175545999,0.174137545,0.263375394,0.266222048,0.288780172,0.120663121,0.224506408,0.076029651,0.079602456,0.110013626,0.309010608,0.198353204,0.043579007,0.079706146,0.226669399,0.022385865,0.02679894,0.042231433,0.06606327,0.057163102,0.357852996,0.065960222,0.185372921,0.03214041,0.344259971,0.178054397,0.217713725,0.297398536,0.075101299,0.007374766,0.0089067,0.278310467,0.041545568,0.071014222,0.012362275,0.034223848,0.01995458,0.021280663,0.033138904,0.126762014,0.235415197,0.031546496,0.028758498,0.03695055,0.066445134,0.176608472,0.026609011,0.002100613,0.011214358,0.01105806,0.041593064,0.017122993,0.063545269,0.018308511,0.093619893,0.016461327,0.073804914,0.032646402,0.02925032,0.022827348,0.04991482,0.06032033,0.162264647,0.073059146,0.05627248,0.035605321,0.029014243,0.055173083,0.044003323,0.040316852,0.070007089,0.009891835,0.042891554,0.030828768,0.024468029,0.022925358,0.023194988,0.07428546,0.080763638,0.012790203,0.007506672
337,0.201096202,0.130109965,0.160077486,0.23049907,0.251213367,0.178693814,0.184911039,0.027575068,0.035345775,0.030443162,0.057385093,0.044994732,0.196022859,0.014034724,0.160980342,0.187979831,0.167080535,0.158150749,0.173180541,0.099379425,0.093836216,0.142756474,0.136986479,0.115735583,0.098493887,0.045649137,0.089524322,0.123736326,0.087554056,0.03270471,0.120892147,0.011923169,0.016081433,0.015008652,0.016415876,0.043713894,0.065835968,0.073755239,0.042505852,0.059457592,0.056974016,0.029351793,0.046040128,0.050412394,0.048790004,0.091331514,0.039858551,0.070248468,0.047964298,0.118095341,0.042251217,0.041173582,0.035355766,0.025378869,0.034093322,0.039160957,0.007175349,0.025622832,0.009321611,0.021431493,0.089589639,0.016963871,0.091711469,0.093120568,0.108374809,0.044406829,0.0576375,0.036241376,0.094775207,0.127788788,0.253700569,0.056180108,0.070479316,0.050361151,0.091469254,0.06727024,0.118124828,0.068893815,0.071177636,0.078812893,0.064114608,0.123179503,0.095648602,0.250542598,0.255400288,0.201997553,0.112369011,0.043890917,0.097278761,0.081947506,0.046017721,0.030151369,0.041681525,0.028562904,0.080622158,0.047185377,0.026206765,0.032421719,0.076556655,0.075920126,0.090546207,0.081992409,0.157191644,0.099655211,0.093991007,0.075848497,0.180343616,0.065053815,0.062911392,0.019817627,0.048121678,0.026424228,0.073790083,0.068549796,0.075364995,0.079608311,0.074673264,0.04568152,0.032857188,0.012706348,0.035098345,0.014858879,0.125493935,0.113634086,0.164358935,0.047316152,0.026286894,0.151123712,0.142770949,0.141976839,0.089020495,0.174276182,0.16244637,0.249753907,0.253160344,0.24609189,0.147777533,0.145401241,0.13516673,0.126378354,0.139565275,0.155877329,0.145730039,0.075887032,0.102985764,0.16537278,0.079497647,0.08777439,0.087531242,0.118193771,0.111811525,0.188496924,0.054606155,0.126105095,0.032137254,0.181013333,0.137314904,0.101067132,0.152178636,0.067389768,0.0186621,0.022196666,0.117793218,0.117468903,0.185653942,0.035763754,0.152008451,0.077038913,0.05913922,0.090357283,0.207787209,0.262558906,0.131357299,0.109585234,0.129359274,0.148680727,0.167879428,0.134173372,0.00725655,0.029240918,0.006464297,0.017262399,0.009049879,0.026162933,0.0127253,0.061211304,0.007892728,0.04641529,0.012940073,0.01313561,0.041929577,0.017916253,0.023431022,0.081901101,0.035129236,0.020659073,0.012523665,0.010013055,0.021785117,0.018145247,0.025159647,0.025894901,0.014070038,0.02147907,0.01220695,0.022620406,0.008618039,0.009114892,0.024067024,0.026524976,0.015827512,0.017573413
338,0.171058288,0.079994066,0.144132815,0.189374022,0.213160172,0.202229085,0.193591875,0.003148845,0.004168465,0.00739033,0.021772582,0.016038405,0.19397837,0.003421223,0.100125461,0.198104614,0.137339881,0.231038287,0.201009676,0.107702261,0.113379684,0.186111871,0.109835564,0.011085597,0.011470871,0.017278409,0.026540147,0.021712621,0.04371646,0.009289834,0.155452443,0.002013041,0.002506771,0.002030684,0.002489469,0.013442741,0.014855514,0.012043833,0.013014161,0.012645926,0.009280017,0.009966573,0.011189468,0.016669548,0.018189632,0.053606683,0.014951113,0.028389499,0.022443497,0.065959391,0.007795143,0.00910936,0.00377235,0.005604242,0.010291998,0.010450738,0.001331957,0.004844912,0.001692377,0.003667186,0.011896017,0.002017991,0.054225316,0.011664394,0.013726453,0.002637708,0.030987592,0.015984044,0.005332944,0.090798841,0.104730433,0.006208697,0.035923322,0.022043322,0.025868813,0.008195437,0.012399903,0.019812014,0.026168342,0.024756225,0.028496098,0.053518266,0.070591195,0.186493407,0.078547053,0.065469723,0.021132026,0.005110055,0.013706948,0.005960879,0.002767634,0.001482427,0.004403606,0.001336959,0.02812527,0.015221966,0.011132688,0.013985512,0.008450852,0.005863232,0.007510979,0.008169192,0.013810323,0.010995038,0.009180902,0.008620228,0.015129131,0.014707481,0.011798713,0.001599263,0.004598035,0.001411405,0.008607911,0.010225801,0.00925874,0.014380218,0.019681379,0.014954728,0.012192927,0.004393988,0.020989356,0.004775564,0.010106902,0.011435763,0.02283187,0.016234286,0.011135509,0.018840583,0.036146071,0.045974035,0.016759442,0.128868685,0.110199891,0.145142625,0.122193736,0.202604526,0.062392074,0.172343897,0.033770742,0.038679042,0.062219873,0.135422083,0.116125991,0.023418418,0.040950848,0.132385081,0.009280768,0.010885195,0.019087044,0.03135258,0.027436041,0.175206341,0.030123489,0.106469189,0.011037449,0.261228211,0.1110378,0.126336082,0.21351145,0.033084085,0.003101308,0.003714084,0.164623818,0.014539203,0.023825524,0.006001034,0.01294807,0.008031215,0.01030219,0.013880941,0.06457051,0.099602115,0.012456665,0.011453601,0.014805073,0.035502885,0.118615722,0.010040772,0.001244669,0.004266439,0.004400408,0.016404252,0.006773649,0.025232451,0.007345011,0.036943684,0.006489666,0.028934636,0.012893172,0.011613646,0.008209017,0.01933951,0.023763408,0.066149713,0.029005396,0.02180746,0.014180446,0.011390334,0.021983172,0.017057798,0.015783734,0.027050142,0.004056731,0.016558739,0.01110597,0.010029566,0.008134843,0.008372698,0.025362841,0.027813656,0.005204355,0.003235839
339,0.257171225,0.113286301,0.24587036,0.280164091,0.305865349,0.264378909,0.266476948,0.004909092,0.006613677,0.010688827,0.030514433,0.021381109,0.286025877,0.006671294,0.194802362,0.265857998,0.19489445,0.27753945,0.258719956,0.15816886,0.154919139,0.232813925,0.153595136,0.026130651,0.026638886,0.025928143,0.065462369,0.046103509,0.078784821,0.020695469,0.238206353,0.004180997,0.005665969,0.004749337,0.005628066,0.026047202,0.031163906,0.027067848,0.0257006,0.025511547,0.01950982,0.018338242,0.017890245,0.02962118,0.033556604,0.084169331,0.021256627,0.044128647,0.035639791,0.100545668,0.012079273,0.013807056,0.006165534,0.008272382,0.017441992,0.01537406,0.002491983,0.009095707,0.002979183,0.006616568,0.023257735,0.003598351,0.059776327,0.022985327,0.027072483,0.005773757,0.036154458,0.019693126,0.012247777,0.102206343,0.160634859,0.013333311,0.045714065,0.02937684,0.042423146,0.016360742,0.026947986,0.032043857,0.038860966,0.040157248,0.038483835,0.076658815,0.079285726,0.211883325,0.14217301,0.11117872,0.043398396,0.009907282,0.029003981,0.013269457,0.006003319,0.00326317,0.008386207,0.00307213,0.046163983,0.026925927,0.014835801,0.017953769,0.018879317,0.014826346,0.018666924,0.018973383,0.034076487,0.024965813,0.021957854,0.018704813,0.038168354,0.024844047,0.021131582,0.003333087,0.009724356,0.003306514,0.019030238,0.020292099,0.020068497,0.027670517,0.033817066,0.035318113,0.026819019,0.009678528,0.039615495,0.010944498,0.023733638,0.026857577,0.047227021,0.03800363,0.024582024,0.038473208,0.064836149,0.077574607,0.032876214,0.163616132,0.152594259,0.233537709,0.229159516,0.268602712,0.101798311,0.204354973,0.064852705,0.067664241,0.094078662,0.22942517,0.166106282,0.038532481,0.066879186,0.186396119,0.020790602,0.024617443,0.036974721,0.056850445,0.049230161,0.275280536,0.054137944,0.15471087,0.025776555,0.299286217,0.152097,0.165293247,0.25132493,0.061913446,0.006953751,0.008656099,0.228542588,0.02869783,0.047173386,0.010658556,0.032088535,0.018412408,0.018997568,0.029452058,0.11155015,0.20376317,0.029564916,0.026475833,0.033479692,0.05932171,0.158747675,0.02538922,0.002043368,0.008001767,0.008240768,0.030527566,0.012637163,0.050195075,0.013987973,0.071896176,0.012013735,0.055874636,0.024103344,0.021758817,0.017894556,0.036368764,0.045124399,0.128966167,0.055690147,0.039725965,0.026540918,0.021488687,0.04357544,0.032877618,0.029680127,0.050041557,0.007661677,0.030666265,0.019352468,0.019673341,0.013798935,0.014576213,0.041474997,0.046111289,0.009770304,0.006121739
340,0.110033138,0.052758279,0.066037886,0.12275365,0.130946569,0.097958229,0.114648896,0.001856563,0.003155329,0.00518759,0.019989229,0.012822384,0.078349196,0.12078149,0.043866833,0.086220984,0.066414054,0.117975223,0.081368814,0.039149245,0.040734966,0.076833394,0.070169656,0.011933081,0.020164477,0.015860857,0.067152643,0.035540627,0.043075192,0.082177055,0.095393505,0.144962469,0.135226887,0.148924099,0.144569133,0.015514371,0.068045081,0.155380019,0.009195044,0.074430402,0.126511985,0.005475287,0.019442037,0.004212355,0.017521271,0.036765082,0.009510704,0.02062703,0.0168571,0.039119281,0.006593732,0.007389456,0.002864945,0.003400448,0.009033209,0.009467541,0.14442382,0.147931986,0.146323275,0.146313307,0.195167908,0.154678577,0.034324856,0.171456597,0.158946925,0.021648671,0.047132065,0.032306628,0.113251828,0.057112548,0.079145349,0.038155181,0.030115178,0.020600636,0.036760075,0.035249331,0.065472227,0.023507282,0.027738177,0.028765159,0.025638545,0.041627122,0.034426129,0.079968307,0.077230301,0.064498061,0.041886293,0.095896041,0.044760835,0.041925902,0.021902743,0.016149835,0.076547373,0.01061365,0.024574943,0.003311404,0.009957858,0.022092105,0.012051934,0.006742334,0.008711775,0.010189249,0.014712186,0.01404419,0.01304641,0.010419413,0.0152938,0.018231752,0.015228742,0.015137452,0.014848728,0.006216522,0.01200742,0.012891512,0.012462433,0.022251317,0.022028168,0.221711573,0.198877723,0.109755134,0.175178653,0.123744909,0.015605053,0.01350092,0.021569149,0.24113646,0.15284659,0.019577308,0.037354989,0.043664104,0.045853877,0.08303567,0.074635096,0.11085054,0.143963666,0.125083225,0.050968105,0.095614544,0.042725666,0.036950785,0.04215687,0.066236848,0.073631936,0.02401735,0.030452137,0.065089009,0.01712854,0.022233212,0.0249351,0.034736462,0.025718423,0.073789195,0.160749403,0.096791334,0.179430677,0.103776959,0.06658511,0.046265774,0.082530917,0.151372973,0.138644447,0.141550346,0.093385543,0.238371517,0.256632565,0.078751233,0.014025869,0.010586536,0.018586572,0.038187352,0.072041206,0.104766041,0.01296681,0.013707852,0.017104894,0.030466506,0.080134422,0.012238508,0.149409794,0.158652175,0.012758814,0.020636326,0.024464447,0.01055722,0.031476213,0.028839624,0.023549767,0.028676239,0.016036876,0.013944656,0.011905494,0.013962684,0.023579445,0.064442266,0.032967547,0.057151314,0.025924657,0.009293024,0.011230368,0.009396669,0.020527385,0.025791135,0.017966318,0.017084876,0.007230667,0.063597851,0.004820061,0.004668097,0.012170051,0.013758424,0.013336592,0.016000188
341,0.007853069,0.007324369,0.010285214,0.004979093,0.002701925,0.002099835,0.002687539,0.029499349,0.028602273,0.060698922,0.068036042,0.061042212,0.003269707,0.142088981,0.013673243,0.00444662,0.006615228,0.002281451,0.003878182,0.001955158,0.001564236,0.001687383,0.007049203,0.006394515,0.026865066,0.221529533,0.12317601,0.038582937,0.03755318,0.219401175,0.013411657,0.13881153,0.222350541,0.228673595,0.220462858,0.051534561,0.247561542,0.484709275,0.03459309,0.234723963,0.31281284,0.019155074,0.103286317,0.221062702,0.035943012,0.021973732,0.022596956,0.025994071,0.02188932,0.014652324,0.028520753,0.028430333,0.027361844,0.051544623,0.062121871,0.036703517,0.078123598,0.134274941,0.063333905,0.112218282,0.217439959,0.04703095,0.221690877,0.211319653,0.261126023,0.027605233,0.216549802,0.243243103,0.132035434,0.202361287,0.117287504,0.121655279,0.098347393,0.065558565,0.037439283,0.023859503,0.062508075,0.062675586,0.069681054,0.06898677,0.072343562,0.078795256,0.124672103,0.230666282,0.092512254,0.072861004,0.063328611,0.20129756,0.079548819,0.061466141,0.027716978,0.024043091,0.092556875,0.015077889,0.037096434,0.208349446,0.247006888,0.240017732,0.023547978,0.006405609,0.006181244,0.009006039,0.004745561,0.01128321,0.014490581,0.006074675,0.004071494,0.024100724,0.016923969,0.01919752,0.010770879,0.007363701,0.019082163,0.01772396,0.016848892,0.057554409,0.047088788,0.038052578,0.030142751,0.083939049,0.034651854,0.102336716,0.007736,0.00918963,0.008241784,0.029271905,0.098289464,0.007273676,0.023023359,0.025890485,0.00452273,0.009638239,0.018381831,0.008231951,0.005405299,0.004318892,0.026420497,0.003963037,0.038940539,0.02506953,0.008365823,0.010494464,0.008560255,0.04778154,0.020495335,0.006878325,0.045911681,0.060187949,0.046356182,0.027772145,0.01392109,0.003964889,0.05693854,0.012059545,0.057216147,0.002713878,0.006229763,0.002101999,0.002979968,0.059422419,0.222862647,0.243991261,0.003208676,0.304136676,0.433178441,0.070510107,0.003684631,0.012507695,0.011811335,0.072426347,0.088031521,0.004809397,0.005318914,0.009852037,0.010257128,0.01039663,0.014291289,0.003995712,0.04653885,0.093432321,0.002777982,0.018016903,0.002948495,0.022570541,0.004256521,0.0016094,0.002495081,0.005189762,0.044299087,0.010509966,0.000796136,0.028295157,0.015822977,0.00415493,0.010201743,0.003324939,0.027948075,0.058067715,0.025701816,0.005587182,0.101003159,0.089241747,0.020942812,0.086971598,0.014248947,0.004662343,0.005274552,0.008027808,0.002443552,0.004348055,0.020591513,0.024323698
342,0.007481576,0.005177175,0.01093562,0.004436561,0.002015098,0.001471489,0.00205457,0.038930289,0.040837753,0.074271299,0.083123303,0.075406349,0.002480512,0.148602252,0.014917861,0.003163011,0.005456146,0.001957365,0.002789447,0.001329277,0.000943697,0.001106171,0.004699598,0.006529913,0.030926275,0.276918957,0.127688081,0.04276209,0.040592306,0.225915059,0.013891713,0.150300456,0.232961798,0.241064053,0.232237458,0.063529196,0.255044642,0.48389268,0.04829725,0.238573548,0.312867463,0.028567257,0.111568955,0.278991035,0.046177374,0.024638594,0.029034928,0.031218368,0.027581833,0.015576329,0.039344962,0.038393909,0.039597584,0.061202831,0.075540136,0.04605893,0.090369504,0.143899926,0.075527317,0.123659895,0.220832902,0.059537586,0.263216313,0.215113913,0.260191984,0.029249529,0.270656832,0.307052159,0.129806656,0.238968587,0.128604002,0.127932524,0.118425531,0.079063863,0.040433555,0.023064589,0.057858998,0.076326067,0.083668565,0.083526953,0.086471684,0.089349618,0.144388625,0.255701083,0.10177728,0.079101718,0.065101179,0.199723374,0.081797355,0.055079692,0.028675472,0.02767298,0.097188452,0.017206191,0.044399231,0.262615585,0.312123316,0.302865304,0.029040924,0.007560909,0.006822115,0.010137084,0.004134335,0.012209239,0.016614317,0.006348364,0.003289751,0.027508857,0.019041408,0.021870549,0.011169601,0.008252681,0.023032947,0.020854959,0.019993346,0.071687256,0.05780371,0.037927287,0.030001204,0.08500319,0.034936468,0.103637751,0.00481863,0.009617039,0.007049511,0.028865527,0.099641431,0.005126364,0.023247081,0.026902151,0.0034372,0.008070335,0.01838533,0.007904289,0.005167855,0.004098606,0.027659067,0.002991359,0.043042257,0.026926074,0.006527957,0.011081112,0.005536868,0.057801993,0.022887147,0.005448899,0.057532267,0.075199079,0.056733138,0.030610166,0.014411527,0.00345864,0.05754538,0.011660738,0.057687184,0.001837531,0.004522083,0.001407479,0.00203327,0.060093848,0.233192434,0.253681493,0.002663162,0.293769582,0.422462302,0.074438207,0.002981603,0.014683344,0.012195538,0.075427077,0.096513729,0.004491859,0.005042207,0.010472135,0.010085034,0.007975187,0.013681954,0.002657825,0.059606371,0.103202841,0.001654481,0.017677856,0.001991239,0.026649004,0.002662695,0.001199599,0.001675952,0.004938972,0.05036687,0.009345457,0.000713936,0.032521801,0.017933971,0.002908613,0.010827607,0.002386391,0.031354861,0.068380244,0.030365732,0.006450297,0.116595588,0.10243746,0.015573861,0.100677292,0.015831656,0.002560666,0.005160488,0.008550578,0.00183938,0.004201713,0.013670069,0.014132021
343,0.350262641,0.179890949,0.47526594,0.335615969,0.342469625,0.359799322,0.328737987,0.003094517,0.00659777,0.006586332,0.037670021,0.023714082,0.421948365,0.012040462,0.238161238,0.383539505,0.27449668,0.316651221,0.373884137,0.232816209,0.22166075,0.32967837,0.265549219,0.023748179,0.029315638,0.009703969,0.041692476,0.056676971,0.092442108,0.022267712,0.554275556,0.008042278,0.010066245,0.009611234,0.009701139,0.010626166,0.011567609,0.014268621,0.007714159,0.011279386,0.010726636,0.009407924,0.007169136,0.004259796,0.025856408,0.117366503,0.036011183,0.081235364,0.047798101,0.148118893,0.017122641,0.020698492,0.006311988,0.003693602,0.007534509,0.018952158,0.006088912,0.014397401,0.006793607,0.007274421,0.032596483,0.007472442,0.048930822,0.030800597,0.035111774,0.006367173,0.030694233,0.013795862,0.011293039,0.084247132,0.113389411,0.013530606,0.049078208,0.027562764,0.040874937,0.020296264,0.03432695,0.04075256,0.045295038,0.053289402,0.039456815,0.071032797,0.068664236,0.170651921,0.098707121,0.077807431,0.03637453,0.012935973,0.029002633,0.01762803,0.006773848,0.003002699,0.01248448,0.002513611,0.078321231,0.003707214,0.00462421,0.00999886,0.020630546,0.012640239,0.016368482,0.018468122,0.0296003,0.025254741,0.021799357,0.018755322,0.032137908,0.025745857,0.022212397,0.003556337,0.010011649,0.002479498,0.020463608,0.022228201,0.021576808,0.038222747,0.050890331,0.065054641,0.045423241,0.019028822,0.058668236,0.021406934,0.020195957,0.025647578,0.049696462,0.064234582,0.032524181,0.038936112,0.080525423,0.100104373,0.030462442,0.205165076,0.206842361,0.308979663,0.326114342,0.35125484,0.13857005,0.305509099,0.083608602,0.090450315,0.139491012,0.4138348,0.290420324,0.058354373,0.107520523,0.267483854,0.02463112,0.030472723,0.058461922,0.075676024,0.065730394,0.440068298,0.077916372,0.210630996,0.04444714,0.419496033,0.247470457,0.235114825,0.362329204,0.10479372,0.009897271,0.009665171,0.270704661,0.03928367,0.062420508,0.016420282,0.027711948,0.018586749,0.020700199,0.027551115,0.087120795,0.244844904,0.026350927,0.025880601,0.033070482,0.072427513,0.209543176,0.020593829,0.00570132,0.013348249,0.011223049,0.031327698,0.019361218,0.044910176,0.025192223,0.17160501,0.019138864,0.124391557,0.018776925,0.015680287,0.029321885,0.052067704,0.083235386,0.327116961,0.117704171,0.063459021,0.019045854,0.020152957,0.043213169,0.040495184,0.025365684,0.032478401,0.010870981,0.025366141,0.025837001,0.045809623,0.019616197,0.01844924,0.061299426,0.066215164,0.012910217,0.010304661
344,0.015521199,0.032594701,0.009627824,0.011735941,0.006806931,0.005515261,0.012743572,0.077692007,0.03738963,0.145768952,0.077969715,0.092727328,0.007311303,0.080360901,0.012184713,0.011946174,0.019554283,0.01018695,0.009835542,0.002942551,0.001973012,0.003220002,0.028066928,0.012595825,0.025328261,0.260454103,0.091679029,0.031962952,0.050791769,0.090151056,0.010125619,0.091229388,0.111854205,0.12038714,0.115513414,0.062778148,0.249411922,0.46203714,0.038638457,0.274972344,0.378662846,0.025161232,0.219176024,0.26207486,0.042587101,0.039333726,0.03411158,0.037760631,0.032943194,0.029401493,0.033065027,0.035695628,0.033445293,0.164722575,0.141899277,0.054739674,0.069323702,0.125604923,0.07730969,0.207908834,0.243092204,0.156272009,0.260702671,0.304808663,0.404314186,0.209982486,0.212653081,0.262606089,0.4830688,0.176697795,0.283067117,0.441729384,0.089137421,0.04947574,0.125628119,0.219690008,0.572710317,0.067844038,0.068573034,0.075091461,0.063005213,0.109832514,0.088827034,0.246706031,0.273277163,0.263108711,0.2886925,0.522593314,0.405601817,0.672028669,0.230627389,0.1089132,0.384045977,0.075684262,0.051221511,0.257767869,0.279125857,0.264406233,0.028281294,0.008767982,0.009480411,0.013044892,0.017915002,0.015264225,0.016199181,0.022829876,0.013565115,0.047446205,0.039934379,0.102567195,0.09509276,0.051282589,0.023188441,0.025325783,0.022425576,0.067693954,0.058699595,0.07771287,0.065225233,0.041428893,0.039692231,0.050205233,0.04239357,0.01180876,0.015365615,0.090252129,0.049263637,0.022062803,0.025484309,0.03221098,0.108420666,0.052915062,0.039175275,0.032178807,0.024114448,0.022882735,0.031446712,0.024216913,0.037047644,0.029084313,0.027557764,0.010856848,0.023689208,0.061834361,0.034745671,0.02060057,0.053058939,0.068195073,0.053823401,0.033329553,0.024792356,0.007678468,0.049637183,0.034146157,0.05645326,0.008133525,0.027580512,0.003873854,0.007732927,0.052668622,0.110387365,0.117359241,0.011678215,0.38377859,0.478358625,0.270313952,0.025346652,0.015972706,0.069892085,0.327697812,0.255101432,0.031078304,0.014212609,0.01356142,0.011366634,0.031223786,0.045838741,0.033401224,0.095463496,0.120431921,0.068948265,0.176824368,0.072798961,0.088606353,0.121723865,0.022592392,0.058045826,0.054145999,0.196210348,0.167120524,0.008366226,0.112758204,0.075061199,0.095529133,0.074010678,0.062900608,0.143186429,0.162889299,0.089900704,0.032634328,0.348738101,0.367697509,0.368874428,0.296862849,0.073582221,0.207949969,0.059723325,0.068608203,0.028113151,0.026609903,0.408439472,0.527440777
345,0.015822367,0.038415092,0.007852107,0.012073912,0.006747999,0.005490277,0.014364704,0.046568708,0.024285946,0.092424838,0.064651315,0.06989736,0.007418901,0.059420699,0.009818955,0.013182418,0.021750895,0.011368773,0.010615887,0.002358148,0.001280905,0.002777188,0.033039003,0.012087104,0.017147554,0.186776462,0.084796973,0.022587252,0.047617292,0.062448771,0.007463237,0.070022801,0.072542518,0.077113974,0.078700621,0.052008553,0.24681281,0.480890146,0.030841689,0.264984005,0.401849241,0.018563129,0.157116665,0.16277683,0.037084003,0.037511793,0.024029229,0.030408265,0.028502151,0.028504303,0.02188624,0.023578783,0.021359781,0.099987738,0.093613371,0.037971536,0.059006507,0.118069948,0.076965288,0.269130249,0.216318906,0.221091612,0.207998763,0.304224936,0.400849225,0.217363931,0.230404529,0.23262378,0.575054064,0.200807227,0.321829212,0.435549626,0.090055346,0.047107369,0.1283388,0.224183271,0.592010733,0.052992053,0.063150663,0.06147141,0.061824662,0.113710831,0.09296171,0.287958874,0.304386235,0.312076558,0.289835172,0.549893423,0.401529313,0.697558617,0.239571915,0.111057153,0.399316004,0.076393425,0.041954139,0.158424701,0.189243781,0.207986434,0.018751222,0.006477393,0.007947745,0.010720129,0.019004678,0.013205438,0.011909896,0.021176279,0.014710491,0.045846946,0.038061816,0.100604454,0.091206802,0.048430837,0.01632361,0.02092872,0.016961391,0.044620567,0.043665321,0.056506601,0.047605205,0.026703598,0.028578818,0.031902222,0.05504086,0.010404428,0.01723623,0.065782366,0.031281108,0.027404054,0.024542846,0.030521675,0.150882429,0.06423425,0.042027685,0.037440072,0.027932259,0.027380758,0.028816463,0.028700371,0.028532414,0.025294353,0.031871433,0.00927589,0.02781151,0.049822376,0.031556233,0.023226087,0.032953187,0.042017269,0.036404508,0.028212978,0.023931879,0.007597496,0.042729919,0.039035975,0.038961488,0.008609206,0.032199992,0.003524109,0.008149482,0.047417519,0.078113961,0.086065579,0.013018412,0.374094873,0.429283976,0.280261732,0.025500053,0.011925535,0.067703832,0.32251642,0.276021603,0.038991755,0.014565652,0.01200157,0.010675308,0.038173768,0.052128373,0.036449216,0.123238817,0.116295422,0.071878733,0.20524626,0.076272046,0.080548455,0.127373296,0.022826032,0.05983931,0.058023704,0.231206249,0.221608615,0.008860026,0.137331821,0.084456548,0.096198227,0.08026129,0.066141568,0.168606715,0.186415999,0.0898963,0.030758132,0.390260434,0.403055762,0.407282901,0.332324444,0.085821194,0.215221929,0.076856235,0.079261373,0.03654185,0.030494779,0.446968188,0.556718604
346,0.022990734,0.025445765,0.014662143,0.018805903,0.013705097,0.010672468,0.014476532,0.054115051,0.023057057,0.084000692,0.034383035,0.046210812,0.012114291,0.043434107,0.014694319,0.013804328,0.022155185,0.011280665,0.012856971,0.008044618,0.007236923,0.008754143,0.019392486,0.024189892,0.01831249,0.024750204,0.041136987,0.021397908,0.044842558,0.027728277,0.014073468,0.105740891,0.033283107,0.04077328,0.056510965,0.027160116,0.045490876,0.096364568,0.017873184,0.055353329,0.080711389,0.01434164,0.029417482,0.026539723,0.023040851,0.04008594,0.021619583,0.02899182,0.024519735,0.037624701,0.019367564,0.020074839,0.020455104,0.107576806,0.078624265,0.031838528,0.146744504,0.179232351,0.201330635,0.116924868,0.358824455,0.170448742,0.042388999,0.296627031,0.362680366,0.174452978,0.029001927,0.025867258,0.145527912,0.051950098,0.197769314,0.455470503,0.036858877,0.049949747,0.189446099,0.236767829,0.476401796,0.034712194,0.042495403,0.037143114,0.0453285,0.10177676,0.041079418,0.086190234,0.247026109,0.164908067,0.298838528,0.451740528,0.407705633,0.516992687,0.186235181,0.109125379,0.338728486,0.072855373,0.036338361,0.035357124,0.020710225,0.024035338,0.019932349,0.014097991,0.017816172,0.018802952,0.030327684,0.022119818,0.018476459,0.037535861,0.027648041,0.108172963,0.094633079,0.165624748,0.107632083,0.046569272,0.021976392,0.043020436,0.025259284,0.027810663,0.032291634,0.133295344,0.115732793,0.040629049,0.076649108,0.047953365,0.02531898,0.021694671,0.02215873,0.150822364,0.057666103,0.021790102,0.025945774,0.030265433,0.112167461,0.035373626,0.036746164,0.031341185,0.022601374,0.020402379,0.031629062,0.014763867,0.026339469,0.03010518,0.027322977,0.016684033,0.017044933,0.03718671,0.042265681,0.022342587,0.019522817,0.021148775,0.025874178,0.030666956,0.036546762,0.013049889,0.090355135,0.037109482,0.086379274,0.011597809,0.022817621,0.008496901,0.011094922,0.076761459,0.058070338,0.06363245,0.01317599,0.376650008,0.425708173,0.26494904,0.03360564,0.017936767,0.141722841,0.343509097,0.249421849,0.030245872,0.027103086,0.022685088,0.02152099,0.024990425,0.039829561,0.027460349,0.168534648,0.297846287,0.081950661,0.108548297,0.08177737,0.021324827,0.115386351,0.027234322,0.075088473,0.044803926,0.090869452,0.098331337,0.010029104,0.042600959,0.040584498,0.098886275,0.052025577,0.061909282,0.074766715,0.04679936,0.024318261,0.014292006,0.185706274,0.184627412,0.248177784,0.147922358,0.04101456,0.179121934,0.038770006,0.036251431,0.022172537,0.017752701,0.275955891,0.36139229
347,0.027212246,0.153169897,0.017313016,0.026303516,0.023623025,0.016993017,0.023046441,0.050276783,0.063076007,0.043625753,0.059070327,0.054756299,0.028620508,0.009237751,0.016792819,0.053738925,0.094225529,0.017149031,0.043943159,0.008775947,0.006226796,0.011155666,0.122245251,0.236275049,0.164670581,0.031614336,0.031346938,0.170380222,0.039636421,0.014234332,0.010857927,0.008513213,0.007588838,0.006167772,0.008478209,0.019176396,0.04489501,0.067796444,0.013858253,0.05055712,0.059030261,0.0115117,0.051291499,0.023534315,0.021627571,0.053068593,0.040564277,0.059127757,0.029501735,0.093260885,0.064888822,0.057843744,0.063717114,0.038243849,0.028636433,0.050836959,0.006198929,0.036078773,0.01247324,0.025656133,0.162351325,0.03212804,0.103325348,0.168621306,0.193325038,0.089472862,0.050680048,0.032641583,0.241726874,0.106282396,0.207833513,0.069839627,0.066236593,0.053506572,0.101774655,0.10888577,0.139639251,0.073802741,0.074117351,0.077658643,0.065368208,0.111168421,0.079079689,0.215921839,0.189762185,0.19059861,0.100471411,0.068510978,0.098977945,0.107627988,0.085462879,0.070951993,0.09087665,0.075187155,0.076699689,0.024889184,0.019612208,0.027344582,0.132635962,0.162475535,0.190498605,0.166453234,0.292604865,0.195198132,0.178888448,0.146711724,0.344009505,0.095413179,0.102262611,0.05933981,0.116243547,0.088286825,0.131651463,0.118190992,0.13555222,0.096283946,0.083166261,0.011263639,0.010396626,0.003793818,0.013627023,0.004022849,0.318270535,0.229482569,0.345206237,0.013354131,0.009291871,0.356790386,0.2154305,0.18225332,0.130805978,0.116750659,0.109309022,0.050813925,0.023386766,0.033884038,0.144926368,0.046865064,0.161518831,0.157788226,0.202842802,0.018944134,0.138336164,0.080405573,0.100525827,0.112916494,0.115824133,0.116861438,0.097759668,0.152895719,0.16536577,0.029412973,0.020559076,0.027814577,0.008241363,0.027486952,0.111264456,0.012754684,0.029591312,0.020735043,0.010627473,0.012420847,0.014545508,0.253364057,0.350202718,0.072677141,0.290989081,0.150997025,0.098179558,0.08572067,0.172765724,0.034668787,0.258274714,0.218635509,0.256290091,0.298194754,0.110380614,0.309609406,0.009754284,0.051529325,0.0030966,0.006008299,0.003995381,0.006586793,0.007016129,0.015315109,0.003120635,0.012710868,0.004512548,0.004594466,0.018798753,0.00388021,0.005147804,0.013238714,0.008233687,0.004637255,0.003761269,0.002591598,0.005021746,0.005474883,0.010391438,0.008731984,0.011661018,0.008430151,0.002994547,0.014851038,0.001937232,0.002692922,0.001769879,0.002213306,0.012868285,0.01662575
348,0.014253951,0.069729944,0.013203768,0.013199759,0.011442299,0.008499923,0.011115844,0.192191221,0.228407218,0.163253889,0.142877032,0.162732052,0.01591214,0.014141406,0.013467032,0.02620015,0.047997319,0.009877778,0.021308144,0.005302129,0.003865464,0.006060506,0.052436077,0.152338817,0.134022101,0.118365964,0.053818161,0.13007848,0.03574541,0.027084424,0.006407584,0.025745466,0.011944263,0.01122121,0.01823782,0.04777036,0.110481169,0.179497258,0.037172782,0.118722291,0.143472871,0.028116876,0.108723277,0.138767253,0.036740567,0.0422102,0.094186733,0.083470813,0.037106384,0.065630853,0.202227314,0.173652935,0.231545913,0.150495305,0.098659147,0.161432462,0.032546838,0.030108507,0.028087836,0.067024076,0.052017056,0.034598412,0.110583297,0.056097585,0.061187062,0.046476927,0.098344326,0.092861804,0.027043961,0.128713866,0.1259673,0.068606459,0.109324131,0.083361025,0.079453103,0.061760483,0.088006197,0.147558008,0.113714527,0.140383409,0.094258469,0.106183446,0.101397196,0.185237219,0.108281097,0.113466382,0.071101999,0.037287885,0.080114495,0.063191098,0.046216801,0.036899567,0.038200359,0.03699038,0.115704241,0.143948061,0.10305032,0.097497207,0.170095189,0.152163724,0.149171131,0.144643732,0.158216115,0.13880634,0.138617204,0.146747923,0.165443827,0.112391491,0.121220437,0.023605083,0.056620892,0.037306819,0.15394074,0.148764416,0.153052436,0.201277158,0.157461708,0.006744615,0.006644311,0.00420691,0.010570864,0.004814103,0.132099701,0.144655097,0.150300294,0.00799858,0.009850971,0.145118713,0.119012997,0.111042239,0.056707854,0.05390792,0.063109139,0.025709534,0.012055789,0.016657895,0.096064541,0.02092014,0.123469187,0.115891871,0.095044715,0.013796618,0.055488535,0.140405323,0.094281078,0.054744053,0.190446932,0.195332249,0.156270639,0.121088338,0.123966604,0.018415123,0.015262302,0.013660418,0.006655808,0.013609775,0.052485738,0.00681554,0.0142493,0.015658729,0.024421754,0.036194826,0.008571,0.079961766,0.104360496,0.029478794,0.148760169,0.144846036,0.073776761,0.072264881,0.103370701,0.015781202,0.154771044,0.143429579,0.142031873,0.126001498,0.058182711,0.135626047,0.034294793,0.024144251,0.001748064,0.004339554,0.002609939,0.007706392,0.004782233,0.003821128,0.001949212,0.004369837,0.004949414,0.002520557,0.003027864,0.005423147,0.005227778,0.006922808,0.0056249,0.002475786,0.00346282,0.003212561,0.005177433,0.012251411,0.016260819,0.009988716,0.006785325,0.015645162,0.004728883,0.01136859,0.002505966,0.003114114,0.001369017,0.001845058,0.006356892,0.006914972
349,0.020253662,0.047010183,0.015169373,0.018912485,0.016767556,0.012286159,0.015648448,0.15352512,0.129798824,0.175388357,0.132377613,0.137043233,0.015665008,0.015441933,0.015830112,0.021745268,0.034729492,0.013200692,0.018798883,0.007033604,0.005944839,0.009178,0.037739632,0.085820106,0.084202728,0.053064955,0.044236434,0.08649971,0.040991121,0.015191476,0.012704153,0.021338135,0.01040206,0.009888129,0.014993368,0.047101953,0.089110501,0.147262245,0.03291513,0.112960071,0.162906398,0.025775847,0.104594476,0.056931158,0.033257156,0.041663105,0.067233568,0.063327069,0.034217464,0.049904726,0.119770825,0.107784201,0.128759971,0.201884854,0.13651198,0.162845364,0.024453216,0.051537865,0.039158953,0.148303062,0.11220079,0.126097434,0.11487141,0.147504293,0.184578442,0.161955427,0.058640409,0.043063096,0.192243881,0.098069776,0.16238108,0.320560019,0.098743984,0.098711251,0.111071688,0.15394614,0.38114191,0.139632849,0.10623892,0.122883616,0.095712962,0.109628816,0.092121229,0.11723096,0.178400711,0.146445637,0.229297726,0.244087042,0.314200185,0.421331893,0.176827269,0.100641224,0.199494977,0.079503511,0.085951847,0.073370004,0.037484872,0.042811281,0.100909441,0.076193807,0.077928764,0.075941129,0.092108655,0.078135645,0.079560063,0.077033765,0.097924337,0.095162179,0.088993096,0.062192078,0.076265703,0.050367412,0.088439779,0.090088868,0.086460587,0.155184245,0.11974249,0.03340667,0.035063479,0.011471457,0.051387152,0.01301877,0.079978265,0.082577749,0.089928444,0.044651618,0.037312609,0.087734946,0.075370307,0.073998552,0.059265874,0.044849541,0.050806458,0.032637391,0.026838573,0.023644039,0.066302897,0.019979585,0.085138364,0.074773856,0.060521341,0.016470071,0.040149675,0.107366538,0.0667658,0.038661468,0.126845191,0.13931534,0.111662515,0.079648316,0.074745515,0.016647561,0.056203847,0.024940891,0.0277977,0.014855878,0.037086561,0.008146985,0.014321725,0.052377478,0.017782327,0.020431677,0.012400492,0.152882571,0.207193233,0.137117591,0.08725351,0.078051046,0.074660065,0.262404816,0.173150082,0.029129477,0.088893878,0.081773711,0.082826436,0.078398923,0.049113866,0.081415682,0.072448148,0.060512944,0.024765404,0.059155762,0.024380468,0.057932133,0.040954057,0.015393823,0.019976076,0.024295144,0.044966499,0.045055936,0.011650815,0.02554731,0.02487023,0.035866622,0.029121806,0.023930058,0.034991845,0.025352581,0.042065788,0.026368607,0.099658584,0.08910081,0.146465606,0.079938609,0.028064415,0.060767128,0.024076698,0.035795213,0.012279187,0.011990464,0.166019034,0.222288069
350,0.003823265,0.01066509,0.002814747,0.002899083,0.001704671,0.001329489,0.002406835,0.004361039,0.005750851,0.00861598,0.028765282,0.018016062,0.002266065,0.011776171,0.004298795,0.003550808,0.009173942,0.003691557,0.003197123,0.00096597,0.000576009,0.000890063,0.007310163,0.046520516,0.028620224,0.018933034,0.027230741,0.024531363,0.024105732,0.010094752,0.001880976,0.022491846,0.007924726,0.008880253,0.012715991,0.009605884,0.028341014,0.054746573,0.006044175,0.031087791,0.050516148,0.004577404,0.014262361,0.009858496,0.011661459,0.020027654,0.009216493,0.017734807,0.012474666,0.021102876,0.009509848,0.009041366,0.005294526,0.007231434,0.010200465,0.027333005,0.029912612,0.041544415,0.03758716,0.059307825,0.091153529,0.065915467,0.093569311,0.121334223,0.166114912,0.092423965,0.039921152,0.02961343,0.180983335,0.069136791,0.196387499,0.323869315,0.037534062,0.040316959,0.089293722,0.117312348,0.37004049,0.032170843,0.035781034,0.029765502,0.038968365,0.07801942,0.048573263,0.11436596,0.225964637,0.177906517,0.244415428,0.261472363,0.31365292,0.412895131,0.108348972,0.028922835,0.161751541,0.021466484,0.023226157,0.009096221,0.015120492,0.023520596,0.02069045,0.020618154,0.029630667,0.024865176,0.04343948,0.032841827,0.030198149,0.022252231,0.050088721,0.043452196,0.0363911,0.023756701,0.035182208,0.01207665,0.020947895,0.025585566,0.022270059,0.022852871,0.02346108,0.00595511,0.005537276,0.00240393,0.004474403,0.002988654,0.012736877,0.044610102,0.042379052,0.006182659,0.004254083,0.029215614,0.029939206,0.026169985,0.017447494,0.013274548,0.016860857,0.008919265,0.003096071,0.006507793,0.020288794,0.004856307,0.023364255,0.023632614,0.016700729,0.003317964,0.006869306,0.025547138,0.026591071,0.010086021,0.016504029,0.017542531,0.019181319,0.024544429,0.028435124,0.002850192,0.006321125,0.004606881,0.004553021,0.001891084,0.008334904,0.001197993,0.002110323,0.005619285,0.013848114,0.015315606,0.001711939,0.110143468,0.153042512,0.115490234,0.027422597,0.02159702,0.03874601,0.266177452,0.198728539,0.004893073,0.051492918,0.040484131,0.050372382,0.026360871,0.016766858,0.017470396,0.044961837,0.053796941,0.033851173,0.117366159,0.031541454,0.046361217,0.050089133,0.011809776,0.026397438,0.036932904,0.123713663,0.076563393,0.009142565,0.072416414,0.049592703,0.035771064,0.050971954,0.03127348,0.085206943,0.062327352,0.039904925,0.050731952,0.308342987,0.26425356,0.303670757,0.30803305,0.237691583,0.052270499,0.402996774,0.352542721,0.204225127,0.070560475,0.314616605,0.350133518
351,0.015768472,0.044120959,0.015789843,0.014497944,0.012622862,0.010223754,0.014158637,0.0549252,0.047768432,0.075223128,0.078032758,0.071655513,0.014471011,0.036446778,0.021363245,0.019998201,0.034685839,0.025237491,0.01774086,0.006876425,0.005551794,0.007882212,0.034301264,0.111860764,0.076890987,0.102228366,0.090016224,0.072009235,0.058302026,0.033515502,0.009248962,0.055081032,0.032514979,0.035297697,0.041631812,0.049328605,0.100347686,0.162323662,0.041560138,0.111071702,0.164897639,0.028989862,0.08198932,0.081839781,0.045188592,0.048585518,0.03915366,0.051136286,0.037597949,0.054135484,0.050029432,0.0472782,0.046557183,0.079236848,0.071449143,0.072740001,0.065203212,0.080329736,0.079825611,0.173267396,0.119946594,0.165386573,0.142515568,0.165404571,0.18616119,0.116742179,0.139409464,0.13260802,0.285052293,0.140147241,0.197067815,0.318386564,0.086382372,0.067564025,0.098053207,0.125551112,0.327321295,0.079234598,0.077817566,0.077421161,0.073461659,0.098250588,0.085320255,0.178755851,0.202371953,0.196983449,0.237841402,0.247307267,0.296530943,0.364667768,0.128696772,0.063731102,0.174142185,0.048951308,0.063968715,0.082128614,0.107565315,0.119280419,0.072695701,0.069174329,0.082662484,0.072936463,0.122872691,0.08553459,0.081307756,0.06703966,0.146329682,0.075980093,0.071591241,0.045579164,0.058553614,0.031670449,0.068706541,0.069777452,0.069418904,0.078240681,0.070748138,0.017844051,0.016915334,0.006842882,0.018172411,0.007959562,0.061676876,0.105425073,0.131707796,0.021093169,0.014358694,0.109140811,0.082773644,0.073864382,0.037663678,0.048458027,0.05137696,0.031340257,0.018203834,0.034775263,0.062321754,0.027051768,0.071461851,0.069159703,0.061325406,0.01689144,0.034622488,0.070827054,0.064681969,0.038509395,0.072288653,0.074924541,0.068458559,0.070601022,0.075837292,0.016124549,0.021590917,0.017152655,0.013694457,0.013586606,0.035696288,0.007906814,0.013628265,0.020200331,0.043935429,0.048725741,0.011743747,0.129055776,0.16537519,0.122077719,0.095646748,0.068414922,0.065749762,0.259791188,0.174446955,0.018705748,0.124969839,0.099037023,0.117214043,0.092919027,0.050833521,0.073526665,0.112421736,0.09324017,0.028043742,0.086343036,0.027414675,0.074525359,0.043657824,0.012947713,0.022821592,0.029992887,0.098169217,0.058342128,0.007985144,0.060735173,0.041987049,0.037988252,0.041164784,0.026760861,0.068033693,0.075800139,0.061881428,0.041092001,0.211153588,0.195662618,0.202775774,0.205500229,0.120079018,0.052643699,0.181054274,0.171361941,0.09174635,0.038512388,0.214862152,0.256923004
352,0.110594455,0.060243798,0.046296474,0.126215255,0.13862154,0.116954823,0.119621737,0.004148036,0.006644704,0.007185034,0.03902389,0.019042569,0.086173095,0.009187376,0.037075871,0.094491074,0.070680838,0.114608986,0.0943172,0.055447644,0.060155874,0.100294827,0.073229245,0.016866177,0.03834186,0.012496555,0.018902923,0.048925599,0.027695031,0.011761931,0.113518872,0.008820225,0.009829406,0.010128162,0.010118896,0.00820414,0.013017246,0.017788193,0.006503599,0.012793994,0.013873639,0.00547314,0.009206444,0.007698099,0.011768828,0.031839386,0.017270156,0.029100055,0.015554637,0.03918502,0.019123581,0.021127208,0.007034714,0.005492746,0.007926213,0.024529871,0.007413907,0.013404648,0.008127462,0.009739379,0.02601231,0.010341704,0.048401771,0.029154177,0.037557499,0.021593968,0.02854651,0.016530313,0.02819733,0.090506329,0.276933901,0.054181971,0.045441881,0.036290286,0.08623151,0.057319656,0.143603579,0.060938245,0.050034895,0.06608076,0.044933726,0.107751285,0.069616995,0.199146224,0.308747057,0.223397568,0.13823938,0.037316439,0.117775605,0.075309783,0.023638898,0.009570702,0.036654893,0.007662282,0.039241249,0.00707981,0.007698742,0.012872259,0.039442435,0.014872553,0.014784782,0.017659112,0.020501408,0.020183058,0.024542325,0.014664239,0.022204854,0.034314283,0.027098154,0.00874286,0.021244737,0.005682551,0.031751298,0.027045744,0.028566487,0.085585539,0.055657083,0.089551447,0.080247548,0.034878791,0.077102538,0.043189402,0.018824852,0.018309106,0.025582326,0.095135511,0.064336513,0.023713679,0.038267377,0.047399491,0.038283271,0.098660948,0.078936617,0.123374419,0.167324367,0.145203226,0.053658665,0.116528291,0.055022628,0.043462316,0.046232876,0.050550186,0.070681558,0.046590773,0.034011386,0.069482496,0.075045054,0.096719971,0.07062683,0.045229701,0.028904205,0.069603983,0.078072499,0.088630707,0.071246507,0.124900617,0.073510203,0.064862624,0.100419679,0.080676459,0.010155814,0.010404966,0.071148282,0.034545431,0.047842851,0.031395847,0.020014773,0.022551901,0.029323344,0.109873634,0.242239018,0.129860854,0.01786193,0.01908314,0.019623907,0.034008688,0.088255423,0.017251407,0.007586449,0.012997772,0.007183535,0.009421104,0.010960608,0.0063125,0.019399345,0.028516465,0.008365291,0.02359564,0.008095808,0.007147205,0.016834924,0.007586472,0.010219598,0.049629685,0.017607477,0.013400778,0.007319411,0.004636452,0.005532024,0.006008048,0.020260954,0.017408113,0.015422608,0.015974274,0.009460917,0.042157769,0.007285546,0.006743966,0.023583127,0.024737568,0.011747923,0.014479669
353,0.023541956,0.124790667,0.017775009,0.022835002,0.020751199,0.01524465,0.019953416,0.080588461,0.093491619,0.07889836,0.088442392,0.086081715,0.024808877,0.008881861,0.017561476,0.043175771,0.078589702,0.015650058,0.03582661,0.008451765,0.006350084,0.010628826,0.096052438,0.212604218,0.150970918,0.080646901,0.037399527,0.146493427,0.038255232,0.016892847,0.011081532,0.009506414,0.007661355,0.006266592,0.009237087,0.030444691,0.065536017,0.096123073,0.023593249,0.072052601,0.080802059,0.018402006,0.078019961,0.074428224,0.028399092,0.049936987,0.053404965,0.065750749,0.032883124,0.084312149,0.092293018,0.081870164,0.09413807,0.073285525,0.054998488,0.081095445,0.008287496,0.026162615,0.011275686,0.030596824,0.093495854,0.018738191,0.120986191,0.090424743,0.108534802,0.06052787,0.115007736,0.092405442,0.073738843,0.153518108,0.209160348,0.068659675,0.094019248,0.067969934,0.099752774,0.094747446,0.12995729,0.09905388,0.092242339,0.100077538,0.081857141,0.11750873,0.104530852,0.256919941,0.187720434,0.205134813,0.108872978,0.048464274,0.104274295,0.08631483,0.05672852,0.045422621,0.065364921,0.050574451,0.087737639,0.075350339,0.067852748,0.080525101,0.144790787,0.161923058,0.179913465,0.161285641,0.260208861,0.177690979,0.166147369,0.150244397,0.299950956,0.101845531,0.109308429,0.042931709,0.094281731,0.064708012,0.139033309,0.12779572,0.141458342,0.127512271,0.104259975,0.008592573,0.008276938,0.003495122,0.011851611,0.003727648,0.252767075,0.203301176,0.287680543,0.010211828,0.008511304,0.289904235,0.176931322,0.151355027,0.098324944,0.090470917,0.088468247,0.040344328,0.018765575,0.027021313,0.12080537,0.036470098,0.138770046,0.138460101,0.16891627,0.018793978,0.105268641,0.097976535,0.097915023,0.093305787,0.139211556,0.140850857,0.114161768,0.137022701,0.152090378,0.026205007,0.017241402,0.022274674,0.00686412,0.023120056,0.090703172,0.011344972,0.024377714,0.017333433,0.012430383,0.017039284,0.013619279,0.153866213,0.20163367,0.050489874,0.260371964,0.150259441,0.092900068,0.095545706,0.163140943,0.026467357,0.23097389,0.195625289,0.220223047,0.239616151,0.088532175,0.261910565,0.009683517,0.031980586,0.002231814,0.004477301,0.003226646,0.006119447,0.005693177,0.009857319,0.002495758,0.008520416,0.004309432,0.003040539,0.01014331,0.004324938,0.005034924,0.011545911,0.006879453,0.003768668,0.003413836,0.002830229,0.004606909,0.007483888,0.011985227,0.008781634,0.007078985,0.010741628,0.003518421,0.013108818,0.002188921,0.002580516,0.002019003,0.00237198,0.007118336,0.008212524
354,0.020719679,0.099132783,0.018670919,0.020026669,0.018281071,0.013523155,0.017373399,0.120600936,0.133959812,0.120174318,0.11415624,0.117927996,0.022446853,0.010503357,0.018759213,0.036569582,0.065218153,0.015089807,0.030415416,0.007896377,0.006002875,0.009691843,0.076013166,0.180208992,0.138597586,0.120754575,0.045501468,0.13516921,0.038867904,0.020722616,0.010015374,0.015025298,0.009000599,0.007831895,0.012253531,0.043899316,0.084722706,0.122971569,0.036252376,0.089788331,0.100219687,0.027202709,0.092608226,0.129976507,0.036628555,0.047576132,0.067584361,0.071480109,0.036722902,0.075139587,0.125524611,0.110511047,0.134861112,0.115840837,0.085469835,0.116982594,0.016759833,0.025553179,0.016868447,0.04254792,0.066626436,0.022959652,0.114837269,0.066058593,0.077646483,0.04919462,0.123866347,0.116563977,0.042150159,0.153356956,0.173991964,0.065137097,0.105514522,0.078278952,0.087147687,0.075399649,0.103946242,0.121325421,0.103239519,0.117483494,0.090138279,0.112754016,0.110438282,0.235513134,0.152414796,0.168776433,0.092028598,0.040374854,0.089950681,0.070498171,0.046964076,0.037287717,0.049353861,0.040227038,0.096534056,0.131442841,0.112996884,0.113894806,0.147013586,0.147591504,0.157822765,0.145173158,0.213780177,0.15405509,0.147725584,0.138811963,0.242351655,0.100655508,0.106956798,0.031869909,0.072972141,0.048387677,0.136931334,0.128084274,0.137546862,0.154045806,0.122906095,0.007330187,0.007109326,0.003679382,0.010631592,0.004064071,0.192783852,0.172026784,0.228477128,0.00864217,0.008609579,0.225030621,0.148744533,0.130707676,0.07518484,0.072865831,0.076160378,0.033803634,0.015863403,0.023392793,0.107441293,0.030123293,0.128529507,0.124479859,0.134745357,0.019150047,0.082255539,0.112884539,0.092937924,0.076182799,0.153914435,0.158230847,0.127049023,0.125546389,0.13435528,0.02448406,0.015384626,0.018434329,0.006424229,0.020141383,0.073169092,0.010075231,0.020894608,0.01553704,0.016583365,0.023852292,0.012872937,0.108158588,0.139701994,0.038205391,0.210071427,0.139208954,0.08033418,0.083780575,0.133505453,0.021108712,0.193389711,0.166825069,0.182451219,0.18783626,0.073925322,0.202957228,0.018287562,0.026035667,0.001949578,0.004429734,0.002822745,0.006600106,0.004926832,0.006505553,0.002195142,0.006073307,0.004745808,0.00286372,0.005230165,0.004661056,0.005055612,0.009961073,0.006123885,0.003319837,0.003641794,0.003284476,0.004959632,0.008286525,0.014072292,0.00995781,0.006746278,0.012795254,0.003918322,0.011229977,0.002395843,0.002857421,0.001867868,0.002185548,0.006589604,0.007306741
355,0.028001238,0.111538483,0.024390141,0.028281321,0.027019772,0.019607773,0.024601136,0.08955762,0.093040762,0.10196232,0.103087435,0.099793836,0.02861439,0.01090674,0.02365145,0.044442724,0.074377608,0.020768923,0.037399775,0.010130259,0.00806241,0.014076834,0.087584182,0.188661867,0.137654057,0.122956206,0.046111025,0.135595167,0.039846449,0.024805138,0.015345188,0.012559415,0.009978358,0.007837305,0.012519433,0.041389297,0.083932248,0.125718629,0.033880556,0.08523889,0.095193069,0.025118293,0.078995797,0.125259017,0.035342765,0.049392576,0.05546803,0.065687627,0.035599706,0.078866295,0.092025897,0.082842984,0.092938531,0.101002456,0.079266155,0.097814098,0.011933352,0.024022915,0.012646858,0.03578361,0.065501335,0.018194527,0.114987945,0.065671725,0.07842305,0.046374986,0.144826406,0.132239241,0.05158357,0.174411231,0.198966915,0.05854025,0.106939111,0.076188154,0.087985707,0.076108302,0.102416069,0.110400599,0.099570799,0.108337851,0.089295667,0.116215269,0.118432739,0.268671349,0.17499215,0.200198612,0.101246356,0.037255468,0.089563142,0.065323823,0.043567055,0.034712956,0.047853927,0.038501783,0.087926578,0.125233715,0.11817891,0.124158288,0.134221995,0.140385231,0.15660109,0.14077217,0.235884972,0.156672076,0.147696798,0.131804338,0.275938587,0.093545619,0.098253322,0.03214452,0.074761551,0.048743285,0.126233633,0.116330286,0.127441141,0.133520573,0.10776574,0.006730175,0.006283128,0.00304197,0.009240791,0.003291047,0.213328941,0.180110281,0.264273717,0.007701401,0.006951962,0.25904378,0.160926165,0.138719642,0.082635516,0.083004763,0.083115331,0.040361786,0.020316054,0.02976388,0.112354748,0.037267297,0.129810956,0.127041231,0.150554486,0.024648798,0.095137635,0.100971578,0.091543209,0.086812287,0.136663193,0.141292546,0.113522977,0.126035795,0.136784535,0.030750934,0.014176604,0.02244075,0.005548075,0.026904388,0.08334362,0.012826134,0.026711762,0.014515612,0.017881094,0.025882721,0.017583705,0.108551717,0.140170388,0.037596125,0.232007793,0.132388392,0.079981436,0.086451947,0.146165841,0.026006603,0.20764546,0.173140064,0.197689482,0.214658995,0.082257508,0.225064291,0.012468882,0.024027752,0.001673239,0.003822541,0.002486378,0.005718016,0.004138569,0.009502215,0.001996479,0.007755885,0.003520959,0.002607306,0.007081649,0.003856855,0.004691548,0.013732211,0.006572158,0.003777793,0.003026856,0.002427738,0.004409419,0.006206444,0.009167567,0.006801799,0.004590616,0.008232397,0.00275596,0.009230316,0.001631884,0.001955534,0.001763529,0.002153287,0.004593636,0.004990532
356,0.069318552,0.133259936,0.048906437,0.077262332,0.081215759,0.058483619,0.067079552,0.025829443,0.030127312,0.033312956,0.057140192,0.046072817,0.063950946,0.01703127,0.047566132,0.080700161,0.100572234,0.056751912,0.0717216,0.029806336,0.027614972,0.044599784,0.118995037,0.193916326,0.129268533,0.053136036,0.054617847,0.128319646,0.047582812,0.038282614,0.042423336,0.015553419,0.019988906,0.017206603,0.021613733,0.031994763,0.083206889,0.136885726,0.027132677,0.077640955,0.093162126,0.018595946,0.042131606,0.044801851,0.031544205,0.056803792,0.032583801,0.054741085,0.032802808,0.089436556,0.038090312,0.036602982,0.029820486,0.029604884,0.032418502,0.039061799,0.010137622,0.028129779,0.011210218,0.031401169,0.080027881,0.017771272,0.101627964,0.083827785,0.097256995,0.038035721,0.091823678,0.0604764,0.10521696,0.152396545,0.196074457,0.045329189,0.076622728,0.051706859,0.080492188,0.067924995,0.082688645,0.067730638,0.071442983,0.07266857,0.065701947,0.105009444,0.101513574,0.26251263,0.172850769,0.176937032,0.083473871,0.038409462,0.069719285,0.053559255,0.035755728,0.027429999,0.042661858,0.029555872,0.068545432,0.04279288,0.037724135,0.049997132,0.106341707,0.122747719,0.148034344,0.126211661,0.256919439,0.151283905,0.141699975,0.113375512,0.295499177,0.073989128,0.077286305,0.027187188,0.064982046,0.037157305,0.102025564,0.090004436,0.104410314,0.082399521,0.071325612,0.021901569,0.017396384,0.006237972,0.016858998,0.007223228,0.205144877,0.184342477,0.24834781,0.023822221,0.011883938,0.237076216,0.161794187,0.141708478,0.09890571,0.113580665,0.104451258,0.087922632,0.070533683,0.079815309,0.119299443,0.079473655,0.124847381,0.124166161,0.161310549,0.049097693,0.123742509,0.070603873,0.089775373,0.111443668,0.097774047,0.100330947,0.082798717,0.120064779,0.134704336,0.062345559,0.02405631,0.053386271,0.01516408,0.069632147,0.112833801,0.033945253,0.061736664,0.027458642,0.027788659,0.036763953,0.043873709,0.121318864,0.169642472,0.036764909,0.248203258,0.114305572,0.073768816,0.0666614,0.145929829,0.079221373,0.219482411,0.17433786,0.202718098,0.205833357,0.107633188,0.223706271,0.009007187,0.027679623,0.00316318,0.007755802,0.004441936,0.012762176,0.006530861,0.044868254,0.003796262,0.034157643,0.005671319,0.006062609,0.050172143,0.00824923,0.011801446,0.038481574,0.020282181,0.009406153,0.005265349,0.004258205,0.010277428,0.010643047,0.011954298,0.010114201,0.00670715,0.010002379,0.005618751,0.012261069,0.003906763,0.004168411,0.008796772,0.009895867,0.007349371,0.007810461
357,0.176850089,0.107865065,0.121526211,0.202213192,0.220205988,0.170614777,0.179579615,0.037995149,0.039845196,0.050130266,0.068569343,0.056515774,0.157567845,0.019174742,0.107193804,0.158323023,0.134149971,0.148980195,0.150704971,0.102663025,0.102374144,0.143460558,0.12149991,0.082972128,0.076729991,0.083901394,0.069653129,0.092132416,0.069848244,0.034421246,0.148667851,0.021191982,0.021683971,0.021254711,0.023755281,0.056192458,0.08473575,0.099655903,0.056267249,0.076788522,0.077435847,0.037971807,0.061380211,0.093087594,0.053600537,0.073573699,0.040463884,0.060830988,0.045709255,0.089970457,0.046274724,0.045273945,0.039474476,0.047979571,0.055612412,0.054473414,0.018845398,0.031066691,0.01964944,0.037221292,0.06999849,0.02735324,0.087142682,0.074852675,0.087865746,0.039039899,0.087656527,0.075779005,0.073324361,0.135113669,0.233869284,0.07451439,0.077170167,0.055788924,0.085355157,0.062656073,0.121452148,0.078035927,0.073556063,0.082845996,0.066916549,0.114050117,0.096027009,0.230470448,0.238069321,0.192424757,0.116319571,0.057290005,0.106953893,0.08498428,0.040648891,0.025781935,0.049904515,0.022840427,0.071561234,0.08869819,0.070182767,0.073017431,0.069076895,0.05955068,0.067265873,0.06343595,0.10877395,0.073572388,0.071124424,0.059944733,0.125475757,0.058962172,0.055593323,0.019477339,0.039056374,0.019985365,0.064069655,0.060175066,0.063923192,0.089445695,0.075924946,0.0586489,0.05447825,0.022733316,0.059661197,0.027057546,0.088012484,0.0812643,0.12137338,0.063604553,0.042494905,0.111910713,0.102673302,0.103561467,0.066022099,0.12556758,0.120521697,0.156199892,0.161214727,0.160304038,0.107895934,0.129689154,0.100387637,0.094148887,0.108836916,0.119230435,0.129193946,0.073822712,0.079486474,0.133676468,0.082610968,0.093415188,0.083787508,0.089637777,0.083036921,0.144836163,0.063991689,0.115654526,0.046261405,0.166032732,0.118348299,0.106737623,0.143279028,0.068265779,0.026614203,0.031910417,0.12811758,0.093913782,0.135209696,0.042015737,0.105066839,0.06221366,0.050407957,0.099471712,0.193701157,0.153246231,0.093003648,0.079174603,0.091735447,0.110837526,0.123057117,0.093150764,0.020103808,0.030822131,0.009562518,0.023071305,0.01355365,0.026658775,0.020262489,0.072411832,0.011486045,0.056475109,0.020206067,0.017414964,0.049651222,0.022301305,0.028132078,0.101453405,0.042977453,0.025958802,0.018174742,0.014302292,0.022506854,0.020746322,0.04970551,0.043757773,0.024233272,0.040961392,0.022259271,0.038524115,0.017336895,0.017068907,0.048119827,0.05051867,0.024237261,0.026728998
358,0.023099877,0.149738976,0.013036656,0.022267942,0.019762115,0.014344801,0.020393013,0.013834763,0.019490479,0.014940247,0.037328733,0.027450818,0.024825217,0.008296683,0.012863894,0.04952292,0.089790219,0.015566279,0.040616659,0.007148944,0.004847585,0.009039366,0.120196915,0.239395637,0.154214573,0.017673966,0.024105095,0.154477363,0.035411559,0.012519862,0.007599084,0.007047788,0.007677151,0.00651842,0.008020179,0.010859829,0.023250022,0.035160907,0.007422717,0.023985484,0.02696489,0.006952262,0.019502476,0.007608194,0.01600911,0.04877898,0.025221111,0.048495467,0.024757582,0.089364835,0.028149238,0.026896496,0.01944163,0.011631839,0.011986593,0.023172289,0.004342314,0.031017453,0.009634487,0.011423538,0.14546621,0.027613075,0.073794894,0.156598734,0.176705304,0.056855519,0.045827064,0.025337874,0.263124752,0.100720887,0.179916892,0.048037544,0.054193923,0.042698448,0.086339822,0.084822639,0.089456991,0.052465411,0.059475755,0.057333312,0.053950658,0.096889087,0.072736981,0.204946798,0.160305425,0.157251554,0.074328518,0.055252547,0.064990319,0.060877962,0.052078774,0.04493412,0.067011841,0.049244811,0.061322122,0.007409562,0.009167199,0.018354583,0.115099448,0.147579194,0.181398254,0.152976984,0.311238796,0.187053634,0.171434968,0.132926628,0.364965865,0.079666535,0.085585018,0.045566112,0.092862318,0.063137665,0.114434511,0.099553124,0.118572171,0.067869426,0.060779832,0.012116326,0.009898527,0.002880901,0.008425944,0.003099874,0.286806728,0.229862134,0.33257357,0.01408072,0.005288346,0.330692961,0.203444934,0.170122967,0.121758089,0.11011364,0.101477011,0.046572403,0.020156832,0.031441189,0.133017098,0.048718687,0.145383637,0.14452032,0.195241492,0.014739345,0.131360847,0.060791839,0.092305066,0.107633937,0.093439372,0.09266415,0.076195457,0.138994146,0.157990214,0.025320119,0.013573799,0.025563591,0.007560177,0.026654305,0.109947604,0.011162593,0.028347579,0.014236801,0.009448257,0.0099218,0.012007378,0.223624155,0.31366499,0.058704566,0.303375725,0.135663117,0.087604587,0.058203958,0.147225078,0.031113128,0.268835983,0.216372589,0.25753217,0.278180407,0.103335712,0.29573618,0.005891948,0.045173767,0.001634829,0.003396528,0.002175782,0.004254176,0.003525923,0.025751088,0.001787024,0.019727171,0.002236359,0.002748869,0.037252277,0.002850479,0.004864948,0.011237255,0.009477033,0.003701705,0.00196009,0.001392401,0.003338552,0.00456942,0.004311405,0.003708599,0.004654251,0.00347038,0.001749372,0.007061795,0.001141959,0.001342154,0.001161498,0.001536799,0.00530859,0.006562052
359,0.008897504,0.003206699,0.012476214,0.00484271,0.001461681,0.000892691,0.001723316,0.196376781,0.183378692,0.295685118,0.217402516,0.235186179,0.001615622,0.297018681,0.018944311,0.001592977,0.004771067,0.000770139,0.001580177,0.00083798,0.000360897,0.000532702,0.002017603,0.010832284,0.066829334,0.769673632,0.166167922,0.078771424,0.062069351,0.320589017,0.019124502,0.322545384,0.418904688,0.449018382,0.42273306,0.097908247,0.301902106,0.541172529,0.064878506,0.331879473,0.400227276,0.047165635,0.363341559,0.820088399,0.069355162,0.04180837,0.09283708,0.077709048,0.051294926,0.026091648,0.156290411,0.145650113,0.180481831,0.280673489,0.245537533,0.154461214,0.248673027,0.289785111,0.22236386,0.220763972,0.357753644,0.145343692,0.651842325,0.321413509,0.367594387,0.107921253,0.5967075,0.780541984,0.090875834,0.438835251,0.280412463,0.380248799,0.255625367,0.189644086,0.107134943,0.090839939,0.241462521,0.197957451,0.194732557,0.208999574,0.194307721,0.189642263,0.268800809,0.365700447,0.281274776,0.194064347,0.245638537,0.350878244,0.305606016,0.230555151,0.108490328,0.091240489,0.265834867,0.057338016,0.113785937,0.787671311,0.887364784,0.812039355,0.079991039,0.018102196,0.013574537,0.021290265,0.005077761,0.021976869,0.035952578,0.012466703,0.003102154,0.066417743,0.045617544,0.070979588,0.039287353,0.02731676,0.059344565,0.050776496,0.049597434,0.205915162,0.1610443,0.039822039,0.031508665,0.096926052,0.037495356,0.118038679,0.001444831,0.015046206,0.004664065,0.028160776,0.111957545,0.00234413,0.028388693,0.039999894,0.006345568,0.008571118,0.026041248,0.01067253,0.005273821,0.00345915,0.042065965,0.001524419,0.080495728,0.046150378,0.00499854,0.012609183,0.001571457,0.153315513,0.047056523,0.00445287,0.165430969,0.214950831,0.153936519,0.058790044,0.023229926,0.002577566,0.063863937,0.01306899,0.063447147,0.000860942,0.002929859,0.000811093,0.000990983,0.066834076,0.406690115,0.421367571,0.002243557,0.409715131,0.539552598,0.198189391,0.003583117,0.034811115,0.034815814,0.27634799,0.257992114,0.005400655,0.00734632,0.017801153,0.010574662,0.004750653,0.018921622,0.001730284,0.183726178,0.244343364,0.017128622,0.085725006,0.016308766,0.089619065,0.025024203,0.005680826,0.013711827,0.022604612,0.178136667,0.051908226,0.003151597,0.111905748,0.063109322,0.018543041,0.042927766,0.017248402,0.113721204,0.225700682,0.100853364,0.021649797,0.396444347,0.35091616,0.126787136,0.338364204,0.05451841,0.025180717,0.017479019,0.029438627,0.005136436,0.014223848,0.134623825,0.173599217
360,0.01134277,0.009134352,0.012639607,0.007068772,0.003007707,0.002152557,0.004233536,0.224794284,0.103947422,0.407154269,0.175719279,0.228860959,0.003212814,0.188084271,0.01820385,0.003992151,0.008721449,0.002698733,0.003617172,0.001623821,0.000976269,0.001375662,0.007078518,0.012031494,0.06086443,0.679833448,0.135679354,0.072266788,0.066688433,0.218454259,0.017749686,0.192570837,0.297058616,0.321775992,0.290220114,0.118482856,0.315137582,0.502317307,0.074541418,0.398428701,0.460043613,0.055229058,0.547780808,0.747219506,0.072859212,0.048473999,0.084249545,0.075848226,0.056437702,0.031423455,0.089285358,0.09612293,0.094537853,0.470625461,0.376387808,0.141897616,0.115931478,0.192404328,0.100157676,0.196149922,0.302347358,0.086317141,0.599518541,0.29694624,0.426126296,0.190739112,0.384407545,0.593374182,0.149070697,0.263597103,0.317606274,0.580733448,0.161439473,0.089595671,0.139161449,0.194603336,0.575888786,0.157351785,0.131655403,0.165922562,0.111136391,0.158356415,0.149451452,0.287303751,0.345631582,0.250465919,0.40195231,0.563208122,0.523656799,0.646821147,0.21017964,0.102138017,0.37261427,0.067689418,0.103990534,0.739811171,0.763114021,0.656183061,0.071961473,0.016972584,0.013498756,0.020705807,0.008099883,0.021765691,0.03341989,0.015614765,0.005456443,0.058455506,0.045331341,0.080148057,0.065418503,0.034226893,0.05378156,0.04513238,0.04582106,0.180487048,0.138614102,0.042451908,0.034030686,0.087784996,0.036818118,0.106748002,0.008937775,0.015254967,0.007149549,0.033496347,0.101567771,0.006347247,0.029167819,0.04038859,0.026715227,0.018079401,0.030826039,0.016143651,0.008643299,0.007428122,0.042267884,0.005801473,0.074877544,0.044958222,0.009949335,0.012983815,0.005907146,0.133015691,0.049522465,0.008523583,0.147871817,0.19225499,0.137791034,0.056409804,0.026009967,0.004155154,0.061758285,0.017419683,0.060496282,0.002592823,0.008003417,0.001767146,0.002645811,0.064763834,0.265887969,0.263981496,0.004187837,0.510968941,0.612774008,0.26274957,0.007609026,0.032402465,0.054363213,0.447521531,0.316082264,0.010652858,0.009484215,0.017913725,0.011433781,0.01011672,0.02633155,0.006830714,0.08272282,0.144534999,0.046606304,0.154869285,0.043256043,0.180004814,0.069369936,0.013293396,0.03599365,0.042065877,0.211395256,0.113962237,0.006175508,0.132768817,0.08345246,0.048926223,0.068739422,0.043334402,0.143267614,0.233312357,0.159570817,0.054448322,0.431845243,0.391675693,0.302378699,0.364941662,0.076044348,0.081870439,0.03450036,0.070890529,0.012167128,0.025415898,0.340066133,0.456240621
HCPex_361_L_AV,0.005981952,0.004009177,0.002867907,0.005835459,0.005495467,0.004137757,0.00466749,0.024671213,0.011957939,0.091859681,0.041292713,0.053845579,0.003141661,0.003219948,0.003947527,0.004049897,0.004799081,0.004175331,0.003694622,0.001113753,0.001186672,0.00315136,0.003403428,0.007699762,0.005329173,0.448341465,0.011155372,0.005485764,0.011428705,0.003215975,0.005761117,0.002556762,0.00143037,0.000727416,0.001508961,0.024831708,0.022871833,0.004632585,0.020786076,0.033069447,0.018729913,0.020482942,0.134380061,0.524983172,0.021462591,0.011754124,0.01673923,0.01619331,0.017569291,0.008698978,0.009452821,0.011369357,0.009336272,0.08044483,0.091159597,0.023409392,0.0015991,0.023634046,0.006708254,0.009031081,0.145481874,0.009488955,0.075670459,0.131950903,0.165796788,0.006849682,0.212362449,0.39178793,0.007846168,0.069565848,0.033468219,0.012877177,0.045552578,0.016270662,0.019270299,0.016041853,0.03601789,0.023026052,0.026423996,0.024355297,0.021556886,0.021602101,0.024311996,0.030283967,0.035674597,0.026213555,0.020563924,0.050465497,0.022982193,0.020418732,0.007344933,0.00371391,0.03406632,0.002800035,0.021008248,0.495231338,0.542024988,0.447976679,0.010017628,0.008233053,0.007728505,0.007718127,0.007150578,0.007021716,0.006488924,0.010593759,0.006806928,0.014305804,0.01344182,0.003524295,0.006024105,0.001829491,0.00899327,0.012006595,0.009494498,0.01119286,0.018084838,0.017172475,0.015888951,0.015608824,0.017693338,0.019958091,0.003096134,0.006781191,0.006600897,0.017367985,0.024242063,0.005369092,0.006492872,0.006857297,0.0040998,0.007020821,0.007216121,0.006123,0.005569288,0.00694684,0.006645041,0.004481689,0.006098357,0.007120101,0.004811852,0.003759804,0.003259777,0.024601999,0.012914057,0.004738067,0.007708323,0.005201136,0.008307193,0.0072789,0.009111437,0.003152806,0.019995872,0.006717635,0.018172146,0.004201862,0.003866271,0.001625206,0.003280362,0.018956921,0.001899161,0.000866054,0.002368615,0.184926353,0.30888839,0.036288818,0.005672473,0.007582297,0.008979386,0.018650999,0.03587686,0.004827681,0.007690904,0.00709243,0.006271441,0.005631746,0.007473029,0.003492811,0.002696013,0.041555556,0.001979591,0.009021007,0.002747416,0.002774919,0.004267043,0.002187163,0.001972955,0.003662187,0.013516534,0.017981078,0.000694238,0.005495063,0.005059616,0.006970348,0.004824872,0.002279478,0.009599292,0.006145261,0.00317811,0.002336423,0.044293686,0.030977186,0.014975547,0.038102099,0.009728294,0.007591342,0.008922989,0.008156279,0.004006311,0.002028268,0.011397497,0.006960429
HCPex_362_L_CeM,0.019762918,0.012449657,0.008298057,0.021830614,0.02203136,0.013199229,0.016214566,0.102711925,0.038118475,0.190515049,0.08591939,0.112043787,0.009118576,0.004348011,0.012381901,0.011306465,0.015088763,0.013042304,0.009607131,0.002578276,0.002770882,0.00864688,0.010644413,0.019648537,0.013643936,0.34439994,0.034152452,0.013713065,0.034134176,0.005000266,0.01207042,0.003709822,0.001877097,0.001109697,0.002173435,0.092140121,0.075052832,0.021140372,0.087350613,0.105913764,0.074606697,0.09595054,0.243093129,0.310626043,0.079979363,0.041040351,0.069275041,0.056053623,0.076679829,0.029770426,0.034798012,0.043305908,0.032608842,0.222383979,0.193086871,0.083161016,0.002687304,0.027874007,0.011090294,0.031186253,0.129980461,0.014047116,0.2220513,0.114933083,0.144095103,0.012210252,0.257928322,0.391089657,0.024777698,0.136008629,0.113480639,0.039067669,0.085143432,0.048759025,0.052140316,0.037727102,0.086451378,0.057783621,0.057159116,0.052615977,0.054003408,0.062060375,0.0679197,0.112430511,0.121064175,0.111761,0.076596502,0.058697075,0.069564863,0.046311031,0.013335387,0.00470171,0.045465332,0.00436784,0.051340213,0.310039293,0.458869778,0.409561718,0.026652647,0.021016524,0.019776867,0.019659506,0.018096871,0.017965354,0.016752593,0.026573088,0.016849217,0.037565054,0.034621504,0.005539099,0.015429889,0.004115363,0.023135471,0.030695474,0.02417952,0.035488061,0.04565431,0.038837602,0.036267854,0.042379115,0.039620137,0.053965928,0.011386711,0.017464747,0.016358276,0.038109357,0.061253134,0.014712619,0.016276292,0.017328191,0.011680572,0.020809381,0.018645021,0.014909801,0.010589285,0.019061931,0.016914954,0.01427007,0.015257412,0.018039943,0.013765303,0.011356869,0.009925463,0.05401097,0.036690364,0.014229066,0.020951018,0.014165417,0.023210119,0.01849471,0.023523554,0.010307687,0.045768905,0.017662506,0.044010276,0.010677782,0.011599255,0.003781899,0.007660728,0.04297183,0.002799896,0.0020159,0.006575789,0.186053428,0.267632793,0.052339873,0.015247545,0.019372951,0.025036807,0.06545032,0.103929797,0.009322198,0.019421198,0.018220713,0.015847179,0.015778079,0.019880603,0.011140061,0.005936667,0.046003798,0.003516783,0.022322807,0.004788839,0.009902681,0.006477891,0.009440336,0.003394592,0.011348065,0.031750578,0.045394633,0.002312554,0.017950489,0.014870479,0.016791422,0.014003646,0.004837287,0.023238026,0.017914524,0.011902246,0.010915344,0.092090076,0.069090143,0.032895887,0.078556002,0.03633198,0.008883576,0.04231902,0.03680643,0.018060298,0.008043465,0.027267475,0.012147599
HCPex_363_L_CL,0.01065312,0.00625237,0.004828662,0.01117519,0.011144465,0.008154761,0.008827226,0.025165111,0.012497213,0.093629117,0.042690982,0.055053921,0.005816524,0.003374395,0.006864728,0.007313786,0.00803115,0.006260719,0.006629216,0.001987493,0.002246653,0.006180774,0.005414429,0.009280956,0.006499167,0.448837051,0.01320424,0.007069514,0.013897484,0.003461514,0.010439574,0.002662013,0.001488401,0.000763808,0.001577624,0.030532052,0.027173223,0.005491324,0.02741101,0.036599771,0.020328527,0.027613502,0.140602647,0.549750551,0.027301139,0.014982906,0.020103787,0.018946612,0.022916804,0.011419921,0.010185871,0.01269376,0.009826109,0.081766618,0.095877199,0.024717289,0.001688906,0.024225967,0.007067686,0.010304716,0.148210893,0.010012297,0.091488244,0.134853789,0.1687769,0.010168134,0.203585672,0.367125712,0.009049948,0.071802045,0.039008668,0.015659835,0.04664566,0.017774032,0.022051704,0.019333042,0.041246608,0.024344762,0.027709577,0.025551277,0.023015231,0.024211005,0.026684702,0.036070258,0.04141851,0.031749509,0.024548382,0.054026138,0.026884889,0.023886357,0.010631325,0.006683207,0.038109487,0.004944461,0.022678602,0.517526018,0.514177345,0.423539683,0.01017058,0.008653136,0.00861321,0.008424245,0.010094976,0.008310404,0.007557696,0.01100014,0.010752171,0.015317736,0.014126717,0.005392399,0.007934564,0.003067276,0.009266965,0.01220359,0.009806333,0.011687004,0.019137257,0.018973189,0.016866509,0.017025914,0.019232204,0.021523329,0.005257548,0.008371819,0.010641398,0.019034021,0.026324174,0.009027731,0.008949624,0.00912117,0.006123975,0.010011108,0.009956625,0.008716973,0.008717252,0.010212794,0.008824367,0.006766346,0.007889385,0.008860033,0.007366654,0.006221381,0.005324604,0.025889455,0.01479616,0.007870399,0.007860028,0.005636775,0.008921566,0.008816924,0.010598565,0.005775185,0.023042546,0.009635249,0.019659359,0.007758341,0.006074683,0.002920513,0.005863086,0.022428551,0.001990621,0.000948305,0.003708191,0.186020647,0.313115505,0.039049367,0.008640387,0.008131271,0.010729401,0.022235446,0.040884208,0.007393579,0.00978085,0.008593619,0.008491754,0.008879954,0.010348763,0.006053965,0.002988844,0.042647583,0.003176425,0.012786032,0.004526914,0.004304365,0.007403552,0.004185667,0.003324897,0.006353043,0.020357594,0.02135499,0.001170627,0.008265816,0.008107425,0.013049729,0.008030973,0.003835355,0.014161782,0.009650996,0.004991101,0.003399356,0.070971588,0.049089581,0.02444587,0.061039258,0.013532864,0.01415876,0.009744934,0.009143154,0.004053044,0.002480658,0.018147992,0.012045571
HCPex_364_L_CM,0.015381706,0.015620764,0.008691678,0.017955146,0.018088944,0.009490854,0.013713952,0.257713198,0.102950686,0.416764132,0.237944741,0.270143027,0.007420115,0.003542187,0.016267086,0.009723916,0.018688061,0.011227143,0.007737881,0.001711221,0.00147541,0.005249765,0.013715566,0.010393686,0.009170108,0.577171167,0.099954541,0.010956082,0.075716851,0.005252197,0.003653328,0.004495165,0.001589298,0.001565492,0.002602991,0.344092416,0.26958752,0.114706099,0.349505315,0.294292727,0.199239386,0.379522822,0.507705741,0.616802238,0.299330479,0.105566366,0.244431822,0.164162624,0.276251932,0.059441046,0.107698681,0.148071051,0.092430651,0.494234531,0.476058347,0.300051703,0.003936477,0.015798422,0.010437797,0.073537555,0.038511199,0.010916081,0.443524916,0.03611205,0.044249315,0.00406372,0.357612204,0.530477093,0.020860347,0.219528442,0.09900128,0.031737534,0.186330592,0.151043304,0.049211083,0.017769043,0.035794227,0.178724491,0.139952232,0.133055966,0.137584605,0.101452892,0.158308445,0.119693699,0.100420017,0.091786428,0.061423677,0.025137291,0.045279026,0.017846442,0.004352645,0.001355598,0.010080352,0.001720466,0.120127919,0.613678787,0.664781286,0.58121127,0.0258108,0.008917668,0.008752659,0.009532002,0.009573194,0.010537398,0.009880046,0.011896951,0.008598214,0.049914489,0.035487638,0.001903741,0.00948454,0.002403173,0.017319042,0.029521663,0.016449449,0.093033111,0.115038614,0.004127335,0.003558593,0.0070375,0.004187004,0.008581002,0.013063401,0.009848401,0.00958363,0.003388627,0.008586327,0.011009632,0.01265956,0.015617718,0.017599969,0.023853227,0.019685657,0.013094563,0.005719636,0.015499431,0.016643991,0.015956154,0.014812159,0.015794478,0.014002427,0.012903933,0.012115206,0.127076959,0.067013368,0.016521082,0.022578721,0.015607413,0.038863102,0.017120762,0.019397642,0.011172359,0.008044431,0.012584773,0.005363582,0.007268518,0.013992017,0.002476758,0.005194913,0.008186859,0.003625703,0.00673715,0.005707272,0.039315948,0.060097211,0.009977126,0.009753155,0.010434224,0.021717765,0.050229002,0.0876922,0.006364231,0.009843031,0.010948493,0.008380264,0.014381498,0.020864264,0.009294844,0.008310525,0.022844477,0.001282497,0.007795838,0.002044542,0.005118308,0.003152419,0.009619927,0.001587149,0.008986219,0.013008228,0.007600233,0.001853364,0.00831872,0.007731903,0.014932841,0.008952686,0.002805544,0.008980371,0.007960783,0.005241286,0.00717182,0.046621832,0.03382308,0.017892484,0.040356569,0.027802347,0.004965217,0.040005493,0.0348829,0.018556872,0.006630856,0.014618182,0.006821825
HCPex_365_L_LD,0.0152977,0.008750959,0.006862075,0.015827804,0.015685622,0.011678513,0.012511792,0.032307993,0.014138428,0.094492682,0.041439241,0.054762393,0.008331449,0.003161673,0.009465325,0.010452804,0.011307467,0.008679147,0.009537525,0.002895572,0.003298065,0.008959311,0.007550346,0.013784908,0.009575141,0.380692546,0.014124913,0.01015675,0.016784314,0.003544042,0.015399102,0.002369564,0.001355174,0.000694518,0.001413566,0.031704781,0.026331379,0.005086701,0.028378418,0.035460471,0.019779644,0.028523536,0.123852349,0.435772082,0.027902634,0.017839528,0.022139522,0.021369452,0.024492557,0.014933856,0.01224092,0.014630113,0.011402553,0.090446493,0.094718309,0.026580164,0.00147615,0.021460472,0.006042057,0.008647356,0.124822601,0.008472046,0.067211638,0.112888156,0.143954056,0.015504703,0.190488685,0.343612419,0.008543589,0.067693551,0.03465699,0.015264748,0.045099877,0.019261263,0.024002477,0.022624608,0.04147594,0.025044877,0.028295234,0.026032737,0.023948465,0.024910568,0.026714125,0.035007005,0.035921559,0.029089907,0.023140519,0.050949035,0.026156641,0.025138202,0.015746332,0.012098575,0.046038451,0.008687796,0.024875054,0.413422658,0.467109671,0.38906237,0.015304143,0.013382679,0.013115928,0.01280432,0.014669903,0.012306078,0.011295383,0.016875687,0.015383036,0.020066649,0.019493036,0.00907455,0.01023487,0.005019293,0.013974711,0.017786032,0.014771822,0.014968116,0.02131272,0.032070336,0.028411847,0.027205417,0.032529414,0.034446056,0.007401373,0.012385353,0.01511332,0.032502608,0.043144112,0.012743812,0.012742894,0.0128581,0.009169643,0.013977957,0.013962531,0.01292916,0.014510983,0.014722548,0.012397819,0.009366585,0.011043971,0.012615275,0.010427157,0.008894524,0.007456799,0.027381579,0.018842987,0.011101311,0.011833601,0.00832333,0.011905972,0.012486044,0.015408405,0.008171589,0.038775499,0.014939614,0.03261526,0.01126975,0.008532529,0.004255838,0.008528802,0.037812075,0.001792598,0.000868207,0.005487985,0.166709697,0.266963364,0.046898429,0.012487337,0.012366908,0.013579276,0.021630137,0.037440026,0.012050169,0.014427388,0.012675055,0.012415545,0.012506175,0.014513677,0.008620088,0.002430104,0.036267598,0.006061101,0.023280272,0.008659018,0.007687333,0.014328055,0.00721209,0.006367565,0.011464314,0.037107915,0.037988907,0.002105751,0.014890832,0.014697024,0.024355908,0.014581544,0.007206114,0.025737997,0.017453793,0.008943318,0.005853547,0.130092321,0.089477969,0.045105136,0.112183933,0.023407548,0.027917069,0.015220911,0.014477629,0.006185342,0.004154532,0.033153097,0.023029194
HCPex_366_L_LGN,0.205483032,0.211708918,0.077379027,0.232630833,0.241968266,0.173059389,0.190671096,0.01184796,0.008814721,0.02096004,0.032822443,0.024767286,0.107603235,0.003208556,0.105682692,0.143629768,0.176744927,0.076787317,0.121649643,0.030241601,0.036919905,0.124770711,0.167614234,0.279404698,0.161872846,0.033751788,0.025657548,0.128145579,0.05685618,0.008112442,0.260972302,0.000899705,0.000992892,0.000466485,0.000763441,0.031213481,0.021520836,0.003068671,0.033187347,0.018642316,0.007693131,0.035254105,0.026646609,0.028325954,0.038252457,0.075979267,0.034124545,0.054435132,0.04618478,0.119526358,0.021054726,0.023115038,0.008130422,0.022273476,0.029188857,0.01966443,0.000511365,0.005056429,0.00116823,0.003324876,0.008920817,0.00227469,0.059078564,0.012081176,0.018650051,0.052444955,0.04082376,0.037468164,0.014729771,0.078965395,0.090054435,0.036715081,0.048858808,0.039014027,0.066759849,0.086801646,0.034527714,0.047068598,0.055045734,0.05030749,0.049375966,0.072005195,0.064803708,0.152559801,0.090373481,0.111065935,0.074151158,0.019585883,0.049647468,0.02053259,0.0400114,0.042480844,0.029619543,0.076391381,0.062125071,0.02734231,0.037525624,0.037248821,0.139186389,0.206827252,0.239137923,0.20156344,0.361753688,0.229331961,0.207945504,0.168508558,0.413939056,0.086533261,0.099453066,0.056329567,0.159032702,0.134075929,0.141929824,0.120017035,0.146799386,0.061114656,0.056693999,0.010099015,0.009734782,0.007954384,0.021892015,0.008999182,0.442067988,0.265157336,0.387312875,0.009276817,0.01126472,0.436567551,0.208526244,0.173156408,0.124444123,0.17548007,0.131939674,0.075815005,0.032624485,0.086565255,0.131338486,0.106333547,0.122541503,0.146721465,0.266063716,0.095225266,0.177605863,0.058145546,0.102883128,0.191869863,0.100949244,0.091675255,0.071710029,0.13983129,0.178912655,0.104551031,0.031633711,0.097286818,0.008754205,0.130565553,0.163728947,0.046095685,0.093824996,0.028051314,0.001030444,0.000692182,0.054274888,0.014878467,0.019085074,0.032313632,0.397302957,0.178925934,0.108038217,0.063767429,0.070565181,0.036250517,0.303521495,0.255822733,0.27979725,0.354995708,0.149433117,0.450753506,0.000754226,0.003638284,0.001786219,0.007871595,0.002627579,0.003122716,0.0043115,0.004759168,0.001978425,0.00546475,0.013122353,0.010746756,0.001260039,0.005812959,0.005979104,0.010484907,0.006517488,0.002579201,0.008915348,0.006660341,0.003686011,0.002992156,0.047613185,0.032120036,0.015495077,0.041422074,0.008878721,0.008228809,0.005364225,0.005209215,0.002052601,0.001496543,0.011596241,0.006957094
HCPex_367_L_LP,0.009352187,0.005626905,0.004497874,0.009739652,0.00970549,0.007396073,0.007808245,0.021451821,0.011798151,0.096434879,0.04387684,0.056723629,0.00537694,0.003446988,0.006576549,0.006835356,0.007416658,0.005432903,0.006237918,0.00187485,0.002120035,0.005736038,0.00489713,0.008471453,0.005995527,0.514929681,0.012426172,0.006650067,0.012804129,0.003352259,0.009953508,0.002753264,0.001539103,0.000777519,0.001626698,0.030391629,0.026835909,0.004806516,0.027613805,0.034187707,0.016798085,0.027768884,0.145774581,0.638999435,0.027641266,0.014144507,0.019451782,0.018391501,0.022612831,0.010532895,0.009258998,0.011847215,0.009069867,0.079086013,0.099450604,0.022478118,0.001717108,0.025679094,0.007412044,0.008533409,0.163396216,0.010516682,0.077636995,0.148121086,0.182650898,0.007137049,0.225352458,0.41397852,0.008058205,0.073814933,0.031566424,0.011990099,0.048416472,0.015917402,0.017399225,0.014503929,0.030582576,0.023737537,0.027525921,0.025605032,0.021956915,0.020765304,0.025326987,0.032103503,0.032245539,0.025476313,0.01858965,0.048250422,0.020050111,0.017684299,0.007472037,0.00452166,0.031392711,0.003341519,0.022515621,0.599975876,0.587256851,0.480945627,0.008928394,0.007647429,0.007710588,0.00749894,0.009540034,0.007545065,0.00685437,0.009591658,0.010478488,0.012935615,0.011973013,0.003943692,0.006002311,0.002153423,0.008156867,0.010629471,0.008608663,0.010320594,0.018577569,0.014953234,0.01340265,0.012869785,0.015292425,0.016329319,0.004690431,0.0076891,0.01041156,0.015129871,0.020253749,0.008705584,0.008426744,0.008455662,0.005041576,0.008665695,0.008911141,0.007327968,0.006883366,0.00880838,0.008171153,0.005909515,0.007387217,0.008154824,0.006782996,0.005751387,0.004896711,0.025977802,0.013813757,0.007292507,0.006899911,0.005039318,0.008133274,0.008058424,0.009537062,0.005334002,0.017941044,0.007981401,0.015325844,0.007249701,0.005496161,0.002759902,0.005550615,0.017345309,0.002035065,0.000913908,0.00321995,0.200088548,0.344010829,0.033073488,0.008117808,0.007214574,0.008597759,0.016675437,0.032033766,0.005981999,0.009052954,0.007855541,0.008002658,0.008378996,0.009083368,0.005614047,0.002934647,0.046418222,0.002193191,0.009351372,0.003083197,0.003141809,0.004956857,0.002496802,0.002250581,0.004153406,0.014719131,0.016363368,0.000769148,0.006025718,0.005757868,0.00824004,0.005505638,0.002572542,0.010271966,0.006977966,0.003659226,0.002481152,0.050572315,0.034993946,0.017190296,0.043540069,0.009614528,0.009251013,0.006605314,0.006238038,0.002642677,0.001718606,0.012862966,0.008282327
HCPex_368_L_L-Sg,0.14605041,0.155127709,0.058661324,0.165746558,0.171847429,0.118861921,0.133089186,0.052143504,0.023399027,0.088341353,0.057292916,0.061718459,0.075405879,0.00315544,0.087301824,0.100953137,0.129618796,0.056933283,0.084898795,0.020665288,0.024831465,0.084171619,0.121961777,0.20879658,0.123147911,0.135718538,0.039410856,0.100802864,0.061033157,0.006959657,0.168697386,0.001503898,0.001097106,0.000610237,0.001036294,0.093180926,0.066079751,0.009856543,0.100180248,0.064398779,0.032573222,0.104747669,0.110121499,0.128895323,0.092107885,0.08093078,0.069842304,0.073609595,0.091031491,0.102501791,0.032464196,0.040757208,0.020846314,0.102935501,0.109606617,0.049816606,0.00102038,0.008989855,0.002970354,0.012752026,0.02925728,0.004544723,0.113064884,0.029947193,0.041147289,0.041730689,0.104492454,0.142617109,0.01640889,0.095237084,0.089897983,0.037510861,0.064295637,0.046661867,0.061991689,0.071850456,0.044954577,0.057286989,0.060605241,0.056719005,0.054883138,0.070496713,0.06821508,0.133960437,0.091469321,0.103311183,0.071212409,0.028666793,0.052649948,0.026121238,0.033139687,0.0329308,0.033180889,0.056049539,0.069579104,0.127438418,0.167214094,0.150423655,0.109051304,0.15476435,0.178340726,0.151258233,0.270975294,0.171939642,0.156089315,0.129288202,0.311414903,0.074289581,0.082227211,0.042235289,0.117115163,0.095899752,0.109623175,0.096120089,0.113354924,0.058476178,0.06071128,0.019303476,0.017241391,0.017220043,0.025620013,0.020993312,0.318574426,0.19805921,0.292084665,0.01863503,0.024770293,0.323505417,0.159441485,0.133390391,0.093857672,0.132621128,0.101483793,0.060218678,0.030452299,0.070385989,0.102522766,0.078530086,0.097068643,0.113982299,0.195933177,0.072938738,0.128309912,0.065012518,0.092114225,0.139983518,0.080159751,0.071767426,0.061613008,0.109110857,0.138241054,0.07578812,0.035745054,0.073374807,0.018826984,0.089383656,0.119644853,0.031521998,0.064353066,0.033431837,0.00138691,0.00111418,0.038861054,0.043366523,0.061143583,0.035584144,0.293961061,0.134846137,0.084865613,0.061716569,0.075252207,0.032118709,0.227546968,0.19141161,0.210041781,0.2636354,0.113965666,0.327189372,0.001946706,0.010701763,0.003182582,0.014437029,0.004708055,0.006106558,0.007511235,0.012881106,0.003549141,0.012562024,0.02209538,0.021750667,0.002439113,0.011308981,0.011186485,0.024044455,0.012932926,0.005228599,0.01540593,0.011768056,0.007236778,0.006116589,0.073578271,0.05090879,0.025464161,0.064583121,0.019620842,0.013855262,0.017414453,0.015899924,0.00716965,0.003831024,0.019762617,0.011525376
HCPex_369_L_MDl,0.013973545,0.009404038,0.006180841,0.015672046,0.015891942,0.009276882,0.012038709,0.121224513,0.044772592,0.225959344,0.116612089,0.136709783,0.006168015,0.007804061,0.009917087,0.007383917,0.010738087,0.015166229,0.00633463,0.001751944,0.001788494,0.005860927,0.007371167,0.011702468,0.00849756,0.382020641,0.037394286,0.009137578,0.028919143,0.005828187,0.007296744,0.009926272,0.003774777,0.002492207,0.005578032,0.08532987,0.106909995,0.100234127,0.072624674,0.146505163,0.133983618,0.07927316,0.278735538,0.356490778,0.067493047,0.034469754,0.064769587,0.050577161,0.06476259,0.024365626,0.039112184,0.046070869,0.038372479,0.2658094,0.218835031,0.128128918,0.00831942,0.067840401,0.058282537,0.051239626,0.206406914,0.038452372,0.297672647,0.131751391,0.135189319,0.011521956,0.272119503,0.415029994,0.022506454,0.1578683,0.113380128,0.033042794,0.109344428,0.084417078,0.081979204,0.052027087,0.078355277,0.085017733,0.078287996,0.069033997,0.079788273,0.076430686,0.09733728,0.111262533,0.119203113,0.112479688,0.071682236,0.0492805,0.062313872,0.040233927,0.012125995,0.003977386,0.034668212,0.004007231,0.05055303,0.35762973,0.498732851,0.441628132,0.018527656,0.011652343,0.011333526,0.011768259,0.010921695,0.011258199,0.010147295,0.020043603,0.009634872,0.047883496,0.041212951,0.004568323,0.031327235,0.004152168,0.015421027,0.025014718,0.016285224,0.042937128,0.051842658,0.022867619,0.020843722,0.027733112,0.022582445,0.034918054,0.006711561,0.010451059,0.009352068,0.021855296,0.038108412,0.008492401,0.010967177,0.012830277,0.007038576,0.018964849,0.016101203,0.01441739,0.009566721,0.021281791,0.013449187,0.013680218,0.011263762,0.013634846,0.010199188,0.00842313,0.006230516,0.059750443,0.03100913,0.009992054,0.014773542,0.010106565,0.020176941,0.01399185,0.017282698,0.007246857,0.027770098,0.011980779,0.026579394,0.007225898,0.009036738,0.002537268,0.005124092,0.026641492,0.00666017,0.006680001,0.005041969,0.186733574,0.246561233,0.037481489,0.011044645,0.011716442,0.063820398,0.059464399,0.108018295,0.007908122,0.01149525,0.011226487,0.009240135,0.009863802,0.017854172,0.007152181,0.02573569,0.154054634,0.002914942,0.022275141,0.004060235,0.012681371,0.005519149,0.007117173,0.002922488,0.011095449,0.032901925,0.033574152,0.002856795,0.02203778,0.017241951,0.012065737,0.015527365,0.003926291,0.023174272,0.019666923,0.01386859,0.01836878,0.1060467,0.074152361,0.04123963,0.092745012,0.062959115,0.006841448,0.081670322,0.068182153,0.035124416,0.013540909,0.034006252,0.016187109
HCPex_370_L_MDm,0.010368526,0.007754232,0.004858887,0.010026474,0.009105876,0.005695772,0.007924414,0.069475345,0.025946422,0.137090381,0.066624041,0.082611136,0.004261253,0.00511054,0.006756251,0.005506403,0.008190705,0.009964119,0.004748734,0.001312308,0.001213921,0.003665461,0.006604854,0.012242707,0.008518589,0.278305862,0.022705342,0.008599123,0.022887271,0.005296135,0.006676125,0.004218308,0.002234352,0.001226687,0.002478104,0.045468844,0.044985432,0.016232744,0.03669,0.079909397,0.063927279,0.039298971,0.204363623,0.253552947,0.036632622,0.024461315,0.036779505,0.032786505,0.035870094,0.018397167,0.023091251,0.026575216,0.02191561,0.157179372,0.131154506,0.063364735,0.002874779,0.035133461,0.01200319,0.027658482,0.175346444,0.015449241,0.197903219,0.152109954,0.192073988,0.014590483,0.206314166,0.309919268,0.025016089,0.115556659,0.135918877,0.045124014,0.068806922,0.041811817,0.061041771,0.04866258,0.123825055,0.046111888,0.046891303,0.041902919,0.045602204,0.063931644,0.057955117,0.104795483,0.157066519,0.129710247,0.096490228,0.075375919,0.09184405,0.065408501,0.016627329,0.003838012,0.054232166,0.003699456,0.035299155,0.251131673,0.362808053,0.324463249,0.018680402,0.013987306,0.012786885,0.013085788,0.009942521,0.011508046,0.010647323,0.018851569,0.007994981,0.033007348,0.028941877,0.004453729,0.01679612,0.003125607,0.016232576,0.022997995,0.017172109,0.026913446,0.033559878,0.036142983,0.032769486,0.051457889,0.036208804,0.064499719,0.005597131,0.010635471,0.007793303,0.033153374,0.068322328,0.006816837,0.009979636,0.011427467,0.008231951,0.015554695,0.013518562,0.011731202,0.008150667,0.014804303,0.011333432,0.010387601,0.010052831,0.012094327,0.008071317,0.006830589,0.00579825,0.039947192,0.024507067,0.007773984,0.014612329,0.009610849,0.016443821,0.012689963,0.015977372,0.004977374,0.046002819,0.013690013,0.045331678,0.005105568,0.007308519,0.001892703,0.003897444,0.044539569,0.003157809,0.001874739,0.00454515,0.26864523,0.374274753,0.058102261,0.007824332,0.013043572,0.024784909,0.08297278,0.13493688,0.007019974,0.011671788,0.011378769,0.008959554,0.008602927,0.01487389,0.004893532,0.005791302,0.057421572,0.00226632,0.017770815,0.003182952,0.008706895,0.00415651,0.004279148,0.002317987,0.007159671,0.034000414,0.031367806,0.001430266,0.014031066,0.013908498,0.008055088,0.011514315,0.003074319,0.024136426,0.01958277,0.010499719,0.007634603,0.123242113,0.095675949,0.040250041,0.097243973,0.027722088,0.004609781,0.027851421,0.025129,0.011900247,0.005644956,0.032056298,0.010623942
HCPex_371_L_MGN,0.058692569,0.28727554,0.020470478,0.063211057,0.060600785,0.03803279,0.053334615,0.01034007,0.009414218,0.018436244,0.039380656,0.02627464,0.043919658,0.001334165,0.024315191,0.085411613,0.1651288,0.024661042,0.067120541,0.009339177,0.007003225,0.022666389,0.211043987,0.431714356,0.247219901,0.023278783,0.018260587,0.185923208,0.043342192,0.002762173,0.030929091,0.000632431,0.000457616,0.000296589,0.000463239,0.016969667,0.010721685,0.002159343,0.0154813,0.010551015,0.004685281,0.017678944,0.016629954,0.019089474,0.024394034,0.070483994,0.034678417,0.064776211,0.037803428,0.137979159,0.02745343,0.028288845,0.008939158,0.019224561,0.020813814,0.024107448,0.000378969,0.003409282,0.000855943,0.002393399,0.004418666,0.002026703,0.058771265,0.008690152,0.014443235,0.075316563,0.035545064,0.025388968,0.01632373,0.086010059,0.101948758,0.043301153,0.05886354,0.050454951,0.09015099,0.125996134,0.038702004,0.064027034,0.072782233,0.066896408,0.06384133,0.09126797,0.074978926,0.173451954,0.103479053,0.126879097,0.085986202,0.018865487,0.056891194,0.022808404,0.055572226,0.060713707,0.028775901,0.117691135,0.080673388,0.018924897,0.022859728,0.02457875,0.214138087,0.322801213,0.372232626,0.312188416,0.55529015,0.353385766,0.321862291,0.257199379,0.633468043,0.126255432,0.147735719,0.084180475,0.248127201,0.212517488,0.2181701,0.181677543,0.224914369,0.089600506,0.07840446,0.003506418,0.003271733,0.002901632,0.005575814,0.003160062,0.690533535,0.409585027,0.583992563,0.002972384,0.003736598,0.668246417,0.299712175,0.239977048,0.168939574,0.198862324,0.14265743,0.062544621,0.015430057,0.043411668,0.166496459,0.077617431,0.170223437,0.204836335,0.380579037,0.025507855,0.22438343,0.077762969,0.13456324,0.199696292,0.15468882,0.140236007,0.104767282,0.199329444,0.261579298,0.044961201,0.01612618,0.049246064,0.002887194,0.041122944,0.198481429,0.016576765,0.040302287,0.015424181,0.000609554,0.00046226,0.021571334,0.007214942,0.009045075,0.032660432,0.61476845,0.277018369,0.161540182,0.074099489,0.084009455,0.026468111,0.466522144,0.394857037,0.427407331,0.52862698,0.165899587,0.706056706,0.000619279,0.002214946,0.001279384,0.004034428,0.002116417,0.001777331,0.003472082,0.01428634,0.001718788,0.01087484,0.005367073,0.004703684,0.002274586,0.003140275,0.004790104,0.022521978,0.008656256,0.003560948,0.00385884,0.00286109,0.001955668,0.002910664,0.01734651,0.011528875,0.006712907,0.015346126,0.005584523,0.006787905,0.005025217,0.004919355,0.002045899,0.001156922,0.005422022,0.003456354
HCPex_373_L_Pf,0.031535514,0.020617532,0.011098882,0.038972386,0.041506519,0.021395792,0.028236515,0.178537601,0.069098124,0.293392234,0.152424715,0.184448536,0.013814172,0.003990992,0.017645307,0.016644498,0.024279326,0.022362366,0.013148882,0.003045437,0.00327159,0.012199934,0.018026713,0.016406162,0.011989127,0.413282936,0.06890313,0.01312735,0.061264103,0.005045883,0.008193303,0.003866765,0.001752766,0.001202171,0.002236596,0.23060757,0.164552257,0.036059878,0.237326769,0.179594484,0.104994599,0.2546091,0.330419609,0.36046592,0.204484886,0.08286874,0.161825969,0.116528825,0.189006159,0.052241985,0.068985293,0.09443006,0.06112598,0.35059526,0.32918266,0.173973461,0.003034996,0.024078873,0.012281253,0.041678565,0.102114552,0.014762478,0.298350163,0.094133306,0.116007754,0.011106653,0.321770377,0.478308002,0.029990344,0.191496469,0.150485719,0.055580695,0.134575535,0.09502168,0.063817189,0.03914843,0.090676646,0.108562952,0.095019593,0.088871984,0.093699918,0.092254031,0.118035837,0.152906979,0.161624032,0.152116994,0.106734183,0.050594351,0.088838977,0.047484677,0.012117729,0.003543809,0.026738638,0.00435744,0.087549548,0.365810053,0.55748752,0.500607063,0.023042184,0.013850855,0.014309879,0.014188656,0.017539524,0.015204155,0.013829053,0.017230302,0.01758821,0.043864737,0.034384811,0.004327623,0.018059313,0.00557164,0.018074805,0.027026878,0.018267837,0.057756623,0.077077023,0.017505592,0.015148236,0.029355985,0.017279707,0.036263606,0.020395502,0.015250287,0.018069593,0.015008831,0.036820433,0.019741624,0.017274747,0.019343604,0.020117601,0.034245427,0.025258222,0.020998921,0.011794566,0.030037646,0.019387414,0.025005975,0.01643152,0.018411833,0.019739891,0.015638918,0.016288467,0.088754269,0.055817254,0.022139811,0.019169069,0.01392891,0.030464665,0.019128986,0.022603797,0.016875952,0.026751383,0.022101073,0.023225643,0.014351075,0.018748096,0.004518115,0.009302647,0.026745624,0.002911922,0.002814778,0.00956061,0.11942832,0.192621402,0.026251967,0.017693602,0.014128475,0.028710508,0.09041631,0.132461903,0.010943485,0.016688685,0.015973907,0.014478806,0.021934043,0.028677559,0.01732851,0.007324873,0.041644601,0.002985125,0.0168095,0.004656385,0.009722372,0.00703595,0.022779091,0.003609426,0.019957693,0.027460981,0.02222563,0.003636724,0.016127151,0.016224916,0.035775301,0.019154802,0.006631465,0.019477078,0.017210804,0.011385217,0.010763173,0.091453961,0.0689659,0.033857425,0.077046111,0.035206868,0.011184762,0.040264497,0.035945542,0.017089753,0.007476301,0.027626998,0.012217086
HCPex_374_L_PuA,0.036351457,0.030556991,0.020495749,0.040468735,0.041028118,0.027175939,0.031263381,0.19716401,0.077177932,0.325351363,0.149399691,0.195859259,0.019531195,0.003319589,0.036313785,0.025182126,0.037104618,0.019180187,0.021607668,0.005649802,0.006169436,0.019017899,0.025477819,0.03495943,0.023970896,0.4732517,0.095388161,0.0248302,0.085113433,0.005455803,0.031502237,0.003173518,0.001395748,0.001072165,0.001821547,0.336862267,0.240752704,0.038626906,0.365826116,0.237735033,0.125427241,0.382288728,0.411178597,0.481032834,0.307513842,0.117438214,0.212270689,0.155304241,0.273786143,0.075279442,0.077365498,0.11086404,0.068172351,0.386818573,0.402889028,0.16493105,0.00261591,0.015884335,0.008388113,0.048138711,0.055142654,0.010342898,0.337337019,0.051342975,0.062145673,0.009901469,0.303861355,0.463788003,0.021108004,0.165342732,0.097792352,0.028194983,0.122231464,0.070150021,0.043864747,0.026867443,0.045422915,0.100738586,0.084889599,0.085894754,0.076331284,0.071760761,0.094198198,0.126909556,0.096003194,0.096316321,0.05944275,0.02575566,0.046111178,0.023610615,0.009487755,0.005611631,0.018645932,0.007628606,0.107077664,0.476533303,0.570538464,0.500098199,0.031223462,0.026320387,0.02931694,0.026710638,0.043342275,0.03031394,0.027694128,0.026916801,0.04923674,0.038015438,0.033041445,0.006818639,0.020726799,0.011432243,0.026223964,0.031234078,0.026500142,0.058071019,0.084288085,0.01611385,0.013879049,0.019289714,0.015804244,0.023916184,0.042930941,0.033214935,0.048136192,0.015112869,0.025642148,0.049113699,0.033381329,0.032296452,0.023506036,0.036395347,0.032294302,0.021182394,0.012672285,0.026913042,0.030367034,0.0241604,0.027631694,0.029936332,0.035280059,0.027943815,0.025346183,0.098881394,0.075071675,0.035191843,0.025456222,0.020370738,0.037841759,0.029829393,0.035802112,0.024074922,0.02204688,0.022549796,0.018023672,0.022626034,0.026326308,0.008307151,0.01672008,0.021733094,0.002446482,0.002818065,0.010790079,0.066377353,0.102166341,0.020201281,0.043883641,0.025101758,0.026462312,0.04881235,0.080836759,0.012392491,0.037709348,0.033106831,0.034900892,0.044340122,0.033489466,0.043443198,0.006199001,0.024140873,0.001996885,0.013456305,0.002950734,0.007222529,0.00433021,0.007206444,0.002195468,0.008563855,0.021352222,0.019146106,0.001853916,0.012796405,0.010898205,0.012471471,0.010520129,0.003175746,0.014952315,0.012786032,0.008425078,0.008778321,0.069702386,0.051210912,0.026025637,0.060671226,0.030606761,0.006543705,0.03733906,0.031681225,0.016247999,0.006620361,0.021033818,0.010033865
HCPex_375_L_PuI,0.271659384,0.097383123,0.111988213,0.308062312,0.32478621,0.240965651,0.249800255,0.036064731,0.019183859,0.05847239,0.044318537,0.046816373,0.146106422,0.005069889,0.162248922,0.174917878,0.159420753,0.111036491,0.156332154,0.046716355,0.058894205,0.18225487,0.093561098,0.081687098,0.05888534,0.113085035,0.059487146,0.072341075,0.089511377,0.012168011,0.354666368,0.001851075,0.001668494,0.000812087,0.001384458,0.147719493,0.104414303,0.010035284,0.172507205,0.079238953,0.027999468,0.176889912,0.099028509,0.107433582,0.151548536,0.109012572,0.088300266,0.084676493,0.139005036,0.107645939,0.027344472,0.038978222,0.017101064,0.065025178,0.108762248,0.030852384,0.00112501,0.011880526,0.003063459,0.009597826,0.040545221,0.004899308,0.090352424,0.040423407,0.056739223,0.028519382,0.092264199,0.118466933,0.015604404,0.088521738,0.082430772,0.032468582,0.054250694,0.036438091,0.047180929,0.04328961,0.051050578,0.040208143,0.046583043,0.043911808,0.043378058,0.0587539,0.061388441,0.124768345,0.081290829,0.092531269,0.062118794,0.040400925,0.049501525,0.031615627,0.0271662,0.023509286,0.055542887,0.018716175,0.063971679,0.101058986,0.133108566,0.122671055,0.046233804,0.051647564,0.062262848,0.056028757,0.121234992,0.068950809,0.060924113,0.056583728,0.152008115,0.043431678,0.043756578,0.020465583,0.031448385,0.016047034,0.045867939,0.045765098,0.048584991,0.035294273,0.045428515,0.043086943,0.036731171,0.033114609,0.056399318,0.040165699,0.078761552,0.078155195,0.157045378,0.042844829,0.051993993,0.13783134,0.106280284,0.09956363,0.064727912,0.129040725,0.116863487,0.089410075,0.068926228,0.134620281,0.098334003,0.116084154,0.07929212,0.083595621,0.106977095,0.138456031,0.097832236,0.052463746,0.081002428,0.152370985,0.036865161,0.03410327,0.039467415,0.074138917,0.079624277,0.140919608,0.073274972,0.126888985,0.040109459,0.194059228,0.10207113,0.06914726,0.136473009,0.070625103,0.001868595,0.001344669,0.071336031,0.063013515,0.08841058,0.053219775,0.112467808,0.050422477,0.040841962,0.054473802,0.067379029,0.061519426,0.097738573,0.075768813,0.097194072,0.129483158,0.120333773,0.090673544,0.001727952,0.013288155,0.007068562,0.029361742,0.010162605,0.010392218,0.016968262,0.007884792,0.007580245,0.013753083,0.050799364,0.040580343,0.002471943,0.019981758,0.020065582,0.027661318,0.018921551,0.008516735,0.03432248,0.024670536,0.01234383,0.006977835,0.189043873,0.12855391,0.061465484,0.16338161,0.028731864,0.033237856,0.012416084,0.012260452,0.004331465,0.004251835,0.045077699,0.028704212
HCPex_376_L_PuL,0.07776516,0.063643041,0.037265353,0.087342558,0.090163193,0.063010673,0.06925136,0.14360292,0.057495882,0.240930446,0.114391138,0.147041398,0.042471526,0.003306157,0.061178258,0.054887664,0.068295594,0.036837665,0.047535638,0.012653424,0.014786018,0.045721889,0.05248959,0.078370741,0.050625315,0.370654041,0.077853613,0.049119872,0.079736249,0.006251967,0.081907111,0.002513384,0.001293548,0.000902544,0.001508572,0.257097282,0.184477402,0.026908516,0.280206113,0.181558319,0.094562848,0.290078855,0.317683202,0.386914002,0.237510506,0.107310809,0.162753429,0.127634844,0.212852766,0.084599575,0.060545383,0.08522856,0.050733219,0.283960512,0.302367493,0.11888196,0.001972417,0.013086704,0.005467977,0.036426625,0.046683323,0.007779463,0.262392723,0.045235686,0.057640675,0.017778526,0.23357372,0.351737766,0.018619183,0.13775275,0.089110078,0.029705278,0.100106828,0.060560276,0.047082696,0.0373344,0.045335992,0.082202575,0.074363704,0.073707592,0.067027024,0.068389323,0.082219327,0.120737953,0.087661816,0.091287793,0.058794904,0.028546748,0.04611247,0.024835181,0.015704369,0.012491507,0.026408802,0.017731978,0.093430194,0.380468981,0.435196856,0.380928281,0.051012455,0.057313024,0.06548459,0.057439883,0.103030582,0.065844719,0.059797074,0.05378846,0.120560216,0.047436802,0.046066534,0.01502626,0.040199731,0.027653082,0.047674631,0.04849371,0.049084201,0.05512973,0.073997872,0.023505216,0.020053125,0.022662601,0.024049339,0.028113794,0.101501796,0.074422317,0.116363068,0.022804954,0.031810419,0.118720761,0.071101394,0.063619836,0.042916404,0.06758508,0.057376306,0.0380448,0.024744241,0.050632045,0.055386995,0.045249313,0.05080009,0.05593352,0.07723051,0.047938694,0.053947663,0.085461632,0.079841425,0.068644921,0.039786291,0.03394619,0.043891776,0.053572506,0.064258557,0.045502366,0.032513602,0.043195778,0.023962351,0.052215179,0.053805844,0.018930821,0.038291754,0.031796783,0.002042562,0.002143203,0.022029174,0.063615405,0.094359913,0.028461107,0.105606633,0.052290599,0.039842229,0.049629968,0.074635648,0.023744814,0.086763387,0.072640056,0.081245596,0.101587479,0.060914756,0.106573099,0.004310925,0.01750414,0.002884251,0.016073878,0.004179965,0.00750604,0.00638344,0.008774313,0.003082417,0.010133794,0.024120026,0.025128341,0.002069836,0.013879771,0.011916867,0.016763473,0.011911219,0.004262045,0.016921518,0.013600284,0.008917827,0.008244269,0.076570435,0.054248203,0.027598667,0.067855962,0.028504704,0.010806008,0.031753853,0.027461179,0.013686375,0.006050608,0.021962022,0.011916139
HCPex_377_L_PuM,0.021949805,0.015727946,0.010938332,0.023329614,0.023859012,0.019356282,0.019513469,0.029371685,0.014558067,0.09986289,0.046909753,0.059158051,0.014989004,0.003351081,0.016276251,0.019692514,0.020279699,0.014823215,0.018140439,0.005391616,0.006124268,0.015632458,0.013972918,0.019328126,0.014141714,0.417007665,0.019498705,0.0167784,0.020989691,0.003874396,0.024138455,0.002603614,0.001439619,0.000781885,0.001554583,0.047793629,0.043490168,0.008562687,0.046844444,0.058668132,0.037190836,0.047397136,0.184744766,0.576487557,0.043932977,0.024654588,0.029681216,0.02780465,0.037828874,0.021378516,0.012935412,0.016767979,0.011667232,0.090112512,0.110382909,0.027521433,0.001769771,0.021625255,0.00662701,0.01820196,0.125754719,0.010280809,0.156727576,0.115897136,0.142547486,0.008769987,0.176148121,0.26997013,0.014170194,0.087757757,0.058196035,0.018388903,0.052787856,0.024567249,0.027245457,0.021708098,0.045492507,0.028905465,0.033603692,0.030398779,0.030085373,0.033455317,0.038887296,0.066025723,0.057899473,0.053707384,0.033631276,0.048170756,0.032354506,0.025389844,0.009244949,0.004700089,0.034675558,0.00364436,0.028920344,0.540417156,0.384265585,0.317489659,0.015298087,0.014453773,0.01591459,0.014898379,0.026145419,0.016700974,0.015038684,0.017166125,0.031847391,0.019750496,0.018346333,0.004672961,0.009517785,0.002733211,0.014409796,0.017001602,0.015220008,0.015274736,0.023641942,0.020163164,0.01748396,0.018116712,0.020002578,0.022837486,0.01309864,0.018093327,0.032195331,0.020027382,0.027475142,0.02694794,0.022443278,0.02111537,0.011836144,0.022252255,0.02139829,0.01632103,0.01388692,0.023311328,0.020107798,0.016287107,0.01800783,0.018844517,0.018922566,0.013751553,0.014285663,0.030793438,0.022811664,0.020220301,0.012062137,0.009793851,0.013296007,0.017661835,0.019613424,0.014535015,0.024638796,0.016454793,0.020742717,0.020940117,0.015452515,0.008060795,0.016504211,0.02424029,0.002000871,0.001137358,0.007765979,0.157573696,0.264110685,0.037652659,0.022932056,0.01390374,0.014429657,0.028675423,0.052456169,0.012393024,0.022287251,0.017916491,0.021247121,0.024784347,0.021740236,0.016395404,0.00355567,0.036682757,0.002101096,0.009657266,0.002911257,0.003165583,0.004565456,0.00213305,0.002113927,0.003843142,0.015058183,0.017895432,0.000712485,0.006135543,0.005751515,0.007234598,0.005326868,0.00241873,0.010562918,0.007105729,0.003724035,0.002479099,0.050921109,0.035441311,0.017061083,0.043741191,0.009560443,0.008222417,0.006426751,0.006012366,0.002531878,0.001696976,0.012923486,0.007892738
HCPex_378_L_VA,0.011224945,0.007279007,0.00529272,0.012239904,0.012233654,0.007501311,0.009346479,0.087747585,0.033597476,0.178862904,0.089196355,0.107466638,0.005170707,0.006174646,0.008450159,0.006275661,0.008894061,0.010406814,0.005463327,0.001547319,0.001600496,0.00496328,0.005836337,0.009861976,0.007133526,0.384773161,0.030292847,0.007726177,0.024817648,0.005119332,0.007077602,0.007017413,0.002908463,0.001827631,0.003990541,0.070955904,0.080335491,0.060438279,0.062549208,0.112199648,0.095556207,0.069031708,0.245032738,0.427395351,0.058949164,0.029369437,0.052735968,0.04186709,0.055890226,0.020196102,0.029070457,0.035196732,0.028498669,0.200917823,0.178094316,0.089148399,0.005655342,0.050245052,0.036232293,0.039478731,0.188767179,0.027620988,0.263511106,0.14175775,0.158816555,0.01042464,0.237044188,0.352550523,0.021808043,0.133831181,0.101534594,0.030366759,0.086752659,0.057789568,0.06063295,0.040628133,0.073389067,0.061727206,0.05916955,0.052794118,0.058410787,0.060424915,0.07336927,0.100958823,0.106118974,0.097978446,0.062274108,0.056430403,0.056109141,0.038610718,0.011244265,0.003702731,0.037430817,0.003500993,0.041420597,0.415390865,0.438296074,0.382924421,0.014676816,0.009740544,0.009478563,0.00973343,0.00935163,0.009358794,0.008464286,0.01542428,0.008602661,0.034637612,0.029783468,0.004046835,0.021473471,0.003269266,0.012388083,0.019321671,0.013075758,0.030755643,0.039924941,0.019765626,0.017941697,0.024001092,0.019622725,0.030192653,0.005408913,0.00882227,0.008397788,0.018829866,0.033059938,0.007420715,0.009233574,0.010546943,0.005806888,0.013960665,0.01267553,0.010836588,0.00745975,0.014944788,0.010898093,0.009786904,0.009384079,0.011065954,0.008092589,0.007191031,0.005131859,0.047694173,0.025545571,0.008289069,0.011646696,0.008045974,0.015925118,0.011384645,0.013937905,0.006024321,0.024142467,0.009798472,0.022994494,0.006163832,0.006988283,0.002233196,0.004473784,0.023211832,0.004848367,0.004355395,0.003937899,0.196408384,0.292541685,0.040583614,0.008866134,0.009652511,0.041145513,0.051884548,0.094776666,0.006299216,0.009778473,0.009409089,0.007979459,0.008277862,0.013685644,0.005823499,0.016453994,0.10705483,0.002278742,0.016275391,0.003168515,0.008794887,0.004421267,0.005024002,0.002292973,0.007936606,0.025038484,0.024874526,0.001967275,0.015125543,0.012394813,0.009151765,0.011204564,0.003000447,0.017551157,0.014321457,0.009511585,0.012190256,0.084444509,0.058762448,0.031886582,0.072589138,0.042314394,0.005875235,0.052915991,0.044559932,0.022646801,0.008894795,0.025971455,0.012336263
HCPex_379_L_VLa,0.008479906,0.009656131,0.004921248,0.009083151,0.0087648,0.005579829,0.00877582,0.179271303,0.067935621,0.315090655,0.172546629,0.197709843,0.004183728,0.008914943,0.008518461,0.005348406,0.009950184,0.021235646,0.004796615,0.001367223,0.001091862,0.00343711,0.007543958,0.006422572,0.00552188,0.505856137,0.064232236,0.00718517,0.043399211,0.006441131,0.003419359,0.012214407,0.00438994,0.003076247,0.006824217,0.187409559,0.189856542,0.140070698,0.182273927,0.224509858,0.18530156,0.196416673,0.384684944,0.449883541,0.158310132,0.056739285,0.126577023,0.087883566,0.143713915,0.03243413,0.061710201,0.079589164,0.059210728,0.372362698,0.330612012,0.195976458,0.010522326,0.078658128,0.073673447,0.070547554,0.213298047,0.047275892,0.421882995,0.124751647,0.115848072,0.009806091,0.375830867,0.570838796,0.027350727,0.225910856,0.143172102,0.035075287,0.159540309,0.1294211,0.098990034,0.056338606,0.077980684,0.126304596,0.113909362,0.100070027,0.118635284,0.10357169,0.147544167,0.150728652,0.147488518,0.143271671,0.085539567,0.038106591,0.068021658,0.038056679,0.010330134,0.002260199,0.022431169,0.002732006,0.074768829,0.452938352,0.679368127,0.604707295,0.014920026,0.004914514,0.005281754,0.006194249,0.006107385,0.006915276,0.005900807,0.013791429,0.004989352,0.056097031,0.044313819,0.002964053,0.035787487,0.003299811,0.010879665,0.022565345,0.011261607,0.058479384,0.074371319,0.008409301,0.00712472,0.015309992,0.008127574,0.018798103,0.004580703,0.00591516,0.005368955,0.006908948,0.018700167,0.005208611,0.008764048,0.011694361,0.006982087,0.023795033,0.018025432,0.017555949,0.010191852,0.029206079,0.013148516,0.018024742,0.010429403,0.012112874,0.009310535,0.007048145,0.005795884,0.085806435,0.040241199,0.009059891,0.01248287,0.008800852,0.02377899,0.012689122,0.014483753,0.005658393,0.012947351,0.009132412,0.011496199,0.005276597,0.009559043,0.001965409,0.004155243,0.013266813,0.008159458,0.009000218,0.005014063,0.152260698,0.197572492,0.021569037,0.007657037,0.006490487,0.076782597,0.068434491,0.130335118,0.008289233,0.006181952,0.006825624,0.004988556,0.007756796,0.020823112,0.004456053,0.033250715,0.184477783,0.001114353,0.010752385,0.001755656,0.006669838,0.002487175,0.004284645,0.001367856,0.006400653,0.019604799,0.010427265,0.001610481,0.011219412,0.00998084,0.006762402,0.009126783,0.001932016,0.013267629,0.011547401,0.007087524,0.009592087,0.076266209,0.052689014,0.0287575,0.063676701,0.034966839,0.002899959,0.044603061,0.036842179,0.01945316,0.007277998,0.023060977,0.010036198
HCPex_380_L_VLp,0.010724819,0.012476624,0.007955091,0.011521756,0.010879854,0.006297643,0.009563866,0.251806302,0.100517622,0.408441488,0.229925918,0.265260925,0.005575517,0.003985538,0.01534324,0.007530749,0.015761876,0.011462386,0.00624943,0.001497661,0.001160669,0.003672335,0.01097883,0.008117699,0.007472625,0.597519788,0.10195642,0.009569472,0.076292265,0.005357191,0.003817253,0.004922357,0.001802535,0.001603956,0.002810155,0.358583201,0.272735508,0.096784041,0.370185103,0.292263268,0.187925097,0.40262684,0.509201274,0.601336949,0.316328039,0.106390754,0.247359991,0.164871067,0.289361096,0.057181947,0.103420782,0.144632776,0.090006085,0.482305816,0.474760289,0.280640682,0.004283265,0.021303231,0.015448007,0.070991626,0.056793497,0.01502565,0.4548181,0.04821489,0.054713888,0.004623037,0.404324498,0.595197564,0.026085436,0.242436025,0.121083265,0.030179686,0.188126831,0.141129707,0.053818031,0.021115872,0.042741719,0.16794983,0.135434713,0.128326783,0.132908342,0.103883532,0.160747302,0.152207667,0.121172914,0.113256579,0.068875638,0.023622729,0.049374382,0.020464,0.005068805,0.001331314,0.011246449,0.001516404,0.118679504,0.597990699,0.722008418,0.639096528,0.021708269,0.006421833,0.006505472,0.007292338,0.007156946,0.008423307,0.007791744,0.009651333,0.006252646,0.04524322,0.031782269,0.001727377,0.010691191,0.001842352,0.013980531,0.024844322,0.013162214,0.084887165,0.109905245,0.005302953,0.004527551,0.00919861,0.005259678,0.011255041,0.009241383,0.007746604,0.007253035,0.004368915,0.011265321,0.008051406,0.010744719,0.013726573,0.014119615,0.021366219,0.018162031,0.012764821,0.006024977,0.01610273,0.015012379,0.014467489,0.013387904,0.013939068,0.011144585,0.011909209,0.009582497,0.123822342,0.065141144,0.013737361,0.019046075,0.013316598,0.036091663,0.0152719,0.01704168,0.009099781,0.009171419,0.010379456,0.007007538,0.005693328,0.011419234,0.002123695,0.004433651,0.009376837,0.003784082,0.005949145,0.004877589,0.053456606,0.080248465,0.011198104,0.007034702,0.008025158,0.023912388,0.054333807,0.102734328,0.006208436,0.007555893,0.008776558,0.006449343,0.011209856,0.019109235,0.006287163,0.010357056,0.036697463,0.000967641,0.008158791,0.001557504,0.005219943,0.002286652,0.005080823,0.001228059,0.006022133,0.016334888,0.007643863,0.001313235,0.008364054,0.008113065,0.00807228,0.007737331,0.001902684,0.011141799,0.009934862,0.005749284,0.006367044,0.063978032,0.047139063,0.022715253,0.052341357,0.024059239,0.003050108,0.030441361,0.026090516,0.013622368,0.005185946,0.018068595,0.007163531
HCPex_381_L_VPL,0.025696395,0.031067236,0.01014334,0.031489143,0.033080847,0.017031242,0.022311431,0.197254518,0.077666859,0.310265199,0.165066868,0.193044764,0.012133497,0.001795513,0.017263269,0.016306543,0.028555113,0.008612219,0.012620445,0.002457708,0.002516879,0.009606355,0.024614328,0.034799215,0.023665851,0.332314505,0.070104983,0.021242341,0.060955841,0.003358131,0.007763808,0.001915859,0.000757224,0.000721042,0.001117075,0.254508858,0.172039226,0.043304539,0.260761524,0.170624285,0.090815263,0.277279684,0.281242781,0.418669721,0.220445732,0.08591679,0.183340186,0.12808898,0.203433851,0.058304332,0.083681762,0.113473023,0.069954739,0.375799641,0.354651269,0.215905671,0.00159856,0.006366995,0.002978036,0.03243989,0.014301079,0.004033967,0.203978793,0.018712776,0.031104447,0.0074808,0.170441355,0.24533588,0.012937285,0.116855027,0.057797095,0.045700286,0.118949598,0.105326281,0.043138546,0.021759981,0.031296478,0.129112177,0.098055311,0.09561998,0.0943031,0.072477732,0.099378462,0.064698624,0.061641551,0.056099615,0.055985202,0.037723266,0.04752127,0.018835313,0.00663925,0.004573368,0.011453519,0.007679802,0.095734209,0.419656371,0.331700753,0.282448069,0.040765451,0.030248845,0.031196135,0.029212536,0.039905042,0.030878683,0.028924642,0.030679235,0.04232072,0.057705452,0.048494724,0.006337015,0.021079015,0.01306605,0.033843383,0.044890969,0.034017905,0.078976912,0.091533843,0.004086354,0.003613585,0.005474989,0.004343776,0.006685213,0.047753577,0.032690039,0.04008509,0.003630635,0.007003046,0.04509684,0.02860201,0.027971717,0.025121397,0.029972554,0.024721913,0.013147455,0.004846255,0.011858403,0.025171007,0.017097458,0.023214089,0.027372724,0.034629794,0.014316872,0.023604674,0.098205718,0.063647602,0.028140246,0.033738211,0.024372553,0.039750103,0.027861827,0.035135096,0.015464001,0.008177785,0.016160267,0.004716841,0.011571263,0.024799416,0.003747567,0.007917495,0.008025729,0.001575526,0.002708813,0.006837103,0.019665047,0.029580474,0.010830507,0.043764051,0.02883077,0.030731416,0.052388905,0.056690312,0.006436624,0.035972261,0.033089917,0.031774861,0.041136338,0.026457518,0.045774521,0.002997695,0.006305984,0.002598086,0.011950658,0.004017039,0.007637457,0.006600835,0.017105047,0.003004914,0.015305887,0.016607096,0.011683169,0.003044189,0.012341348,0.011003722,0.027168203,0.014052647,0.005031256,0.011376931,0.009586483,0.00718536,0.010557111,0.054760118,0.036178456,0.023958606,0.0520969,0.042016893,0.011333778,0.058453867,0.052981133,0.027110969,0.009801858,0.020101083,0.012361636
HCPex_382_L_Putam,0.033127613,0.008034836,0.012572824,0.042413668,0.046236118,0.022008654,0.026996693,0.060403728,0.022076813,0.102325206,0.047308473,0.059922172,0.012186381,0.001951295,0.024926069,0.012524943,0.013691939,0.014126866,0.009353476,0.002174349,0.002925872,0.012152994,0.007029005,0.011860922,0.008006546,0.142570513,0.01863723,0.007479256,0.020535683,0.00237042,0.00662868,0.001996074,0.000864608,0.000568779,0.001154276,0.052300641,0.041219322,0.02069041,0.049740468,0.047978897,0.032970771,0.054005641,0.086115944,0.107953383,0.044293804,0.023920552,0.039903923,0.030616851,0.042452664,0.017607526,0.021192546,0.026383375,0.019247914,0.12402998,0.103007904,0.052887353,0.001580473,0.0132291,0.008998582,0.012897652,0.040577996,0.00673113,0.08476128,0.02940817,0.037307496,0.005366893,0.110328409,0.184297013,0.007783426,0.055254702,0.037571853,0.020446325,0.042483431,0.032674277,0.02465856,0.015264887,0.026508715,0.034884754,0.031862585,0.02908781,0.031242722,0.029181923,0.035047279,0.035001119,0.04104322,0.038305508,0.03095802,0.023760259,0.027136098,0.014964302,0.005456467,0.003101472,0.018266652,0.002853567,0.027698461,0.113120214,0.222138032,0.195236852,0.016534648,0.013055631,0.0121813,0.012040493,0.010447956,0.010803186,0.010168191,0.016371336,0.00922534,0.022910357,0.021380428,0.00344439,0.008875997,0.002916356,0.01427975,0.019002194,0.014848988,0.022399845,0.026236851,0.029868306,0.027411028,0.018588382,0.023942289,0.024104392,0.007317585,0.01052539,0.008562124,0.032922803,0.02833744,0.008169451,0.008980706,0.009773858,0.005916058,0.015522036,0.012007871,0.011777132,0.008308304,0.018037939,0.009551865,0.013012946,0.008271967,0.010294331,0.008435706,0.015938284,0.006370871,0.029450559,0.020429056,0.011983656,0.013007303,0.008638043,0.013409568,0.010560381,0.013851629,0.014126329,0.024280496,0.015933906,0.026157724,0.011742882,0.007951311,0.003205569,0.006149368,0.021825773,0.001444882,0.001473333,0.006207001,0.055747405,0.064677116,0.021836032,0.009300482,0.011911014,0.016523873,0.027641135,0.03655778,0.006721269,0.01148527,0.010966841,0.009165289,0.008886346,0.013722276,0.007320215,0.004245596,0.02522844,0.006397152,0.059217457,0.009347415,0.036512649,0.01253512,0.014130699,0.006646209,0.02803817,0.076143673,0.077861164,0.009006073,0.067525715,0.044843997,0.021023214,0.040204148,0.008364086,0.05367751,0.048802826,0.039208397,0.065913973,0.192130649,0.147894165,0.102138356,0.197811979,0.228685525,0.013910906,0.327635255,0.264414818,0.143760236,0.051612074,0.08727408,0.048566657
HCPex_383_L_Caud,0.01458157,0.006923351,0.005918305,0.017100418,0.017817144,0.00956163,0.012167163,0.090892035,0.033019101,0.165482519,0.079832412,0.097184899,0.005912403,0.005075201,0.010014936,0.006675625,0.008803738,0.012386733,0.005523518,0.001485905,0.001637936,0.005754106,0.0055219,0.010978019,0.00779119,0.261674598,0.026551173,0.007868695,0.02194323,0.004006844,0.005855353,0.006339707,0.002431205,0.001604478,0.00356967,0.064742017,0.072679192,0.064398033,0.056684301,0.095133523,0.083454419,0.062489865,0.175793442,0.238481591,0.051938034,0.02580732,0.049300641,0.038039452,0.049929515,0.018404875,0.029030102,0.034468952,0.028348503,0.196877002,0.160761587,0.087465499,0.005288332,0.043262772,0.036808148,0.032041621,0.128850973,0.024060475,0.189277874,0.081147475,0.084678204,0.008378418,0.185804378,0.292797136,0.013885944,0.103122912,0.070323237,0.022851846,0.074146246,0.058484233,0.053991136,0.033686555,0.048924222,0.058221769,0.054042443,0.047781687,0.054850788,0.051312153,0.064829934,0.067961959,0.074085553,0.070126304,0.046047697,0.033924883,0.040085163,0.025590781,0.008683558,0.003713101,0.026902259,0.003300765,0.037659431,0.241517101,0.355427873,0.312761757,0.017708652,0.012306435,0.011385241,0.011727883,0.009175901,0.010439182,0.009660354,0.018905046,0.007461003,0.036129841,0.032345574,0.004035248,0.020337525,0.002989338,0.01503276,0.022512763,0.015818101,0.031797352,0.037876463,0.024897474,0.023261247,0.023049606,0.02407631,0.029545878,0.004435932,0.00963294,0.007036666,0.02537435,0.034242423,0.005970169,0.008990024,0.010400663,0.005292815,0.014779703,0.012605281,0.011705431,0.008373053,0.017267464,0.010746006,0.010992356,0.009205071,0.011443542,0.007607589,0.007880029,0.004664443,0.04333751,0.024376845,0.0080563,0.0139711,0.009216232,0.016400653,0.011784873,0.015159466,0.006801523,0.026605361,0.011040089,0.026171295,0.00657579,0.006827961,0.002158021,0.004294864,0.024679061,0.00427404,0.004307758,0.004392057,0.123019193,0.154930323,0.030680945,0.00836045,0.0117241,0.04234706,0.03866261,0.068274259,0.006764015,0.010484219,0.010317123,0.008125061,0.007269239,0.013967492,0.004808541,0.016246924,0.097041983,0.004617053,0.040952329,0.006552051,0.024068706,0.00900186,0.009561015,0.004746926,0.019847989,0.054862289,0.04945513,0.00624705,0.043281642,0.031399121,0.015102503,0.02907277,0.0058431,0.037150339,0.02962929,0.022745499,0.045156724,0.189551878,0.109153942,0.085301409,0.17453409,0.160743527,0.009929572,0.22069256,0.179492026,0.095846379,0.034196733,0.070849125,0.039195292
HCPex_384_L_NAc,0.022554378,0.006776063,0.009775549,0.024133717,0.02386934,0.012819427,0.015252812,0.096830697,0.031039637,0.161084287,0.043702342,0.076676627,0.007990377,0.002656147,0.01584044,0.008689772,0.010902923,0.007897739,0.007251195,0.002085096,0.002426237,0.007990023,0.005228743,0.032077101,0.021402401,0.136050039,0.014851361,0.018401839,0.024460657,0.003753486,0.012376746,0.00166244,0.00102474,0.000522363,0.001008592,0.033762113,0.015070948,0.003248047,0.023769209,0.02245954,0.008439959,0.023624943,0.044338883,0.064601325,0.021986318,0.023213117,0.034204328,0.033631382,0.024182758,0.022936241,0.028309247,0.029560125,0.026404602,0.206519131,0.142210547,0.045632586,0.000947893,0.014894133,0.003563544,0.003146713,0.049606838,0.003166997,0.021718688,0.034560994,0.054469443,0.014810774,0.11960385,0.226656824,0.004104211,0.036691256,0.01739061,0.010381687,0.036207519,0.023007171,0.028934539,0.020197029,0.025331236,0.031434434,0.030730168,0.030138046,0.025654415,0.028173631,0.018576971,0.016700076,0.018719878,0.014260154,0.013266624,0.036409585,0.015276903,0.016440188,0.014725711,0.012659238,0.05919437,0.009035306,0.040107514,0.08437463,0.273738446,0.237941422,0.050424829,0.042844341,0.037180021,0.037431174,0.02183991,0.029545953,0.028664984,0.053797859,0.014660105,0.048058505,0.053100953,0.011205684,0.010047838,0.005236479,0.044771229,0.055772562,0.046948395,0.037734962,0.03804932,0.088866473,0.085489122,0.064543077,0.08933957,0.084974602,0.004864287,0.027316562,0.012244267,0.09397537,0.108130763,0.008123045,0.018131366,0.019394298,0.007810618,0.013187699,0.016444241,0.01423,0.015988364,0.013570952,0.018633828,0.00785579,0.018071554,0.024189448,0.009914743,0.013138197,0.004826829,0.040935366,0.037551442,0.010008385,0.038823502,0.023954116,0.030206627,0.025229975,0.036484941,0.008935712,0.089026338,0.022277254,0.088252894,0.00873578,0.006661786,0.002958852,0.005593697,0.079661498,0.001310203,0.000670354,0.006058408,0.138497996,0.125958747,0.078208567,0.014637656,0.037365276,0.021690506,0.012936453,0.026860351,0.012416041,0.029267019,0.028844659,0.021241497,0.010085901,0.016208994,0.005852328,0.001159647,0.017558048,0.010644381,0.059390434,0.012936918,0.030734988,0.017416052,0.008511466,0.008592095,0.01924332,0.077709957,0.124551571,0.004881178,0.048773922,0.03559959,0.021180123,0.029720955,0.010021976,0.056965635,0.04329431,0.031990769,0.039304638,0.213779987,0.153335247,0.076278376,0.192205447,0.125481151,0.023207426,0.151320632,0.139158103,0.061988411,0.026473941,0.064804126,0.032720067
HCPex_385_L_Gpe,0.024887133,0.007479476,0.006537699,0.032637828,0.036120946,0.017287447,0.021446336,0.06984877,0.025988725,0.119915642,0.061172573,0.072692435,0.009531317,0.002822581,0.010390838,0.010005389,0.011218129,0.01233743,0.007525479,0.001740631,0.002291837,0.009526625,0.006409809,0.009124983,0.006347534,0.172683381,0.022349897,0.006235286,0.019377365,0.002663343,0.004229102,0.003366372,0.001323187,0.00090479,0.001917382,0.062588675,0.057075671,0.038458468,0.059048336,0.068272786,0.053368303,0.064731593,0.119669334,0.147298176,0.052489609,0.024048262,0.046776647,0.034372224,0.049855671,0.016693334,0.024532916,0.030850674,0.022693056,0.143976616,0.121834064,0.069706594,0.00279306,0.021793166,0.017621415,0.020971666,0.064010401,0.012278839,0.133821229,0.044806771,0.053977759,0.005939054,0.127253668,0.202800105,0.012286545,0.074104576,0.058433837,0.03752553,0.055654771,0.047384731,0.035975019,0.022168135,0.042008549,0.045958608,0.041879522,0.037050784,0.043177879,0.040227506,0.050594913,0.048945687,0.065603062,0.061611418,0.053264244,0.037435934,0.046878344,0.023653487,0.006278695,0.002479521,0.018106961,0.002522501,0.030703432,0.151118198,0.245320523,0.216268766,0.013452368,0.009437314,0.009015197,0.009039684,0.008388403,0.008481036,0.007853127,0.01294595,0.007531691,0.02592993,0.022266654,0.002832285,0.012613906,0.00278471,0.0113109,0.016629517,0.011753578,0.025264916,0.030224339,0.01570317,0.014627713,0.013449476,0.014471424,0.017241762,0.006597204,0.008174036,0.007149853,0.016314784,0.019847039,0.007072894,0.007655902,0.00862457,0.005581341,0.014187518,0.010941028,0.010301195,0.006650926,0.015807438,0.008636906,0.01153719,0.007333951,0.00896172,0.007663797,0.008478163,0.005690251,0.034099235,0.020017612,0.009998673,0.010728607,0.007267296,0.012939096,0.009231842,0.01163499,0.010452958,0.016409561,0.012504046,0.015784524,0.009386942,0.007277776,0.002578878,0.005015453,0.015077162,0.002354325,0.002562368,0.005084247,0.065375181,0.082943163,0.018816392,0.008066352,0.009000392,0.024257935,0.048310231,0.055698833,0.005502716,0.008900153,0.008612254,0.007183299,0.007847742,0.012524212,0.006455675,0.008178274,0.046450017,0.006291913,0.055965478,0.009174415,0.035522546,0.012147009,0.021960643,0.006585254,0.031761602,0.068624611,0.076275723,0.009031335,0.065996591,0.044322772,0.032529682,0.04105233,0.009506891,0.048936931,0.046869976,0.039837448,0.059989442,0.168199688,0.121918384,0.084435868,0.17089505,0.204569809,0.014044424,0.294325629,0.239217709,0.129601485,0.047174887,0.072835651,0.04041707
HCPex_386_L_Gpi,0.06167456,0.009847616,0.008607005,0.085950414,0.098184763,0.04462842,0.053107711,0.052236177,0.020154348,0.086078535,0.045829109,0.053322616,0.022990552,0.001795155,0.008475729,0.022741597,0.021219666,0.009001912,0.015990556,0.003312345,0.005266788,0.02379076,0.009140663,0.00933872,0.006280569,0.106073414,0.019843438,0.006020089,0.019196424,0.002588324,0.00384127,0.001469395,0.000774662,0.000503462,0.000926625,0.056443857,0.04253709,0.017725014,0.055334163,0.046690621,0.029963026,0.059371274,0.08067847,0.112101718,0.048782227,0.024272693,0.041525277,0.03074852,0.045907405,0.018012838,0.020386739,0.026652589,0.017845827,0.103711371,0.092725005,0.054974482,0.001078421,0.008688177,0.003715199,0.011402476,0.024615889,0.005927639,0.075139518,0.044643885,0.098614943,0.009051179,0.06633643,0.100911452,0.035994035,0.050241688,0.106045704,0.202345069,0.038898673,0.035719088,0.039793405,0.029438655,0.10956303,0.03605492,0.031811265,0.02885961,0.03274882,0.044005457,0.037561464,0.04924148,0.14057863,0.12543549,0.196166798,0.172838819,0.185292784,0.073691844,0.010626245,0.002812695,0.031776772,0.003338877,0.026139332,0.11342717,0.127170829,0.110889746,0.010886247,0.008157889,0.008408838,0.008088266,0.010178966,0.00844185,0.007677082,0.009473999,0.010383903,0.022449449,0.018144995,0.003009895,0.011976986,0.004114937,0.009372396,0.013562266,0.009753871,0.020662084,0.024979984,0.005651388,0.005259242,0.006095241,0.005779763,0.007640714,0.011135976,0.008613373,0.009970555,0.005476013,0.008477055,0.010879387,0.008215516,0.008723551,0.007006943,0.011551891,0.010105113,0.007222787,0.003427301,0.008211226,0.008436844,0.011017822,0.007142229,0.008499757,0.009754126,0.010747567,0.008794431,0.028009754,0.018353757,0.018322094,0.008753731,0.006327968,0.010969858,0.008679117,0.010584857,0.023569777,0.009105809,0.021803657,0.006164249,0.020840794,0.009562477,0.004954234,0.009136898,0.008107089,0.001247014,0.001314813,0.00789278,0.040324989,0.057396424,0.021058557,0.010594918,0.007916712,0.016391869,0.198904581,0.101907553,0.003569922,0.009557737,0.008876215,0.008207065,0.010545808,0.01104184,0.010662954,0.002241788,0.011578232,0.009940511,0.042741258,0.014536018,0.029792775,0.023468932,0.064495037,0.010744295,0.055684975,0.058193599,0.047098438,0.01032456,0.044304354,0.039947257,0.101503395,0.050384066,0.018570189,0.040411203,0.036154335,0.029215002,0.036237328,0.179144819,0.119543768,0.079604354,0.171545608,0.125387984,0.038915851,0.154847246,0.149903413,0.067103838,0.027031595,0.068042618,0.041241103
HCPex_387_L_Amyg,0.027326661,0.014778255,0.012558749,0.027982288,0.027623813,0.021399063,0.02251111,0.02872136,0.011981622,0.069214642,0.03042556,0.040210611,0.015163441,0.002759387,0.017335592,0.019095333,0.01982902,0.014441265,0.017502349,0.005336733,0.00614751,0.016726086,0.012922294,0.019976098,0.01406386,0.221938917,0.015727312,0.01579373,0.022453741,0.003840139,0.030487124,0.001771089,0.001093845,0.000558662,0.00109354,0.030399875,0.023196905,0.003910303,0.028902751,0.028222667,0.014955355,0.02911377,0.080750739,0.239878328,0.028254825,0.023354729,0.021479924,0.022360439,0.026346055,0.021395553,0.011554854,0.01360644,0.009877587,0.071793846,0.071189681,0.020489964,0.001077204,0.015539964,0.004075292,0.006143688,0.078577709,0.005715341,0.046565556,0.07252451,0.099692927,0.029427768,0.122805775,0.2150545,0.007826169,0.050688504,0.031720556,0.01904576,0.034214346,0.018655693,0.029975062,0.035277198,0.055929287,0.020895614,0.024448557,0.022155637,0.021762125,0.02565634,0.023935726,0.033303202,0.032270862,0.027350228,0.024805151,0.059702515,0.031855523,0.036678514,0.029016336,0.025083108,0.07163418,0.017035633,0.024075289,0.229740872,0.28343838,0.239346794,0.018365571,0.017132731,0.017740645,0.016994049,0.024079515,0.017521596,0.015847194,0.021438325,0.027236933,0.023347973,0.023085479,0.019376397,0.016689471,0.009313582,0.017212058,0.020896521,0.01832375,0.015510669,0.020021107,0.0526673,0.044455743,0.042571072,0.054146777,0.053014751,0.012387198,0.018264699,0.027185875,0.054082419,0.069906124,0.022963986,0.020817682,0.020433036,0.015909632,0.023218515,0.023161041,0.02273437,0.027736383,0.025752632,0.019656964,0.015557768,0.01714866,0.018824428,0.017624508,0.016182919,0.013024458,0.024486712,0.023247418,0.01950421,0.014266486,0.010679231,0.013937171,0.018166207,0.021507873,0.014745319,0.068150839,0.027373337,0.052159803,0.020697368,0.014592052,0.007857196,0.015724558,0.068673485,0.001417246,0.000719978,0.010046017,0.115615473,0.171931735,0.066182941,0.021062721,0.016086028,0.018888707,0.02514836,0.038037133,0.023430626,0.021957771,0.018376761,0.019835254,0.021790151,0.024095751,0.015025498,0.001642897,0.023428026,0.013092924,0.047389728,0.018933054,0.015543951,0.032171953,0.014034246,0.014109006,0.02390225,0.080052513,0.066547604,0.004271135,0.030409081,0.031493316,0.053425351,0.031082505,0.015610497,0.054492634,0.037784466,0.01842938,0.009978435,0.295279409,0.201104943,0.10153261,0.254446648,0.041771587,0.063937615,0.014692091,0.015222332,0.004812883,0.006125951,0.073048351,0.053760187
HCPex_388_L_SNpc,0.053702823,0.006891636,0.007089652,0.075055875,0.085863371,0.038855558,0.045959306,0.027912181,0.011149485,0.046743919,0.02756446,0.030299041,0.019819985,0.002316093,0.006488801,0.019277721,0.017338898,0.006005053,0.013469941,0.002814885,0.004542609,0.020673471,0.006513307,0.006183591,0.004101749,0.057341041,0.015138482,0.004165137,0.015886498,0.003461797,0.003116839,0.001545358,0.000989527,0.000559196,0.001047958,0.03059279,0.024030488,0.011089702,0.029253754,0.026441065,0.017131204,0.031063124,0.044284908,0.063107978,0.027473157,0.017518261,0.022398189,0.018476545,0.026090626,0.013209288,0.011350736,0.014563037,0.009796409,0.055918243,0.050814717,0.031120682,0.001018543,0.010130194,0.003122969,0.006718435,0.023725698,0.00807486,0.048059172,0.070035833,0.177588285,0.014345925,0.034481359,0.05066402,0.068896507,0.041011028,0.184587293,0.410674984,0.026093818,0.02653345,0.059311837,0.04808675,0.207302566,0.023148466,0.023032709,0.020004064,0.025110706,0.056321657,0.030270595,0.065050838,0.254418578,0.226397038,0.385186679,0.348510088,0.366907858,0.142670404,0.017771267,0.003398991,0.056166149,0.003756113,0.017574047,0.063440669,0.063834381,0.05609512,0.00649887,0.004910367,0.005307156,0.005205087,0.006870808,0.005707117,0.004963787,0.006374406,0.006950565,0.021395182,0.016550628,0.003208181,0.015628307,0.003935559,0.005928667,0.009615999,0.006485582,0.012781329,0.016357659,0.002613139,0.002496469,0.002777671,0.002879879,0.003410623,0.007312204,0.005669646,0.006687608,0.002426999,0.003786043,0.00724443,0.005843806,0.006561458,0.004588328,0.007762309,0.007941067,0.005303845,0.001951461,0.004634677,0.00650984,0.007645267,0.00539171,0.006321573,0.006787785,0.008663108,0.006292885,0.019173139,0.013241401,0.014792354,0.005124171,0.00387666,0.007360122,0.006560857,0.007654336,0.020114375,0.005274395,0.017874058,0.002754222,0.017779043,0.00691239,0.004173348,0.007551879,0.004494778,0.001426124,0.001090055,0.006311647,0.049590222,0.070513642,0.032461645,0.007224542,0.005029832,0.019561359,0.394902668,0.177129514,0.002380831,0.006375322,0.005945055,0.005410561,0.007012459,0.00852816,0.007175292,0.001914874,0.01071545,0.013513273,0.047099667,0.018505936,0.038739053,0.031624489,0.058700543,0.013115877,0.053971692,0.077502617,0.036376613,0.009715757,0.044072385,0.044534978,0.096322784,0.053297723,0.019216081,0.05148445,0.043005792,0.031135493,0.043264723,0.291513965,0.192452186,0.129486599,0.268424174,0.145606296,0.05104384,0.137018462,0.157129992,0.05119423,0.024133639,0.108887239,0.065370227
HCPex_389_L_SNpr,0.046878533,0.006192238,0.006438712,0.065442367,0.074789449,0.033795229,0.040129003,0.054214386,0.021073806,0.092535573,0.052831741,0.058381045,0.017333679,0.002465512,0.006242116,0.016889289,0.01559662,0.005739677,0.011818562,0.002476786,0.003945607,0.017934744,0.005892459,0.005227,0.003842503,0.121088475,0.021870208,0.004118023,0.018865992,0.003581403,0.002361436,0.002066131,0.001076202,0.000741076,0.001338775,0.052510644,0.050158796,0.036773869,0.048900412,0.059277985,0.047578105,0.052029176,0.09984938,0.13619136,0.043994233,0.022022995,0.038265903,0.028421798,0.041088164,0.015032306,0.020710807,0.026135382,0.018561683,0.110557871,0.097030454,0.064519413,0.001532227,0.010755082,0.004261669,0.017084037,0.024403226,0.008131159,0.095321131,0.063107596,0.155536951,0.012391772,0.068286175,0.103208438,0.060205848,0.059144872,0.165071578,0.353550249,0.044714319,0.043474239,0.056007116,0.042482286,0.179913647,0.042482998,0.037274128,0.033250635,0.039254819,0.059593007,0.045294919,0.064488182,0.224354662,0.199495008,0.333436962,0.300153803,0.316933422,0.123339279,0.015388235,0.002842531,0.04871261,0.003048089,0.026150953,0.136385957,0.134085496,0.115844837,0.008233881,0.004447255,0.004548911,0.004732612,0.005281435,0.005079706,0.004493605,0.006194987,0.005017351,0.025124091,0.018827793,0.002671437,0.013743682,0.003032557,0.006756051,0.011842128,0.007112609,0.022362446,0.026676992,0.002494458,0.002444624,0.002835218,0.00277266,0.003474214,0.005388342,0.00477936,0.004920854,0.002280596,0.003757437,0.005243278,0.005310936,0.006368711,0.004550196,0.007658288,0.007913041,0.005266186,0.001980729,0.004788274,0.006581246,0.00730309,0.005544062,0.006388211,0.005834941,0.007992876,0.005557669,0.030047495,0.016437556,0.013210846,0.006768289,0.004789132,0.010087556,0.006755491,0.00766332,0.017790085,0.004931322,0.015944604,0.002700594,0.015538305,0.006315766,0.003662282,0.006640783,0.004268054,0.001847042,0.002412731,0.005666521,0.045916916,0.06536805,0.028426413,0.005435153,0.004840055,0.019115565,0.341082407,0.158427275,0.002364461,0.005193535,0.005188574,0.004293185,0.005626551,0.008366727,0.005039888,0.002822398,0.012277313,0.011306318,0.038184583,0.01547012,0.032831741,0.026457904,0.051108239,0.010978109,0.046596674,0.064218043,0.026840224,0.008602274,0.036141133,0.036990783,0.083339625,0.045252626,0.016285514,0.042574783,0.035239553,0.025093344,0.038982325,0.247763423,0.164825268,0.10922844,0.226980837,0.136088094,0.04260011,0.145238687,0.158817724,0.058267425,0.024626575,0.091808197,0.054113211
HCPex_390_L_VTA,0.207353487,0.009467905,0.021276691,0.295229548,0.341070785,0.15202216,0.178294051,0.009548901,0.003869024,0.0162518,0.009916668,0.010769364,0.075162805,0.001238724,0.012930994,0.070447699,0.054820305,0.015921803,0.047969184,0.009709891,0.017172134,0.080068418,0.012177232,0.002771486,0.001791071,0.020894826,0.006943278,0.002191532,0.011481816,0.001878552,0.003161502,0.000779,0.000522631,0.000281547,0.000533864,0.010218286,0.008043842,0.003517247,0.00945749,0.009131185,0.005812991,0.009979452,0.015578898,0.020596099,0.00998413,0.015347165,0.007574187,0.007484523,0.010289132,0.016323077,0.003879034,0.004908339,0.003359749,0.019352759,0.017555136,0.010086344,0.000494076,0.005483694,0.001621278,0.002418716,0.014356281,0.004205369,0.019058984,0.037885861,0.093375701,0.007629036,0.013962883,0.020789995,0.035346531,0.01860197,0.095763166,0.210964836,0.01063598,0.011149202,0.031168966,0.025786107,0.108466031,0.008646669,0.009769011,0.00820869,0.010849053,0.028359063,0.013304123,0.032747757,0.132278014,0.116846569,0.198502466,0.179209127,0.189364906,0.074294369,0.009445134,0.001768519,0.029346172,0.001873177,0.007730714,0.020827164,0.025199754,0.022512068,0.002548536,0.00197238,0.002222125,0.002266062,0.003147021,0.00258236,0.002097375,0.003020786,0.003055988,0.010322003,0.007977089,0.001658321,0.008143243,0.001842574,0.002488583,0.004259497,0.002848167,0.004694671,0.006544639,0.002582119,0.003332818,0.002442492,0.004049536,0.003006553,0.003074591,0.002507061,0.003166275,0.002454869,0.003349267,0.003244473,0.00349905,0.004371208,0.00280663,0.007031668,0.008496711,0.005868914,0.001986759,0.005618347,0.005516541,0.018953238,0.003298013,0.004278219,0.006298177,0.025376,0.012253176,0.008032503,0.008885911,0.04415884,0.001950622,0.001531768,0.003213597,0.004025198,0.004994936,0.074809656,0.010306345,0.062780961,0.002745562,0.06651273,0.01308247,0.014544797,0.025794073,0.007471464,0.000719308,0.000454753,0.021317264,0.027984748,0.04078964,0.017327818,0.003265797,0.002151902,0.010366788,0.20338977,0.092669083,0.002477467,0.002943017,0.002664044,0.002478272,0.003726899,0.008572788,0.003091532,0.000925751,0.006046021,0.016075001,0.033472504,0.026634105,0.019253033,0.044799367,0.221765375,0.021995217,0.15966008,0.042469139,0.019571902,0.025489001,0.024144034,0.05354313,0.340513851,0.111407073,0.050321582,0.031142925,0.022028948,0.015938311,0.023401788,0.144357983,0.09955825,0.072519948,0.129434136,0.057714656,0.087523179,0.039322771,0.05420184,0.010727323,0.008547628,0.062659577,0.041446539
HCPex_391_L_MB,0.213795112,0.012455681,0.022771325,0.303564245,0.350244265,0.156471849,0.183979412,0.035906465,0.013829423,0.059976831,0.031717581,0.03727468,0.077749654,0.001263296,0.014791346,0.073410782,0.05840329,0.018914292,0.050193735,0.010177412,0.017774836,0.082515559,0.014884099,0.005110865,0.003536137,0.081458374,0.013772349,0.003910361,0.016765427,0.00163902,0.004655669,0.001084454,0.000541601,0.000347228,0.00065737,0.039108384,0.029715649,0.011049738,0.038278612,0.034294001,0.022437608,0.040695267,0.063527491,0.081096036,0.034012955,0.023853727,0.028420864,0.021460738,0.032377739,0.021955661,0.013782499,0.018116533,0.012212104,0.071736605,0.064431545,0.037072305,0.000801933,0.007115227,0.0032541,0.008550123,0.02892922,0.004105655,0.055342151,0.032591477,0.052689786,0.005182475,0.054778698,0.082782957,0.014306258,0.036987423,0.054524882,0.06946203,0.027738344,0.023960374,0.024081924,0.017375569,0.051896209,0.024297329,0.021835892,0.019746146,0.022251784,0.027119954,0.025912137,0.031490092,0.068691566,0.057602203,0.075530442,0.060486459,0.071202503,0.0321223,0.00590866,0.001607278,0.014694309,0.001797508,0.018173539,0.081795347,0.101426519,0.089348215,0.006417432,0.004312092,0.00444541,0.004448638,0.005555134,0.004714076,0.004160912,0.005608826,0.005465293,0.014369705,0.011466719,0.001735772,0.007061188,0.002067256,0.005467358,0.008359759,0.005726744,0.013449493,0.016803878,0.009597424,0.013209638,0.00941883,0.014453117,0.011861711,0.006036069,0.004680942,0.00563183,0.009347412,0.012963619,0.005988702,0.005720439,0.006684271,0.005850751,0.011484794,0.011354061,0.008361486,0.003799416,0.009467636,0.007761405,0.022528656,0.005206132,0.006533518,0.009032788,0.027515843,0.014730442,0.019093486,0.01504063,0.047422427,0.005197647,0.00373544,0.007185212,0.006289078,0.007823323,0.077697231,0.017362477,0.066970215,0.010767729,0.069122925,0.01582024,0.015266679,0.027287433,0.013685869,0.000857809,0.000836791,0.022936323,0.036824166,0.058500622,0.011385833,0.005678099,0.004398196,0.010614222,0.074184787,0.054413976,0.004006056,0.005293678,0.004901746,0.004520208,0.006809023,0.011860386,0.005488458,0.001753267,0.011641567,0.013077928,0.023428687,0.02325405,0.008528217,0.038720625,0.225897075,0.019971428,0.159386586,0.022267753,0.01394932,0.025358157,0.014982412,0.045511702,0.34463294,0.106392226,0.049373002,0.018288184,0.011014773,0.008236955,0.013000283,0.060355951,0.044330298,0.035534184,0.053053681,0.025737356,0.079405047,0.022351999,0.024992683,0.00804161,0.005356207,0.031702102,0.023358426
HCPex_392_L_Septum,0.016264012,0.007455694,0.006966633,0.015355955,0.013907949,0.008325931,0.010021932,0.118268187,0.03810386,0.197954279,0.056057964,0.095570624,0.00583812,0.003162251,0.008946604,0.006959525,0.009970768,0.00611478,0.006067728,0.001785253,0.0018764,0.00555616,0.005613835,0.037964729,0.025422994,0.174684263,0.017729458,0.021864884,0.026703795,0.004260821,0.012465166,0.002066685,0.001241313,0.000642804,0.001241522,0.042805867,0.021437087,0.00472546,0.030472687,0.034214979,0.016724729,0.030288913,0.072657185,0.091514341,0.027736484,0.025805677,0.042331385,0.040808492,0.029841306,0.025712998,0.034643183,0.036380975,0.032420274,0.252693855,0.175572066,0.058386725,0.00120968,0.018256563,0.004413991,0.00620774,0.064227751,0.004401036,0.039397749,0.046146388,0.069670263,0.01087527,0.153209031,0.279893072,0.006718335,0.05261001,0.030397397,0.014117696,0.047541995,0.030129563,0.035624453,0.02241236,0.033931657,0.040102833,0.039138163,0.038014345,0.033376997,0.036898999,0.026761271,0.028606933,0.033214422,0.026083311,0.021763936,0.040987805,0.022745141,0.019862121,0.011038642,0.00770193,0.059738723,0.005731379,0.048516512,0.114446016,0.334825354,0.292768483,0.059913403,0.050741929,0.044010848,0.044287038,0.025973501,0.034966082,0.033980631,0.06339969,0.017713665,0.056875374,0.062532585,0.008953579,0.010178125,0.003889547,0.053074377,0.066035687,0.055595958,0.045832227,0.046429857,0.093525142,0.091827077,0.073484255,0.097451528,0.097002021,0.005876103,0.032361065,0.014904004,0.097911938,0.121767258,0.00994088,0.021404418,0.022627768,0.00772077,0.013017161,0.01746022,0.012544795,0.011942423,0.011102072,0.021576338,0.006839471,0.02131307,0.028420854,0.011351069,0.009837047,0.005253058,0.050052844,0.044030517,0.009530802,0.04619161,0.028516735,0.036030245,0.029632363,0.04276501,0.006392904,0.095643443,0.020899773,0.096809833,0.006747784,0.006998757,0.002527137,0.004875474,0.084485932,0.001611964,0.000847306,0.00536592,0.170214155,0.1606787,0.084027198,0.017261141,0.044235103,0.024898585,0.020006076,0.039803327,0.00966702,0.034682518,0.034151654,0.025271192,0.012063286,0.016644571,0.006886633,0.001565183,0.022119943,0.009280136,0.052261826,0.010867566,0.024708853,0.013657915,0.007973711,0.007059734,0.015884892,0.063123253,0.125581165,0.003959304,0.039591634,0.027917787,0.017516576,0.023521516,0.008588631,0.047784612,0.033695666,0.025583064,0.031988764,0.153916579,0.113018811,0.05617394,0.138313857,0.100879568,0.016023802,0.125431513,0.116146365,0.051708585,0.022080464,0.049795913,0.024228457
HCPex_393_L_Nb,0.016979305,0.006940696,0.008313156,0.013557821,0.010404771,0.006698976,0.008333213,0.155632352,0.049206273,0.25682816,0.065399467,0.119576402,0.004983645,0.004047982,0.010186635,0.005937285,0.009988951,0.004770961,0.005337648,0.001691326,0.001622768,0.004625452,0.004738118,0.050858989,0.03400755,0.191768391,0.020427726,0.02879512,0.033596966,0.005445236,0.016418009,0.002510115,0.001560737,0.000779118,0.001516071,0.048405529,0.018609327,0.003198694,0.031862716,0.029493846,0.008698992,0.030772739,0.056394138,0.080970487,0.028837592,0.031225472,0.051234179,0.05084923,0.03253862,0.032150684,0.044634812,0.045931077,0.041839905,0.331798151,0.224470618,0.069390667,0.001382161,0.023303311,0.005108323,0.002999835,0.081534855,0.004497916,0.019626579,0.05613817,0.086017069,0.011687061,0.172537599,0.332926669,0.004504465,0.048217227,0.017401318,0.009826151,0.052059312,0.032732238,0.039372504,0.022911231,0.025916216,0.046928521,0.045293924,0.045087202,0.036959837,0.039748169,0.024130866,0.017997055,0.018347987,0.012929468,0.011854528,0.048606494,0.014193143,0.016296405,0.011515866,0.009068792,0.079867133,0.006279651,0.062075245,0.114558716,0.402487662,0.349273478,0.082413568,0.069826639,0.059988907,0.060549629,0.032879646,0.046980372,0.045877248,0.087340573,0.020568122,0.074706209,0.083965737,0.011928652,0.010591463,0.004052224,0.072965561,0.090368657,0.076429638,0.060141022,0.0594908,0.1383299,0.134626936,0.100570499,0.145906201,0.132992181,0.004617608,0.043091371,0.016576564,0.146552732,0.174004817,0.009562693,0.027127549,0.028937281,0.008361932,0.013431061,0.021414009,0.015877497,0.017417534,0.011421438,0.027613074,0.005421261,0.027726931,0.037459573,0.012374505,0.012074534,0.004398785,0.063367117,0.057863238,0.009504815,0.063482144,0.038815013,0.048395969,0.039324469,0.057489677,0.005790522,0.143007043,0.0283733,0.139746247,0.005590963,0.006538336,0.002297215,0.004245868,0.126930509,0.001962016,0.000916179,0.006453521,0.226009678,0.208173302,0.115227679,0.020477863,0.060616244,0.03041826,0.011650633,0.031993757,0.013928105,0.045846007,0.04562454,0.032749012,0.012685459,0.019734292,0.006102537,0.001452085,0.027509313,0.009982862,0.05905298,0.011783451,0.019919201,0.014225048,0.005368804,0.007703986,0.013371532,0.070832346,0.158296164,0.002835911,0.037048391,0.026344482,0.01545281,0.021141768,0.009318977,0.054156536,0.033699653,0.023062433,0.020630763,0.166201718,0.122601229,0.054280571,0.14611698,0.064816084,0.017256084,0.071011408,0.066833248,0.028975826,0.014724438,0.04779466,0.021557197
