HCP_MMP1.0 + HCPex Index,1,2,3,4,5,6,7,8,9,10,11,12,13,14,15,16,17,18,19,20,21,22,23,24,25,26,27,28,29,30,31,32,33,34,35,36,37,38,39,40,41,42,43,44,45,46,47,48,49,50,51,52,53,54,55,56,57,58,59,60,61,62,63,64,65,66,67,68,69,70,71,72,73,74,75,76,77,78,79,80,81,82,83,84,85,86,87,88,89,90,91,92,93,94,95,96,97,98,99,100,101,102,103,104,105,106,107,108,109,110,111,112,113,114,115,116,117,118,119,120,121,122,123,124,125,126,127,128,129,130,131,132,133,134,135,136,137,138,139,140,141,142,143,144,145,146,147,148,149,150,151,152,153,154,155,156,157,158,159,160,161,162,163,164,165,166,167,168,169,170,171,172,173,174,175,176,177,178,179,180,HCPex_394_R_AV,HCPex_395_R_CeM,HCPex_396_R_CL,HCPex_397_R_CM,HCPex_398_R_LD,HCPex_399_R_LGN,HCPex_400_R_LP,HCPex_401_R_L-Sg,HCPex_402_R_MDl,HCPex_403_R_MDm,HCPex_404_R_MGN,HCPex_406_R_Pf,HCPex_407_R_PuA,HCPex_408_R_PuI,HCPex_409_R_PuL,HCPex_410_R_PuM,HCPex_411_R_VA,HCPex_412_R_VLa,HCPex_413_R_VLp,HCPex_414_R_VPL,HCPex_415_R_Putam,HCPex_416_R_Caud,HCPex_417_R_NAc,HCPex_418_R_Gpe,HCPex_419_R_Gpi,HCPex_420_R_Amyg,HCPex_421_R_SNpc,HCPex_422_R_SNpr,HCPex_423_R_VTA,HCPex_424_R_MB,HCPex_425_R_Septum,HCPex_426_R_Nb
1,0.380247101,0.134825052,0.48194154,0.395273744,0.440040131,0.408080412,0.395391513,0.006901974,0.011764752,0.015960548,0.023336216,0.019463068,0.452663502,0.039104764,0.383988142,0.338082286,0.219908349,0.138958171,0.361021243,0.390320995,0.426043931,0.418711807,0.150220039,0.031314731,0.048041758,0.061602872,0.061248156,0.067960537,0.120265701,0.030789479,0.329496224,0.014734306,0.024249172,0.015972852,0.015355566,0.037694567,0.050437701,0.039500933,0.027501393,0.034264569,0.02699457,0.024883022,0.047309556,0.046985855,0.053741409,0.134715122,0.040039318,0.065404369,0.070637885,0.127269995,0.02091103,0.024519995,0.011579716,0.012087522,0.027132246,0.015387686,0.012740085,0.023847255,0.015573333,0.020653903,0.037190219,0.012055188,0.019728087,0.055684212,0.203397527,0.032011315,0.027692782,0.031215521,0.017767131,0.083956029,0.109396156,0.027086972,0.02674997,0.025801804,0.041069151,0.023632129,0.046974305,0.029397664,0.024660057,0.027947028,0.023729131,0.047700606,0.030409187,0.082537518,0.113338343,0.148071671,0.046782778,0.045539541,0.02744771,0.023244368,0.032011682,0.029889035,0.016917406,0.021629276,0.046177277,0.038325789,0.035027783,0.059898458,0.021682634,0.022839878,0.027947568,0.033590984,0.031531356,0.039323609,0.035668672,0.032242306,0.031666927,0.033180352,0.039655289,0.007371113,0.012895714,0.007515742,0.046510198,0.053215456,0.046870198,0.022960667,0.027965397,0.033283903,0.032354992,0.024218804,0.067960531,0.022498781,0.024660952,0.038206656,0.060550966,0.030325093,0.04895668,0.035594053,0.085047123,0.11243647,0.015163251,0.071581002,0.144362743,0.187344373,0.214065875,0.174521894,0.152432266,0.186488187,0.081617173,0.076229167,0.088977294,0.415936826,0.112232463,0.030126982,0.061637428,0.17712475,0.023141897,0.028135227,0.019749232,0.043755186,0.034348048,0.400930111,0.185046368,0.317948854,0.063121704,0.383807737,0.160609516,0.413995146,0.365360307,0.157037935,0.014646846,0.013719401,0.244401234,0.044775692,0.117191843,0.014708036,0.028285015,0.030753302,0.021679445,0.071882851,0.094313721,0.068460267,0.03202084,0.038332029,0.046531547,0.067938582,0.121010406,0.027180894,0.012222683,0.022386256,0.034413221,0.052989115,0.061215546,0.045451004,0.045126599,0.12875678,0.139890359,0.092136003,0.029829592,0.041428993,0.056739041,0.044589687,0.082142936,0.179975004,0.089866245,0.187621635,0.033590913,0.027400002,0.040703079,0.066523056,0.056546693,0.086313957,0.017708868,0.062577742,0.063131881,0.043790907,0.043886431,0.056690326,0.162071095,0.18606009,0.01784043,0.012136285
2,0.156227667,0.126710297,0.108176376,0.170064134,0.172190591,0.121166496,0.0825678,0.024812611,0.030384487,0.025536417,0.034151638,0.031976799,0.137329858,0.02776224,0.098534786,0.148823995,0.139437376,0.055871318,0.145396063,0.073831424,0.104516728,0.11079658,0.119896863,0.148605704,0.147159527,0.02919029,0.069508135,0.146246324,0.075929402,0.026439226,0.076608421,0.016963874,0.024872245,0.019727235,0.021051426,0.033104119,0.050310818,0.068467515,0.023244366,0.03937431,0.022955338,0.021195154,0.034482727,0.049910391,0.045490962,0.084549891,0.053072001,0.081769445,0.057580524,0.106956779,0.04033133,0.045759278,0.031091724,0.022996592,0.025394208,0.029216554,0.010892469,0.026720243,0.016724708,0.013186132,0.04058191,0.007198094,0.031367882,0.058253961,0.232089317,0.095052043,0.031434202,0.03839058,0.043546522,0.1789891,0.291312696,0.088214994,0.033480717,0.030960198,0.107789517,0.068257853,0.133129698,0.044679223,0.029836021,0.03731168,0.028021216,0.106408742,0.039754787,0.135855452,0.282031961,0.36056333,0.138073801,0.069445874,0.064252499,0.050641452,0.094380324,0.088007014,0.038819693,0.071231305,0.071180669,0.037946706,0.039484278,0.026416794,0.079581874,0.098743389,0.126188479,0.116248961,0.188536384,0.140449837,0.129778273,0.110972256,0.225329572,0.075954354,0.090080971,0.026692532,0.051362731,0.046200188,0.104947017,0.101890019,0.102861606,0.061228308,0.059378966,0.032027462,0.035353138,0.023806496,0.05841118,0.01798211,0.168834901,0.161650808,0.186890159,0.020837204,0.04521013,0.177752063,0.163867178,0.15220354,0.056455055,0.131458937,0.136378736,0.225048893,0.24280617,0.183904487,0.136559346,0.167623156,0.143472533,0.118636653,0.137017209,0.100906509,0.143961573,0.061802142,0.083948774,0.141146363,0.074037363,0.097164966,0.061410928,0.097399497,0.083587302,0.138914941,0.076041084,0.075797343,0.059359282,0.14454393,0.114935837,0.11950413,0.145265612,0.057793344,0.020350077,0.018040076,0.054532092,0.059630818,0.13401666,0.023577053,0.197496986,0.112921098,0.054836819,0.186792042,0.269101418,0.142541675,0.167789237,0.150341606,0.1736033,0.138291206,0.13579425,0.200791545,0.009843399,0.025381474,0.005337541,0.012901632,0.007711705,0.018255971,0.0090002,0.055232813,0.009562848,0.032307812,0.006739285,0.011233699,0.041251772,0.012136534,0.026210314,0.068098389,0.027723255,0.021577129,0.007333562,0.00818912,0.021556381,0.017197614,0.021677892,0.01703421,0.011933153,0.017717117,0.009730446,0.022827037,0.005721565,0.006546521,0.013669105,0.017693522,0.015366884,0.014170447
3,0.390347486,0.113719385,0.310809918,0.431282539,0.463578243,0.407735268,0.474596166,0.017072605,0.022632451,0.041514108,0.050636227,0.040947712,0.387950559,0.028319579,0.277868045,0.316224715,0.209169124,0.142653932,0.332130154,0.302339666,0.356863961,0.378198756,0.124100897,0.027595047,0.054694806,0.280324766,0.144777837,0.078270885,0.169641266,0.030531739,0.226133934,0.011937341,0.018164867,0.012361966,0.010505684,0.129505505,0.175922741,0.099477395,0.091119468,0.098679565,0.074571943,0.071114602,0.18652577,0.194739491,0.130707937,0.164799427,0.064945306,0.081468051,0.121006834,0.133346357,0.037742118,0.043464527,0.021807532,0.034345882,0.084889449,0.03395436,0.009956867,0.019510194,0.01173437,0.050708877,0.030102116,0.007274075,0.057945623,0.046852327,0.181455699,0.011599567,0.070053103,0.098845518,0.011735615,0.091043653,0.086856918,0.017820958,0.062265001,0.068748559,0.039100781,0.015942634,0.031849465,0.063230061,0.063090005,0.064444376,0.063269387,0.059418341,0.068217571,0.105164299,0.099155104,0.120438413,0.0342223,0.034039728,0.017841877,0.013078689,0.011866831,0.011135189,0.007051439,0.00790264,0.060663655,0.145206631,0.09885054,0.26523359,0.028216176,0.025702737,0.027316312,0.035119017,0.022106343,0.03966229,0.039586607,0.031247969,0.01851616,0.037486265,0.045030437,0.00354671,0.009340372,0.003407326,0.055305767,0.062384946,0.054518611,0.038449014,0.041939347,0.01649559,0.015443503,0.012091039,0.04068636,0.011538503,0.012768672,0.034625028,0.052197742,0.014551191,0.029721132,0.024395587,0.080790643,0.110544971,0.007413086,0.048852749,0.126102198,0.125451874,0.131838822,0.119105081,0.150557115,0.146472698,0.092200414,0.082855253,0.078971373,0.284367926,0.093451033,0.044439346,0.072093923,0.168043899,0.034917287,0.038271654,0.029340286,0.050338085,0.036917151,0.34217546,0.195467985,0.378656287,0.035540671,0.334751754,0.133991326,0.356920357,0.311182234,0.172660711,0.0098415,0.010837056,0.288199084,0.032534857,0.100730094,0.006671805,0.015929851,0.032324689,0.020915826,0.054599549,0.072281195,0.03836486,0.025537599,0.037120346,0.041395082,0.055683364,0.099108756,0.013856979,0.008143663,0.017571456,0.025621664,0.040701917,0.045186306,0.03582955,0.034725152,0.115049066,0.100664572,0.081284888,0.022552885,0.031230997,0.040013324,0.03550205,0.071883317,0.180606926,0.077887013,0.141837149,0.025317741,0.021637362,0.03334194,0.051947132,0.044814272,0.0646619,0.012840057,0.048370936,0.045936526,0.041851714,0.031395137,0.039974624,0.112932687,0.130601294,0.013033418,0.008375613
4,0.400197204,0.139066047,0.533426321,0.412709506,0.461383737,0.429799765,0.402002106,0.005075253,0.009932993,0.011964062,0.019183627,0.016099223,0.483024319,0.037657213,0.420657346,0.354095089,0.228902884,0.144677868,0.380012902,0.416920891,0.455895209,0.445941904,0.155389898,0.02910474,0.044601968,0.039348596,0.048620529,0.065024408,0.117270031,0.029340759,0.370603104,0.009830353,0.021157546,0.011388887,0.010708258,0.02552455,0.033116761,0.025770521,0.019299125,0.02185014,0.016445337,0.019063916,0.030267324,0.031055743,0.044277529,0.135044773,0.036662912,0.063493122,0.065292828,0.129596775,0.018181603,0.021409808,0.009802696,0.008479718,0.01899116,0.01237774,0.007856723,0.019469203,0.010819254,0.012349223,0.032574166,0.007417276,0.013190702,0.051385981,0.199863026,0.025779274,0.021723162,0.021506691,0.01259705,0.078338648,0.105738207,0.023490259,0.021693736,0.019792652,0.038387647,0.021241619,0.042590577,0.024384519,0.019276375,0.022694741,0.018229444,0.043936574,0.025004375,0.078197816,0.108877464,0.144537727,0.044243124,0.040128138,0.02272566,0.017602276,0.025819943,0.024236022,0.013529547,0.017509685,0.043904465,0.026133261,0.026665507,0.038480465,0.019431351,0.020644697,0.025689939,0.031501318,0.02906028,0.03694159,0.032821306,0.030592093,0.028603668,0.0314214,0.037822527,0.006192117,0.012044279,0.00631547,0.04419913,0.051147717,0.044751598,0.019563384,0.025287243,0.027257265,0.02564496,0.020193527,0.064549127,0.019127083,0.022242834,0.035904845,0.059251556,0.023285314,0.045730107,0.033460388,0.084784751,0.113333723,0.013259407,0.07171565,0.147954576,0.193758513,0.221052285,0.181032695,0.155695922,0.191331751,0.079494069,0.075317063,0.090254908,0.458797174,0.114908209,0.027398932,0.060377453,0.183391287,0.020137628,0.024814024,0.017371538,0.041862357,0.033006156,0.42882985,0.190319932,0.32318757,0.058855941,0.405613415,0.166500689,0.439889014,0.384063319,0.160012404,0.010095731,0.008899968,0.249443217,0.038298132,0.112103358,0.011521436,0.025754825,0.028653459,0.020636851,0.068696929,0.08951947,0.066921087,0.029747167,0.03587771,0.044529452,0.067913474,0.123503602,0.024518268,0.007480206,0.017776599,0.035379026,0.054820473,0.062945794,0.04718419,0.046257698,0.132878447,0.145384033,0.094837568,0.030905802,0.042575625,0.058836629,0.046302796,0.084749287,0.1838387,0.092876456,0.194818967,0.034780276,0.028339597,0.0418849,0.069565526,0.058011017,0.089900645,0.017385226,0.064714491,0.066463555,0.043177444,0.046213946,0.059859314,0.172122938,0.197532427,0.01725259,0.011258096
5,0.414546914,0.143919087,0.540403853,0.428929364,0.479341541,0.457276566,0.439872314,0.002578253,0.007528229,0.006789873,0.013991376,0.011956881,0.49438945,0.033718284,0.42454921,0.372617419,0.234345117,0.157003644,0.400526571,0.424982152,0.476565074,0.470749885,0.163646546,0.02191989,0.035212797,0.013734035,0.0330543,0.055861575,0.108480719,0.0257549,0.396244747,0.003761898,0.016190846,0.005563876,0.004680586,0.011109313,0.012649026,0.009103468,0.009606542,0.007288398,0.004485056,0.012129791,0.010256054,0.012164042,0.032480362,0.129690392,0.032167652,0.058392607,0.057483914,0.127033007,0.014485963,0.016872483,0.007366997,0.003629831,0.0085636,0.008404259,0.002063229,0.01309581,0.004806215,0.003036092,0.023809322,0.001896835,0.004742428,0.040830794,0.17206854,0.005594848,0.015522326,0.010054634,0.005143747,0.079241552,0.099086054,0.014051294,0.015943697,0.012833528,0.031789685,0.013928741,0.029513835,0.017878259,0.012864611,0.016262701,0.011885985,0.0378116,0.019778236,0.08252677,0.099539567,0.139322784,0.035509096,0.026296762,0.011452547,0.004846318,0.005868623,0.005881743,0.003696266,0.004099108,0.038852009,0.011491307,0.017252139,0.013883462,0.014186027,0.014830017,0.01892268,0.025077467,0.020391578,0.029392248,0.025030449,0.024779864,0.018019465,0.026671594,0.03238905,0.002500259,0.008948284,0.0025129,0.037643227,0.044916126,0.038442498,0.013123753,0.020206017,0.019122883,0.019065625,0.013633274,0.06503131,0.012808588,0.013928263,0.028159373,0.051543778,0.012534618,0.038230578,0.025857772,0.078537404,0.108502391,0.008354903,0.074651141,0.153845708,0.204274241,0.220068964,0.19493371,0.153884142,0.220420094,0.071261715,0.069354859,0.087654583,0.466898958,0.116618707,0.022160888,0.055663394,0.185986622,0.014009988,0.017245584,0.012305699,0.036098835,0.028441684,0.437726499,0.201066465,0.35222163,0.048332322,0.442294784,0.17763246,0.463248018,0.41561872,0.169456193,0.004281032,0.003124262,0.270653943,0.024351367,0.091997132,0.003658093,0.016353155,0.02236888,0.017144927,0.05784929,0.074151006,0.061377945,0.022033535,0.028056169,0.036671846,0.065794986,0.129874676,0.014984418,0.001880361,0.01110431,0.034492316,0.055652382,0.061704212,0.049625515,0.044933099,0.128587486,0.143036602,0.093604009,0.031507964,0.043720896,0.054869222,0.047505855,0.086234087,0.179766264,0.094290656,0.192053453,0.035526646,0.029530602,0.045717158,0.070789058,0.056377835,0.09169734,0.014907081,0.063822265,0.065269709,0.039731888,0.045185761,0.058493558,0.168842395,0.194587345,0.014095924,0.007813634
6,0.394434677,0.167994497,0.489712336,0.407779594,0.455088098,0.433831514,0.384791865,0.002492267,0.008377793,0.006794976,0.015845358,0.013514158,0.474388091,0.036182771,0.37434233,0.399972672,0.243067907,0.294663721,0.421868951,0.386296982,0.448321328,0.44577829,0.197947117,0.025258892,0.040376848,0.005964791,0.031181512,0.061184467,0.102164303,0.026262106,0.413966615,0.004351961,0.017411845,0.00633702,0.005550351,0.007896113,0.008035033,0.007401502,0.007586804,0.005143744,0.002821398,0.011260952,0.005231729,0.00654613,0.030972906,0.126853547,0.037551364,0.068401351,0.06010743,0.133127273,0.016472024,0.019424833,0.00823344,0.003107172,0.006884312,0.009156904,0.002439269,0.014107413,0.005391151,0.002008898,0.0215099,0.00217818,0.003781712,0.035163462,0.146469598,0.007552528,0.017435927,0.009634217,0.005684043,0.103342605,0.112790799,0.015004186,0.017930854,0.013558654,0.036613394,0.015601204,0.030796723,0.02007131,0.013759709,0.017992004,0.012594809,0.043341332,0.022824918,0.105502057,0.111308022,0.15747422,0.03598323,0.024570449,0.012276369,0.005867694,0.007839356,0.007815863,0.004711514,0.005487401,0.045924847,0.008119824,0.018232678,0.007344668,0.016696097,0.01748877,0.022086841,0.028555166,0.024134237,0.033338313,0.029136156,0.027879708,0.022424659,0.029989593,0.036335701,0.00310311,0.010226359,0.003158332,0.042365511,0.050198315,0.043146606,0.01544083,0.023753879,0.031407378,0.032896339,0.022514458,0.088394759,0.019826149,0.01826626,0.031760358,0.056247203,0.02021269,0.058859911,0.030916357,0.084331464,0.115744734,0.011364315,0.09987163,0.179541326,0.280527828,0.323840026,0.270100952,0.162698851,0.283386853,0.077041597,0.074080199,0.096564367,0.427131247,0.137764575,0.026096842,0.064182339,0.195715201,0.016586223,0.020712678,0.014581375,0.040250879,0.032329917,0.416609164,0.213866656,0.329909638,0.073164847,0.486806694,0.212680953,0.456191864,0.479481114,0.212199406,0.005124435,0.003742318,0.31073685,0.024177149,0.079271849,0.004560505,0.020345144,0.025613618,0.019149891,0.057379712,0.080006484,0.08784319,0.025536301,0.031927281,0.0403612,0.077090292,0.158664695,0.01942239,0.002297788,0.011299606,0.032499801,0.056072702,0.056753768,0.05487529,0.044956451,0.16170847,0.12287822,0.115309351,0.030962669,0.04427312,0.053614197,0.051036605,0.105646142,0.262059876,0.11385309,0.179548954,0.034791719,0.03166237,0.055257023,0.073879675,0.055928476,0.087574151,0.016027405,0.061076539,0.058754667,0.059591555,0.040050721,0.050552455,0.141715567,0.165681621,0.016724665,0.009940101
7,0.440054853,0.206264933,0.596060195,0.439533396,0.47494546,0.418800825,0.143383971,0.002570769,0.010448555,0.007381565,0.01859944,0.016112337,0.473596319,0.059497631,0.445173384,0.472914905,0.274411539,0.61212464,0.490030185,0.267305563,0.418763484,0.437965912,0.255292729,0.025376263,0.043893663,0.001746809,0.032234357,0.065952617,0.115923883,0.039156615,0.742793855,0.004382952,0.02640123,0.007378361,0.006140664,0.005950545,0.004317225,0.003976577,0.006916044,0.002918137,0.001423404,0.012507686,0.002369832,0.001576175,0.0344267,0.144990602,0.051680562,0.091483002,0.074230145,0.155836968,0.02147136,0.025474838,0.010199248,0.002764329,0.00592517,0.010689347,0.002178338,0.016524587,0.005171753,0.001183996,0.008676423,0.001656965,0.002715141,0.008726549,0.03288983,0.00553677,0.018554361,0.008143638,0.002699991,0.109233006,0.077750904,0.005842861,0.01989935,0.013276704,0.030643713,0.012411092,0.012283328,0.023105744,0.0147019,0.020020308,0.012585249,0.037905772,0.023032174,0.112146445,0.074738405,0.108347645,0.011515495,0.00882934,0.005392756,0.003883095,0.005830792,0.006147831,0.003884832,0.004103226,0.060257214,0.005706503,0.019251418,0.004102603,0.018520289,0.018281874,0.022409769,0.030517809,0.022108551,0.035166002,0.031461853,0.029152052,0.018743264,0.032393439,0.040689231,0.002808645,0.010050571,0.002467124,0.04840117,0.057873623,0.049224547,0.018338373,0.029624308,0.025973864,0.014483287,0.022072998,0.082486706,0.026214042,0.015314624,0.032435018,0.058165089,0.022210416,0.086044894,0.031064327,0.090336629,0.126061969,0.011150157,0.1204745,0.213499642,0.380567654,0.455234062,0.374530384,0.17830264,0.345497496,0.083921646,0.080211807,0.107827091,0.54380145,0.170649616,0.032676537,0.082570537,0.223120032,0.019163123,0.023323344,0.016828168,0.044734266,0.037053067,0.452055967,0.23518634,0.190348642,0.102048643,0.602652253,0.269281144,0.451737324,0.610167188,0.285212852,0.005764435,0.003690589,0.349673192,0.017783825,0.020542877,0.004329022,0.016258215,0.027098017,0.019629214,0.017760458,0.042971251,0.107274842,0.025022594,0.033140463,0.041170094,0.088370547,0.192117498,0.015512263,0.001943505,0.009207736,0.016136539,0.025510618,0.024757154,0.034440544,0.029181732,0.1941281,0.03526651,0.126357461,0.010987615,0.018204197,0.028934965,0.032608039,0.107347625,0.387054688,0.113520423,0.092100451,0.011882228,0.017065619,0.038950778,0.047426962,0.019578543,0.024386229,0.009768865,0.019120073,0.02033878,0.088311764,0.012826084,0.013339064,0.029232061,0.038798903,0.014486969,0.009843198
8,0.003129719,0.008355634,0.005752704,0.002369257,0.001212072,0.001384229,0.001464267,0.148158001,0.138053754,0.124486496,0.119521103,0.133932076,0.001979265,0.015457031,0.014338632,0.004398045,0.008527895,0.000959966,0.003974859,0.000934612,0.001069343,0.001152144,0.008921465,0.009461305,0.015396977,0.177336861,0.203854163,0.014799528,0.074344583,0.035826137,0.001981273,0.026673775,0.015611478,0.021221548,0.01494147,0.084297113,0.155751894,0.385777535,0.054350933,0.24281887,0.20151027,0.045718332,0.188711609,0.186939098,0.070095452,0.039700749,0.058155648,0.032602266,0.05247516,0.019414725,0.091767262,0.070066678,0.138147921,0.129330638,0.098732698,0.136656545,0.024780056,0.023854814,0.020789043,0.122453138,0.021640512,0.030236777,0.035107246,0.018535955,0.009643016,0.003021953,0.055947901,0.053850939,0.02998849,0.019784337,0.008830994,0.008465248,0.060201286,0.051607879,0.049356715,0.014546338,0.006593676,0.068827914,0.057168756,0.06503536,0.056003971,0.046145026,0.053383839,0.036179351,0.0239741,0.010053381,0.00577686,0.00476734,0.004114824,0.002688243,0.003086706,0.002814038,0.001595747,0.002206147,0.038544478,0.143394499,0.08549292,0.141353978,0.022493685,0.016300608,0.012666335,0.014035551,0.004751741,0.012492815,0.015689704,0.012595883,0.002856638,0.027795511,0.021540004,0.00143404,0.010888365,0.001818832,0.019328416,0.020482855,0.01873579,0.03696707,0.04616811,0.000683864,0.00092445,0.000420188,0.001841112,0.000229997,0.004144585,0.008956528,0.005303692,0.000376777,0.001048452,0.00453945,0.008567185,0.010601534,0.00124218,0.004310518,0.008225577,0.001470482,0.000817098,0.001339431,0.011106845,0.00679256,0.014246505,0.015079402,0.008309139,0.008163247,0.007336097,0.045740751,0.027926944,0.008900242,0.026074144,0.0217612,0.027713037,0.017473451,0.018536365,0.006422707,0.002219397,0.001663846,0.000496402,0.003937577,0.009013069,0.002017281,0.004024672,0.001456726,0.01433653,0.029024017,0.00115637,0.00976245,0.009217941,0.001352389,0.003160663,0.014205631,0.031895085,0.006545278,0.021407081,0.000975148,0.007072911,0.011342034,0.006944732,0.008116229,0.007104519,0.0028541,0.020549013,0.025505265,0.001469286,0.04996291,0.003311419,0.105229859,0.002890851,0.00479106,0.002447225,0.040544003,0.018680196,0.026277529,0.010362805,0.052017857,0.066903774,0.006663456,0.065039174,0.004876808,0.018886139,0.043402675,0.103297401,0.07527103,0.120262353,0.041888036,0.019431784,0.15526652,0.057400682,0.002883307,0.018251085,0.020306873,0.004237429,0.016880054,0.009054181,0.012676769
9,0.005904682,0.014819389,0.010673369,0.004811318,0.003530901,0.004146642,0.005603891,0.124684154,0.113368156,0.127338485,0.114889799,0.123764283,0.005887698,0.016899532,0.020143525,0.009161998,0.014409052,0.003215969,0.008713,0.00294342,0.003400749,0.003649832,0.015148482,0.01860936,0.028341968,0.162671544,0.193757859,0.028119743,0.077333244,0.033126514,0.003627268,0.030024427,0.015890008,0.022524063,0.016824815,0.102088455,0.167828244,0.351100748,0.066632271,0.21982302,0.169298726,0.053245898,0.189060514,0.201981099,0.079600478,0.045733383,0.060906549,0.04089409,0.058343888,0.025693494,0.085626521,0.07316322,0.113682651,0.130629125,0.135349246,0.12412766,0.030587856,0.027487389,0.026018028,0.103781305,0.02893265,0.034688727,0.068629172,0.028297891,0.023478308,0.012579161,0.057150164,0.052824345,0.034630362,0.034263931,0.030305391,0.022530797,0.061929982,0.053672621,0.047635538,0.018063896,0.024537145,0.072485681,0.059248597,0.06743378,0.057997868,0.053210484,0.055376413,0.043709153,0.042376388,0.034457862,0.024135672,0.013908673,0.019127565,0.011497876,0.012716754,0.011405836,0.0058899,0.009049099,0.049249729,0.159195644,0.085581452,0.119850468,0.036850111,0.029537717,0.02361964,0.025474429,0.012552499,0.022687457,0.027976261,0.022419006,0.010431847,0.033923448,0.031408271,0.004481612,0.01254994,0.006125465,0.032057478,0.032103232,0.03116657,0.056937807,0.058879956,0.003433935,0.005277541,0.001886426,0.009899871,0.000904103,0.009926954,0.017731631,0.013474558,0.001727649,0.004037824,0.011493592,0.017161296,0.019480916,0.003419144,0.008384573,0.014600231,0.005079725,0.004647097,0.004795573,0.019982342,0.01357206,0.02670921,0.026846286,0.016126093,0.013015808,0.013763922,0.058456063,0.037018913,0.014918671,0.044102262,0.040819841,0.045028459,0.030718756,0.030003626,0.011788615,0.005032091,0.00533936,0.002010712,0.008289845,0.014935286,0.005335026,0.00892607,0.003992199,0.015338968,0.028633865,0.004014423,0.01484509,0.018407157,0.004162364,0.00956898,0.026114815,0.031097266,0.029169838,0.039450503,0.006373817,0.015321301,0.020725794,0.015634216,0.014878598,0.012776587,0.008964489,0.026017859,0.030214928,0.001631847,0.043075066,0.002936816,0.065040679,0.002909331,0.004132761,0.002337485,0.028126694,0.017836415,0.023467534,0.007085121,0.036625335,0.041074298,0.007190963,0.039837498,0.004777148,0.018201376,0.029592381,0.061599509,0.044637483,0.10876876,0.041462189,0.019845961,0.136700562,0.047495714,0.004577778,0.014348957,0.015085374,0.004547469,0.011853344,0.01136965,0.014379859
10,0.005311742,0.014505341,0.009721929,0.004147121,0.002372378,0.002784814,0.00329408,0.320751418,0.299188274,0.267214403,0.253715103,0.28432861,0.003765423,0.022868979,0.021577609,0.007679394,0.015611034,0.002158778,0.007126306,0.001856163,0.002153926,0.002355706,0.014416872,0.020514189,0.031296219,0.412371698,0.216298669,0.030217095,0.089515738,0.037753322,0.003003716,0.038995487,0.020557881,0.029896007,0.02278828,0.139960794,0.210513046,0.432663063,0.100997928,0.360871459,0.369731499,0.088971545,0.399605482,0.445545403,0.110044872,0.058492979,0.130541213,0.071354541,0.089214307,0.037374988,0.203432383,0.159106155,0.299444505,0.278182145,0.206773381,0.292352757,0.040701545,0.040348556,0.038960668,0.257015601,0.041299389,0.060088991,0.12066433,0.036193369,0.023892681,0.008103784,0.13039171,0.130662212,0.064052476,0.053579167,0.02755063,0.021468596,0.137078853,0.124546011,0.121436637,0.036309794,0.017385254,0.153292414,0.132456828,0.146727173,0.131885666,0.109199925,0.125591866,0.088990924,0.059625286,0.030529267,0.01955872,0.011662717,0.010757545,0.007153146,0.008243174,0.007469768,0.004068933,0.006019677,0.087629115,0.330398702,0.193419947,0.32670058,0.048619158,0.034612019,0.02704943,0.029840729,0.011798101,0.025828606,0.032509063,0.027922377,0.007678941,0.064671277,0.047734799,0.003783766,0.027368484,0.005225318,0.041084883,0.043907431,0.040076022,0.086295011,0.105634234,0.001411619,0.001929148,0.000918118,0.003716466,0.000523166,0.007772408,0.018972073,0.01185392,0.000800443,0.002384993,0.009197104,0.017182183,0.020700477,0.002427506,0.007702783,0.015381739,0.00305024,0.001778704,0.002914253,0.022454988,0.01204159,0.029160034,0.032533528,0.017547167,0.013068901,0.013011926,0.104405062,0.062972207,0.016684846,0.057425208,0.04735283,0.061666676,0.037908844,0.042822664,0.011365986,0.004050957,0.003463593,0.001059224,0.006704948,0.014772726,0.003795875,0.006963216,0.002840076,0.020381559,0.035206266,0.002476883,0.017581252,0.020287964,0.003217521,0.007953765,0.03024176,0.078409482,0.020427849,0.054033844,0.002047528,0.016052524,0.023302211,0.015396621,0.014146008,0.012957868,0.006445686,0.043845974,0.047666376,0.002801371,0.067106311,0.006378819,0.246803099,0.005579601,0.008617346,0.005046623,0.072586947,0.030007817,0.034881346,0.019975995,0.100621443,0.138339504,0.011374621,0.136637126,0.009897226,0.030399963,0.094876352,0.236397325,0.167068162,0.133713719,0.06232425,0.021534028,0.16681686,0.071862722,0.005424175,0.037999638,0.047382303,0.00982144,0.03535977,0.012010401,0.014176727
11,0.007950053,0.02216438,0.013913976,0.006469931,0.004401374,0.005672135,0.007629066,0.179708105,0.158501871,0.277006109,0.204522569,0.205462051,0.007095239,0.029938162,0.025839713,0.012058646,0.025927181,0.006847473,0.012038653,0.003787695,0.004445273,0.004974753,0.017743732,0.044916176,0.068078164,0.386739162,0.143102397,0.067833716,0.080266894,0.023355533,0.004372803,0.062882117,0.020522363,0.038442714,0.033406805,0.197311079,0.211325446,0.26007339,0.142865419,0.276997554,0.270150995,0.11845971,0.489886311,0.619361639,0.130482196,0.069334471,0.185339348,0.126301767,0.111525157,0.062039262,0.188278703,0.205882848,0.157358551,0.274375624,0.413855726,0.210172232,0.082397528,0.063429098,0.074258241,0.220991859,0.069131769,0.080402605,0.471070795,0.071239429,0.054901084,0.019948808,0.171370725,0.169536301,0.085050641,0.134220033,0.104596348,0.073986293,0.170403576,0.185079951,0.187320044,0.062722003,0.056875515,0.188726189,0.176927757,0.181456514,0.181354321,0.17097162,0.168858704,0.146037376,0.123628836,0.109703135,0.096268395,0.031640295,0.039914532,0.020661351,0.02049811,0.018974359,0.009817405,0.017262771,0.153147595,0.466035728,0.22418111,0.246002018,0.097869876,0.074096528,0.058498383,0.063763214,0.029213973,0.053727429,0.069245144,0.060208306,0.021111551,0.113717847,0.090999994,0.014738068,0.050978284,0.021447397,0.084315126,0.087424308,0.083115988,0.187644154,0.178492442,0.004182531,0.006426184,0.002462428,0.012225933,0.001183095,0.015260943,0.040231403,0.027045566,0.001963011,0.008030457,0.019259321,0.034894618,0.040928664,0.00601015,0.016244782,0.029849238,0.008168071,0.006494569,0.008949721,0.046236878,0.026441224,0.06491407,0.070782292,0.037619564,0.017342623,0.02057601,0.176318949,0.116744073,0.028505939,0.12898506,0.114052476,0.1294564,0.082369563,0.092394152,0.017190873,0.007620362,0.007497141,0.002354894,0.010281125,0.019376622,0.007169389,0.010943702,0.006172896,0.025193894,0.034205665,0.005659097,0.027313426,0.040700736,0.007270908,0.020953753,0.065046777,0.127408178,0.093153905,0.115619365,0.008864725,0.036507151,0.047862316,0.034081203,0.023336486,0.025053665,0.015714799,0.085415695,0.072203428,0.001524761,0.032263423,0.002583323,0.164434927,0.002653358,0.003042084,0.002188373,0.018057953,0.023423216,0.017311975,0.005124831,0.043213706,0.031127761,0.005704512,0.031485056,0.004133491,0.023759852,0.047306687,0.104090242,0.058164969,0.058100598,0.043548874,0.012700261,0.070512269,0.029360797,0.004376811,0.028808431,0.040516574,0.009538367,0.020330423,0.010376208,0.010405009
12,0.006537413,0.016996753,0.011716885,0.005317473,0.003816026,0.004781356,0.006849629,0.186586605,0.166472441,0.243571172,0.185347495,0.194171891,0.006392677,0.024086615,0.021616176,0.009936596,0.019718138,0.004576619,0.009807583,0.003299198,0.003803986,0.00419386,0.014836183,0.031159614,0.048610697,0.329557598,0.16286757,0.047943766,0.076934235,0.028188209,0.003694612,0.043849689,0.019585961,0.030544942,0.025484997,0.165051876,0.194322448,0.303034941,0.119069625,0.272450076,0.25597587,0.100215589,0.418777048,0.512254355,0.112632874,0.058507913,0.148771265,0.093422773,0.094176603,0.04624447,0.164853055,0.166834585,0.165406985,0.244357843,0.327770313,0.199399999,0.051544933,0.0439579,0.046930836,0.190357542,0.044138696,0.052411369,0.337968856,0.043086544,0.036631993,0.015248493,0.137191502,0.123917513,0.056149733,0.082010572,0.068480087,0.051997423,0.137417945,0.145934707,0.145005985,0.047399806,0.038584562,0.152874439,0.140177551,0.146266791,0.144061682,0.129917073,0.135826322,0.110342419,0.087927082,0.071173139,0.06567175,0.022465396,0.027307122,0.014878991,0.015549995,0.014152727,0.007419895,0.012068431,0.113031667,0.383165829,0.183886814,0.208881044,0.068340046,0.050789304,0.040304903,0.044045915,0.020177932,0.037916288,0.048988937,0.040927452,0.015011853,0.082435447,0.064542722,0.008342018,0.036268833,0.012113842,0.059543718,0.062272643,0.058523745,0.136838556,0.132741423,0.003012767,0.004447213,0.001844902,0.00840017,0.000974893,0.011068099,0.028523212,0.019356271,0.001561922,0.005711646,0.01421195,0.025149006,0.029570209,0.003965115,0.010518921,0.02113589,0.0061686,0.004404189,0.006284731,0.032869111,0.017065603,0.045908334,0.048788438,0.025769022,0.014340059,0.015823081,0.131258416,0.083803059,0.021415448,0.09171002,0.080511772,0.090487807,0.056518567,0.062269869,0.013660638,0.005930743,0.006456394,0.001972149,0.008475817,0.015513232,0.005952081,0.009217997,0.00483288,0.021356376,0.031586801,0.004880991,0.020661922,0.027541501,0.005498215,0.01441985,0.04470366,0.095474729,0.062424246,0.082370156,0.005525,0.025336748,0.034055774,0.024136417,0.017128203,0.017407144,0.011377243,0.051857601,0.048149173,0.001735443,0.039411538,0.003271302,0.161942858,0.003135554,0.004176689,0.002703768,0.029650306,0.021087917,0.02112737,0.008003947,0.049138266,0.05160794,0.006807935,0.051240445,0.005231775,0.021480666,0.048705474,0.119242224,0.0743544,0.084203175,0.044074879,0.015915584,0.104033703,0.041448647,0.004324396,0.027355254,0.036726975,0.008189438,0.020962042,0.010800434,0.011990381
13,0.339703347,0.122980578,0.333892137,0.36318807,0.390478053,0.377874672,0.39065005,0.003556495,0.00860674,0.008926629,0.01646422,0.014166476,0.335588888,0.029002112,0.276745653,0.305728793,0.186885225,0.146340751,0.324153329,0.244843336,0.337344369,0.361335164,0.141711146,0.021842031,0.033035492,0.025255035,0.041101705,0.048371431,0.091555717,0.022703837,0.33642467,0.003746275,0.01412834,0.005191865,0.004339499,0.019031114,0.023946108,0.017345876,0.01488614,0.012963,0.007541297,0.015408466,0.018238865,0.026124123,0.035883402,0.104861721,0.03285574,0.050509292,0.053539895,0.101288691,0.016549155,0.018806332,0.008299251,0.005398261,0.013011236,0.010471727,0.002178343,0.011096133,0.004344928,0.004606101,0.012789805,0.001624087,0.007347885,0.018621816,0.076103223,0.005759303,0.019458845,0.014393834,0.004592692,0.099875902,0.111343862,0.014025095,0.018670578,0.015926487,0.033868671,0.013665475,0.030083329,0.020221265,0.015255071,0.018627754,0.014742509,0.041415681,0.024537183,0.102599885,0.109024496,0.155285987,0.036984495,0.016051756,0.011536207,0.004681861,0.005997595,0.005967954,0.003448871,0.004324712,0.034863737,0.020292594,0.022109175,0.022697637,0.014804128,0.015371536,0.019055335,0.023531301,0.021527409,0.027472298,0.024640831,0.022586876,0.020364769,0.024884066,0.029184636,0.002510507,0.008566049,0.002906309,0.033842107,0.039621257,0.034258011,0.015387505,0.020134103,0.019438408,0.025136909,0.01200671,0.072434525,0.008541165,0.016443133,0.026797075,0.044049748,0.009896299,0.025224583,0.025585584,0.064611445,0.087852082,0.009901413,0.083421555,0.14111226,0.199594016,0.172394122,0.192554379,0.122190849,0.245696521,0.059812553,0.056719548,0.072865791,0.306895553,0.100709511,0.021844401,0.046926855,0.149809586,0.015930804,0.019064134,0.012987416,0.031867269,0.025025727,0.30684079,0.176810859,0.313211159,0.031399762,0.391349618,0.158324649,0.345142961,0.358069649,0.148415882,0.004034576,0.003332453,0.238395406,0.016365409,0.042018902,0.003211209,0.018567124,0.021357066,0.015868924,0.058993138,0.077857247,0.062454095,0.022444833,0.026624916,0.033003933,0.060611179,0.126800806,0.017791153,0.00184921,0.008341271,0.017236722,0.032441085,0.030230882,0.033476536,0.023150053,0.070346439,0.064620399,0.054676823,0.018181666,0.02815184,0.024733059,0.028607788,0.05389293,0.112590031,0.057473457,0.092595334,0.020611213,0.019242606,0.037015076,0.038989857,0.030404972,0.050212841,0.008420643,0.033124542,0.027730077,0.026439006,0.0187057,0.023262998,0.063149887,0.075190961,0.008968418,0.004997576
14,0.041849875,0.024483638,0.050448677,0.040792324,0.042997314,0.044395515,0.057227748,0.025149685,0.026096065,0.033549493,0.035041128,0.031293055,0.052206346,0.177675376,0.053962267,0.043866333,0.033062477,0.020430895,0.045503811,0.056566598,0.050653414,0.046262757,0.027219098,0.012290375,0.026804429,0.17645435,0.203307821,0.028820986,0.089984271,0.158044247,0.021657179,0.143887892,0.204383973,0.171736911,0.197717393,0.058160864,0.126401849,0.332166824,0.033223947,0.159037559,0.088493102,0.026990995,0.083728346,0.175370761,0.060375633,0.054072687,0.025819277,0.027753754,0.047513673,0.03081037,0.025063982,0.025097195,0.025913078,0.030955205,0.055684307,0.026239476,0.096025227,0.145548723,0.11537417,0.049824717,0.101886514,0.044588636,0.15143613,0.130372066,0.455977934,0.129232685,0.060249402,0.108566029,0.061411147,0.182971253,0.116361168,0.073937241,0.047691129,0.051854203,0.04390849,0.052053027,0.115992826,0.04659654,0.04703057,0.048725083,0.046105897,0.055637539,0.05641938,0.139007659,0.115241358,0.14973458,0.057653784,0.198876401,0.174212341,0.199977605,0.130192014,0.115438005,0.06286888,0.081082658,0.026212519,0.116903398,0.082829013,0.16386537,0.013231365,0.011341287,0.012271155,0.014636487,0.008960005,0.017216149,0.019626077,0.011758799,0.006811971,0.022531539,0.020794021,0.018006907,0.010270639,0.015537595,0.022919696,0.026952092,0.02294664,0.03453386,0.024841756,0.018980182,0.01701573,0.029082272,0.029160901,0.02194789,0.009732789,0.014738487,0.014558331,0.015028204,0.115000459,0.010708692,0.022073844,0.027777255,0.007319538,0.015822983,0.029686136,0.02871156,0.03648435,0.026705675,0.030854299,0.031850488,0.028892502,0.021310814,0.017942316,0.046389042,0.020822785,0.026494097,0.022796921,0.02860009,0.024262534,0.030589014,0.017194866,0.016939537,0.012248416,0.045959134,0.041578385,0.049177551,0.027828251,0.047552268,0.027851426,0.052603592,0.050789298,0.039692104,0.196577679,0.164865043,0.038552546,0.149823182,0.288475429,0.043727355,0.006101351,0.013490491,0.014301278,0.080745578,0.084844967,0.014958157,0.01109,0.016568135,0.01510242,0.018655506,0.025911739,0.006866064,0.08121026,0.100277545,0.008721947,0.048082422,0.014522851,0.022439749,0.01155995,0.022048078,0.028965919,0.024964014,0.038500566,0.028115221,0.011032161,0.045864162,0.022594521,0.031818132,0.022367227,0.037657955,0.04048968,0.045222759,0.02194481,0.017692502,0.07167382,0.085183319,0.021929225,0.072789084,0.025479006,0.012845644,0.01671381,0.01883481,0.034080066,0.041596024,0.023962153,0.022159155
15,0.332937607,0.10490511,0.299813123,0.361985547,0.391256049,0.331386495,0.34868549,0.034989457,0.037103182,0.080923529,0.081343233,0.068803611,0.349844806,0.02962683,0.276270118,0.275259922,0.190933531,0.107925188,0.288749278,0.277275601,0.309028244,0.317128741,0.113019624,0.032574107,0.069891684,0.369759601,0.195310735,0.092965659,0.194502915,0.035077948,0.203101758,0.01600981,0.020252273,0.015587068,0.013031373,0.194360407,0.259479577,0.15577224,0.134838206,0.148534189,0.108828506,0.101932887,0.270441438,0.284787755,0.175491803,0.179288756,0.088379011,0.097596517,0.149015257,0.136187782,0.059581019,0.069209937,0.036196237,0.072671579,0.156399545,0.059925661,0.013776406,0.023743108,0.015333011,0.073535767,0.033539216,0.009931048,0.123196475,0.049165328,0.183243805,0.021384498,0.099063904,0.134416803,0.018049629,0.10838639,0.087403885,0.024869859,0.08923551,0.09785314,0.046297663,0.019706504,0.038866552,0.092096467,0.090870217,0.092960716,0.091507095,0.075680179,0.095060312,0.122155832,0.105389411,0.11865921,0.037633605,0.04220131,0.027432375,0.023132496,0.021630879,0.019829241,0.011784311,0.014242877,0.079282877,0.219345617,0.139012621,0.340757082,0.04249836,0.036906996,0.035430638,0.04407282,0.024868027,0.047962033,0.052330414,0.037418432,0.021446502,0.046098357,0.055129287,0.00528914,0.01055571,0.005157964,0.068720115,0.074859204,0.066984581,0.067930354,0.063505841,0.020980674,0.021612701,0.01503943,0.048960835,0.013621516,0.015376745,0.039690702,0.053681541,0.017486051,0.035574127,0.026705718,0.082725056,0.112253547,0.008508019,0.045902741,0.119260965,0.112622476,0.125792078,0.106743508,0.149509022,0.12814234,0.104586035,0.091886638,0.077079476,0.274925969,0.086618719,0.066199441,0.084400849,0.155394516,0.057608294,0.060649608,0.048582862,0.062346951,0.0447892,0.313658252,0.155120392,0.279085577,0.039833055,0.277901614,0.120404798,0.308011208,0.266919138,0.131307932,0.012110942,0.014430712,0.210977434,0.039312362,0.104416142,0.010042899,0.018153618,0.041574148,0.024637949,0.057793799,0.076910371,0.036693418,0.028910401,0.044376469,0.045072269,0.054844252,0.092934577,0.016237523,0.011189676,0.021493632,0.025508522,0.043580195,0.044597299,0.036385983,0.034664037,0.114752507,0.098652727,0.081946112,0.024619486,0.032683572,0.040143897,0.036847902,0.072334867,0.180526815,0.078103324,0.139410718,0.027552569,0.023194379,0.033913139,0.052057586,0.05459541,0.071689359,0.015614421,0.056644377,0.047304718,0.04283496,0.032077079,0.040512105,0.112122179,0.129435712,0.015863613,0.011138771
16,0.262910868,0.127259435,0.303842949,0.274083392,0.297301633,0.260387178,0.228606982,0.00769833,0.01330699,0.01538236,0.024683382,0.020816567,0.297137516,0.025820913,0.252337823,0.25054415,0.178351976,0.104173556,0.265203421,0.201242423,0.256273631,0.259481485,0.133807016,0.066596393,0.08012309,0.04240667,0.082092072,0.095544868,0.110937238,0.026000908,0.213449775,0.008137102,0.016280132,0.009578832,0.008783362,0.040320997,0.055363144,0.04975042,0.029337005,0.031189449,0.016201773,0.026184507,0.033768113,0.061542599,0.057619626,0.114813413,0.041666592,0.06891499,0.068797637,0.115410613,0.023680434,0.028327799,0.013371107,0.011293312,0.025706429,0.016889968,0.005298804,0.016198909,0.008257037,0.00862926,0.021985605,0.00361146,0.015413111,0.031444281,0.125708548,0.030506705,0.02576809,0.02378679,0.0155279,0.125116911,0.178534082,0.038078816,0.026242685,0.023246442,0.059580586,0.030225273,0.064160962,0.031639441,0.0226978,0.027916512,0.021444355,0.065834005,0.031799168,0.114348736,0.174160137,0.234694869,0.076060506,0.032830127,0.026883113,0.015884279,0.030464273,0.029131367,0.013597205,0.023049796,0.052856618,0.042181145,0.032366171,0.031835032,0.038880849,0.045660126,0.057668013,0.058523184,0.077991632,0.070043654,0.064976826,0.055298713,0.085972732,0.045155598,0.054825093,0.009382376,0.021985998,0.014854051,0.065520644,0.069039215,0.064754696,0.033095747,0.03606534,0.026520444,0.028672812,0.018816355,0.065715181,0.016364286,0.067498415,0.075325639,0.093846697,0.017033155,0.046553799,0.073778125,0.106356579,0.123926098,0.031085216,0.120015888,0.157463073,0.289807781,0.294715847,0.251404006,0.147954544,0.218370193,0.104145405,0.090825859,0.10099669,0.267774091,0.116098409,0.038441778,0.06767184,0.153760691,0.038039816,0.049513781,0.03192864,0.061593989,0.048818157,0.27624493,0.128463864,0.188862179,0.05926774,0.289804984,0.143928548,0.269979242,0.278176411,0.104982162,0.008351872,0.008185949,0.143109427,0.029903453,0.071146697,0.009369937,0.079163497,0.055582433,0.030026681,0.110331647,0.146611168,0.135033621,0.072589538,0.072309346,0.083556228,0.089361898,0.146330054,0.078646859,0.004349646,0.014055775,0.015927784,0.029678601,0.027427999,0.033315887,0.021907533,0.072960604,0.056393299,0.054516819,0.016252765,0.026468011,0.028669415,0.026821522,0.052094632,0.116591702,0.055263477,0.083947978,0.018378391,0.018106785,0.038102352,0.036464017,0.02936404,0.043270968,0.009498403,0.030298125,0.023851363,0.029194151,0.015846008,0.01937912,0.050618747,0.061135084,0.010970513,0.007304014
17,0.182868476,0.118541757,0.19444341,0.191580936,0.200335023,0.170688451,0.153573691,0.032275995,0.035123643,0.044878862,0.051364492,0.047135958,0.185403828,0.02472884,0.168283438,0.178556868,0.145548361,0.069805007,0.182003254,0.116722984,0.154587806,0.162744599,0.119950098,0.110026613,0.106062014,0.101577331,0.094154652,0.112171715,0.098428632,0.024675955,0.143681957,0.013441416,0.017516946,0.013596351,0.012692127,0.072317864,0.099980633,0.090339562,0.050154811,0.06485737,0.042379527,0.039938128,0.083824499,0.125796911,0.072813402,0.100395888,0.055645119,0.075128262,0.072401643,0.104013704,0.044888868,0.049847916,0.035581189,0.041523661,0.064594591,0.043496446,0.01067316,0.022693838,0.014359079,0.027008409,0.035654947,0.009880613,0.050749672,0.04732385,0.174336002,0.105287891,0.043632883,0.052561199,0.040964202,0.141055985,0.208011117,0.072478228,0.044273899,0.041928214,0.080513303,0.058523083,0.103779555,0.05366548,0.041509366,0.048220251,0.03995247,0.086820682,0.047986283,0.11583279,0.200229056,0.253740627,0.097491062,0.063995816,0.062123985,0.056563413,0.104329315,0.09639082,0.043488998,0.076181551,0.066440373,0.091370484,0.059799822,0.082171475,0.063491774,0.073976108,0.091197585,0.086854226,0.137203832,0.102872421,0.094267432,0.082660147,0.16339215,0.061909838,0.072598893,0.025203997,0.041173327,0.041678293,0.084190707,0.08420525,0.082919828,0.060700692,0.057496962,0.027897441,0.034530751,0.018583586,0.067352009,0.013512197,0.112243187,0.121448086,0.147285346,0.017562347,0.032437552,0.135337681,0.131197651,0.127741942,0.040919989,0.090766627,0.121280607,0.166031103,0.168349115,0.144819538,0.127798011,0.148716167,0.114923463,0.098806371,0.112492026,0.175469004,0.123891254,0.059517855,0.074624227,0.136780719,0.063729722,0.077657651,0.054328062,0.078607908,0.066825447,0.186228308,0.091353815,0.128421811,0.040938641,0.190015933,0.116712823,0.167595107,0.189335522,0.073105234,0.011800915,0.012467653,0.096930788,0.058079063,0.106440943,0.026858056,0.132255167,0.084150862,0.043911425,0.134001269,0.18520695,0.086838394,0.125196183,0.109661702,0.133806168,0.111515495,0.112802708,0.134307939,0.009867399,0.0231276,0.011389862,0.023942668,0.018416543,0.026875676,0.016516685,0.056677448,0.034157452,0.042292702,0.013266739,0.020720126,0.025450079,0.020438146,0.038431071,0.090709435,0.040391109,0.053835297,0.014794953,0.014590035,0.030174222,0.026329252,0.032787212,0.035349001,0.017033251,0.030373721,0.017275697,0.028205085,0.011235442,0.013215098,0.028823944,0.035261647,0.021864421,0.019635768
18,0.18298842,0.085057866,0.178846342,0.193441595,0.203644783,0.322817205,0.613608986,0.001082726,0.00445095,0.003053373,0.008416782,0.006942489,0.179380775,0.023853961,0.138023443,0.173592005,0.104725963,0.355452833,0.182998721,0.125932899,0.190260203,0.261188053,0.098196856,0.011983684,0.020666028,0.000770232,0.013542361,0.028765217,0.042629678,0.015502517,0.261214144,0.003378909,0.01188507,0.004844089,0.004719635,0.002606253,0.002407147,0.003837718,0.00282672,0.002205515,0.001191833,0.004933969,0.001135858,0.000599342,0.013566382,0.054786094,0.020860966,0.035257763,0.028438409,0.059577288,0.009978202,0.01204383,0.004442133,0.001141788,0.002521181,0.005196867,0.001934423,0.008458887,0.003526989,0.000884321,0.00464209,0.001280606,0.001366114,0.00412326,0.014066875,0.005423397,0.008023785,0.005167975,0.003282684,0.047720712,0.066530554,0.010738414,0.008863931,0.006718598,0.023642012,0.010508396,0.021726854,0.01103624,0.006903824,0.009382829,0.006224831,0.025306166,0.010885945,0.047080833,0.068009112,0.089918356,0.024871418,0.00726413,0.007711434,0.003671507,0.005607219,0.005681391,0.003379198,0.003830925,0.024516473,0.002416131,0.008523318,0.002388355,0.00914882,0.009089869,0.01092642,0.013990594,0.011606362,0.015957648,0.015215404,0.013118918,0.011714462,0.015623439,0.018306785,0.001926903,0.005715038,0.001756949,0.021282371,0.025331676,0.021750635,0.012734817,0.014117299,0.041821019,0.048117933,0.033795235,0.072720038,0.017921005,0.011324937,0.014446363,0.024964058,0.025192682,0.036537379,0.016911922,0.038988376,0.054794614,0.01067658,0.106569117,0.128991132,0.358714119,0.433980724,0.343567456,0.075509189,0.277869315,0.035601655,0.032877848,0.046962399,0.170745418,0.067290666,0.015419877,0.031810666,0.086061566,0.011502867,0.014533182,0.009176257,0.019866502,0.015904125,0.155363798,0.232317366,0.511566967,0.046823705,0.254291492,0.118634178,0.185535377,0.221264115,0.280148601,0.004539971,0.003339502,0.46120454,0.009827771,0.009414197,0.003378232,0.010194689,0.012620392,0.010240661,0.035509117,0.05667469,0.115907348,0.012114963,0.015055006,0.017601763,0.048634854,0.131856412,0.010432261,0.001765921,0.005210676,0.00505625,0.013053634,0.00734461,0.011522223,0.010169114,0.068166621,0.007451871,0.045065553,0.006694759,0.008696611,0.017664527,0.012746891,0.034074843,0.133127909,0.035644844,0.026102621,0.007201513,0.007178415,0.012694795,0.016599759,0.027405119,0.017912484,0.007800571,0.020617838,0.014641202,0.034439588,0.008959709,0.010802192,0.029585946,0.034872897,0.007189499,0.006195986
19,0.280212022,0.131407962,0.304749566,0.294551479,0.317596292,0.284909853,0.271091426,0.007723398,0.012984104,0.014826935,0.023793771,0.02025145,0.305506845,0.026887885,0.249874031,0.269002005,0.182255112,0.11948269,0.281102776,0.203361294,0.265695102,0.276536877,0.14292136,0.057884451,0.070040075,0.038613706,0.075283885,0.085578398,0.105688143,0.025569974,0.237724865,0.007669962,0.016163611,0.009077977,0.008274364,0.036700283,0.050316184,0.045851046,0.02677083,0.028640229,0.014908791,0.024106888,0.030603555,0.057125179,0.053332864,0.111153021,0.03886193,0.064159074,0.06474985,0.111720484,0.022340696,0.026420163,0.013028642,0.010933719,0.023953006,0.01638817,0.005034675,0.015638503,0.007856383,0.00799783,0.019883467,0.003532209,0.014271317,0.027698134,0.109636864,0.027356115,0.024816273,0.022368134,0.014226601,0.124421847,0.170190135,0.03502823,0.02501149,0.02186051,0.05548221,0.027943766,0.059652931,0.02971109,0.021383814,0.026380664,0.020251104,0.062168716,0.030781094,0.114915957,0.16514671,0.225077641,0.070988684,0.030064728,0.025715882,0.01525375,0.027380996,0.026078741,0.012377077,0.020476795,0.049014832,0.039247537,0.030791677,0.02883573,0.034131174,0.039553493,0.049834946,0.05143857,0.067259859,0.061302393,0.056562558,0.048741068,0.073578428,0.041395287,0.049778378,0.008371346,0.019649554,0.012914395,0.059089289,0.063152716,0.058625517,0.030405594,0.033270849,0.03270892,0.040133783,0.02173316,0.087836027,0.01629206,0.057197595,0.065868871,0.084705685,0.01858976,0.04535959,0.065016386,0.098302889,0.116969056,0.027181132,0.115476173,0.157209475,0.281942737,0.287232208,0.249184202,0.143401943,0.232410884,0.094852567,0.083860934,0.096684329,0.270404158,0.117384006,0.035497602,0.062877576,0.154872746,0.033912681,0.043779766,0.02855508,0.055684484,0.04413326,0.283130765,0.142708611,0.222532974,0.057718286,0.316500475,0.153951334,0.280834054,0.305871248,0.11916881,0.007854082,0.007631752,0.170260803,0.027753267,0.062514176,0.008704636,0.067044335,0.048670149,0.027538605,0.103602928,0.135880836,0.124606529,0.063124438,0.062999065,0.073912988,0.085407563,0.14594768,0.066488176,0.004182312,0.013254028,0.018149496,0.036342093,0.031100568,0.042103805,0.025198673,0.083607505,0.061896557,0.064918537,0.019987672,0.033056387,0.029500186,0.03311655,0.064249803,0.140517399,0.06771484,0.094495632,0.022649653,0.022933109,0.049884144,0.043652183,0.035113644,0.052802455,0.011152693,0.035890754,0.025742875,0.035348601,0.016874745,0.020159634,0.050528596,0.062414139,0.012975723,0.008448469
20,0.17944936,0.079168585,0.149825699,0.19371326,0.216800898,0.226914762,0.208689917,0.001639387,0.004293061,0.004824424,0.010583422,0.00893394,0.195700177,0.015376613,0.120242161,0.187730581,0.109227696,0.113351021,0.212209019,0.152865327,0.229967609,0.231501954,0.090377183,0.01044867,0.01485956,0.007269606,0.017562619,0.023045947,0.042263938,0.011140976,0.174922078,0.0020242,0.007266306,0.002756147,0.002347348,0.006723005,0.008099578,0.0067532,0.005452563,0.004616587,0.002375483,0.006191392,0.005505676,0.009108371,0.015588415,0.05187083,0.014226423,0.023858812,0.024747843,0.053541972,0.007376897,0.008222862,0.00416263,0.002491713,0.005547006,0.00570009,0.001192569,0.006261292,0.002607268,0.001531897,0.00555517,0.001035335,0.003679849,0.006520906,0.025167178,0.003084493,0.016003025,0.009165304,0.002610157,0.111770262,0.094146856,0.007949396,0.013649453,0.011485219,0.025784266,0.008532866,0.017504538,0.012450844,0.010096705,0.012294568,0.010474344,0.032301451,0.021853718,0.114302633,0.08707874,0.131810603,0.021093493,0.007567571,0.006741147,0.002763932,0.003254564,0.003274493,0.001952097,0.002309623,0.01723375,0.008109642,0.01533575,0.007465168,0.006762136,0.006974149,0.008813663,0.011257742,0.010483331,0.012913598,0.011129809,0.011005894,0.009972481,0.01451937,0.015358735,0.001416022,0.004942035,0.001540716,0.01664613,0.020424665,0.017099218,0.006814566,0.010035117,0.020894975,0.031211485,0.011734049,0.070865298,0.00615938,0.009159433,0.012633949,0.022637017,0.008866094,0.017380474,0.014725563,0.034953694,0.049185756,0.006657743,0.077468206,0.110747331,0.122803941,0.112850355,0.133025026,0.070715092,0.256682931,0.029712454,0.028984759,0.04342851,0.140262266,0.061911676,0.010974554,0.023043643,0.087280371,0.006880575,0.00827713,0.00587759,0.016108821,0.01268071,0.163806345,0.101790338,0.169512952,0.021605619,0.291040036,0.111480554,0.248803208,0.250556373,0.08585266,0.002155196,0.001718617,0.131861157,0.008282349,0.014615956,0.001882906,0.008947817,0.010158211,0.009377601,0.033570805,0.052581596,0.03788919,0.010972064,0.012367897,0.01591423,0.043136679,0.107576191,0.008945591,0.001184996,0.004651971,0.008898469,0.022870557,0.015136293,0.026597097,0.012631561,0.043456568,0.027388586,0.036803869,0.0130075,0.020986449,0.011437287,0.020812478,0.039860256,0.079755823,0.0416371,0.044634253,0.014793905,0.01514331,0.033047551,0.025801845,0.020592364,0.03517432,0.005677929,0.021464985,0.012501327,0.019422696,0.007967418,0.008978704,0.020404234,0.026818977,0.006434085,0.003538476
21,0.300947863,0.122467806,0.30239034,0.320472322,0.354670138,0.352445417,0.369056289,0.001863501,0.005791159,0.005482985,0.012542788,0.010617157,0.338297598,0.024162292,0.234905871,0.296301577,0.176443262,0.1698555,0.316281419,0.27233845,0.339539046,0.348064517,0.142810739,0.016293026,0.025133495,0.006635063,0.023355061,0.039665834,0.069701891,0.017437825,0.276720936,0.002798863,0.011332924,0.004063666,0.003462148,0.007095075,0.00783947,0.006453169,0.006275392,0.004528232,0.002339784,0.008246925,0.005277151,0.007776901,0.022245176,0.086540926,0.022965135,0.041395503,0.039663102,0.089899389,0.010711415,0.012305943,0.005657019,0.002606985,0.005961388,0.006915183,0.0015152,0.009675182,0.003674199,0.001564144,0.01374016,0.001379418,0.003569374,0.021563439,0.089678451,0.00384229,0.016681261,0.009168905,0.003785082,0.109288261,0.111668214,0.011917957,0.015456792,0.012563046,0.032127794,0.012131299,0.026721395,0.015460353,0.011666618,0.014657659,0.011522792,0.03906282,0.022742412,0.112715285,0.107472932,0.15706106,0.032588478,0.016354638,0.009933663,0.003670116,0.004103965,0.004196416,0.002672449,0.002878059,0.028445424,0.007918371,0.016489074,0.00734912,0.010454129,0.010904353,0.013929625,0.018340767,0.015671551,0.021278981,0.018133056,0.018095413,0.014335982,0.021387179,0.024378778,0.001945007,0.007231049,0.00196386,0.027458322,0.033226094,0.028160995,0.009778293,0.015265222,0.034271174,0.047992971,0.020256926,0.109446777,0.012809935,0.012374986,0.020437483,0.037860574,0.016102279,0.037196291,0.021431664,0.058045855,0.080725039,0.008624238,0.088725795,0.143962553,0.204079593,0.220129665,0.201548044,0.114782323,0.272100529,0.050897725,0.049577442,0.068776648,0.26886869,0.098577184,0.016767826,0.039722425,0.140984501,0.010293365,0.012685989,0.009039376,0.026502587,0.020917617,0.290589019,0.169766175,0.29988926,0.046725684,0.385336281,0.161114707,0.349782138,0.359563358,0.1521925,0.003165199,0.00234204,0.238833003,0.015755206,0.048609255,0.002733109,0.013009069,0.016405234,0.013863284,0.052850615,0.072801365,0.065111941,0.01668634,0.020274161,0.026434009,0.059206139,0.132506518,0.012574323,0.001473773,0.007754851,0.022603996,0.048694173,0.039476949,0.050834579,0.030902407,0.101057969,0.081625711,0.079740271,0.027859277,0.041376795,0.033890783,0.04323731,0.081303863,0.16539227,0.086521269,0.119761497,0.031541145,0.029663798,0.057257642,0.057897684,0.046687541,0.078604237,0.012327626,0.050583653,0.039419735,0.038304599,0.026399439,0.032492372,0.08709561,0.104469498,0.012734168,0.006893217
22,0.355133058,0.14999802,0.402466945,0.372588145,0.415744733,0.406631591,0.402534017,0.002193499,0.007222226,0.0062233,0.014422703,0.012281312,0.421312837,0.029627574,0.308694258,0.359770607,0.2162463,0.238144521,0.380795975,0.35047487,0.409387683,0.410580476,0.176460239,0.020269546,0.032540773,0.006262357,0.026604829,0.050874359,0.087007053,0.021462854,0.338518825,0.00346682,0.01404245,0.005060984,0.004343621,0.007267341,0.007517099,0.006396429,0.006820108,0.004593925,0.002491729,0.009792038,0.00516913,0.00677125,0.026733433,0.109079561,0.031109241,0.05643779,0.050943637,0.114652286,0.013870557,0.016171983,0.007071992,0.002871872,0.006407718,0.008155188,0.001904255,0.011890741,0.004492671,0.001764352,0.018814214,0.001772196,0.003647126,0.030835685,0.128865778,0.005237684,0.017241953,0.009323843,0.004669297,0.106936358,0.113450115,0.013336231,0.016920496,0.013183235,0.034559861,0.013832713,0.028896755,0.01798185,0.01286241,0.016535297,0.012191755,0.041637037,0.023045109,0.110282595,0.110780443,0.159429788,0.034556898,0.021521888,0.01107691,0.004609894,0.005526032,0.005591556,0.003527676,0.003843923,0.038065995,0.007881114,0.017517244,0.007421455,0.013382234,0.013845631,0.017547556,0.02328161,0.019031129,0.027068854,0.023301776,0.022886884,0.017170321,0.025921864,0.030655371,0.00241892,0.008646711,0.002372227,0.035226165,0.042294648,0.036024282,0.012561711,0.019770963,0.033862622,0.041589152,0.022172959,0.100023467,0.016880446,0.014288854,0.025715149,0.047436036,0.018793215,0.049470944,0.025730981,0.072522127,0.10059367,0.009548881,0.094859659,0.165259699,0.246958924,0.278794164,0.240800061,0.142839726,0.282849441,0.065000512,0.063132477,0.084709389,0.351988674,0.121772708,0.02174166,0.053300234,0.17335233,0.013285491,0.016401887,0.011720074,0.03372236,0.026927427,0.36362728,0.19907028,0.33507015,0.061871082,0.447993302,0.192994917,0.418511025,0.433789375,0.190431251,0.003968757,0.002893643,0.290151476,0.020612804,0.069472219,0.003558651,0.015469711,0.020778785,0.016622664,0.056010066,0.077070112,0.076515086,0.020471647,0.025748515,0.033271048,0.069323657,0.148222136,0.014745123,0.001833641,0.009743317,0.029992633,0.056254858,0.05254104,0.055952024,0.041045844,0.139403755,0.112879549,0.10343036,0.031648209,0.045703739,0.047472421,0.050322168,0.098837369,0.224071653,0.106129523,0.163430654,0.035685154,0.032604266,0.058779521,0.070752246,0.055606679,0.089825066,0.015198669,0.06065428,0.054171647,0.051134683,0.036763025,0.046165279,0.128076523,0.150681149,0.015551463,0.008847012
23,0.171245015,0.129978605,0.117575413,0.187134778,0.191414471,0.129237678,0.077348632,0.012654149,0.01962007,0.016147537,0.02804952,0.024055756,0.156690012,0.025269745,0.107400622,0.160111276,0.147999383,0.061125236,0.158661068,0.082795283,0.117133502,0.12063275,0.121545835,0.145065799,0.153861668,0.020472498,0.069779094,0.154667061,0.08247412,0.025340467,0.068939211,0.014717611,0.022660157,0.017561603,0.018727814,0.027085084,0.040158989,0.054545105,0.019779105,0.029508966,0.015218903,0.019410632,0.022238394,0.036874192,0.044864661,0.091280512,0.051312229,0.084908708,0.060570212,0.114508464,0.032653412,0.039300347,0.020164803,0.012406993,0.018061209,0.020570537,0.009003035,0.024079316,0.014536885,0.007926714,0.037872773,0.005630879,0.019010412,0.056697855,0.230203153,0.065140385,0.028855068,0.03146469,0.033791246,0.179231722,0.298056489,0.078569873,0.030799419,0.028462764,0.10709376,0.058931435,0.123409298,0.0406374,0.026814835,0.033886148,0.025286983,0.105868681,0.038441312,0.142760171,0.291021574,0.376065217,0.140048284,0.059382148,0.050244276,0.031986696,0.06474245,0.061551981,0.026915716,0.050446922,0.070370563,0.028082843,0.034443048,0.019460123,0.077950932,0.098167998,0.126305212,0.11676442,0.181814836,0.141884092,0.132662478,0.110910973,0.212812632,0.075276725,0.090842492,0.020688672,0.046481852,0.036170463,0.107271337,0.104205058,0.104773142,0.052487047,0.054275174,0.028750212,0.027301387,0.022801231,0.045220143,0.019890344,0.170334526,0.157750007,0.177450679,0.02033757,0.053966091,0.165424929,0.165082153,0.159533576,0.056440578,0.151335119,0.152492806,0.276164504,0.303781388,0.224739659,0.147944096,0.194625945,0.15206163,0.124770168,0.139958891,0.108151789,0.145280158,0.057009797,0.086845542,0.147749216,0.070204457,0.09457235,0.057772918,0.099671498,0.083390247,0.154244916,0.080076552,0.072997285,0.070260755,0.158410956,0.120832373,0.134314105,0.155945814,0.060547913,0.01813061,0.015845181,0.05183164,0.049268089,0.128919653,0.016560284,0.198412645,0.113218934,0.053163335,0.19032819,0.27316559,0.170342862,0.16127029,0.150797425,0.167365372,0.136755907,0.152593576,0.200801128,0.008028601,0.022721352,0.004424713,0.010381051,0.006559399,0.015697788,0.007335353,0.048156963,0.008594894,0.027769103,0.00534868,0.009152065,0.036352528,0.010410048,0.023070683,0.058578107,0.024460885,0.0190733,0.005833155,0.006889034,0.018987354,0.015110264,0.016166739,0.01320651,0.007394301,0.013253137,0.008105092,0.018075168,0.004833127,0.005555361,0.012255762,0.015812307,0.009300426,0.008104494
24,0.022731177,0.104606587,0.020082301,0.020959864,0.016437577,0.015607115,0.013560941,0.105897773,0.100744614,0.106115014,0.105365088,0.107549049,0.01877323,0.011755797,0.022343828,0.052100237,0.094366573,0.007541843,0.047266594,0.009462292,0.012090596,0.013223434,0.09120683,0.19532662,0.141555957,0.1271495,0.059750719,0.131063251,0.047864966,0.012110308,0.01353765,0.013037049,0.008453139,0.010313414,0.008728405,0.047224662,0.06215422,0.096852689,0.032275173,0.066207195,0.046602215,0.02792448,0.090958461,0.140307334,0.043299013,0.055421892,0.074807793,0.086367515,0.048766254,0.085939987,0.091006599,0.088523913,0.102586788,0.108843317,0.10185051,0.105007403,0.012602268,0.02201395,0.016337101,0.031619354,0.037481166,0.012869891,0.069462098,0.045820776,0.155882965,0.130812673,0.074100312,0.122871268,0.071332836,0.238354372,0.280636436,0.091598974,0.074399675,0.066495608,0.111213242,0.073655355,0.11864494,0.090535143,0.070557182,0.081753672,0.066406734,0.123192939,0.072733883,0.145474132,0.236409605,0.297492617,0.12693327,0.060777027,0.062667244,0.05326712,0.128804419,0.121350652,0.04892648,0.101373767,0.094497577,0.121466436,0.103012826,0.128180748,0.109889337,0.127629964,0.155883318,0.140388361,0.263742209,0.162416314,0.144237404,0.138360796,0.336706798,0.09251001,0.105323293,0.034961354,0.068543961,0.069295992,0.115808653,0.109942939,0.114228508,0.103376556,0.100925523,0.014419025,0.023284842,0.007369499,0.044098863,0.002960912,0.189242455,0.207722367,0.257789021,0.006211159,0.00768414,0.254958159,0.177331587,0.132979565,0.047215631,0.045330927,0.062992092,0.020422986,0.020360127,0.016309753,0.094760361,0.030563962,0.126700264,0.113931462,0.143870475,0.021282588,0.145769469,0.101625198,0.092904312,0.116444684,0.103278553,0.12091404,0.09433858,0.10981056,0.109272526,0.036307744,0.018168385,0.014271073,0.007404453,0.026706781,0.064585317,0.022991526,0.039295821,0.012296111,0.007355317,0.010012229,0.009620817,0.057396152,0.095945759,0.024937551,0.259076135,0.138493616,0.069071859,0.153304926,0.227768743,0.026541033,0.23240174,0.177793925,0.227564215,0.145177689,0.05899407,0.253895307,0.012937463,0.026616555,0.002136561,0.006249094,0.00288125,0.007167877,0.003683529,0.008055222,0.00366746,0.007534811,0.003587699,0.004745303,0.005869086,0.004761635,0.007013292,0.013394563,0.007548667,0.006230598,0.00386137,0.003889694,0.006692902,0.006998499,0.012971285,0.00932386,0.009093193,0.011971707,0.00433699,0.00959258,0.002760154,0.00299629,0.00222289,0.002720021,0.010963217,0.011309739
25,0.026075788,0.076453641,0.030833022,0.024308627,0.020894741,0.021545415,0.024513859,0.187037452,0.17300245,0.187115993,0.189825865,0.193290012,0.024657502,0.020224973,0.035310006,0.049196705,0.069493567,0.013680041,0.046483263,0.012623806,0.016554562,0.018550197,0.070872499,0.118560975,0.11281272,0.263939647,0.125551379,0.112223812,0.072514365,0.021087049,0.01717157,0.038921045,0.013354106,0.023469456,0.019421694,0.104486803,0.141818056,0.200795207,0.069752666,0.133434118,0.092732771,0.0547847,0.143519673,0.314295097,0.081823032,0.064002883,0.097559418,0.09096056,0.068922407,0.070321553,0.141310712,0.128728142,0.17575629,0.19267907,0.185763509,0.190662024,0.049605804,0.040418082,0.042460635,0.069130724,0.036477632,0.020897873,0.061771302,0.039563984,0.109368937,0.092649159,0.116472955,0.148963168,0.061432203,0.235946573,0.221050467,0.083166276,0.119390857,0.105887436,0.095332798,0.055839898,0.099122561,0.138389634,0.114068419,0.129223224,0.110987755,0.131499574,0.113149108,0.156257502,0.187902902,0.229286989,0.118252416,0.050041411,0.062998739,0.042176486,0.091567531,0.086390873,0.034907462,0.073313016,0.112308127,0.244315851,0.161802256,0.223007163,0.098264848,0.097511249,0.104280564,0.101618328,0.153792793,0.108991504,0.10562295,0.09679242,0.226535215,0.083419696,0.090598647,0.028886783,0.050119255,0.054862631,0.100239391,0.098465835,0.098960522,0.141769533,0.132354967,0.015598828,0.024832333,0.008590062,0.047378103,0.003932392,0.117623691,0.123579408,0.178825352,0.00660408,0.022847578,0.188184324,0.128802628,0.10499524,0.033320119,0.040751887,0.059245836,0.025279023,0.020656636,0.023052079,0.083181565,0.043763209,0.108601141,0.096288707,0.09847698,0.031228484,0.094904123,0.132768434,0.092804361,0.07949524,0.11022468,0.121650383,0.105424749,0.095545583,0.094496497,0.040021119,0.021523942,0.022749405,0.009540768,0.033641439,0.054482938,0.027243787,0.043688976,0.017336765,0.014549019,0.022458811,0.016887378,0.045282876,0.069160957,0.017732133,0.138057442,0.100913566,0.058568354,0.13713873,0.168342787,0.022813194,0.135184005,0.112522125,0.138282866,0.111855812,0.054537248,0.145386253,0.046279311,0.037873986,0.001659173,0.00655722,0.002345993,0.007594035,0.002866963,0.006937532,0.003008522,0.007039319,0.003827801,0.004640721,0.004072357,0.005043575,0.007060513,0.012701053,0.007547592,0.00538158,0.004136282,0.004174467,0.007206487,0.00741284,0.014744504,0.010523228,0.007338563,0.013715882,0.004514055,0.007308045,0.002503661,0.002669057,0.001921243,0.002661495,0.008147713,0.008206467
26,0.015035363,0.002986157,0.046253546,0.009644036,0.002490604,0.001182889,0.000404471,0.14950041,0.085043278,0.341523012,0.079995444,0.127235665,0.004188024,0.039493409,0.11755719,0.008532639,0.030055248,0.000206646,0.00751285,0.001100493,0.001039563,0.001127675,0.002015547,0.015982855,0.012312903,0.502062194,0.509966482,0.011448154,0.290157815,0.063105408,0.007443424,0.062579922,0.032331133,0.047994912,0.035017883,0.582602863,0.787436954,0.787595034,0.382325041,0.792776019,0.820861102,0.266110354,0.816780214,0.629444124,0.409047659,0.198832273,0.074231978,0.047958869,0.249790436,0.059885827,0.04917845,0.046072416,0.079362632,0.349535108,0.660086879,0.100739915,0.064870912,0.079837669,0.073328043,0.602808906,0.065281641,0.09405006,0.927696847,0.042700566,0.063813191,0.003905009,0.084223103,0.275970605,0.202626411,0.471547409,0.333958797,0.116105055,0.056953142,0.041444748,0.104819711,0.037598073,0.139673721,0.075012925,0.052644663,0.069645192,0.033264984,0.100988247,0.047240721,0.151683514,0.292894499,0.380599875,0.20916098,0.046763324,0.053968889,0.011355687,0.004619003,0.003743061,0.003328788,0.002389298,0.036928617,0.560298894,0.22079199,0.408256577,0.012358257,0.009712205,0.011886089,0.012404018,0.011718546,0.015291188,0.014142225,0.009892952,0.004982597,0.031877586,0.02266759,0.001617226,0.005610368,0.001376496,0.019005248,0.026151115,0.018683971,0.015275151,0.026102833,0.000329237,0.000224319,0.000320671,0.00103894,0.0001572,0.001141982,0.017696754,0.008546958,0.000102438,0.000946055,0.002452258,0.009953535,0.011343861,0.000595827,0.001694909,0.008409807,0.000668183,0.000154805,0.000347977,0.010897923,0.001230421,0.013285787,0.010412604,0.006118146,0.064840021,0.003184233,0.027113872,0.032860779,0.027645641,0.012717848,0.010817266,0.00795022,0.009865119,0.010987057,0.050271768,0.002420496,0.000620239,0.000173092,0.00107455,0.002333711,0.002087018,0.00134854,0.000819129,0.029865066,0.051285515,0.000274631,0.040842922,0.043358076,0.002931925,0.004182455,0.011243078,0.020927414,0.243657091,0.286948969,0.000224509,0.016343688,0.016747686,0.014816887,0.003368621,0.006029589,0.00152648,0.087425405,0.091565154,0.01953921,0.338545429,0.034422527,0.359118672,0.028425618,0.021724663,0.036859044,0.134643534,0.48305013,0.23306752,0.035404291,0.434008158,0.199210717,0.048790443,0.172845767,0.073236774,0.465555731,0.537648539,0.478062826,0.170826457,0.343481434,0.448617735,0.047429547,0.332725967,0.237654303,0.03624027,0.336721215,0.361469418,0.255385142,0.163562267,0.030654786,0.018013974
27,0.034443184,0.035417509,0.074012251,0.028728159,0.022099577,0.020871013,0.021899269,0.316363547,0.281645205,0.282870764,0.134900959,0.198085477,0.029100037,0.090732687,0.110424925,0.037074927,0.049278635,0.015007562,0.038219079,0.019248002,0.019470928,0.019772211,0.036548739,0.037846382,0.10134091,0.607087544,0.265656228,0.101856032,0.178107052,0.078200586,0.024568682,0.116191149,0.088225005,0.097328231,0.100495498,0.289086561,0.349931183,0.342575037,0.252181965,0.262151282,0.200459635,0.227854454,0.305644985,0.624982721,0.245329257,0.139308737,0.134290777,0.085452397,0.183317782,0.070212813,0.189764039,0.152116332,0.279976129,0.307691348,0.304248864,0.193392561,0.123860055,0.117426719,0.123374678,0.16161368,0.129071415,0.146166221,0.232640626,0.140166218,0.121416382,0.05834652,0.105190007,0.202836872,0.152272548,0.161539111,0.083420326,0.08189183,0.095506583,0.091120156,0.04901161,0.029222402,0.067392551,0.120220446,0.095916305,0.108392021,0.087623516,0.079981472,0.086917338,0.10066705,0.093130726,0.096899654,0.058234684,0.066845319,0.069988117,0.056516183,0.058387027,0.052527362,0.028089759,0.037763346,0.089551118,0.459199989,0.205677366,0.505088741,0.092225168,0.076219668,0.05661313,0.064534263,0.022123649,0.061452048,0.084754065,0.047403604,0.017672114,0.055141993,0.069635307,0.010345425,0.010660103,0.009881528,0.090372061,0.084746869,0.085286495,0.138917368,0.099491192,0.029770145,0.043067598,0.020317333,0.081779333,0.012405331,0.01972103,0.042530101,0.034049334,0.015343413,0.063057238,0.023476197,0.052789617,0.063385701,0.007864495,0.024530712,0.046418139,0.016292837,0.013053272,0.018019257,0.062126486,0.05190102,0.092782217,0.075496558,0.034487264,0.080105247,0.030949722,0.100119658,0.068048817,0.04574368,0.131265052,0.136182513,0.116244605,0.08196018,0.049070437,0.065029654,0.025436293,0.020942323,0.029020729,0.0304195,0.037594021,0.028316531,0.033582215,0.021594306,0.090568329,0.089408198,0.016223879,0.059662857,0.090785616,0.019983143,0.01440994,0.06620627,0.026742137,0.075613579,0.074266921,0.0086542,0.027924017,0.054563034,0.040667368,0.036551395,0.039574407,0.015143196,0.125136992,0.126991303,0.008404866,0.059542479,0.013291417,0.098326504,0.012324377,0.013357479,0.017781747,0.044838818,0.038319924,0.041033201,0.012171167,0.060124895,0.077301276,0.02797981,0.080259586,0.03339147,0.04166326,0.054721339,0.09891134,0.071560313,0.116615865,0.100453985,0.027782079,0.107765045,0.03377759,0.020750799,0.021758581,0.023673126,0.013308355,0.023479618,0.028061624,0.024625963
28,0.041943597,0.075593047,0.048513701,0.041159616,0.038040368,0.035687683,0.037620154,0.170910051,0.160237909,0.162382177,0.162610703,0.168205885,0.037957575,0.021699394,0.051194408,0.060587579,0.072545481,0.020642987,0.058191901,0.019668032,0.027719637,0.031266996,0.071916781,0.105901533,0.101192196,0.23691593,0.133953359,0.100585313,0.078952011,0.023150413,0.030814847,0.03718787,0.014987352,0.023565848,0.019754685,0.108554272,0.154557374,0.206102234,0.072252845,0.132694268,0.088745274,0.055755127,0.13401677,0.28956225,0.087563689,0.068623446,0.091881952,0.086820447,0.071301711,0.069841398,0.131240611,0.119935107,0.162671256,0.16783389,0.155239003,0.166245797,0.0459178,0.03896272,0.039733203,0.063958324,0.034824051,0.019720227,0.061767066,0.037603555,0.104351952,0.079175799,0.104213047,0.139576555,0.060655679,0.230651745,0.210228299,0.083338585,0.105859266,0.094976851,0.090688183,0.053076431,0.10232916,0.124149571,0.101585719,0.115129885,0.098413758,0.123158177,0.100685015,0.146389458,0.182564132,0.2237865,0.117065883,0.05180832,0.068708932,0.044680379,0.078669087,0.073332604,0.031374094,0.061266957,0.105537958,0.218843895,0.14586272,0.199307292,0.089694042,0.087761801,0.093571137,0.091370638,0.136174774,0.097567066,0.095830659,0.086679662,0.196592534,0.077677665,0.083477156,0.025270755,0.043433781,0.044734172,0.091978643,0.091243936,0.090973996,0.133880298,0.123289442,0.021940008,0.033798762,0.012429618,0.063528325,0.006222913,0.108418186,0.11012527,0.15626528,0.010241225,0.02953966,0.162988119,0.114779679,0.096067301,0.029201524,0.044526879,0.063168575,0.037587762,0.033048077,0.034827618,0.080030376,0.060256023,0.09809874,0.087985087,0.091219728,0.04720525,0.090057904,0.123704182,0.087806571,0.079262359,0.103124872,0.114366529,0.098219907,0.087046616,0.086795954,0.05381067,0.029385273,0.03358201,0.015706778,0.050320427,0.05919918,0.039021918,0.058770613,0.023837583,0.015400674,0.022968896,0.025142363,0.043939334,0.066206647,0.017604068,0.122634728,0.090654891,0.054418809,0.139169841,0.164444803,0.029453397,0.120471361,0.100526237,0.122120621,0.102803891,0.058909532,0.129246758,0.042394605,0.036130176,0.002633347,0.008039584,0.003796474,0.010059906,0.004408953,0.013526917,0.005213735,0.011241952,0.004569404,0.00619186,0.007275916,0.00656645,0.010423743,0.02316337,0.011023304,0.009546458,0.00495602,0.005184809,0.010297725,0.00928154,0.016068049,0.011996657,0.009175177,0.014713571,0.005343009,0.010969247,0.003183999,0.003418476,0.003106369,0.004187137,0.010605323,0.010450507
29,0.093613007,0.059465212,0.13276459,0.092768441,0.091929144,0.079197319,0.079439676,0.120670775,0.108601352,0.168807731,0.127831692,0.130008102,0.094474433,0.034806408,0.14791643,0.090998968,0.086506545,0.035041571,0.09534342,0.063413906,0.072500725,0.075239024,0.060130936,0.047340838,0.092172381,0.47125231,0.218280546,0.100819863,0.164825163,0.037204408,0.064403469,0.038692241,0.0294054,0.032512266,0.030106646,0.251391117,0.323710329,0.240882689,0.183240814,0.206026458,0.151001375,0.143384985,0.316566779,0.483468208,0.201600869,0.13878906,0.109703831,0.09253601,0.151412465,0.090092576,0.109832319,0.112009411,0.108044946,0.16831837,0.261555689,0.12227085,0.039373481,0.046138062,0.041714651,0.107351879,0.061862932,0.053276907,0.205078172,0.067881321,0.119066524,0.100877396,0.119297077,0.173214052,0.077213825,0.140905787,0.11196558,0.079868483,0.110091173,0.114197317,0.06455258,0.047340073,0.096637618,0.122474915,0.111362535,0.118365393,0.109637485,0.095460739,0.110171443,0.118869392,0.127970293,0.133696231,0.076958565,0.07594616,0.088104488,0.076576101,0.100511864,0.090545726,0.047525892,0.066241385,0.091273997,0.3570628,0.183379462,0.394130844,0.070512507,0.061161374,0.054186966,0.06043853,0.041514164,0.062739693,0.075414405,0.049153655,0.04320207,0.057441506,0.066718678,0.019103729,0.019240693,0.019741323,0.082908707,0.083281499,0.079781453,0.121050008,0.093471527,0.040906848,0.054218568,0.025422702,0.093994155,0.01793591,0.03331994,0.053390881,0.056751829,0.02890998,0.051050092,0.042350085,0.071168439,0.084210823,0.0175701,0.037892987,0.073062055,0.045330278,0.045146212,0.044045789,0.093088475,0.078537801,0.099862769,0.082762507,0.055743833,0.128094088,0.053982627,0.09543779,0.078061743,0.078179109,0.101346121,0.10699625,0.086131916,0.074592012,0.052199118,0.119887642,0.051455964,0.067147757,0.04271768,0.083805571,0.061600031,0.084363274,0.088292038,0.042634262,0.026992089,0.031123658,0.051134462,0.06452348,0.086646522,0.034319032,0.034045742,0.059726332,0.033366177,0.10380308,0.113337789,0.026232088,0.043822093,0.059130728,0.055590134,0.051448182,0.061121949,0.034056592,0.039371458,0.052675035,0.010644933,0.037137363,0.015052161,0.037059744,0.014823386,0.029271441,0.023858987,0.035235731,0.023415889,0.026472885,0.014437738,0.030642884,0.040266381,0.050608062,0.041529751,0.036784802,0.025522919,0.027004509,0.039895439,0.032565129,0.072517933,0.064875292,0.030837689,0.067074965,0.025875419,0.025870345,0.019127393,0.021184569,0.027350335,0.029910497,0.036282295,0.033904222
30,0.031734147,0.044119869,0.037659173,0.03012188,0.029416864,0.030123637,0.035940822,0.021775522,0.022046233,0.028882234,0.025298246,0.025267979,0.03596721,0.068496135,0.042101049,0.039931001,0.03682877,0.013855438,0.039554738,0.035570128,0.032535986,0.030310191,0.048193823,0.024040394,0.071810029,0.084170439,0.201662997,0.077448944,0.088089383,0.074559959,0.018433309,0.063608551,0.075246271,0.068099035,0.072378286,0.066923251,0.137988123,0.333097528,0.039080337,0.157512863,0.082710358,0.030190965,0.062216369,0.081206665,0.064841821,0.05467297,0.023880565,0.028547919,0.049620895,0.035060021,0.020398065,0.019875588,0.021743397,0.027168514,0.045673626,0.021403245,0.047525413,0.065428564,0.051491829,0.038322511,0.061223048,0.02693784,0.051151875,0.076989933,0.25159004,0.034924241,0.035003183,0.079510654,0.104746477,0.131653286,0.068088773,0.106000068,0.027732778,0.025976574,0.025720505,0.028635201,0.064133887,0.029993118,0.026466943,0.029595458,0.023164608,0.031848013,0.028294635,0.073261499,0.058659053,0.077022535,0.038065524,0.129466993,0.101856966,0.116445567,0.036565125,0.030149499,0.022159392,0.020677844,0.02342356,0.062812026,0.052871811,0.088286301,0.017335686,0.019689091,0.025518849,0.029294891,0.015623752,0.040673996,0.040924183,0.024574891,0.013154362,0.021790719,0.027321371,0.006526968,0.006890207,0.005363886,0.036386532,0.036201742,0.034847327,0.020968896,0.019080089,0.031857829,0.041788082,0.025165598,0.080369337,0.017419984,0.040359777,0.034958829,0.036873862,0.018284052,0.074500533,0.038979339,0.05941072,0.067053686,0.006765568,0.02426423,0.041856727,0.018928172,0.020204202,0.017757807,0.056833923,0.034659072,0.071632686,0.047346902,0.035114412,0.036419932,0.040143702,0.020217584,0.025001546,0.034627444,0.020431383,0.028874266,0.016086567,0.032910391,0.019033457,0.038793044,0.03155077,0.032332245,0.041565995,0.037420786,0.042819656,0.037429726,0.042219208,0.027911231,0.071322679,0.070524034,0.024928343,0.0864647,0.154442983,0.016496277,0.01100837,0.026888911,0.012540757,0.043647359,0.043503607,0.007881902,0.01885033,0.041076546,0.040656293,0.059271475,0.037443619,0.021276308,0.037718946,0.053274537,0.004821094,0.014851367,0.007667118,0.011418574,0.00634719,0.013401248,0.015700172,0.012767622,0.010334615,0.009839208,0.006309278,0.01287334,0.011868291,0.019516693,0.012397412,0.020999341,0.011089373,0.011346634,0.009856231,0.010202305,0.022727851,0.025672512,0.01018156,0.022984539,0.011568249,0.007313102,0.008909017,0.010661646,0.020137732,0.022387292,0.012146784,0.011231344
31,0.425775852,0.228976151,0.516386327,0.451968715,0.541133301,0.563212886,0.745744609,0.004815835,0.012626846,0.012397851,0.024643708,0.020599472,0.676997403,0.046960688,0.388873609,0.52422054,0.324828668,0.247652561,0.549961554,0.760457911,0.665779115,0.597460318,0.268703961,0.029712509,0.057641445,0.023559133,0.060889315,0.090329809,0.133495926,0.034184476,0.04745845,0.045687055,0.042626042,0.045362548,0.045149606,0.020696363,0.029743559,0.053243121,0.016170893,0.045061303,0.047583752,0.019421654,0.024771014,0.018293797,0.049174513,0.168198571,0.053283949,0.096091647,0.08573798,0.182068834,0.023519473,0.027551965,0.012365295,0.007197946,0.016362496,0.01438366,0.044707752,0.052907441,0.047354263,0.045346803,0.09125227,0.045603126,0.012828839,0.137348615,0.449197638,0.010730357,0.029547206,0.031613672,0.050400768,0.129096975,0.155707097,0.03614103,0.029012692,0.024477059,0.050562725,0.02426962,0.05682617,0.031474054,0.024484738,0.029677778,0.022537766,0.060507454,0.033662439,0.120355121,0.157168623,0.214926033,0.059577853,0.079170831,0.032708053,0.025236896,0.011467249,0.01077983,0.01044942,0.007082661,0.064385155,0.019490704,0.033730594,0.029172325,0.02136118,0.021556056,0.026942535,0.037363362,0.02449194,0.044106272,0.038494733,0.036556338,0.019780152,0.040789745,0.049819138,0.004366721,0.012486841,0.003275956,0.058707048,0.0697188,0.059715022,0.020661418,0.032963818,0.048302828,0.034983845,0.034419088,0.045951312,0.038977707,0.018371114,0.03990201,0.075072086,0.060820977,0.098714398,0.037187276,0.118464774,0.165040566,0.013921896,0.109991196,0.227385199,0.329996628,0.41140814,0.315642246,0.234968974,0.322678637,0.113192778,0.108461709,0.132986879,0.404877745,0.185092729,0.036243288,0.089962507,0.260982355,0.021501697,0.02654163,0.019440699,0.056727328,0.044348191,0.533569119,0.278379956,0.59828788,0.126061361,0.584853784,0.280365562,0.677172087,0.625825868,0.281671847,0.043960153,0.044424839,0.466441018,0.076943681,0.253846564,0.013640849,0.017529654,0.033066553,0.025702868,0.097993688,0.12266392,0.106796162,0.027985186,0.041545687,0.052879512,0.100948679,0.192512256,0.016779054,0.044927964,0.057385812,0.08498322,0.119902736,0.156175035,0.097589651,0.108716257,0.272972235,0.362134245,0.198059243,0.067604896,0.093498909,0.124688375,0.098981202,0.177127219,0.361749016,0.195742692,0.467442944,0.076633157,0.059317813,0.080768536,0.152368938,0.121342457,0.196821147,0.033758619,0.139535208,0.15264806,0.084746283,0.106400077,0.139110524,0.40719269,0.465887296,0.030255071,0.01799433
32,0.011635029,0.004200716,0.016250469,0.007741721,0.002765311,0.002744231,0.002945109,0.049055452,0.050740499,0.06264271,0.074965685,0.059690712,0.003056209,0.260868566,0.033059386,0.004020407,0.008833508,0.001525039,0.004080052,0.002497336,0.002446589,0.002546378,0.003623084,0.010465051,0.034637768,0.514051462,0.236362216,0.031721178,0.09813555,0.223489097,0.021229375,0.210018884,0.301077574,0.251962646,0.292914948,0.081112418,0.163524205,0.380635673,0.050100496,0.188455552,0.104066855,0.042102519,0.172578153,0.511634215,0.081468454,0.053503877,0.043933819,0.035790905,0.058973447,0.022195042,0.051554453,0.053672663,0.050902523,0.057994197,0.110703496,0.05228161,0.140252194,0.213268242,0.172135151,0.070388734,0.133944574,0.068813172,0.448054114,0.157251721,0.507341393,0.346586775,0.152042567,0.306410589,0.108721632,0.345469018,0.178906721,0.102416931,0.117165243,0.136829941,0.070941644,0.07922001,0.174685775,0.111424554,0.122061936,0.120234171,0.121283587,0.103690822,0.133221075,0.223615747,0.192401711,0.230541347,0.102987109,0.244205888,0.240433786,0.264772991,0.343218483,0.315737624,0.144626867,0.224199816,0.043749228,0.321476548,0.212726329,0.474603264,0.022572137,0.015712666,0.01323808,0.016590575,0.005630385,0.017039837,0.027357052,0.010521441,0.003120263,0.034383329,0.028891818,0.042327076,0.017249656,0.038728052,0.033183431,0.039273274,0.032926877,0.090859356,0.052695961,0.007476306,0.004157049,0.024444641,0.012521401,0.016805445,0.003698664,0.010896279,0.00569891,0.002761043,0.12096584,0.003568415,0.010526248,0.014408392,0.005328644,0.00504135,0.012109269,0.003790652,0.003836306,0.002714302,0.013577419,0.003646181,0.02804571,0.016450366,0.006138635,0.020929823,0.003823991,0.055969747,0.026855943,0.00898469,0.057391355,0.073479558,0.038105046,0.019872675,0.012666721,0.007125198,0.022463531,0.005707637,0.010602606,0.00294242,0.003948323,0.003014928,0.003198882,0.020321568,0.290712876,0.238138062,0.004610357,0.201789684,0.348807456,0.093509071,0.003319123,0.015671712,0.019552037,0.147485205,0.139930731,0.003747161,0.008302131,0.014621849,0.008379194,0.005607982,0.009970499,0.002789244,0.123352585,0.145897504,0.00219633,0.112022148,0.003765758,0.035696828,0.003553299,0.003374367,0.0026634,0.023829661,0.099313468,0.057087187,0.003944588,0.115772491,0.023581247,0.006542762,0.018827999,0.003881707,0.102915036,0.123617585,0.041584984,0.014391985,0.17228536,0.205024453,0.030706634,0.173644482,0.034562473,0.004588704,0.015339218,0.01288624,0.005214978,0.02095718,0.026729029,0.024425374
33,0.022319798,0.018379527,0.027515092,0.020117159,0.018636244,0.01930295,0.024246284,0.01702733,0.017866548,0.023148991,0.022366794,0.021624603,0.02289077,0.149166979,0.035832619,0.02197047,0.020143041,0.00893869,0.022293751,0.023901536,0.021476168,0.01980065,0.019929365,0.011590836,0.028094637,0.08255715,0.209173824,0.029917538,0.085260365,0.139695566,0.017287293,0.119951264,0.172901377,0.14406462,0.165394505,0.054554964,0.125442995,0.346275955,0.029443066,0.157900681,0.081114977,0.022873245,0.055531362,0.081447712,0.055616763,0.04606478,0.017973291,0.020304158,0.041531764,0.022767872,0.016134415,0.015500829,0.017575799,0.021103932,0.037820927,0.017427026,0.077258608,0.120799474,0.092836215,0.036416846,0.084575096,0.029637262,0.067784168,0.112378693,0.42239125,0.057234344,0.034625621,0.05757968,0.050846588,0.139369497,0.086130767,0.068182237,0.027523425,0.027450582,0.03086906,0.038773695,0.088848939,0.027492904,0.025519313,0.02793481,0.024371596,0.037623172,0.033859699,0.112260878,0.079837462,0.110257425,0.037366017,0.182927846,0.150361978,0.177961665,0.059478934,0.049500762,0.033884403,0.03384522,0.017715829,0.05883436,0.047001506,0.078957733,0.009794193,0.009587295,0.011613816,0.013479811,0.007685812,0.017488623,0.018206618,0.011006493,0.005911787,0.016779584,0.016475516,0.008739103,0.006401337,0.00711843,0.018697309,0.021086733,0.018472621,0.017973031,0.015210202,0.014485398,0.014356739,0.02490608,0.029933606,0.017507062,0.013724306,0.015143452,0.014424299,0.007923967,0.108314313,0.01363085,0.022851319,0.026819631,0.004460817,0.011386236,0.021175454,0.013190306,0.015086418,0.011969692,0.02474966,0.017074252,0.028613023,0.019495713,0.014799121,0.028013506,0.01639941,0.01626833,0.016609059,0.018526723,0.014307064,0.018483537,0.010450903,0.014707981,0.009870975,0.023292118,0.028473505,0.022636794,0.020610145,0.021779084,0.018751209,0.023287839,0.02391743,0.026526812,0.164792264,0.140007145,0.017834483,0.129105264,0.257999762,0.024239341,0.005152994,0.012328229,0.010396605,0.0496192,0.054268463,0.006753904,0.009783234,0.01743514,0.016102476,0.021272264,0.018667824,0.007890031,0.061921435,0.080826764,0.003657487,0.019828833,0.005786784,0.011094735,0.004890137,0.009406729,0.011275553,0.01082736,0.015562546,0.011753894,0.004706746,0.018616522,0.009854215,0.013813005,0.009801686,0.014981891,0.016380496,0.018239048,0.010124865,0.008097563,0.030333753,0.034984651,0.01111032,0.030634335,0.011125553,0.005726863,0.007806352,0.008902738,0.014720479,0.01743926,0.013010003,0.012227334
34,0.01242151,0.006468991,0.016664097,0.008992255,0.004796831,0.004824362,0.005547737,0.035516809,0.035398052,0.043927012,0.043411701,0.039083769,0.005504971,0.221929457,0.031261818,0.006448157,0.00977785,0.002510245,0.006475955,0.004958464,0.004743419,0.004668826,0.006357011,0.009168473,0.023843641,0.251676665,0.224999393,0.022887965,0.090613806,0.195009627,0.019575815,0.177735197,0.257465824,0.214364193,0.24904509,0.067230935,0.143336964,0.367406196,0.039001717,0.174898369,0.094461444,0.031431629,0.104985314,0.250754006,0.06658682,0.047008334,0.02796778,0.024568373,0.047920001,0.019071809,0.031880031,0.031214019,0.035250989,0.041710895,0.071435573,0.033618798,0.116612988,0.177972554,0.141711175,0.054083627,0.110411808,0.051334908,0.217985342,0.138201858,0.477590715,0.16855694,0.078946042,0.148394778,0.066508966,0.217356643,0.1232774,0.075118618,0.061501323,0.06885915,0.046772693,0.055735606,0.125894241,0.059469932,0.061953905,0.062911022,0.061123381,0.063413915,0.072112511,0.159701391,0.124953104,0.159710906,0.062306428,0.213423596,0.193129006,0.221322009,0.168828051,0.151613914,0.076834218,0.106714037,0.026844645,0.163840886,0.110212726,0.23159147,0.013890127,0.010613009,0.010152434,0.012216646,0.005528441,0.013645779,0.018316713,0.008596492,0.003602121,0.022589958,0.01941521,0.021463912,0.010268002,0.019117695,0.021428776,0.025472879,0.021345974,0.04622499,0.029434904,0.009261452,0.006799983,0.024779733,0.016980984,0.017092736,0.005546635,0.010302206,0.006954713,0.004008285,0.118819178,0.005546686,0.011442528,0.014341156,0.004123955,0.005768745,0.012156545,0.004896005,0.0052713,0.003909032,0.013172496,0.005777555,0.021057526,0.013253839,0.006982965,0.020549728,0.005903,0.031274343,0.018743103,0.009645022,0.030475388,0.038492893,0.020680439,0.013738767,0.009350706,0.00892465,0.022793456,0.007692292,0.012881843,0.005527213,0.006272271,0.005545224,0.006057643,0.020902903,0.247645433,0.204120238,0.006245892,0.158263324,0.304539877,0.05086195,0.003393949,0.011405194,0.013412456,0.087636728,0.088188824,0.00418495,0.00769541,0.012611059,0.009013796,0.008377121,0.010424938,0.00370487,0.098969715,0.118081266,0.001962955,0.054180943,0.003027726,0.021532509,0.002983022,0.00333665,0.003223734,0.013488967,0.047252185,0.028239588,0.002763109,0.055394053,0.01326139,0.006112478,0.011151115,0.004592368,0.049026017,0.058786023,0.022649466,0.009186061,0.08396038,0.098302435,0.019126336,0.084371424,0.018182981,0.00417993,0.009250049,0.008638471,0.005203283,0.012556103,0.019571042,0.018450293
35,0.011229305,0.005339666,0.014855868,0.007951229,0.003874213,0.003914767,0.004477171,0.025917689,0.026883682,0.03526346,0.038294823,0.032818408,0.004451569,0.203852235,0.028694984,0.005281448,0.008634801,0.002061234,0.005309426,0.004049798,0.003835799,0.003782106,0.005149745,0.008225044,0.020625064,0.222308389,0.221977159,0.019709602,0.088261441,0.182212614,0.017956896,0.161697313,0.237023453,0.196381047,0.228014013,0.061451988,0.137092857,0.365698613,0.034385257,0.170482275,0.089370627,0.027556363,0.094605796,0.221108619,0.062197299,0.045005892,0.024522943,0.022461526,0.044872639,0.017730512,0.02614472,0.026509568,0.026727438,0.03232911,0.061722019,0.027501433,0.103684711,0.163067225,0.127277875,0.046943365,0.104721391,0.041587734,0.194871956,0.133215433,0.485969923,0.154845355,0.071784848,0.132824411,0.05706779,0.207316942,0.119150629,0.072097311,0.055783036,0.062297058,0.044624189,0.054690857,0.123736272,0.053554505,0.055829333,0.056788792,0.055189082,0.05963425,0.066402571,0.155979195,0.11970694,0.154953612,0.058623808,0.2168822,0.193371018,0.223069528,0.155516816,0.138821416,0.071983487,0.097471954,0.024172002,0.143766296,0.098936442,0.20517272,0.012005821,0.009122054,0.008877793,0.01071657,0.004923822,0.012021867,0.016020497,0.007522603,0.003060564,0.020952307,0.017632392,0.019812968,0.009583446,0.017489852,0.019009983,0.023028259,0.019037904,0.040737532,0.026107401,0.008261532,0.005347923,0.02462485,0.014409128,0.016971225,0.00461011,0.009152204,0.005902433,0.003293559,0.120267791,0.004571523,0.009806171,0.012414413,0.00380444,0.005098329,0.010932165,0.00431558,0.0046543,0.003347987,0.011431683,0.004663703,0.018238778,0.011363118,0.005964562,0.018670383,0.004869738,0.027836482,0.017051614,0.008573604,0.026679624,0.033823007,0.017889107,0.011858908,0.008250992,0.007601636,0.022341164,0.006807444,0.01174251,0.004400699,0.005150483,0.00448691,0.004830344,0.020595051,0.227089118,0.187833032,0.005582756,0.162907293,0.309573741,0.048061276,0.002947265,0.009936581,0.012574895,0.082525344,0.08369728,0.003893855,0.006976596,0.011142136,0.007829634,0.007005388,0.009372568,0.003094085,0.086330243,0.107423804,0.001716702,0.049021099,0.002608912,0.018428294,0.002617865,0.002829114,0.002644592,0.011855218,0.042832121,0.025491941,0.002370278,0.049936067,0.011260276,0.005244881,0.009314613,0.003739348,0.044430908,0.053060475,0.019449196,0.007588077,0.076006177,0.089070879,0.0175886,0.076389546,0.01636061,0.003687999,0.008326442,0.007732995,0.004606435,0.011096139,0.018142488,0.017144458
36,0.025743764,0.077399616,0.055985589,0.019337222,0.008041155,0.00865644,0.005188602,0.674334974,0.601665154,0.535226085,0.24313788,0.395631644,0.01224975,0.048500138,0.124411022,0.03994259,0.06116985,0.005426053,0.033475114,0.005101038,0.006147018,0.006586854,0.09234174,0.051546041,0.14605492,0.821738777,0.325472688,0.14061497,0.241700308,0.057021985,0.010480578,0.069225655,0.044544881,0.056329978,0.050942708,0.370817583,0.411732041,0.494097593,0.368422553,0.42979631,0.406679343,0.36416618,0.519959609,0.834216841,0.333756324,0.195325833,0.228743722,0.124963877,0.270338162,0.093298477,0.370738983,0.269536914,0.598712482,0.595919944,0.450360041,0.397282058,0.070955795,0.085339124,0.087454895,0.287883434,0.179852377,0.239223017,0.137461602,0.195448985,0.067694175,0.016906977,0.096605809,0.182274719,0.208868855,0.06574716,0.032766442,0.062467256,0.106764567,0.077620615,0.069213437,0.020667644,0.018832671,0.161781034,0.101597132,0.130166056,0.085679006,0.095143703,0.076869016,0.058027813,0.052853568,0.033707551,0.021751241,0.027185638,0.015421568,0.011785273,0.016914414,0.015770698,0.008341947,0.011422118,0.137139395,0.643506773,0.252456443,0.658858359,0.184151274,0.149734582,0.09742582,0.111033801,0.020961675,0.092267512,0.137352964,0.081093005,0.013418413,0.09152066,0.118110437,0.004227434,0.015068101,0.00423931,0.147427527,0.128512201,0.13753198,0.196886245,0.160618263,0.003371378,0.004425731,0.003025115,0.009241354,0.001847459,0.037652247,0.052374404,0.036285035,0.001708336,0.010800633,0.037952564,0.064308738,0.078046485,0.009079316,0.04003387,0.058294949,0.006611883,0.002282083,0.006266676,0.073659941,0.066594254,0.122812664,0.115242244,0.051616709,0.075967039,0.066428389,0.157581871,0.10129545,0.057856192,0.228808335,0.215765003,0.226849909,0.145388992,0.086258081,0.068423994,0.017449102,0.009039727,0.003094097,0.037435199,0.09082767,0.014887403,0.036518251,0.010817797,0.044343397,0.05586263,0.005704834,0.038605111,0.06210503,0.006360334,0.012983299,0.118492635,0.052803899,0.0226475,0.042223603,0.00235293,0.030836828,0.076536095,0.044734169,0.078182491,0.055115282,0.019263757,0.08903494,0.147587546,0.012524641,0.120848696,0.022162216,0.251964953,0.020021648,0.019533124,0.026712684,0.107720123,0.071346552,0.079787339,0.028359567,0.1463133,0.212922796,0.044851973,0.220699677,0.060250117,0.077552147,0.136890663,0.288120343,0.20528434,0.248929365,0.193763493,0.036051646,0.232034169,0.074227178,0.036002928,0.038729664,0.039778371,0.010781149,0.041059281,0.025523565,0.018782111
37,0.020347155,0.027779389,0.054138245,0.014067104,0.005021387,0.004269541,0.00265842,0.661131996,0.592072885,0.498493218,0.183775966,0.345846935,0.007848787,0.099550273,0.124804625,0.019912911,0.043059162,0.00239317,0.017367039,0.003077514,0.003350518,0.003563241,0.031409286,0.043601206,0.125356007,0.87117382,0.3356613,0.116600925,0.249588535,0.091373797,0.012346036,0.135528762,0.096893185,0.111689174,0.112185765,0.371328047,0.378563534,0.434291015,0.413162875,0.335390427,0.279051169,0.427872948,0.384417723,0.876880706,0.35715703,0.195222528,0.220692829,0.11427181,0.288186224,0.082362145,0.357578952,0.256466028,0.588203793,0.563167269,0.404114392,0.346669102,0.147103416,0.134198912,0.14517508,0.221037436,0.156756132,0.197723962,0.254924634,0.1677394,0.078565523,0.037087752,0.082738568,0.192284718,0.147819405,0.083207112,0.044461191,0.037071012,0.085725774,0.065346243,0.049204321,0.016835729,0.027350514,0.138332794,0.083815967,0.108090738,0.067748887,0.080919247,0.061371266,0.061999043,0.060237084,0.051701411,0.02606611,0.030461105,0.023923263,0.020151063,0.036649258,0.034068681,0.017003678,0.024237224,0.123786951,0.650318757,0.241438787,0.703824157,0.175079937,0.141046432,0.087895977,0.099993792,0.015413807,0.078938367,0.125353134,0.069748649,0.007477883,0.078257482,0.106156578,0.005860034,0.008609084,0.005327441,0.135838836,0.117575853,0.126297166,0.195496274,0.144766188,0.003057886,0.003248573,0.005234822,0.007575802,0.003428594,0.01314368,0.041625148,0.02019318,0.00130509,0.02356459,0.014256783,0.038901843,0.048602319,0.003836254,0.014664569,0.029105441,0.003315555,0.001559617,0.002960611,0.046141437,0.023348067,0.099654179,0.095962556,0.026659959,0.074482004,0.0240568,0.142071493,0.088825165,0.039768579,0.225999733,0.215766496,0.218464336,0.131240877,0.074029278,0.059316267,0.010647905,0.004357138,0.003240849,0.013452611,0.031318667,0.007188768,0.013499433,0.007274311,0.101130515,0.105498639,0.002918401,0.046308283,0.068639409,0.011831979,0.007470747,0.10795663,0.035293493,0.032415121,0.046902752,0.001558879,0.024817251,0.063514975,0.031270105,0.028362233,0.024326882,0.007508766,0.151294756,0.154269771,0.014703474,0.126340179,0.026051879,0.244905226,0.022594355,0.019131082,0.033139243,0.10539429,0.07902021,0.089276698,0.025821872,0.142262273,0.205419401,0.045558892,0.213166637,0.069629558,0.086195336,0.128072961,0.266568621,0.188073174,0.243369893,0.204139706,0.04007108,0.221111455,0.068465491,0.037202159,0.03921761,0.040857189,0.01168792,0.0409073,0.034222761,0.026630205
38,0.013148433,0.006374269,0.027772903,0.008395982,0.002382774,0.001998159,0.001636195,0.61544179,0.528589745,0.523890112,0.17438008,0.323741424,0.003285646,0.339419767,0.061717662,0.00627686,0.017448559,0.001231204,0.00595741,0.001601334,0.001612953,0.001771741,0.005920467,0.022065755,0.070192984,0.882980716,0.323843486,0.06377114,0.158614417,0.224017437,0.019873042,0.437570357,0.335834204,0.374633095,0.398031496,0.372060176,0.439061619,0.441998752,0.300949431,0.402816042,0.371183018,0.256297753,0.41458982,0.901305714,0.273151172,0.109213183,0.158967919,0.075710173,0.182379934,0.043563199,0.302366028,0.212423444,0.526263559,0.588180982,0.513865346,0.318650541,0.479569717,0.412045467,0.461537561,0.404901894,0.401629471,0.485110092,0.645847207,0.437169551,0.260554074,0.184305851,0.12914134,0.248807603,0.312658139,0.178480026,0.129698835,0.070137593,0.11267112,0.111472617,0.065981782,0.044639679,0.102323359,0.144375302,0.113994188,0.129778987,0.10363175,0.098161467,0.106977874,0.147281395,0.148233763,0.161798283,0.083462892,0.107423608,0.098122878,0.089323094,0.181233536,0.168538678,0.080959065,0.1196157,0.090444724,0.694331978,0.278754283,0.723612366,0.075820875,0.056964413,0.038038521,0.04442441,0.009199109,0.038378169,0.063926459,0.02888347,0.004212372,0.049044449,0.055547805,0.023379821,0.011590225,0.021074021,0.071810912,0.070608187,0.068192306,0.164678994,0.107534897,0.005263303,0.003221252,0.016813975,0.009908938,0.011423131,0.003437896,0.021612597,0.009285026,0.001608993,0.08363509,0.004212391,0.017988709,0.023923793,0.00329609,0.005038193,0.01493665,0.00274927,0.0022252,0.002032251,0.022740869,0.005433546,0.054757026,0.042211973,0.010384513,0.037353254,0.005678202,0.108398218,0.055416694,0.016783719,0.130329213,0.142742625,0.104302075,0.056992309,0.032976359,0.021310656,0.016213697,0.003783413,0.006968825,0.003151505,0.006309842,0.00275698,0.003388934,0.014175045,0.365686418,0.341745585,0.003021916,0.142072309,0.217877072,0.053358325,0.004162751,0.0460465,0.023660865,0.114794059,0.124495848,0.002374222,0.014467701,0.031528182,0.015762962,0.007265067,0.011285203,0.002735749,0.484350942,0.419696221,0.008664845,0.106657029,0.013679509,0.21824685,0.013936356,0.010997452,0.013706971,0.063233521,0.079637544,0.06396246,0.013674223,0.124906935,0.105523063,0.024993724,0.104977369,0.027258707,0.083689529,0.126982258,0.187113287,0.107063248,0.176342987,0.174893915,0.061663818,0.170764712,0.049452806,0.021758954,0.035104415,0.043072527,0.00874869,0.035634053,0.080567671,0.078278991
39,0.034790903,0.141953291,0.063861195,0.027270752,0.01174058,0.013969978,0.007708551,0.708536557,0.619357006,0.59762197,0.234862534,0.405145222,0.01753981,0.037433167,0.138758552,0.066479361,0.086607887,0.008894018,0.054559504,0.007334151,0.009386298,0.010121022,0.172320157,0.063223844,0.184648709,0.827369308,0.349581509,0.182038077,0.258591582,0.046127513,0.011063842,0.056399492,0.03089802,0.044910867,0.037342363,0.436319381,0.523588286,0.569428711,0.371728678,0.533220172,0.524038946,0.334461214,0.634018665,0.84355724,0.355744073,0.214957607,0.232134292,0.134174381,0.276678712,0.109217045,0.380065174,0.276741993,0.616244236,0.665670593,0.556239821,0.403131287,0.055209839,0.090073209,0.091943434,0.366445868,0.281595051,0.379071017,0.117234535,0.312347766,0.088504257,0.010264096,0.085540411,0.173783666,0.33496977,0.058256718,0.034053896,0.102599957,0.097218105,0.065454818,0.059970758,0.017993098,0.016457266,0.158501074,0.091989768,0.122756939,0.073672285,0.090363003,0.064094489,0.045992059,0.047665509,0.030336591,0.025538355,0.034088294,0.013118345,0.008791878,0.010437784,0.009944719,0.005677655,0.007351033,0.144847812,0.683711044,0.251777312,0.658402031,0.205895138,0.170685582,0.114732918,0.131187016,0.028386241,0.114292611,0.163280535,0.09700453,0.021003268,0.098230623,0.134090966,0.003960087,0.015010991,0.004098644,0.171312915,0.14844029,0.159877584,0.208881792,0.167109875,0.003457655,0.004736083,0.002380129,0.009876971,0.001357084,0.069663937,0.068242535,0.057590951,0.0017866,0.006961838,0.068845117,0.09840771,0.117661513,0.015979629,0.073162195,0.096322977,0.010451955,0.003004227,0.009953144,0.109479599,0.122346435,0.160531947,0.144103084,0.082711795,0.086185812,0.121563191,0.163895773,0.110204611,0.082517349,0.252782617,0.24119168,0.250956939,0.171102608,0.098286647,0.085397747,0.028278726,0.014860269,0.002948263,0.068518157,0.1686997,0.024465286,0.066195721,0.017122506,0.030017542,0.043916368,0.009129732,0.046541487,0.084278516,0.004805634,0.019519607,0.138804557,0.050703828,0.022463426,0.037630804,0.003274002,0.039106079,0.096871554,0.063639876,0.143545562,0.095254917,0.034292739,0.091439406,0.210347529,0.011158762,0.118474073,0.018991562,0.235044721,0.018557594,0.02011197,0.021345997,0.102523533,0.071342164,0.073464654,0.028065278,0.14775608,0.204626988,0.047528835,0.213156989,0.054623786,0.077185001,0.146838118,0.288648896,0.19532536,0.261907941,0.203014194,0.035743592,0.239639217,0.072416325,0.038913606,0.035649632,0.034456192,0.009917365,0.038187929,0.023505532,0.016335596
40,0.011924785,0.006839655,0.023460785,0.007680682,0.002060124,0.001802037,0.001409918,0.553951116,0.477091588,0.478310713,0.186918399,0.307194019,0.002741591,0.361042308,0.052396769,0.005698108,0.01565204,0.001038437,0.005340997,0.001306165,0.001359625,0.00153818,0.006593186,0.019094285,0.060980634,0.910557094,0.300715014,0.055520699,0.1407943,0.225164427,0.018106751,0.430420551,0.363028134,0.402163953,0.419852268,0.319093454,0.393976676,0.448549992,0.25062546,0.38032393,0.325702171,0.212007658,0.490072867,0.922007494,0.233566806,0.096670975,0.144979428,0.071063122,0.157411229,0.040075608,0.275092673,0.194832199,0.475273188,0.533206081,0.478144387,0.300853101,0.444344539,0.396069889,0.430226232,0.352854629,0.377663939,0.432068235,0.695472136,0.413177382,0.3207603,0.294810407,0.180077213,0.290983308,0.275113594,0.177604629,0.169801102,0.101874658,0.154185001,0.172795602,0.095335778,0.069399325,0.162016363,0.170049456,0.16070214,0.167020694,0.158402859,0.129785153,0.160874889,0.175802838,0.204464722,0.210456455,0.134305358,0.155255303,0.146648999,0.128205194,0.289381109,0.269529956,0.130211641,0.191295659,0.086977319,0.691328479,0.312164775,0.754503238,0.064727346,0.047650991,0.032376778,0.038385147,0.007604272,0.033380753,0.055143307,0.025396051,0.003379166,0.053921053,0.053189751,0.036978265,0.017906919,0.033347334,0.064140047,0.066110786,0.061500104,0.150272441,0.103336721,0.004473759,0.002427254,0.015031108,0.008066333,0.010220169,0.003748177,0.018309427,0.00777926,0.001312597,0.07499324,0.004087371,0.016020505,0.021800024,0.004284423,0.005439304,0.014735335,0.002577659,0.001927829,0.001780702,0.020971339,0.005489201,0.048159238,0.036641132,0.009939365,0.031695254,0.006007935,0.10471688,0.053132586,0.015292401,0.113492578,0.125218753,0.089924014,0.048966333,0.030235793,0.017571574,0.015250117,0.003546098,0.005988903,0.003196559,0.007025266,0.002414804,0.003337417,0.01300487,0.404195256,0.393429181,0.002687015,0.179541669,0.256317046,0.085434158,0.003821154,0.039348772,0.031450378,0.185854272,0.19165234,0.002131312,0.012359426,0.027248977,0.01294696,0.007625325,0.011503017,0.002719979,0.438286604,0.391513297,0.01132548,0.14610403,0.016848689,0.236529986,0.018822108,0.014814151,0.014017901,0.088317207,0.110662958,0.083775758,0.018374375,0.176884393,0.140997144,0.032311168,0.136567071,0.027253589,0.11526112,0.181365636,0.233996862,0.129084407,0.22731727,0.23313291,0.102893152,0.221615603,0.063105144,0.028962338,0.038805611,0.04422748,0.009377206,0.044527184,0.143838207,0.142722696
41,0.010211679,0.002599184,0.015933807,0.006287601,0.00109332,0.001007059,0.000764337,0.550382913,0.465499991,0.494225521,0.183855882,0.300164328,0.00117197,0.483989593,0.03510063,0.002327282,0.008997349,0.000552539,0.002369026,0.000618761,0.000624869,0.000812052,0.001803347,0.012521266,0.046777868,0.939441064,0.289311074,0.042042713,0.113469908,0.282699084,0.020188968,0.558699746,0.4888461,0.542777707,0.562898302,0.283943794,0.370107578,0.465257449,0.194514799,0.383711142,0.310559868,0.148855385,0.563579884,0.954934534,0.188365343,0.072052955,0.125117827,0.059703466,0.119425315,0.029476037,0.260882699,0.18194788,0.464161192,0.551708395,0.518041083,0.290696475,0.563325625,0.504174401,0.543774081,0.374619565,0.47507012,0.526543684,0.842581008,0.52397058,0.448118309,0.442241628,0.221147529,0.326578324,0.318731531,0.192915965,0.238956982,0.146287821,0.183627359,0.222334919,0.118645654,0.099096989,0.245159745,0.185641044,0.195156114,0.192898753,0.19953816,0.15700734,0.20427129,0.214420762,0.284916041,0.295842739,0.204940814,0.227858031,0.216113512,0.184881286,0.433749515,0.404142881,0.196775262,0.28664745,0.077835291,0.72138039,0.342584816,0.781567961,0.03818802,0.025152926,0.018741144,0.023696703,0.004865784,0.022458188,0.038967272,0.014307362,0.001712191,0.049938626,0.041678792,0.054935835,0.022315713,0.049266944,0.048173434,0.055809468,0.047366493,0.142452032,0.092766379,0.004556465,0.001661757,0.017917511,0.007417201,0.01220647,0.001831604,0.011915468,0.004212804,0.00102208,0.090830533,0.001661919,0.010481054,0.015697226,0.005201392,0.003899908,0.012066428,0.002324142,0.00181618,0.001312595,0.015084578,0.001732576,0.036751417,0.022253685,0.005765342,0.021415694,0.002255416,0.095428027,0.043523907,0.009291234,0.088710123,0.107218011,0.059473635,0.029317423,0.018531866,0.007130951,0.017298589,0.003303917,0.00642654,0.000943911,0.002362836,0.001046431,0.001015881,0.015001401,0.553394602,0.546479698,0.00250866,0.252427032,0.351214201,0.128975701,0.002521152,0.02290704,0.02945477,0.28449829,0.282478087,0.002162511,0.008481811,0.01819107,0.00766261,0.003510474,0.009314442,0.001440083,0.546999982,0.489616287,0.013431905,0.178807624,0.017794425,0.206109008,0.022709256,0.016391445,0.010946219,0.092911392,0.142273188,0.098804988,0.017598508,0.208501063,0.127299127,0.036750046,0.118499159,0.020002246,0.147115865,0.218142089,0.213285893,0.104311762,0.265172021,0.288883477,0.156240848,0.258059718,0.066690374,0.035534454,0.036791252,0.03951269,0.008244019,0.047023314,0.229884205,0.231040333
42,0.039835939,0.169083964,0.068176512,0.032041542,0.015270762,0.018243262,0.011673483,0.685586156,0.592314734,0.604484288,0.22926358,0.395684824,0.022285684,0.035783933,0.141459317,0.079203747,0.097530892,0.011692907,0.065433223,0.009815887,0.012555079,0.013532724,0.205373708,0.067982687,0.196149985,0.804050344,0.35288712,0.195656833,0.256761085,0.042048337,0.012531445,0.054814329,0.027910117,0.043184816,0.035188894,0.458525582,0.571707209,0.590697067,0.35637783,0.572565448,0.570129939,0.29924864,0.679439088,0.82419164,0.353321777,0.215831483,0.223809238,0.134822164,0.267070175,0.114045944,0.365519515,0.26861774,0.58943343,0.671182113,0.598478658,0.39124,0.053249842,0.095423969,0.097829551,0.400015304,0.325156027,0.437186904,0.124295567,0.362426206,0.103040534,0.013634939,0.084290413,0.16942621,0.387567223,0.061499265,0.042452682,0.122376823,0.09561237,0.06423893,0.057003056,0.019062164,0.021511967,0.156509284,0.090459199,0.121068372,0.07213613,0.08976246,0.063002551,0.047094522,0.052866307,0.038445053,0.032359796,0.040733047,0.017373399,0.011825316,0.013840987,0.01301389,0.007303286,0.009733673,0.144794517,0.684676855,0.248810447,0.637724671,0.205320056,0.171837911,0.118371863,0.13530464,0.033463751,0.121027171,0.168749153,0.101083585,0.026803485,0.098567532,0.136435364,0.004987526,0.0156417,0.005408231,0.17555604,0.152692793,0.164091079,0.208326197,0.165643161,0.004924213,0.006820483,0.003081322,0.013535539,0.00179519,0.08379991,0.07517435,0.068415316,0.002761816,0.0076209,0.083169321,0.113306985,0.134517783,0.01950347,0.087484859,0.113278819,0.013858896,0.004817692,0.013302776,0.125271387,0.14712689,0.173831638,0.152941811,0.096488133,0.089811823,0.145021689,0.162745485,0.111794742,0.093233245,0.251815832,0.242505271,0.249140922,0.1756444,0.100728049,0.09225216,0.034145914,0.01963255,0.004197689,0.083269548,0.200894079,0.030658882,0.080777281,0.021157737,0.027194537,0.041251391,0.012429487,0.052713469,0.097603533,0.005994461,0.024122768,0.142290237,0.048954489,0.029402165,0.042379023,0.004935541,0.043937791,0.104009059,0.072708678,0.170833625,0.112857278,0.042222789,0.096861309,0.23845032,0.009839239,0.111237476,0.016141842,0.215940459,0.016778283,0.019626271,0.017039061,0.093901245,0.068250081,0.065998308,0.026389264,0.14113214,0.187141322,0.046526353,0.195140323,0.047595835,0.073448802,0.14534282,0.273814398,0.178373033,0.254579146,0.196866563,0.035293788,0.231853834,0.068525257,0.038292909,0.033465033,0.031657297,0.010023487,0.035394879,0.023498406,0.016693853
43,0.007352444,0.00518437,0.018542489,0.004869318,0.001487738,0.001137144,0.000787632,0.212911738,0.180519369,0.236353198,0.121227525,0.151261579,0.002221206,0.096815977,0.044892574,0.004909271,0.014120678,0.000564492,0.004440547,0.000861811,0.000900764,0.000987878,0.00507291,0.013215957,0.025237751,0.849215267,0.297563708,0.02330252,0.132146762,0.071710456,0.006404312,0.118724239,0.09529377,0.109778703,0.108931526,0.411480797,0.555748781,0.407157785,0.290038515,0.365463303,0.307292008,0.211113584,0.447479865,0.771987939,0.283418669,0.093715586,0.081143681,0.04367286,0.159222606,0.032483286,0.108869402,0.083285983,0.177955552,0.247488095,0.345101117,0.139575562,0.119954423,0.114670711,0.11942847,0.249499441,0.105087279,0.124949711,0.752839501,0.107277964,0.094107113,0.076579927,0.166907854,0.265525274,0.097975984,0.121217505,0.065629981,0.03709043,0.136943561,0.165701007,0.055087037,0.024055214,0.049369734,0.132840051,0.147287658,0.14262631,0.149883361,0.086819968,0.149674317,0.13762314,0.092913414,0.078366388,0.045733507,0.045401402,0.041068333,0.034209151,0.075263348,0.070064803,0.034208014,0.049781134,0.047057435,0.551986115,0.268700777,0.731197308,0.029938432,0.022418798,0.017049919,0.019221891,0.007535756,0.017950606,0.02476053,0.014113677,0.003737644,0.033309331,0.02840052,0.010143568,0.008210917,0.009300136,0.030120222,0.032852203,0.028515198,0.053536035,0.050222221,0.001358753,0.000921471,0.003691875,0.002663761,0.002492073,0.002713548,0.0134078,0.006767549,0.000507652,0.017803862,0.003449645,0.010098379,0.01235184,0.001622612,0.003150933,0.008429283,0.001152719,0.000694055,0.000849631,0.01193938,0.003810993,0.021571463,0.018321223,0.006980017,0.025773582,0.004763264,0.051045969,0.032604889,0.013624834,0.042981288,0.043441562,0.036601575,0.022755998,0.017064538,0.018672728,0.00478437,0.001425444,0.001653785,0.002289576,0.005224155,0.001730584,0.002415356,0.003636097,0.104753007,0.110476292,0.000993867,0.054665391,0.073922155,0.022721389,0.003431933,0.019455774,0.020700681,0.060154977,0.07375746,0.000757724,0.010723347,0.016290913,0.010705245,0.005553284,0.006608979,0.002231428,0.124093708,0.115170415,0.006362027,0.099447803,0.01279554,0.474226161,0.011834121,0.013747373,0.010644214,0.117982779,0.067940912,0.052916967,0.024795902,0.201506463,0.246193429,0.020251028,0.237298152,0.020262595,0.068812246,0.215705765,0.488880485,0.237235023,0.124025197,0.120938351,0.034309256,0.132777443,0.06775616,0.012677237,0.065368269,0.083845965,0.019673475,0.062856432,0.042688426,0.04061857
44,0.015037337,0.00333495,0.046977672,0.009648115,0.002537183,0.001219866,0.000435134,0.166772366,0.097056502,0.347417376,0.071968445,0.127338703,0.004286139,0.033913633,0.119192821,0.008796884,0.029300662,0.000228688,0.00763264,0.001101096,0.001072207,0.001150005,0.002943212,0.010373645,0.010480802,0.60831146,0.504278001,0.009190624,0.284618484,0.059763785,0.007308372,0.057611878,0.028402648,0.043654903,0.030639929,0.576396709,0.772678827,0.788321089,0.37680659,0.795324878,0.833060224,0.259620135,0.733602731,0.133610555,0.396429391,0.19294075,0.074111486,0.042552169,0.241332797,0.055995875,0.055464041,0.04950592,0.091501537,0.361570451,0.621665941,0.107977198,0.06062626,0.06717675,0.063469169,0.609113805,0.047461802,0.086613712,0.889504833,0.026142776,0.023231794,0.001329366,0.041267077,0.173134982,0.107500922,0.086819422,0.031804253,0.014523517,0.031932328,0.019027561,0.02173525,0.00701622,0.011931612,0.055871214,0.031853915,0.04598258,0.016795836,0.024213521,0.016839969,0.024837384,0.033569963,0.033538781,0.016650198,0.009809962,0.005184935,0.001932922,0.001459969,0.001395101,0.001238406,0.000929652,0.03100037,0.341300286,0.165470244,0.669178557,0.011969613,0.008912394,0.009236657,0.009698514,0.005402692,0.011466414,0.011983139,0.007408093,0.002041712,0.016219489,0.014582939,0.000838959,0.003103083,0.000647444,0.014636224,0.018073539,0.01385254,0.016058692,0.023527554,0.000263758,0.000206175,0.000184859,0.000957633,7.34E-05,0.001271909,0.011190283,0.00423006,8.56E-05,0.00035326,0.001792488,0.006794438,0.008752313,0.000512945,0.001779271,0.007073625,0.000576139,0.000146724,0.000340412,0.008665699,0.00194199,0.010301614,0.008127979,0.004447902,0.065684532,0.003277158,0.023685585,0.027641736,0.026477252,0.013347519,0.01087537,0.009005785,0.008215393,0.008812975,0.051091114,0.002246063,0.000639286,0.000121593,0.001551004,0.003266935,0.002159445,0.001746675,0.000733484,0.026195016,0.048256231,0.000310906,0.025752613,0.021952159,0.00139628,0.002137169,0.008963892,0.010090958,0.01919596,0.029020552,0.00019523,0.009168956,0.01216079,0.007809971,0.00340576,0.005243379,0.001101851,0.080424512,0.074076784,0.002142849,0.058354132,0.004726989,0.502666184,0.00401794,0.004123314,0.003834317,0.047969236,0.050965337,0.028573895,0.010950267,0.17561169,0.143820194,0.006347814,0.136007008,0.006996072,0.048908842,0.21458479,0.536910635,0.160058755,0.065072633,0.065149147,0.006560477,0.078026644,0.051682525,0.003619954,0.068615161,0.091840556,0.025046498,0.058024865,0.004448751,0.002709611
45,0.042441398,0.09528274,0.080362127,0.03597336,0.025032255,0.024635679,0.022938473,0.492364154,0.432734182,0.435645913,0.190437305,0.299775831,0.031803428,0.040064134,0.137868221,0.060824749,0.077182357,0.014853511,0.055660147,0.017242368,0.020200646,0.021420165,0.111008044,0.057632174,0.147111492,0.719706219,0.307038,0.146885575,0.229633394,0.046611843,0.021778964,0.05552572,0.03481524,0.044947232,0.039772058,0.372285476,0.442591339,0.439102067,0.322161145,0.391949509,0.356034908,0.2911286,0.493277168,0.739625303,0.310923227,0.189020659,0.189417497,0.118124257,0.24071809,0.098745172,0.281862168,0.21746943,0.430369294,0.478817611,0.442714106,0.295511091,0.056108982,0.075355758,0.075570579,0.250689464,0.181373209,0.23266526,0.17540307,0.199897458,0.09232661,0.040600776,0.096746106,0.177978421,0.215882503,0.093328366,0.067589408,0.088385039,0.100129851,0.081784241,0.057609748,0.026882771,0.04747081,0.144161298,0.097594367,0.11961409,0.084987452,0.091085601,0.079283133,0.07312636,0.080069959,0.073944783,0.047507482,0.046705683,0.041421256,0.032263374,0.040629639,0.036790913,0.019503452,0.027115111,0.124895777,0.576755815,0.228423709,0.578632706,0.158998123,0.132508355,0.09294461,0.10514973,0.033741013,0.09394628,0.13089715,0.078662217,0.028957682,0.08187433,0.108776742,0.009111848,0.015100745,0.009818999,0.138753141,0.123866094,0.130218585,0.181639556,0.14077104,0.015746705,0.021911948,0.009876982,0.039844939,0.006294113,0.049354227,0.062075374,0.053600365,0.009737872,0.023541409,0.052884877,0.081041797,0.09594335,0.014604217,0.052089603,0.077255062,0.018246225,0.012477456,0.01816329,0.093510172,0.092207747,0.132532155,0.117623841,0.065225937,0.094378362,0.083002874,0.139435788,0.096925211,0.072833192,0.202385087,0.197063221,0.194564061,0.135100136,0.080647396,0.08703893,0.029294423,0.024372672,0.014657926,0.057760154,0.109489278,0.033579273,0.059000339,0.021104015,0.033874386,0.043776928,0.017542627,0.049608901,0.078322191,0.014322507,0.024268324,0.110176126,0.040956886,0.056299055,0.067199402,0.009749399,0.041541453,0.081570596,0.058838498,0.094969797,0.0722432,0.031367196,0.074937225,0.141616684,0.010797706,0.092760203,0.017461052,0.159120626,0.016906619,0.018957252,0.021158378,0.076041679,0.0583636,0.060675003,0.02118927,0.105446235,0.143106152,0.042396824,0.148880773,0.047181875,0.063104806,0.102274296,0.192849208,0.131660216,0.198302086,0.158912347,0.034997608,0.180542246,0.055391884,0.03329005,0.030877781,0.030450636,0.014216675,0.03123175,0.029044951,0.023346831
46,0.105044261,0.071580492,0.132240913,0.106360131,0.106960251,0.093183096,0.094255164,0.119457045,0.108426922,0.161898418,0.134675102,0.135305264,0.104688132,0.030601947,0.141062637,0.103112995,0.094451683,0.040389662,0.10630211,0.065542292,0.081700915,0.087071911,0.073143941,0.060477257,0.094382151,0.395096998,0.190209012,0.101784087,0.149147893,0.032439136,0.077909437,0.032527428,0.024308686,0.026898224,0.024318823,0.215253237,0.276659151,0.213961017,0.155406273,0.188857051,0.146803094,0.121397621,0.287119972,0.417149079,0.173691544,0.128752259,0.103812306,0.091696108,0.134279013,0.091056237,0.108162136,0.109096935,0.108480599,0.16123601,0.237765023,0.128848323,0.033360682,0.041537625,0.036752815,0.104612293,0.063223962,0.053889511,0.167045694,0.070083524,0.12790999,0.124205874,0.105168739,0.139567855,0.072152804,0.129163664,0.13774859,0.082770884,0.102135498,0.100567443,0.075137608,0.058275413,0.111930702,0.116946791,0.101199373,0.110645506,0.099279928,0.101380503,0.100471798,0.11632447,0.151015406,0.164635482,0.088032321,0.080079383,0.094323987,0.086047233,0.123587126,0.111382312,0.056558068,0.082485111,0.09264659,0.31220524,0.161091376,0.324286707,0.076787848,0.069173799,0.064027525,0.068544451,0.06059746,0.07121921,0.081298342,0.058330976,0.06768642,0.063304838,0.072203221,0.024238822,0.026307238,0.027844165,0.086673204,0.086483324,0.083893132,0.118867018,0.096453386,0.037113544,0.047989863,0.02336865,0.081213759,0.016692338,0.049403768,0.066256322,0.073976532,0.027522728,0.037361195,0.061849229,0.080749694,0.089791982,0.023792709,0.045617086,0.079158924,0.058027443,0.057885196,0.053980353,0.096925265,0.086348964,0.10115643,0.086949849,0.066924068,0.126980459,0.06830719,0.098141839,0.080615835,0.086933662,0.102670527,0.108225896,0.09040648,0.079703908,0.059777784,0.123940913,0.057553858,0.079256614,0.037893449,0.100520575,0.07304746,0.093159517,0.103480759,0.047205929,0.021455257,0.025498376,0.060321078,0.070207977,0.093608544,0.039637021,0.053118968,0.068008655,0.039898819,0.118483898,0.140631754,0.036704357,0.060283591,0.068861895,0.069729228,0.064235837,0.068260722,0.053642513,0.034652896,0.050895177,0.010606409,0.037847841,0.014803985,0.039064346,0.015269939,0.032315491,0.022256654,0.037330104,0.023725322,0.027193744,0.01640387,0.031224336,0.041498956,0.056118264,0.04264776,0.035733031,0.025796861,0.027992633,0.042856521,0.033294381,0.075633146,0.065605843,0.034313909,0.06925617,0.025836922,0.029102386,0.018676226,0.02048945,0.02463264,0.027237938,0.041257876,0.039042979
47,0.020268967,0.055365084,0.036259033,0.01726086,0.014973859,0.018860646,0.028779736,0.282730483,0.25397831,0.298924935,0.279531946,0.292798553,0.02624941,0.023033735,0.052072024,0.036634321,0.048927931,0.014907353,0.035453413,0.013225384,0.015483746,0.016690364,0.056186493,0.066816832,0.096757306,0.361291594,0.186283476,0.097802228,0.108224242,0.024718062,0.011052725,0.044785497,0.016217269,0.028730402,0.023422851,0.211501489,0.275912361,0.313440413,0.14742575,0.272507456,0.239514796,0.114411363,0.377263204,0.481658644,0.151787647,0.088290622,0.134649227,0.103995589,0.112513597,0.067058244,0.199098406,0.175217032,0.256678181,0.308173352,0.323661581,0.290288693,0.054711103,0.048889099,0.052336734,0.17315636,0.073806169,0.082538056,0.127086725,0.080383599,0.084896704,0.050058521,0.132312423,0.117064841,0.085153989,0.10391983,0.118837551,0.074035897,0.147984642,0.122714777,0.095327414,0.046859345,0.099377429,0.176241916,0.139833429,0.161865805,0.136602792,0.136355142,0.131598715,0.116763434,0.144064366,0.139470532,0.088081425,0.048289465,0.076869229,0.044945381,0.050523098,0.045127428,0.021815778,0.036616195,0.133152177,0.377132571,0.195844941,0.255678734,0.119366929,0.101365862,0.082471478,0.08758042,0.053364193,0.077879336,0.093819291,0.077026894,0.053360435,0.088096857,0.094002229,0.01716685,0.031813574,0.02607025,0.103336494,0.099457544,0.100552659,0.170647476,0.162992826,0.015038339,0.024871254,0.007727693,0.04735048,0.002932513,0.043309715,0.063715114,0.058608845,0.006049707,0.015333889,0.053319706,0.06507136,0.069327941,0.01458352,0.031209971,0.050865819,0.023530991,0.022297332,0.022262144,0.069343506,0.051524919,0.092221694,0.091085435,0.060300448,0.038814045,0.05381725,0.161947603,0.101323417,0.050670207,0.140212449,0.137322248,0.143655017,0.103039757,0.09634112,0.040939244,0.019923568,0.025891178,0.006658869,0.034125482,0.053702038,0.023361363,0.037830446,0.017226436,0.01791679,0.028056573,0.019868153,0.03835341,0.060000084,0.013765439,0.045006531,0.090544339,0.062401704,0.115471246,0.136224979,0.031373098,0.058183209,0.071239062,0.060888777,0.05664522,0.045245288,0.04401752,0.056895376,0.065182235,0.003182924,0.038250681,0.004768493,0.060527922,0.005669035,0.006919931,0.004386492,0.027060584,0.021607964,0.022300039,0.008463923,0.03691234,0.043986949,0.015298536,0.045438862,0.009948649,0.022925796,0.034779383,0.062542042,0.049746388,0.093436096,0.059166185,0.022273291,0.096196354,0.030697489,0.013274021,0.013705566,0.014317572,0.005616664,0.011779975,0.018804605,0.018791359
48,0.034041455,0.058578388,0.046270921,0.032114418,0.030945561,0.034374126,0.046916774,0.226670057,0.21002096,0.221594412,0.217925113,0.226907313,0.03983698,0.022840587,0.053798154,0.050885038,0.06031085,0.023120603,0.050891505,0.022429693,0.028595429,0.031048472,0.055548578,0.085959876,0.098842982,0.274996286,0.143033146,0.099168594,0.091122747,0.021778626,0.024849926,0.037181302,0.016177166,0.02507362,0.021188005,0.148690581,0.201859461,0.235857836,0.102359505,0.191013047,0.15808315,0.079817623,0.264358542,0.374893436,0.113697796,0.079709699,0.119105618,0.104339076,0.090252553,0.072270138,0.172775781,0.157401338,0.213077241,0.229362218,0.219518639,0.226341448,0.044277102,0.041768649,0.041132852,0.115083161,0.053377894,0.039443115,0.143078948,0.059696611,0.137895701,0.119867555,0.114051976,0.106421173,0.064296491,0.130573173,0.183775445,0.102791145,0.126435759,0.111040956,0.113302159,0.084162008,0.1727215,0.151837747,0.121127466,0.138655665,0.119364051,0.145753556,0.116852625,0.127148519,0.202108575,0.215403682,0.128272263,0.087067789,0.139783104,0.112944614,0.120857536,0.104699293,0.052562773,0.081220718,0.131256754,0.283299321,0.160068211,0.197079875,0.111734666,0.099569308,0.090765441,0.09261888,0.083996518,0.08785725,0.096885683,0.085129474,0.093894762,0.092655749,0.095787796,0.031316475,0.044426283,0.044461544,0.10260636,0.101553407,0.101318637,0.168311016,0.156967082,0.031650386,0.050566369,0.01657431,0.093686343,0.007292874,0.061842626,0.084175448,0.087243788,0.014757123,0.022190992,0.080088754,0.080515036,0.078483398,0.024311535,0.03704848,0.058320274,0.036951949,0.041911465,0.034194111,0.07585628,0.058516389,0.095433628,0.092774236,0.07244832,0.0460722,0.062716622,0.156394888,0.104700086,0.063286873,0.130882158,0.134644682,0.131159543,0.100361735,0.101491041,0.050372238,0.029838455,0.040618072,0.016852087,0.049436394,0.051349883,0.038404922,0.055164957,0.026027984,0.017004215,0.024438253,0.03132017,0.066701238,0.094163297,0.033958953,0.073945896,0.094138442,0.068181164,0.172425005,0.205466772,0.053483335,0.084405035,0.08486237,0.084661394,0.063376676,0.052101421,0.072044633,0.0431118,0.046055029,0.005052837,0.028596376,0.006489554,0.03426713,0.008581001,0.011757571,0.006417973,0.021277098,0.017309103,0.01890891,0.008492577,0.021669322,0.024573266,0.024480713,0.025750165,0.011372999,0.018559798,0.019591454,0.029817243,0.029316698,0.067497599,0.048062816,0.035510893,0.063928262,0.020614331,0.020858171,0.012427029,0.013580649,0.008440648,0.010474811,0.04056148,0.040032935
49,0.052134592,0.09276953,0.085980479,0.047495318,0.04050776,0.04021361,0.044935636,0.334281844,0.293488376,0.336357797,0.199370406,0.254396374,0.049396562,0.031818517,0.122844411,0.071210418,0.080547218,0.023718295,0.068396956,0.027701679,0.033625639,0.036014578,0.1043189,0.061807832,0.128948269,0.571893,0.255616126,0.131929169,0.186600028,0.036143323,0.030349459,0.043851037,0.025830288,0.034472457,0.029703385,0.311533629,0.389234498,0.36130763,0.239694691,0.332217434,0.298972475,0.198748357,0.44341418,0.615001788,0.245567563,0.155738121,0.153295788,0.108538011,0.185886392,0.092768604,0.211582863,0.176968238,0.292891385,0.358359648,0.385684747,0.248789474,0.045281471,0.061215449,0.060167988,0.211213594,0.145097008,0.177568306,0.161812119,0.160036909,0.103305961,0.072791933,0.109994733,0.159873423,0.173849809,0.110183887,0.105097938,0.094664311,0.113950832,0.097789138,0.070691917,0.042131486,0.079225326,0.146913386,0.11027118,0.129509053,0.102308562,0.104716483,0.099104634,0.09767752,0.118373475,0.120597073,0.071487501,0.060589173,0.066560075,0.054932227,0.072712658,0.065320484,0.033426092,0.048780128,0.117451215,0.478899821,0.209411442,0.453995477,0.127758631,0.108672479,0.083767475,0.092774477,0.047847642,0.087398393,0.112924757,0.073366214,0.048943945,0.078026154,0.09660158,0.015907672,0.021911833,0.018896714,0.119727312,0.111027594,0.113690195,0.164211828,0.132488217,0.022052224,0.030390422,0.013317224,0.053619253,0.008672129,0.054655321,0.066736804,0.066155604,0.014492472,0.025308214,0.063027245,0.084869595,0.096864765,0.018937684,0.053045349,0.080836164,0.031446406,0.02446183,0.030670325,0.096966592,0.096355871,0.122718789,0.107688737,0.070246495,0.09233971,0.083528351,0.132457095,0.093055824,0.076763335,0.164118414,0.163817715,0.15537222,0.115138468,0.076514738,0.088978215,0.036632636,0.041472696,0.02013129,0.069569417,0.102671707,0.047844065,0.07269862,0.028920507,0.024768946,0.033201206,0.031095205,0.057149502,0.083383783,0.023442504,0.038749299,0.095464686,0.044213551,0.089681825,0.105211296,0.019866306,0.052207238,0.079187226,0.066708329,0.091473321,0.074396131,0.044176402,0.059486421,0.112202872,0.008641646,0.065292365,0.012764654,0.102443827,0.013438328,0.01838592,0.015177911,0.052914773,0.040983226,0.041605336,0.016399286,0.070393619,0.090602687,0.037884889,0.093754215,0.032136422,0.044122303,0.069671567,0.123861044,0.083788443,0.144538704,0.113529764,0.03416938,0.133254601,0.04152946,0.027944416,0.024020851,0.024228621,0.014406372,0.023959672,0.033094317,0.02955108
50,0.095338912,0.084658857,0.105554607,0.097720641,0.098878641,0.087890146,0.0893627,0.107916573,0.102693409,0.12106141,0.124394463,0.122943058,0.095163519,0.023308375,0.102560955,0.103425633,0.09679837,0.041060628,0.103880714,0.056400291,0.075273368,0.08122057,0.084074261,0.095659506,0.100587091,0.212536076,0.124125831,0.103164928,0.099841582,0.02334989,0.073352015,0.022670743,0.017154869,0.018637669,0.016490142,0.122239694,0.165852762,0.160685709,0.084514835,0.12908133,0.100230571,0.065415959,0.179149856,0.253892589,0.102498004,0.092999647,0.083578147,0.085268112,0.086293377,0.084926506,0.097465338,0.095991741,0.104113214,0.121083548,0.143623195,0.120160164,0.022776471,0.031873376,0.025397662,0.069968913,0.049562719,0.026243643,0.113343594,0.058404117,0.17164679,0.159259643,0.078642926,0.091214649,0.063567715,0.137962538,0.203105529,0.106063798,0.082769352,0.076029622,0.098155301,0.087638506,0.164588666,0.099092455,0.07945713,0.090700799,0.077594843,0.113962305,0.080654689,0.117226896,0.206398785,0.239178659,0.121904503,0.097840274,0.129952503,0.121974379,0.159238914,0.140972658,0.068588692,0.107763785,0.091611259,0.190563901,0.112470167,0.168770761,0.08034045,0.080305026,0.086150186,0.084791477,0.112571197,0.092430117,0.092457101,0.078697335,0.136161826,0.073772305,0.079707767,0.035653075,0.045110274,0.050030016,0.089199568,0.089170562,0.087886868,0.110479005,0.098166179,0.036981375,0.053570039,0.021420004,0.097257744,0.012351939,0.088882208,0.102250046,0.121342421,0.021085384,0.027258303,0.113768184,0.105314806,0.100250275,0.034838379,0.057084704,0.08315018,0.076591002,0.079613594,0.068626462,0.096219276,0.091871838,0.102236255,0.090272234,0.088401548,0.099164401,0.090962409,0.09943302,0.082915218,0.095422575,0.093893941,0.104170803,0.085630555,0.083391529,0.074958404,0.105502816,0.055667017,0.075765085,0.030183303,0.104115884,0.078571648,0.087455807,0.109003018,0.045322497,0.014435021,0.017886605,0.057494181,0.080669898,0.115808338,0.044442235,0.103687465,0.083639476,0.053396475,0.164578761,0.206584536,0.060434273,0.105046156,0.095195177,0.110255961,0.088352928,0.075919394,0.105217543,0.022636796,0.036297795,0.008699207,0.027868336,0.012098138,0.028434749,0.013545404,0.031806307,0.017081271,0.031251226,0.016652329,0.02125203,0.015498097,0.020264879,0.028578278,0.056075354,0.029363334,0.028394767,0.018163804,0.017224424,0.027808227,0.022570027,0.056651304,0.046599342,0.037102897,0.050366006,0.018048051,0.028956682,0.011880518,0.013254316,0.015777896,0.018774662,0.047819594,0.046790042
51,0.009305892,0.026474393,0.016767638,0.007644339,0.006432731,0.0078732,0.011924649,0.211140511,0.192196311,0.22169735,0.219896322,0.225374985,0.012105398,0.020676854,0.02545836,0.016684648,0.026624807,0.006405622,0.016387339,0.005940031,0.006642425,0.007063809,0.023947307,0.045748462,0.060502556,0.240999326,0.175350182,0.061013904,0.078548454,0.025945353,0.006010955,0.044732389,0.015024104,0.027642534,0.022009929,0.152766056,0.213976251,0.313364977,0.102322419,0.231157772,0.186745729,0.078445879,0.276088154,0.361179731,0.107596726,0.056861761,0.106708451,0.082005828,0.078264026,0.045717786,0.155359688,0.139553129,0.194442183,0.227044072,0.235530567,0.225007263,0.055843451,0.041359869,0.045901571,0.1322031,0.037482405,0.038828198,0.117870306,0.03869709,0.052880048,0.025649151,0.110730125,0.08468776,0.039848626,0.073145594,0.077367366,0.047767713,0.122600083,0.107515834,0.082848446,0.034209823,0.072570028,0.141908885,0.117538455,0.13247956,0.117249553,0.111942447,0.111881697,0.092912546,0.103020843,0.091120037,0.066072846,0.031579793,0.056758237,0.025080278,0.026081537,0.023747645,0.011473124,0.020138469,0.10787147,0.277444339,0.150808119,0.15705953,0.085708851,0.070905178,0.057400298,0.060852798,0.032324961,0.051642492,0.06196901,0.055490534,0.028097495,0.070531393,0.069378955,0.012158913,0.025842622,0.018240579,0.071475761,0.070751671,0.070340352,0.131486609,0.132802695,0.009575709,0.016181101,0.004903459,0.031044499,0.001671013,0.022633807,0.04066018,0.032064669,0.003504014,0.012628517,0.026356859,0.037452078,0.040745457,0.007751612,0.014410803,0.027277856,0.012322503,0.014885734,0.011151283,0.042606001,0.020891903,0.058267097,0.061825495,0.037881642,0.018526451,0.026194249,0.131475415,0.081473141,0.028566153,0.098206076,0.093465013,0.104061341,0.072053684,0.077163786,0.019309649,0.009533414,0.010918935,0.00346533,0.013438609,0.022822633,0.010243272,0.01580105,0.008341734,0.017085495,0.028977998,0.008431285,0.023391706,0.036027434,0.007397087,0.026591764,0.063061075,0.055940127,0.086714016,0.099533285,0.022992747,0.037782319,0.046512275,0.036301904,0.026383458,0.022783692,0.023573839,0.051554491,0.041179607,0.001637541,0.030474565,0.002592519,0.048587994,0.003076187,0.003834562,0.002062736,0.019220271,0.014015601,0.016941531,0.005728758,0.025292957,0.027882503,0.008032121,0.028266172,0.004235552,0.014536806,0.020936685,0.041567186,0.035361753,0.077929686,0.035343293,0.016582003,0.092651422,0.031508154,0.006875231,0.011083779,0.012066688,0.003793319,0.008831642,0.011504495,0.013354108
52,0.010780228,0.033103031,0.018498213,0.008894015,0.007405625,0.009236743,0.013941018,0.259756016,0.236894416,0.265975914,0.267808841,0.274641106,0.013751749,0.022836533,0.02738118,0.020317884,0.032547898,0.007439597,0.019837582,0.006831411,0.007726577,0.008238359,0.029564284,0.058950167,0.074732789,0.280930569,0.168865052,0.075495603,0.079262186,0.02312747,0.007211538,0.052330321,0.014952386,0.030601016,0.024861014,0.174078177,0.235581296,0.304717437,0.117766222,0.242864156,0.203727334,0.089792948,0.314096304,0.428007006,0.120036728,0.061948235,0.126126806,0.099520762,0.087105539,0.054894016,0.189000192,0.168422198,0.240022928,0.273432833,0.273140908,0.274056229,0.068365474,0.048851753,0.056253204,0.151573786,0.04445572,0.045028177,0.133055997,0.046934821,0.069260329,0.031287055,0.132726776,0.099180696,0.046221633,0.088307749,0.097790375,0.058695232,0.148056411,0.128862029,0.097947057,0.041507209,0.094542699,0.171405227,0.141650718,0.159968099,0.141339925,0.136805703,0.134853232,0.112877783,0.129691242,0.115685641,0.083448696,0.039635429,0.073663976,0.030920746,0.031849224,0.029122483,0.013818788,0.025146407,0.132717588,0.3270752,0.179356936,0.180832636,0.107431532,0.089816853,0.073238246,0.077249021,0.042494936,0.065282942,0.077204357,0.071111946,0.037626376,0.08673293,0.086359071,0.015745367,0.032199907,0.02419364,0.088823355,0.08766872,0.087623347,0.160718727,0.163918813,0.012648477,0.021723097,0.006396769,0.041801373,0.001997508,0.029737772,0.051997852,0.041799675,0.00431739,0.016501128,0.034835604,0.047536761,0.050843555,0.010111316,0.017650264,0.033200471,0.014818384,0.019606416,0.013183899,0.052787881,0.024271854,0.072195913,0.077535615,0.048666735,0.020410618,0.033283364,0.162129428,0.100889544,0.035287035,0.120302709,0.114835996,0.129101034,0.090537808,0.098708087,0.022353614,0.01156997,0.012851422,0.003997692,0.016086883,0.027772468,0.012200458,0.019183716,0.010152146,0.018264439,0.029828309,0.009926019,0.027762675,0.045942717,0.008675619,0.035469128,0.080176868,0.067018732,0.111831949,0.126934834,0.031004795,0.049044307,0.058890279,0.046794346,0.033277903,0.027708435,0.031499581,0.064770227,0.04863074,0.00175842,0.026769848,0.002731338,0.046805813,0.003419936,0.004122059,0.002241378,0.017973536,0.01330331,0.015065118,0.005929201,0.02395206,0.027630593,0.009154836,0.028774298,0.004694969,0.01388271,0.020601974,0.040427073,0.037125703,0.066903522,0.034052326,0.015354014,0.076417637,0.026194305,0.008411256,0.010477927,0.011556291,0.00373235,0.008500783,0.011382901,0.01273031
53,0.005596432,0.013469762,0.009780885,0.004598809,0.003441561,0.003995261,0.005390284,0.120214353,0.109694796,0.123377752,0.112400933,0.120233981,0.005541511,0.01683984,0.018433325,0.00851768,0.013799467,0.003050986,0.008180665,0.002826407,0.003290058,0.003536356,0.013272313,0.019166858,0.027470567,0.155314355,0.190546826,0.027224776,0.074634118,0.032743118,0.003688411,0.030365093,0.015724159,0.022502562,0.016838155,0.098484051,0.163055992,0.346505858,0.063821346,0.21451361,0.163146842,0.050926927,0.183570967,0.200382878,0.076572253,0.043722921,0.060992665,0.04152047,0.056249548,0.025397425,0.084550795,0.073358098,0.110037254,0.126298209,0.131852557,0.120811358,0.031383248,0.027247418,0.025993265,0.099910847,0.025846517,0.030070521,0.074253774,0.024905665,0.024008464,0.012997019,0.057865965,0.051764799,0.030518269,0.034658059,0.032082896,0.022670257,0.062392796,0.055374341,0.049676237,0.018942214,0.026526698,0.072541553,0.060066657,0.067723399,0.059238516,0.054852475,0.05653709,0.045132809,0.044418946,0.036508114,0.026152501,0.014351681,0.020602278,0.011935372,0.013144619,0.01181289,0.00606366,0.009444616,0.050369036,0.156299831,0.084446316,0.111953011,0.036676775,0.029422517,0.023851528,0.025561374,0.013174397,0.022650733,0.027554492,0.022885205,0.011073818,0.034818984,0.031689729,0.004801817,0.013294298,0.006649506,0.031779759,0.032106768,0.031045389,0.058010061,0.060195673,0.003756172,0.005817788,0.002061375,0.010870774,0.00096957,0.009713573,0.017976411,0.013599615,0.001862463,0.004434546,0.011366289,0.016783979,0.018841876,0.003452902,0.007636878,0.013768616,0.00504973,0.005123063,0.004696315,0.019438101,0.011936557,0.026014505,0.026614962,0.016089397,0.011948285,0.012765523,0.059715027,0.038017066,0.014468346,0.043627892,0.040285628,0.044770603,0.030539364,0.031238547,0.010821963,0.004798831,0.005086271,0.002097401,0.007504748,0.013031962,0.005074792,0.008214887,0.003857255,0.015287549,0.028539619,0.003842514,0.014755428,0.018335239,0.004257262,0.010201491,0.026177622,0.032486988,0.031697622,0.042019932,0.007177295,0.015946064,0.020760244,0.015781049,0.013551781,0.011865189,0.009282886,0.026212505,0.028198829,0.001540031,0.041372077,0.002764181,0.06284663,0.002755914,0.003956828,0.0021804,0.026652736,0.016839678,0.022502965,0.006737929,0.034500569,0.038201906,0.006827828,0.036974638,0.004302565,0.017144622,0.027482352,0.057850032,0.042211331,0.104944166,0.038779777,0.019392774,0.132972364,0.046350022,0.004339808,0.013965053,0.014817483,0.004436976,0.011406471,0.011133161,0.014217625
54,0.003702684,0.010481496,0.006690574,0.00278244,0.001261739,0.001421393,0.001298982,0.315223065,0.29673056,0.242927762,0.241784402,0.273225057,0.001931599,0.019974406,0.016948594,0.005062044,0.011792463,0.000955394,0.004595116,0.000923464,0.001057964,0.001156131,0.010423259,0.01503642,0.022209544,0.38324393,0.221275926,0.021114179,0.084935114,0.038536071,0.002240693,0.034465482,0.018569582,0.026850931,0.019377374,0.118344907,0.196006741,0.448873654,0.083594145,0.355560731,0.36161323,0.074701895,0.357947618,0.391369484,0.096977272,0.051568158,0.116750913,0.061099638,0.07850487,0.031417141,0.19315795,0.144621061,0.297144302,0.254368646,0.157248574,0.281899751,0.034425567,0.034886578,0.032251937,0.245613777,0.032373625,0.050424613,0.069073989,0.025977523,0.015363978,0.004145204,0.119192332,0.118859924,0.054231751,0.03996479,0.013870147,0.011405144,0.126000385,0.112690661,0.110475726,0.031635532,0.009924915,0.140140711,0.120961513,0.134626642,0.120317121,0.097057826,0.114658363,0.077638955,0.046886706,0.016116257,0.007691403,0.006849039,0.00497817,0.003598689,0.004251934,0.003855352,0.002225229,0.003056525,0.075370023,0.286369907,0.177215127,0.310974724,0.037972259,0.025842088,0.020117629,0.02238243,0.00749264,0.019163635,0.023879255,0.021530264,0.003964797,0.056198141,0.039215661,0.002239541,0.024011995,0.002952268,0.031609678,0.034809034,0.03090657,0.068133393,0.091384375,0.000695794,0.000881449,0.000455372,0.001776256,0.00026325,0.004948585,0.013528139,0.007338735,0.000406448,0.001070746,0.005557752,0.012013332,0.015060911,0.001519043,0.005154171,0.011242572,0.001467936,0.000720195,0.001289112,0.016632579,0.007606316,0.020692925,0.024382754,0.012919896,0.009700281,0.009238849,0.090235937,0.053617847,0.012773665,0.042837321,0.033379408,0.047927259,0.028595096,0.034746403,0.007864216,0.00256009,0.001632113,0.000547765,0.004269959,0.010793204,0.002159319,0.004362693,0.001568196,0.017728735,0.033617506,0.001077341,0.014220532,0.014230813,0.001934313,0.004894481,0.022561622,0.071137291,0.008472003,0.042511502,0.000851736,0.011231165,0.017216725,0.01018741,0.009880251,0.009293385,0.003631805,0.036383927,0.040113865,0.002539877,0.067673455,0.006133641,0.245481886,0.005252367,0.00856815,0.004632857,0.075387223,0.027695141,0.034639548,0.020698612,0.101567989,0.143428777,0.010569592,0.141391611,0.008935085,0.027953174,0.094105867,0.239396737,0.172103339,0.136972264,0.057827805,0.021306763,0.174390299,0.075110606,0.00436214,0.036585071,0.04532045,0.008521292,0.035181414,0.010756652,0.013575494
55,0.010208374,0.026717288,0.020413671,0.007801947,0.003730246,0.003902315,0.003178968,0.572924485,0.529780851,0.455432199,0.393926482,0.465751823,0.005268567,0.035753887,0.046475988,0.01401245,0.027214598,0.002391151,0.012352371,0.002509441,0.002949905,0.003184963,0.028711368,0.02969307,0.052006098,0.742916007,0.280235949,0.049890761,0.138635102,0.047987482,0.005203123,0.056488178,0.031434812,0.04459817,0.03596415,0.245040558,0.33662764,0.558966317,0.190254968,0.550452011,0.616857172,0.169611028,0.643537646,0.712607037,0.194296469,0.101235597,0.204303913,0.106360464,0.154588723,0.059559602,0.338475935,0.25107667,0.529791737,0.48266653,0.32979736,0.477629632,0.059496667,0.064919285,0.063865338,0.445488995,0.079683927,0.11871359,0.197001844,0.072830845,0.043101828,0.015894928,0.194158092,0.220977825,0.123496116,0.08108128,0.033097225,0.030054766,0.203621973,0.180142446,0.174377717,0.051703108,0.022904777,0.232022161,0.195715089,0.220038164,0.191919715,0.158465743,0.182855589,0.128042878,0.08389234,0.03767891,0.018606751,0.019087655,0.014422569,0.011606978,0.015969449,0.014552914,0.00778249,0.010852205,0.12929398,0.540314047,0.311217229,0.619063365,0.079163074,0.057069785,0.042436886,0.047457444,0.015469369,0.040604934,0.052948456,0.042512245,0.00903475,0.095026063,0.07312555,0.004840994,0.037828637,0.005781891,0.065641727,0.068063238,0.063330418,0.125094543,0.155619713,0.002149185,0.002621634,0.001697912,0.004942006,0.001121528,0.01312685,0.027938809,0.01722704,0.001464918,0.004724646,0.014274451,0.027295353,0.033261079,0.00394101,0.013487158,0.024883689,0.003406784,0.001844561,0.00305702,0.034902988,0.020905554,0.046998527,0.051234076,0.026694921,0.027878948,0.023450936,0.153547767,0.092404324,0.027974937,0.091704806,0.076561651,0.098982327,0.060849804,0.06226996,0.02435478,0.006823282,0.004168157,0.002045724,0.012150217,0.028984661,0.005898483,0.012198263,0.004353276,0.031679239,0.048080981,0.002769173,0.029687888,0.037202483,0.005975932,0.00990407,0.048612698,0.112065286,0.021634472,0.075402063,0.00190108,0.021969799,0.035903925,0.02268062,0.025984507,0.021621102,0.008757825,0.074168701,0.085810255,0.005675397,0.099876239,0.012283054,0.442237176,0.010837375,0.015153199,0.010777437,0.122934949,0.050862304,0.052926537,0.034381103,0.179624955,0.251010423,0.021466028,0.249559564,0.021884649,0.051924279,0.178026154,0.442568294,0.297771464,0.172679475,0.105020602,0.027138184,0.201373353,0.096048966,0.01206987,0.064324272,0.081400603,0.017332949,0.061844008,0.017999673,0.017752142
56,0.005452035,0.015247282,0.009748695,0.004373187,0.003077975,0.003723013,0.005159392,0.184188659,0.162501487,0.248905041,0.194423835,0.200654299,0.005460545,0.020266391,0.017998458,0.008707494,0.017832799,0.003359603,0.008558716,0.002726749,0.003040692,0.003288063,0.013042022,0.0285367,0.045454679,0.300331502,0.15405449,0.045143462,0.069813083,0.025099754,0.003081417,0.040243554,0.015664548,0.02650019,0.021384518,0.16127595,0.186371799,0.292807545,0.115138289,0.263338644,0.244134577,0.096047226,0.416522787,0.494549344,0.105956104,0.05305819,0.145208396,0.09081326,0.088462761,0.043468215,0.161837934,0.16425027,0.16166507,0.249231019,0.338235608,0.205398588,0.048661326,0.039311694,0.042512419,0.180836311,0.035220611,0.041216435,0.321475278,0.033356011,0.029587288,0.012284415,0.135525856,0.110478146,0.043719115,0.068722082,0.061649121,0.048174234,0.137609448,0.143845157,0.139505802,0.044934844,0.038739897,0.153099389,0.139172415,0.146268224,0.143460963,0.127481366,0.135463281,0.105876852,0.083838687,0.064282698,0.0636839,0.02003975,0.027380641,0.012635537,0.012615468,0.01158695,0.005984804,0.010146216,0.111733507,0.375760232,0.179010756,0.178982226,0.066648687,0.049166721,0.038384162,0.042267332,0.016814225,0.035419213,0.046176539,0.039491326,0.011969693,0.079678573,0.062377887,0.007986318,0.034807856,0.011501068,0.05717004,0.0599684,0.056343204,0.134869218,0.132516142,0.002768035,0.004250879,0.001671079,0.008178477,0.000809967,0.009257499,0.025045254,0.016293285,0.001243883,0.00678964,0.011674776,0.022715379,0.027445227,0.003494435,0.008513147,0.018887113,0.005533182,0.004554621,0.005323502,0.031109268,0.01297571,0.043380515,0.046848634,0.02421504,0.011975792,0.014060372,0.130980971,0.082017331,0.019461925,0.088531146,0.077077357,0.088181221,0.05468033,0.061745906,0.011677632,0.005037117,0.004978173,0.001543177,0.006831261,0.013535128,0.004951402,0.007740261,0.004130199,0.017263061,0.027481198,0.00375934,0.017541215,0.022217853,0.004393842,0.01237385,0.043042614,0.091916267,0.061582835,0.080008733,0.006231351,0.02199397,0.031161297,0.020393376,0.014485044,0.015043527,0.009339319,0.047595247,0.040697335,0.001387762,0.035134479,0.002691607,0.148038493,0.002577562,0.003588554,0.002146329,0.02618455,0.017050196,0.018638767,0.00708032,0.041985581,0.044846696,0.005780573,0.0446451,0.004183669,0.017364487,0.040782022,0.105904633,0.066624994,0.079543481,0.037033807,0.014341096,0.100078065,0.03917242,0.003543717,0.023826556,0.032403218,0.006269075,0.01842572,0.008912671,0.010461605
57,0.011586814,0.002780433,0.016612187,0.007211882,0.001551652,0.00151476,0.001418521,0.052566354,0.057857683,0.071077786,0.103371975,0.074576208,0.001599203,0.306585098,0.035409068,0.002526378,0.008257677,0.000871585,0.002609074,0.001141713,0.00112969,0.001307569,0.001954119,0.011160898,0.045452485,0.756846738,0.2477499,0.040891725,0.104887838,0.258367137,0.023675982,0.244119209,0.353966133,0.295389277,0.344460158,0.088372657,0.17753075,0.393149798,0.055786721,0.195872177,0.105464676,0.048262116,0.228832219,0.752354555,0.092200731,0.058768671,0.057032681,0.04567414,0.067248648,0.024854581,0.066235702,0.072327861,0.058371135,0.062939576,0.13747303,0.065306,0.161095667,0.249648617,0.201325176,0.077878157,0.15108478,0.07931572,0.66284646,0.169836044,0.534754791,0.515869743,0.224059016,0.46146097,0.146984017,0.471997242,0.229346703,0.126468445,0.171649236,0.204033795,0.092637239,0.098779779,0.215682488,0.161189441,0.181057607,0.175906554,0.180631779,0.141702171,0.193477622,0.286195219,0.254590565,0.295409671,0.139079576,0.269802385,0.280505379,0.301526644,0.5088521,0.472350331,0.208233165,0.336349265,0.0589177,0.463589555,0.310680864,0.70241469,0.029867847,0.019828838,0.015708115,0.020362266,0.004999045,0.020159937,0.035684006,0.01202342,0.002148432,0.045121864,0.037430597,0.061827969,0.023509079,0.057212032,0.043970013,0.052033713,0.04353394,0.13195151,0.07377716,0.006358015,0.002551836,0.024425478,0.01015298,0.016722159,0.002424458,0.011099548,0.004497063,0.001717879,0.123415584,0.002139424,0.010314157,0.015372193,0.006041459,0.004497769,0.012515924,0.003072085,0.002819141,0.001900887,0.014668023,0.002057208,0.035384175,0.019655464,0.005600237,0.021900367,0.002459731,0.078466563,0.033995832,0.008576875,0.081704233,0.105677687,0.053484546,0.025349727,0.015402096,0.005883077,0.022574261,0.004587345,0.009192385,0.001358531,0.002497549,0.001529121,0.001470081,0.020163982,0.342240924,0.278082239,0.003653389,0.237506343,0.387505743,0.133083527,0.002835761,0.019275242,0.02483339,0.201056922,0.185542628,0.003121438,0.008136204,0.016414782,0.007566764,0.003947286,0.009919537,0.001907329,0.143787217,0.170299517,0.002062164,0.166330402,0.00416902,0.04410444,0.003549216,0.003386606,0.002227922,0.032688847,0.148754215,0.083743854,0.004914972,0.172885225,0.032180485,0.006370149,0.024863029,0.003134413,0.154060148,0.18503549,0.056501073,0.017476448,0.254014016,0.30582741,0.038178573,0.256500185,0.048981403,0.003775922,0.019531124,0.01488933,0.004669216,0.028781902,0.028369701,0.024963375
58,0.018278958,0.010875843,0.022192803,0.015048934,0.010873731,0.010882228,0.012773366,0.062469996,0.057886455,0.086935891,0.073816829,0.066391195,0.01197638,0.233264499,0.035977231,0.012556785,0.016111098,0.005500753,0.01277896,0.01121049,0.010939562,0.010679862,0.010302531,0.016845061,0.038659822,0.495802424,0.214847658,0.03638087,0.094465549,0.194190328,0.021925484,0.196252162,0.264270151,0.227833363,0.261080737,0.086875297,0.161026197,0.364705369,0.053904613,0.2009474,0.128756102,0.044613617,0.213943162,0.495260796,0.080541356,0.056885674,0.046630118,0.039366456,0.060652165,0.02814645,0.054565763,0.055544971,0.057874529,0.084982267,0.148038959,0.058966757,0.140661833,0.200771601,0.166632713,0.095211125,0.145997004,0.082641936,0.436311734,0.167598751,0.494894887,0.373082847,0.131800943,0.267538699,0.115768824,0.306020932,0.205891471,0.139345325,0.103236523,0.118287529,0.084396775,0.108880172,0.234152934,0.102224692,0.10681706,0.10769441,0.105042613,0.106242556,0.116312821,0.200133409,0.215676834,0.256688597,0.136913346,0.275601688,0.292464348,0.312249327,0.370833297,0.335118387,0.163021085,0.237900484,0.045777627,0.32463292,0.19486173,0.44816679,0.02445357,0.018596181,0.017707774,0.020809136,0.01329014,0.022320972,0.031040964,0.015230896,0.009776682,0.038379341,0.03269951,0.049336005,0.022636476,0.0435977,0.036257662,0.042612347,0.036321042,0.088104023,0.052896421,0.014684548,0.012151579,0.026417347,0.022293351,0.019102645,0.010598345,0.018295304,0.01335098,0.011698088,0.111760754,0.00955826,0.017732803,0.021405471,0.012706965,0.011309443,0.019380376,0.009826348,0.01239148,0.008203527,0.020640585,0.011888936,0.033225646,0.021487946,0.012445499,0.025506238,0.010165775,0.056018207,0.030697188,0.015903214,0.056802217,0.072437421,0.038385446,0.023380278,0.016380462,0.015251511,0.026893161,0.013946077,0.019644034,0.01208587,0.010821187,0.012111968,0.012773111,0.023974235,0.258220331,0.21657517,0.010848982,0.223523869,0.352576063,0.108663094,0.009045509,0.019583181,0.025426272,0.191457788,0.183196477,0.010668364,0.015906321,0.02066141,0.016723615,0.012816094,0.017154432,0.008475131,0.126527319,0.148448168,0.00814616,0.121543904,0.010269722,0.054690836,0.011920584,0.009984047,0.009581344,0.034829227,0.103187206,0.066238073,0.007477303,0.119377055,0.030486081,0.020922202,0.025883131,0.013542551,0.107195471,0.125980501,0.051974762,0.022474881,0.192242482,0.217095809,0.069481066,0.191558219,0.046092882,0.019839534,0.02960555,0.030014371,0.01936751,0.030644995,0.083726542,0.081114482
59,0.012537494,0.00499702,0.016857024,0.008492152,0.003086677,0.003091095,0.003302198,0.06389261,0.060854078,0.094634454,0.090766462,0.075078375,0.003346506,0.27982416,0.033968488,0.004474626,0.010324746,0.001684472,0.004547888,0.002796455,0.002744855,0.002862206,0.004049076,0.014187068,0.042734626,0.663208566,0.231955308,0.038875268,0.099637056,0.23294833,0.022117296,0.226955951,0.320647675,0.271319548,0.313921066,0.092968989,0.174514909,0.391525847,0.057678313,0.211827977,0.129018773,0.048414218,0.259558712,0.661559046,0.087666221,0.058135291,0.054198024,0.04372546,0.065101035,0.026230838,0.063008528,0.066997153,0.061011008,0.090509681,0.172380575,0.06629251,0.154001899,0.232243083,0.188553935,0.094939969,0.15183223,0.08004833,0.586350748,0.170800373,0.529242225,0.471807543,0.177259578,0.365945852,0.127907959,0.389380373,0.234691009,0.14800889,0.137237463,0.160181559,0.095266985,0.117803765,0.256636827,0.133500504,0.14355609,0.142487335,0.141948207,0.128942878,0.154501345,0.245973164,0.252448654,0.296724401,0.156101493,0.295718484,0.320093751,0.338509418,0.467428894,0.426430235,0.197488647,0.302719021,0.054169877,0.424210939,0.258453835,0.602403804,0.027667968,0.019335679,0.016783053,0.020744614,0.009283455,0.021336155,0.034033554,0.013514865,0.005700359,0.043093721,0.035946702,0.058199384,0.024296424,0.0528508,0.041034879,0.048639869,0.040953476,0.115577292,0.065797764,0.007835628,0.004313799,0.024272697,0.012329062,0.016801547,0.005196553,0.014805774,0.008406048,0.00367383,0.118789749,0.004952391,0.013092647,0.017253897,0.00808669,0.006477885,0.014342399,0.00436091,0.004581979,0.00307621,0.016258323,0.004203743,0.034275527,0.02006408,0.007968906,0.021655532,0.004741319,0.069855773,0.032986942,0.01072427,0.0722127,0.093139429,0.047481506,0.024434561,0.015859246,0.007626692,0.023236995,0.006183843,0.011164892,0.003241245,0.004531397,0.003349244,0.003504075,0.020589772,0.311883788,0.257180039,0.004822421,0.246735545,0.384422491,0.128412389,0.005563714,0.019530197,0.026277804,0.220846696,0.205666398,0.004900461,0.012311226,0.018572666,0.012077324,0.006851841,0.011942989,0.004399566,0.137233195,0.163122574,0.005117926,0.154014998,0.007134556,0.062381338,0.008219818,0.006221696,0.004447053,0.036337665,0.134562143,0.080262044,0.006228692,0.156479701,0.03271002,0.013889537,0.02632426,0.006777143,0.139432493,0.166965861,0.061834207,0.022365005,0.239223817,0.27824478,0.066507602,0.239573849,0.050391765,0.012669519,0.025724528,0.024065917,0.010027098,0.030394573,0.076372512,0.073908038
60,0.010598437,0.002175564,0.015786278,0.006452628,0.000970723,0.000905224,0.000662684,0.38516317,0.329845151,0.357753596,0.1631064,0.227686093,0.000950503,0.451418329,0.034823329,0.001936248,0.008407677,0.000491466,0.002011706,0.000507802,0.00050917,0.000708049,0.001242739,0.012062547,0.045991408,0.942417908,0.279441592,0.041233308,0.111128583,0.287224393,0.021803709,0.478504801,0.471713709,0.490603173,0.520530445,0.219396381,0.313138038,0.452692985,0.14382846,0.32901338,0.243518704,0.109072501,0.497262634,0.951940031,0.155569236,0.067729859,0.102142123,0.055503015,0.100586329,0.027908472,0.196556229,0.146579992,0.329225836,0.392936175,0.404226215,0.217389146,0.449169012,0.43970971,0.44939915,0.281424169,0.382704385,0.391531464,0.840732317,0.422354942,0.494147462,0.522297616,0.24306354,0.404757101,0.271989221,0.302182733,0.257133789,0.153489071,0.195648075,0.238582947,0.119493125,0.107955531,0.257981275,0.190127197,0.208444579,0.202925995,0.212665117,0.164357996,0.220092246,0.252124001,0.300739582,0.321385575,0.204634992,0.255732566,0.253889191,0.235180156,0.512999445,0.477931726,0.223712546,0.339615993,0.072955752,0.674697345,0.356975468,0.811118906,0.032726203,0.020901454,0.016562782,0.021385921,0.005381453,0.021109673,0.036966009,0.012622395,0.002074515,0.050273311,0.040376404,0.063895579,0.024916956,0.058056366,0.046281962,0.055329386,0.045856716,0.143079499,0.088327167,0.004925739,0.001582124,0.020134753,0.007751739,0.013737663,0.001837074,0.011743876,0.00438857,0.001056324,0.102421176,0.001656672,0.010190361,0.015321771,0.00584649,0.003951001,0.012157207,0.002428955,0.001957397,0.001315871,0.014660856,0.001222989,0.036008127,0.020135289,0.005472572,0.021188239,0.001934418,0.092061562,0.040643567,0.008820958,0.085845142,0.108086471,0.055080793,0.026163144,0.016603548,0.006002175,0.019166332,0.003511193,0.007089104,0.000617253,0.001820867,0.000846208,0.000683059,0.016739337,0.516011105,0.491530182,0.002685126,0.263127918,0.379315301,0.145136858,0.00281432,0.020175248,0.029357365,0.286815323,0.277607684,0.002372756,0.008836882,0.017258416,0.007824961,0.003222317,0.009430867,0.001576353,0.429882631,0.400185883,0.010411828,0.194749586,0.014074082,0.156353809,0.01771559,0.01288972,0.007849694,0.07829408,0.162505081,0.10376455,0.014084986,0.219007597,0.099571143,0.028562235,0.089895034,0.013789876,0.167895627,0.231339951,0.168274436,0.076223804,0.287446882,0.328251456,0.131583413,0.284276631,0.066094103,0.027081949,0.032897503,0.032520068,0.007235017,0.044453499,0.184232119,0.184141207
61,0.014703233,0.011475296,0.016057748,0.010594546,0.00362694,0.003876183,0.003696194,0.111762684,0.076581849,0.219615071,0.081445414,0.100187669,0.003665608,0.270110611,0.030597546,0.006446726,0.01555672,0.002470506,0.00637136,0.002839668,0.003004162,0.00333903,0.009092767,0.021054925,0.047251051,0.690234052,0.169205225,0.043605785,0.082451398,0.20927567,0.021667193,0.227039838,0.302763852,0.261581925,0.301863624,0.136487449,0.192852855,0.404268442,0.084572172,0.307661666,0.258584906,0.066540714,0.502370932,0.698350481,0.088990607,0.063062752,0.065406772,0.052531662,0.070915194,0.03558821,0.070920214,0.075903558,0.075610916,0.226331582,0.398840659,0.089961387,0.16475103,0.241898828,0.198133378,0.200142414,0.184463916,0.098740223,0.645003666,0.188019583,0.546844842,0.657626695,0.087413205,0.220147535,0.118808204,0.258888032,0.378534094,0.328662779,0.072702952,0.072166597,0.158240755,0.281289708,0.59713917,0.09458922,0.072225235,0.086054466,0.06386675,0.144937427,0.077545976,0.174100805,0.381885249,0.450914699,0.324968572,0.516491989,0.668878491,0.680871886,0.66008993,0.567343493,0.304117905,0.39900434,0.060387073,0.51595689,0.198193059,0.573328499,0.030568703,0.022718931,0.021794704,0.026384405,0.017595201,0.027228828,0.038905743,0.01991129,0.012048187,0.054937387,0.045064002,0.090094144,0.043800464,0.075125847,0.046672959,0.056717788,0.048304523,0.121336109,0.06890012,0.012207896,0.008747646,0.022400664,0.016973629,0.016092862,0.021279053,0.021705997,0.015327035,0.011465751,0.097907512,0.013348946,0.020236424,0.024613154,0.033896481,0.022255329,0.025509274,0.009185937,0.013069818,0.006339236,0.023045615,0.011066849,0.039574644,0.024688636,0.015101641,0.020521611,0.010612276,0.072812522,0.040196938,0.01671378,0.076506202,0.098545071,0.050165443,0.028751078,0.020904637,0.008815151,0.025972465,0.007663521,0.017444688,0.00475287,0.010908935,0.00408577,0.004913979,0.020985995,0.296555171,0.243856746,0.005243927,0.374070032,0.451239563,0.207335706,0.012716713,0.024415189,0.045048668,0.445986066,0.417520354,0.022001568,0.020667325,0.02450995,0.01942368,0.020346745,0.025050999,0.012821617,0.150974852,0.183463533,0.021581997,0.213753719,0.024208807,0.18702173,0.034315517,0.020532648,0.013498227,0.077863756,0.171471984,0.128142032,0.015242542,0.200431459,0.058243737,0.054851472,0.050969612,0.022746935,0.177960881,0.210636846,0.130545227,0.05923298,0.344757566,0.360799285,0.245516742,0.334466527,0.091324521,0.06284396,0.07312828,0.083371276,0.039051331,0.05591832,0.34537173,0.342866121
62,0.013763497,0.003939362,0.017023014,0.008881531,0.00147852,0.00153186,0.001240537,0.174059971,0.120657275,0.31119232,0.102660425,0.138142708,0.00135002,0.354617281,0.03485759,0.002784862,0.011315996,0.000753401,0.002856729,0.000873729,0.000897006,0.001198534,0.002422501,0.016217111,0.05424852,0.893229745,0.196721668,0.049115534,0.091597187,0.271320578,0.025399115,0.290089692,0.40162671,0.345451546,0.398559171,0.17434554,0.233018577,0.469661638,0.108529066,0.359105963,0.286628448,0.084744218,0.666396108,0.907743355,0.106044556,0.06806544,0.084402427,0.06078509,0.082760939,0.035490864,0.10077622,0.102498433,0.119277093,0.325447534,0.542218068,0.126221591,0.201649669,0.29893589,0.242962584,0.220791697,0.199173543,0.104875619,0.832517431,0.201544949,0.59255455,0.697364618,0.100587255,0.240464397,0.086684823,0.258807224,0.401428063,0.330421803,0.085233324,0.084399114,0.170746644,0.294312159,0.641118608,0.114776628,0.084874089,0.102138497,0.075429944,0.161348312,0.090970704,0.202450771,0.419238874,0.494392446,0.358970327,0.546047981,0.714198114,0.709479611,0.699343938,0.601058353,0.31025171,0.421258959,0.072897653,0.678006166,0.241201066,0.725686019,0.035502919,0.024086578,0.020356909,0.026339386,0.00980476,0.025959533,0.043294894,0.017284218,0.004847295,0.05851107,0.048493781,0.086059253,0.042250564,0.075066682,0.053135311,0.063976034,0.05447954,0.157758569,0.086319198,0.006129512,0.002112745,0.024174244,0.009591306,0.016505823,0.003734192,0.015980179,0.007887718,0.001558877,0.122255787,0.003556799,0.014087853,0.019905387,0.009652152,0.006697277,0.016976658,0.003492211,0.002708701,0.001896311,0.019124625,0.002312371,0.043003984,0.024362187,0.008455425,0.022273356,0.003697071,0.09099267,0.044730908,0.012104934,0.097213932,0.125445895,0.062562263,0.030865036,0.020513407,0.00613521,0.025346551,0.005085192,0.0088103,0.001159025,0.003356507,0.001370802,0.001264491,0.021049352,0.396196768,0.32734145,0.003489111,0.404319697,0.485892621,0.206171111,0.005552504,0.024437607,0.045392078,0.495948909,0.452487339,0.003400598,0.013627488,0.021483009,0.012290712,0.005775846,0.013954252,0.003346712,0.179034986,0.21214694,0.018443727,0.231434436,0.021516973,0.237894388,0.030440819,0.018503377,0.011421445,0.078551592,0.192258072,0.129384437,0.014420323,0.231051911,0.061160517,0.048514717,0.053417004,0.020276583,0.198920693,0.247855962,0.160620667,0.06739768,0.364582697,0.394388128,0.238752814,0.354395031,0.082772485,0.051556705,0.050322305,0.06002941,0.011840225,0.0556831,0.355248536,0.35837967
63,0.01545327,0.002910963,0.041763573,0.00979687,0.002268826,0.001179209,0.000498654,0.039225869,0.041301589,0.062797683,0.039226995,0.043669122,0.003705734,0.04944486,0.104852889,0.007638371,0.026218867,0.000510238,0.006696706,0.000977168,0.000950037,0.001076892,0.002019608,0.012844485,0.011736392,0.914239567,0.447443549,0.010484251,0.251321097,0.066745702,0.009468802,0.06159549,0.05074307,0.05687163,0.050989942,0.442120463,0.690397934,0.58777763,0.293288575,0.445979172,0.31318826,0.204180339,0.711235773,0.923171204,0.350898392,0.169440945,0.045566539,0.0343106,0.205383574,0.049363379,0.028819512,0.026701599,0.039070649,0.053185167,0.196265404,0.034681379,0.055831523,0.054639489,0.048334609,0.195841919,0.036062601,0.033781145,0.17436567,0.035264102,0.047067277,0.03452785,0.052437149,0.1875903,0.027708007,0.063227707,0.030703399,0.018315416,0.038152379,0.03601813,0.018177234,0.010835949,0.020556551,0.052762683,0.041996714,0.049552448,0.030772963,0.025528089,0.030762061,0.035807046,0.034788532,0.034084807,0.019066755,0.021654063,0.018975945,0.01710932,0.034047629,0.031719982,0.015385376,0.022630869,0.023549779,0.554341448,0.183495207,0.723227938,0.009155697,0.007798041,0.00968838,0.009698243,0.009863767,0.01230959,0.01220429,0.007653358,0.005639304,0.014339299,0.013188491,0.004997407,0.003775818,0.004827998,0.013837821,0.017226841,0.013290273,0.015944793,0.017507394,0.005042744,0.001542165,0.021704187,0.006946609,0.014887987,0.00207359,0.014511806,0.007717674,0.001118679,0.111057148,0.003538855,0.008525609,0.009510458,0.001474739,0.002576409,0.008321506,0.001957607,0.002068341,0.001258564,0.009014629,0.001413468,0.01127153,0.008093853,0.005246923,0.058832586,0.003261808,0.018227252,0.022664302,0.024034261,0.012450684,0.013300975,0.007460718,0.007668333,0.007728447,0.044248712,0.018540156,0.003106659,0.007638626,0.000967342,0.002248732,0.001876231,0.001231879,0.017167698,0.050145389,0.064515311,0.002804904,0.028416847,0.035219087,0.010627968,0.004499218,0.008819838,0.007345716,0.024224882,0.028476793,0.002434921,0.013222743,0.013712576,0.01221678,0.003680012,0.006466668,0.002811578,0.041631007,0.04368554,0.001408787,0.127690073,0.003163849,0.294465353,0.002716607,0.002546739,0.001591626,0.027487794,0.126034955,0.058505095,0.005029686,0.197073786,0.046021385,0.00388363,0.043340195,0.002466539,0.126600751,0.21782445,0.196683007,0.082521187,0.074557175,0.183181287,0.013335851,0.122488754,0.039421017,0.00253717,0.045443543,0.063306897,0.008348669,0.048899678,0.014950993,0.014021633
64,0.013678673,0.011429584,0.014857669,0.009323292,0.001836344,0.002220113,0.001632993,0.107666132,0.069508927,0.235137842,0.084624052,0.102511031,0.001732301,0.279804392,0.030016242,0.004758201,0.014164478,0.001866472,0.004663171,0.001091418,0.001238788,0.001646299,0.0088462,0.018867614,0.048480435,0.75858445,0.171761866,0.044682925,0.082262891,0.22107976,0.021604757,0.221594962,0.318086455,0.26666229,0.311298458,0.146645651,0.206807285,0.439378493,0.09020414,0.342636147,0.297604462,0.070651894,0.560639518,0.766824645,0.092631825,0.064039833,0.068547432,0.05467558,0.073429013,0.035423138,0.070195111,0.078839704,0.068391783,0.241010932,0.442380916,0.091096148,0.14605768,0.241560256,0.187111259,0.219443199,0.167766212,0.071811564,0.712099267,0.16102102,0.543415628,0.709783463,0.091004837,0.247817028,0.118564396,0.294534986,0.417912325,0.361126852,0.074698426,0.07193895,0.169165947,0.305252325,0.650210817,0.099801435,0.073803388,0.089799258,0.063403921,0.154695023,0.07837947,0.185105062,0.414813264,0.492936397,0.350569222,0.55947931,0.730262339,0.744550532,0.712832411,0.60986511,0.320418397,0.427499861,0.063743882,0.567396133,0.215618472,0.632588053,0.031310821,0.022292656,0.020496165,0.025805776,0.014551322,0.026098675,0.039414158,0.018561032,0.009048907,0.057076884,0.046514292,0.090492414,0.044508526,0.077627779,0.048483261,0.059448894,0.050275239,0.132398442,0.073551418,0.006570091,0.003103702,0.020392382,0.009756526,0.014077382,0.021912212,0.019088773,0.013040795,0.003502928,0.099667185,0.013549454,0.0192107,0.024463636,0.03866251,0.029048756,0.028044587,0.010135441,0.015132976,0.006696506,0.022966987,0.01220049,0.040327471,0.024195831,0.014254979,0.01958424,0.00965373,0.077843607,0.041220581,0.015287664,0.082496911,0.106675394,0.053533782,0.02903782,0.020362216,0.006971156,0.025699166,0.006259338,0.00941909,0.003179518,0.011437467,0.002271297,0.003121978,0.020632509,0.30759933,0.248176217,0.004078477,0.406863514,0.463096841,0.215462221,0.009499313,0.023768869,0.045916478,0.480332407,0.452353653,0.028634151,0.017939633,0.022682715,0.016498217,0.023836151,0.028791684,0.010209295,0.132048624,0.172849454,0.020767708,0.241431748,0.024533296,0.214236204,0.034524954,0.020983721,0.01280429,0.084663062,0.195643506,0.14715998,0.015769931,0.232001967,0.063752144,0.0566572,0.05530561,0.022432768,0.202465352,0.243331391,0.149296869,0.06448933,0.378840811,0.401572269,0.265648464,0.367196143,0.093039505,0.062369618,0.06548307,0.075198952,0.027661794,0.059075908,0.374921396,0.372510685
65,0.012608721,0.035244835,0.007549093,0.0101643,0.003013449,0.004458879,0.003017424,0.029724477,0.026633462,0.056420966,0.043987218,0.040624265,0.003120204,0.099435121,0.014414586,0.011113848,0.022461965,0.005520924,0.010484092,0.002004539,0.002483644,0.00316764,0.0294772,0.025025538,0.023422721,0.209868383,0.12317873,0.024560469,0.059726156,0.071250119,0.007921364,0.112026475,0.094749662,0.100695094,0.105268572,0.058041873,0.124965665,0.365450821,0.031673228,0.307398208,0.353336219,0.025887189,0.173278024,0.19746111,0.052312256,0.049934806,0.025923152,0.031183297,0.04420658,0.032079783,0.024701183,0.025386946,0.026451996,0.053268553,0.101914041,0.032708636,0.109579184,0.141908853,0.12607068,0.277196838,0.179856951,0.125742175,0.217443904,0.164239278,0.37774064,0.645873505,0.073294396,0.242771503,0.302809681,0.355256109,0.422754293,0.405152709,0.053081974,0.052136804,0.146766099,0.278028334,0.55782878,0.05674096,0.052224215,0.059363653,0.043162323,0.124285419,0.053486341,0.117519201,0.357422356,0.428656878,0.276762379,0.517842925,0.628845697,0.696877948,0.649560172,0.554269522,0.309404195,0.389099289,0.031266406,0.151528345,0.126579833,0.237341381,0.014761671,0.014021387,0.018548162,0.021039789,0.027520992,0.023545564,0.021981463,0.020335972,0.021548303,0.046894219,0.035016404,0.091015756,0.044471694,0.074619584,0.027832842,0.038215187,0.030682507,0.034778687,0.028313492,0.007973841,0.006398851,0.008458684,0.010510926,0.006546596,0.08069771,0.026526679,0.028063876,0.009566573,0.028388877,0.045816482,0.034060087,0.037148361,0.132569048,0.101576576,0.062506124,0.032062548,0.05641439,0.022590708,0.033394824,0.043943179,0.026807707,0.02092959,0.03188358,0.010654868,0.028513883,0.03037996,0.026994272,0.024476607,0.024200066,0.03056499,0.017155714,0.019678337,0.017668094,0.00985588,0.026181139,0.009976131,0.011160912,0.00977322,0.037229731,0.005307077,0.009234071,0.019294303,0.096340402,0.092706633,0.006131297,0.382291751,0.369400256,0.216174297,0.021097754,0.018829247,0.041710736,0.365181776,0.404114177,0.112352878,0.029190183,0.023934456,0.027455552,0.081894473,0.075789358,0.031994508,0.122484855,0.156628038,0.027134561,0.246458714,0.032893027,0.070753655,0.045787417,0.027816632,0.016652074,0.096985781,0.183772112,0.191722528,0.018755986,0.206281218,0.064683417,0.080079014,0.054631003,0.028343731,0.190124975,0.195925081,0.07489759,0.038453443,0.375807612,0.373607609,0.336034932,0.358426642,0.113529976,0.094003665,0.103410417,0.108633333,0.076626477,0.060872088,0.41605854,0.395423287
66,0.024491267,0.022647946,0.008503275,0.019644666,0.004064881,0.005170268,0.004118736,0.004993124,0.007819008,0.011727634,0.012329642,0.011158051,0.00336235,0.113244566,0.015114107,0.01089891,0.032295563,0.004862765,0.010016405,0.00189254,0.002571979,0.003665029,0.014968019,0.024523337,0.01582838,0.00195862,0.039466604,0.018472505,0.065562682,0.024905881,0.009366324,0.325518255,0.045122539,0.150661766,0.139357951,0.011679696,0.016456644,0.074956044,0.007427143,0.085499631,0.092326804,0.008774325,0.022929846,0.001545169,0.02577496,0.070944484,0.017364348,0.042010235,0.039951262,0.054978655,0.009820015,0.010575501,0.007888495,0.009932018,0.020806243,0.008303885,0.491817087,0.338221846,0.43540658,0.24690785,0.598592569,0.590852598,0.017515836,0.65800429,0.66692268,0.285564149,0.012375331,0.005778343,0.368733898,0.049876473,0.310573217,0.399236502,0.016572368,0.025245806,0.179292298,0.323229235,0.66592544,0.019706713,0.016801068,0.019613105,0.018002085,0.126394051,0.024525535,0.058713672,0.364875281,0.389439419,0.318465833,0.665656409,0.74447169,0.677107273,0.30086082,0.235258465,0.212584345,0.179996736,0.032001807,0.008751908,0.014075706,0.003800796,0.012640047,0.013787239,0.019145578,0.023395678,0.027229032,0.023006593,0.017740791,0.029275432,0.020265046,0.068733841,0.046085842,0.177783009,0.061800745,0.07803068,0.027171206,0.040750876,0.032533038,0.010028595,0.019839716,0.018064603,0.012557018,0.025543572,0.026900787,0.052440009,0.102502494,0.022722906,0.021636306,0.00971662,0.062961215,0.034729383,0.028673056,0.033400896,0.378355559,0.066010343,0.057317025,0.027130052,0.014865622,0.016406744,0.0343715,0.016865962,0.022333641,0.023561039,0.031728288,0.0141695,0.022163364,0.021619049,0.04050342,0.034972743,0.010309356,0.011666504,0.011294945,0.022510391,0.031182852,0.013971414,0.075431732,0.0211453,0.023195252,0.005440054,0.020439976,0.004475516,0.005406677,0.056507644,0.079165972,0.097458525,0.013358612,0.547071919,0.67147143,0.230638918,0.030999295,0.02044606,0.074471908,0.45517509,0.456683474,0.047976469,0.028543512,0.021896854,0.021617669,0.044643137,0.061934331,0.045459347,0.510202589,0.469191767,0.047153305,0.101506661,0.046099471,0.012097933,0.090322784,0.041310432,0.026770452,0.081442426,0.063355369,0.078235952,0.016942632,0.03827968,0.03958319,0.123537401,0.037029929,0.048399418,0.069895031,0.038032587,0.01688533,0.012896907,0.182401732,0.201505503,0.292730171,0.151874614,0.035964835,0.383819407,0.01605525,0.014322319,0.010191945,0.015729062,0.452464813,0.447548004
67,0.011056131,0.032650341,0.020824803,0.00865603,0.00418471,0.006042092,0.004720498,0.082336895,0.082670733,0.155149662,0.178546303,0.153230634,0.005709839,0.053784481,0.046811376,0.013849076,0.035583622,0.016480335,0.013991495,0.003420635,0.004352123,0.005278391,0.024957394,0.064203809,0.088443042,0.48079367,0.182974427,0.090969483,0.124981275,0.031980199,0.005157447,0.125366696,0.033310659,0.070775601,0.063622081,0.178716756,0.23668358,0.283404914,0.122486055,0.283969683,0.294411146,0.095831987,0.321460734,0.385440124,0.146249358,0.100497739,0.137735306,0.132703469,0.11837937,0.079650613,0.129632074,0.150923295,0.08406868,0.143758397,0.248669188,0.147076137,0.173613037,0.126314099,0.158203346,0.271329682,0.168989193,0.207357825,0.341976166,0.183585686,0.102250565,0.020850841,0.151343062,0.299358533,0.220616554,0.303992214,0.147812998,0.078127751,0.152505637,0.140053989,0.152821706,0.054535673,0.051391645,0.169113158,0.159317769,0.166470469,0.14737437,0.161537807,0.130080812,0.152982571,0.143904162,0.160785995,0.083782928,0.037583505,0.03288256,0.020987305,0.021695767,0.021624093,0.010919892,0.023177171,0.154233656,0.315807105,0.22375118,0.47924774,0.124457406,0.100694417,0.079885844,0.085892618,0.046038223,0.073286479,0.090303283,0.082046989,0.030317941,0.127487277,0.112123956,0.02772691,0.057300064,0.040515711,0.107512613,0.107691484,0.10507527,0.168116672,0.172698621,0.002843863,0.00424153,0.001612287,0.008250379,0.000744441,0.022404469,0.060420016,0.04078048,0.001405781,0.002806601,0.027794576,0.050083318,0.057383692,0.009582577,0.038456465,0.051628374,0.01055974,0.004836128,0.0168803,0.064730687,0.074428355,0.087069802,0.097621491,0.054486743,0.028907939,0.028497512,0.170952462,0.132360582,0.038631547,0.143592386,0.129560553,0.157503419,0.111245832,0.118879564,0.026505082,0.010040765,0.006555614,0.001593749,0.015329416,0.031429079,0.007856682,0.012590948,0.006991603,0.044910011,0.057512998,0.004709404,0.042986446,0.078094904,0.008711409,0.029415164,0.088358977,0.119927141,0.086895215,0.116388523,0.006208609,0.056053972,0.066913462,0.053973029,0.041171195,0.048676247,0.020773668,0.185990098,0.162620386,0.001496625,0.048440428,0.002498856,0.096788099,0.002445529,0.002297005,0.002042388,0.013727821,0.046801929,0.025626608,0.003373655,0.061001069,0.018777011,0.004755206,0.01760563,0.003726959,0.047044969,0.067779818,0.066193753,0.031107621,0.058149835,0.07287749,0.012932167,0.069637587,0.025503385,0.003835861,0.026518992,0.032956704,0.012651915,0.018936958,0.011170969,0.010326448
68,0.009577417,0.024165498,0.021602212,0.006810781,0.002307013,0.002936659,0.001436845,0.054864959,0.050789374,0.134311471,0.121857088,0.108509714,0.003468282,0.048510802,0.054447438,0.01072683,0.035582561,0.008624788,0.010621301,0.00180682,0.002084095,0.00255364,0.016876418,0.097762187,0.07881901,0.589920217,0.284502636,0.08274308,0.172498602,0.045864516,0.004544269,0.103324004,0.032106401,0.062007823,0.052370976,0.220640641,0.323731585,0.440492621,0.146223533,0.424190023,0.464325475,0.110830948,0.390231958,0.591217913,0.188954698,0.121915907,0.096550531,0.103370328,0.138520028,0.076944607,0.078175453,0.092496634,0.050828946,0.123733795,0.266837321,0.095544516,0.135840716,0.114834816,0.13201458,0.380745184,0.153136289,0.174599679,0.571932742,0.167987353,0.225473896,0.008590295,0.114282221,0.279321803,0.265039883,0.409461862,0.30546279,0.161045364,0.10694588,0.091503285,0.130716185,0.043243274,0.076996868,0.122873111,0.109275998,0.120131188,0.093955875,0.141254122,0.090989548,0.169309342,0.230216557,0.312751962,0.158404721,0.065674565,0.036213403,0.012415782,0.009438796,0.009990407,0.005785733,0.011724289,0.109663902,0.415834482,0.212970869,0.52056821,0.086549752,0.076510991,0.077777001,0.076751398,0.096629263,0.080974128,0.079066818,0.074364608,0.046617025,0.095575184,0.086850756,0.017600853,0.03641819,0.024973926,0.086091706,0.087947018,0.08405123,0.100347424,0.112584296,0.000662056,0.000774517,0.000421525,0.001896984,0.000187261,0.012897509,0.109669157,0.073181561,0.000304124,0.000749093,0.023426617,0.064838978,0.060094955,0.005418372,0.023165021,0.038662176,0.005238494,0.001322639,0.00858825,0.060014309,0.041228061,0.081988438,0.084766287,0.051651725,0.031463069,0.022616145,0.112389363,0.102043554,0.039363804,0.092068214,0.085843761,0.101490626,0.086698253,0.090078383,0.027216665,0.005911126,0.002839164,0.000359657,0.007912564,0.019900202,0.00456421,0.006830757,0.003618538,0.03801336,0.054340861,0.00188471,0.053958967,0.13441189,0.005154347,0.036488858,0.076076893,0.080992396,0.159519321,0.187552099,0.001548396,0.111848964,0.088954926,0.113838349,0.030936401,0.033426068,0.01366921,0.155962483,0.148345661,0.005854278,0.145377402,0.01052192,0.097131213,0.008641866,0.00716855,0.010533566,0.0479812,0.169798069,0.091817969,0.01137753,0.147904635,0.055646668,0.015557538,0.046373165,0.020541432,0.167335451,0.173454279,0.112418286,0.046504339,0.220151765,0.220805123,0.031078728,0.2210312,0.094002464,0.010738213,0.099460706,0.105000583,0.072027912,0.050437696,0.017316612,0.013885086
69,0.010644849,0.016190182,0.012056192,0.007187191,0.001384011,0.001735237,0.001082236,0.148878816,0.111971159,0.229501497,0.086288765,0.114764547,0.001564986,0.248471452,0.025883782,0.006077051,0.018501414,0.001600746,0.005810747,0.000868629,0.000936293,0.001238422,0.012515171,0.054348469,0.056309787,0.699638678,0.17674583,0.053193054,0.087855998,0.184476175,0.016374383,0.222580104,0.272509734,0.249589977,0.278668927,0.126766383,0.177844422,0.376528285,0.079675886,0.305556456,0.278083666,0.064409908,0.480034904,0.705959481,0.090211253,0.062779045,0.065976459,0.052767799,0.072446505,0.038600771,0.083321344,0.077856849,0.111055968,0.240373959,0.377138779,0.104255609,0.174629789,0.230313737,0.200165112,0.228409202,0.1937697,0.12636991,0.679038054,0.214910911,0.567788589,0.460303639,0.090798163,0.238484222,0.161499764,0.304094373,0.370951494,0.283225128,0.073648113,0.070785234,0.131846287,0.19703008,0.434475415,0.093630921,0.072844489,0.086558971,0.062706562,0.128835627,0.075443511,0.167041413,0.335081933,0.414465789,0.28206939,0.386612084,0.466796776,0.454678265,0.461268171,0.397594734,0.206884622,0.278778081,0.058431001,0.516100713,0.206088522,0.587166117,0.032109754,0.028869687,0.037266661,0.037190883,0.058841483,0.046047192,0.048627321,0.031261668,0.034796207,0.050526428,0.04515593,0.057775926,0.030847574,0.050494976,0.050005431,0.057518072,0.05055502,0.104176482,0.063473766,0.003880665,0.00136237,0.014648424,0.006051339,0.01003898,0.015101538,0.064227936,0.047045877,0.001170295,0.0736534,0.020863742,0.040154289,0.036658765,0.011698688,0.020834629,0.026919465,0.00420728,0.002489823,0.002993645,0.031387849,0.013610505,0.050198208,0.035222975,0.025919365,0.016456628,0.01584812,0.066879992,0.042832078,0.021342888,0.067858324,0.088194207,0.04503152,0.034860667,0.026891234,0.007631379,0.019011319,0.004657693,0.005565046,0.003300583,0.013855587,0.002312932,0.003676453,0.015181993,0.275735776,0.240385484,0.003066785,0.285798363,0.412350714,0.138276535,0.025060285,0.034446166,0.037181403,0.368643069,0.345097925,0.003811353,0.065367621,0.051575803,0.067913296,0.027863227,0.025659677,0.014059137,0.166159231,0.189343554,0.013465472,0.196641056,0.01623135,0.149284136,0.022311152,0.014416381,0.008473872,0.068083081,0.150439983,0.111242242,0.012778601,0.167854397,0.052446796,0.036475272,0.044516114,0.014810032,0.157213683,0.174483056,0.10595176,0.048742512,0.378904246,0.343813896,0.190966225,0.37041433,0.095974288,0.037213977,0.060355394,0.066421443,0.03004017,0.044726038,0.259419686,0.259973741
70,0.009808883,0.052203261,0.013531724,0.007204923,0.002559036,0.003285806,0.001554502,0.023169194,0.027712965,0.05314767,0.060560844,0.052368169,0.004379465,0.119827485,0.033481136,0.021228148,0.052719052,0.004687891,0.019511422,0.002167189,0.002154116,0.00247236,0.043175272,0.176339169,0.107181968,0.542597702,0.261742029,0.103653815,0.143687986,0.087843801,0.006324135,0.160748363,0.112025721,0.139728582,0.134534507,0.11188707,0.20330627,0.432381867,0.071735835,0.369399151,0.41377426,0.059295106,0.241708682,0.470371301,0.121169783,0.095806738,0.057153391,0.075360314,0.096876262,0.075113132,0.039862598,0.046407057,0.027767266,0.044693103,0.121764734,0.043779379,0.174059665,0.160470699,0.172213796,0.345993333,0.181131545,0.196130571,0.446263913,0.203941065,0.31205416,0.045731877,0.063028336,0.177837165,0.26968086,0.275908121,0.280356224,0.195349102,0.056515106,0.047253199,0.081390856,0.052050869,0.081056719,0.069987411,0.056641113,0.066182747,0.045321104,0.087114168,0.04932516,0.115798451,0.176821886,0.260478441,0.14465006,0.097481574,0.063013839,0.046650296,0.045915976,0.041242944,0.022044959,0.040305675,0.069205626,0.303171681,0.14358427,0.481899545,0.075718322,0.091359191,0.122385953,0.106749485,0.201717592,0.133231621,0.109921964,0.1025246,0.162307258,0.071253302,0.079452818,0.021030703,0.044008773,0.046873368,0.089030524,0.086479425,0.086771807,0.049576675,0.059929211,0.001183686,0.001247731,0.001249872,0.003002646,0.000771209,0.070584729,0.202491177,0.17097795,0.000667132,0.004224543,0.113729087,0.125192898,0.095247752,0.011109209,0.028051186,0.046540387,0.004716881,0.001296741,0.005444601,0.07587191,0.029613707,0.103943545,0.09431351,0.087265569,0.020129938,0.063509689,0.06115084,0.077326853,0.063605292,0.062939687,0.071315356,0.059969046,0.085645881,0.080836175,0.022019267,0.008535436,0.003651347,0.000991853,0.009252726,0.034785737,0.00726767,0.013469695,0.005163871,0.127343125,0.141996357,0.002090846,0.078501796,0.188784183,0.016588211,0.11569579,0.103673641,0.053391079,0.137642074,0.139798218,0.002004374,0.209705497,0.157532349,0.217491934,0.07893933,0.041226657,0.096710695,0.187283452,0.179620148,0.003083839,0.095441856,0.005003855,0.051969523,0.00509217,0.004683415,0.003437626,0.031737571,0.074451249,0.054779397,0.006914242,0.069071003,0.029616503,0.009998145,0.024498306,0.006043508,0.077225509,0.071334966,0.04687639,0.024677744,0.218868168,0.167638198,0.049762637,0.22148621,0.069862493,0.007105254,0.052957552,0.055995274,0.037185324,0.024362931,0.039753817,0.03776111
71,0.008938478,0.063126845,0.006591699,0.007029936,0.002695035,0.003849275,0.001929569,0.008576746,0.015269264,0.019928732,0.060116417,0.044685652,0.004715744,0.0710016,0.013101237,0.025813846,0.06094495,0.00710723,0.023576903,0.002483002,0.002494263,0.002938362,0.052019786,0.205839139,0.116469616,0.095830395,0.081335958,0.098289598,0.060219844,0.04233573,0.003975851,0.087486272,0.064456655,0.078422626,0.077002791,0.026629822,0.055441214,0.163614115,0.016711125,0.167136835,0.219512055,0.016583958,0.06277717,0.049995359,0.040775181,0.055238343,0.035234546,0.057423434,0.045476347,0.067845376,0.023384011,0.026877834,0.01607223,0.012573679,0.027143796,0.039430564,0.092688992,0.100681618,0.099792743,0.191935607,0.138235488,0.112667253,0.221493564,0.150251639,0.323711905,0.241230712,0.057574068,0.132658288,0.239163504,0.233711519,0.286123111,0.301061579,0.051228687,0.046406273,0.095718941,0.144410427,0.298315686,0.055422608,0.048911271,0.055353426,0.043475851,0.090679625,0.049411005,0.091953745,0.216284912,0.278864874,0.230491233,0.249488876,0.310779751,0.289047391,0.243999967,0.202149003,0.116152646,0.147138751,0.049762441,0.047557234,0.080343926,0.129377222,0.066382563,0.091989741,0.138851755,0.115863737,0.257954924,0.154121713,0.123509069,0.112506622,0.253837766,0.066500224,0.07545138,0.039312377,0.046892847,0.050800954,0.083451791,0.080040663,0.082379015,0.028952522,0.040878406,0.001737997,0.00196723,0.001207079,0.00400973,0.000967193,0.093741471,0.239248705,0.229203553,0.0012505,0.00237271,0.158913216,0.152079664,0.103948246,0.031917153,0.034209403,0.047783174,0.007410418,0.002114147,0.008589001,0.069969143,0.036736353,0.096725502,0.086261715,0.104761097,0.009596919,0.085861127,0.042645339,0.061834186,0.076753672,0.048792698,0.065516229,0.041171563,0.076637546,0.073307279,0.017985561,0.00996338,0.004298624,0.001732661,0.010459074,0.038574089,0.008699365,0.016214194,0.005837761,0.072886637,0.077113573,0.002292376,0.170405629,0.240062497,0.086272978,0.172446072,0.111190584,0.0496976,0.267598135,0.22831607,0.004615793,0.251448435,0.186343532,0.260261083,0.091051847,0.045049053,0.14733162,0.104705576,0.119163947,0.010707815,0.136158484,0.013290293,0.101300106,0.018564616,0.013663567,0.006847943,0.05470654,0.091482107,0.079622415,0.016504826,0.099517044,0.039574981,0.033602745,0.036096528,0.011816593,0.096259147,0.095475612,0.067385048,0.059658994,0.256857581,0.221740975,0.199009162,0.284954666,0.174341297,0.031701551,0.260783096,0.292813084,0.219932445,0.079456966,0.21835391,0.202841865
72,0.004778828,0.018828412,0.002516351,0.003884228,0.001145634,0.00169207,0.001022116,0.006204283,0.010444669,0.014451834,0.052968004,0.038677014,0.001438061,0.031621895,0.005058182,0.006555584,0.016464348,0.002324939,0.00610925,0.00083448,0.000961129,0.001213396,0.015196325,0.054495625,0.03331462,0.044045077,0.030635776,0.027934371,0.028216714,0.013320697,0.001725044,0.069821489,0.018024079,0.037828874,0.03561237,0.010272888,0.01827487,0.048571544,0.006928269,0.044995757,0.050034972,0.007432705,0.026468744,0.037449335,0.018344416,0.026647436,0.013744045,0.021962888,0.021266198,0.024095814,0.011980517,0.011683976,0.01100197,0.008582733,0.016224848,0.034597089,0.098391183,0.081251867,0.093920592,0.074143363,0.152058191,0.118957899,0.140637264,0.181836632,0.364760761,0.223257009,0.048892466,0.100876265,0.148802245,0.176560027,0.273224834,0.204175346,0.042642615,0.041352714,0.101695264,0.156783776,0.360019937,0.040677985,0.040214981,0.044091039,0.038834152,0.089163487,0.046353334,0.082475821,0.254404708,0.300786829,0.200362092,0.26331389,0.37219315,0.359585012,0.228951265,0.179604948,0.113872851,0.1236907,0.020471287,0.031875984,0.060980051,0.066983011,0.014990199,0.020570077,0.034751364,0.03006149,0.061002952,0.042153694,0.03294911,0.028929448,0.043904541,0.033351432,0.027449804,0.030574201,0.021436896,0.024931945,0.024713049,0.028327864,0.025596944,0.010164847,0.017562328,0.002217511,0.001525739,0.002735533,0.002757184,0.004271921,0.022659725,0.066936583,0.052720963,0.002156332,0.008496964,0.028728527,0.040903565,0.031330403,0.013152746,0.023373932,0.023081819,0.003934493,0.002018825,0.003495094,0.022673163,0.01799901,0.027860695,0.023455857,0.026952026,0.00386952,0.019474652,0.018846012,0.02166959,0.019646893,0.01149521,0.016138706,0.009608899,0.020193054,0.019596341,0.005609167,0.008772432,0.00327698,0.004737234,0.004105718,0.016038336,0.002527789,0.004531314,0.00594188,0.02395578,0.027321051,0.001918382,0.163604479,0.270033463,0.092488643,0.030994194,0.027845833,0.028264531,0.273844244,0.286112225,0.003782337,0.065023871,0.051879662,0.072239676,0.032771318,0.024610788,0.022194268,0.105060966,0.110975155,0.012924952,0.128149302,0.015426902,0.029931759,0.021441163,0.015042328,0.00799611,0.061764657,0.070659307,0.080712585,0.019268074,0.060631791,0.041335881,0.035078116,0.037242962,0.013802046,0.076287129,0.047157292,0.025290668,0.052152832,0.313728374,0.212721795,0.247161009,0.326223679,0.211517792,0.035792335,0.320674175,0.355438479,0.280919912,0.085473813,0.271116951,0.249770983
73,0.011089843,0.031375568,0.01949297,0.008983993,0.005244084,0.00702194,0.007009615,0.117929636,0.113225762,0.181774164,0.18661151,0.170039584,0.007180974,0.045263097,0.040331252,0.014741945,0.033971008,0.014326845,0.014839755,0.004180071,0.005259076,0.006162566,0.024289462,0.060575001,0.085142444,0.412391439,0.157716622,0.086560729,0.105544001,0.026679637,0.005961494,0.106285832,0.027585077,0.059578058,0.053293552,0.168819982,0.21470515,0.256021168,0.116552851,0.256348905,0.258443806,0.092033926,0.32541104,0.391113738,0.131297724,0.087843099,0.146078295,0.132145707,0.108322687,0.074600434,0.149148286,0.166325514,0.11470432,0.174965894,0.264024233,0.166971439,0.147343793,0.10654124,0.133028624,0.235300754,0.139053338,0.168233127,0.320689287,0.150453812,0.087545434,0.029061472,0.149301646,0.250947178,0.175197402,0.248271174,0.133637049,0.073461783,0.153155781,0.145376021,0.155044033,0.058550137,0.065186427,0.171827037,0.159314352,0.166677478,0.151635072,0.164674988,0.134827727,0.144802196,0.141325059,0.147966428,0.086612723,0.039495114,0.046395172,0.030670939,0.029936971,0.028040968,0.014445863,0.026917311,0.158247921,0.317607258,0.210890463,0.386137484,0.123436466,0.098921228,0.077901139,0.083879697,0.041982812,0.070272032,0.087609856,0.079923504,0.030870107,0.124931794,0.109517929,0.02603307,0.055207986,0.037668232,0.104658159,0.105123776,0.102701781,0.178985362,0.181219765,0.005561354,0.008767276,0.003000024,0.016641159,0.001274586,0.023913263,0.054903257,0.038302867,0.002556016,0.005508906,0.028796389,0.047345109,0.054225713,0.010289885,0.033559441,0.046682865,0.011612306,0.008659773,0.015982893,0.060760169,0.061634181,0.082589164,0.093150512,0.052471199,0.025910926,0.028405035,0.179050948,0.131516551,0.037041183,0.144496942,0.13086788,0.157480886,0.107832114,0.118053532,0.024565592,0.01045639,0.008108641,0.002756789,0.015205992,0.029073636,0.008801425,0.013702957,0.007737614,0.037360575,0.048491594,0.005977812,0.04090349,0.068105336,0.010736963,0.03013934,0.086470817,0.118242095,0.094183018,0.122483076,0.012292717,0.050897631,0.063063831,0.047919155,0.038206879,0.043310289,0.023108872,0.156112594,0.134535545,0.001545072,0.03839566,0.002346044,0.095138404,0.00261429,0.002607043,0.001870741,0.011910613,0.035103438,0.020103141,0.003405186,0.048977219,0.016601305,0.005561864,0.016411331,0.003299943,0.035457017,0.053875289,0.060676334,0.031965549,0.047288564,0.057442579,0.014229861,0.057567788,0.021674281,0.004937984,0.023101674,0.029823464,0.010313609,0.0165786,0.013570661,0.012775515
74,0.011658775,0.034734318,0.021517548,0.009101441,0.004256809,0.005789646,0.004246406,0.10699853,0.107059328,0.169807134,0.206455419,0.179898688,0.005612766,0.05342584,0.047892704,0.014138201,0.037301216,0.014676871,0.014126468,0.003292156,0.004161044,0.005016657,0.025933811,0.065886766,0.095838548,0.420028592,0.168039686,0.09684381,0.117873988,0.02717927,0.006084022,0.135158038,0.029618871,0.072024194,0.064352427,0.175633865,0.235616543,0.279484043,0.118358202,0.278083483,0.285866352,0.090838766,0.302371057,0.327418164,0.140412255,0.099727337,0.147118404,0.146403522,0.114895207,0.084750351,0.150534873,0.169713809,0.10964407,0.160327165,0.242824704,0.174043843,0.19184652,0.135052365,0.17237703,0.270897029,0.184638338,0.227027759,0.28861473,0.200385223,0.097524218,0.045571692,0.158088833,0.288532889,0.223474045,0.284852397,0.145184242,0.079602776,0.166339031,0.149775977,0.164142269,0.070951575,0.085664771,0.185055859,0.173466651,0.181435935,0.16153712,0.178711294,0.139626066,0.150967876,0.156250927,0.164249063,0.092898456,0.050342783,0.066278561,0.051987207,0.046926374,0.042415034,0.022372386,0.038898605,0.174767847,0.284457865,0.220842398,0.42938166,0.145348769,0.117016023,0.089483318,0.09707397,0.042980607,0.078828889,0.100284757,0.093200968,0.031052438,0.143602353,0.127084829,0.035275304,0.065353494,0.049446441,0.120634788,0.120103138,0.118352433,0.194481749,0.199660502,0.006314998,0.010448745,0.003122376,0.020134858,0.001027921,0.026292141,0.057774141,0.039033725,0.002521354,0.003277873,0.030461276,0.050773239,0.059176205,0.013077515,0.040305407,0.052386027,0.011672812,0.009647198,0.016423524,0.066729445,0.068272996,0.091575676,0.107060663,0.060018002,0.029914479,0.030898398,0.19726818,0.148848584,0.040779991,0.166169914,0.150194503,0.184638494,0.126419055,0.138667612,0.027545124,0.010881813,0.006398551,0.002348627,0.014297675,0.032085227,0.00762595,0.012123914,0.007445183,0.042805757,0.056227868,0.004490962,0.052765664,0.082083198,0.015986524,0.032084313,0.100727547,0.132430937,0.106948111,0.137755355,0.015319373,0.053183519,0.069122697,0.048786166,0.044182194,0.049659586,0.023990799,0.204098443,0.175702066,0.001749834,0.045311771,0.002457501,0.09005133,0.002999869,0.002516574,0.001610318,0.011483117,0.041880843,0.023010275,0.003228951,0.058416358,0.014151789,0.005772682,0.013994896,0.002699208,0.042368405,0.063667058,0.056274039,0.029592014,0.046978042,0.068015533,0.020964047,0.059675729,0.021773289,0.005698038,0.024157378,0.030614862,0.011304707,0.017723834,0.02243657,0.020972149
75,0.014582308,0.035008366,0.013532252,0.012360012,0.008059021,0.008399202,0.008101161,0.137290652,0.122531268,0.178222017,0.196928739,0.18450133,0.008864982,0.036220875,0.01978041,0.018464856,0.036591045,0.007715307,0.017733157,0.005246358,0.006515563,0.007319298,0.028761975,0.087573514,0.076633584,0.114303458,0.08110864,0.072543419,0.059578424,0.022256864,0.019096436,0.053809973,0.026215679,0.038963322,0.035388616,0.081077181,0.095759907,0.192780244,0.052854597,0.213995557,0.263535691,0.042277346,0.152155194,0.115654589,0.057760827,0.057043322,0.085959104,0.083464938,0.057857369,0.057495578,0.112975091,0.109340322,0.125037555,0.178288882,0.205589945,0.181219276,0.064644833,0.068889949,0.067754384,0.211921442,0.098176751,0.084205877,0.117286885,0.095718306,0.196859115,0.398446398,0.113557264,0.107072184,0.133165462,0.131951541,0.238277894,0.249581619,0.122291033,0.112675877,0.140179615,0.201453731,0.40624537,0.135204112,0.118230686,0.13041559,0.118428876,0.147882528,0.116756892,0.118340753,0.243735738,0.26018524,0.246512348,0.268753478,0.413567237,0.393229743,0.400835151,0.339480444,0.174642251,0.243919868,0.100866882,0.146941685,0.133186776,0.115048939,0.076915806,0.071801032,0.075708895,0.073750795,0.094642081,0.076823517,0.077549215,0.070469782,0.0876704,0.087070125,0.07929429,0.062260742,0.054480906,0.067403251,0.078230692,0.081766601,0.078691643,0.126297286,0.11753652,0.049293956,0.085082574,0.022743568,0.161505249,0.006563356,0.049156718,0.091731517,0.083516151,0.018425219,0.012663024,0.06375198,0.067146402,0.057895595,0.037308431,0.031961916,0.04003647,0.021872897,0.043309419,0.017985121,0.050080321,0.028709136,0.069700068,0.067240446,0.056630957,0.01687089,0.041379072,0.118843914,0.083229499,0.042765378,0.093815866,0.102063847,0.089209632,0.072474812,0.077729373,0.018025002,0.017540486,0.00968525,0.015842317,0.013035878,0.025463353,0.010197443,0.015166534,0.011803746,0.02946046,0.035301482,0.006691988,0.167204611,0.168646309,0.106722814,0.068102466,0.073023706,0.073061975,0.320893274,0.28774367,0.075459066,0.096763597,0.080737507,0.094662908,0.047044014,0.03787469,0.059891075,0.075921144,0.085399529,0.013548893,0.074419371,0.014923778,0.118853533,0.02234593,0.015214843,0.008917239,0.042550818,0.049906577,0.049218691,0.012022795,0.058079364,0.031328951,0.039199946,0.03101945,0.015487431,0.052349311,0.058452676,0.07037974,0.048643176,0.132958803,0.116175808,0.162838931,0.13252687,0.067281346,0.044597321,0.089931075,0.105375004,0.067719875,0.037173028,0.224430715,0.220979167
76,0.015595624,0.03100772,0.009873342,0.013834848,0.008825441,0.008165703,0.006726861,0.026739284,0.025840777,0.045554972,0.059385371,0.050973711,0.008016691,0.029205886,0.012336185,0.016123763,0.032649876,0.004980054,0.015159958,0.00496767,0.006315444,0.00707807,0.025028517,0.063146573,0.045004522,0.013541168,0.029782046,0.04174822,0.038663538,0.012443616,0.015584578,0.057743123,0.015526918,0.031528648,0.029184197,0.02151784,0.023341411,0.059792341,0.014258745,0.07021769,0.08915442,0.01291865,0.032344156,0.014236896,0.022495511,0.042878584,0.032496696,0.050079266,0.031406135,0.047523713,0.030340531,0.032536918,0.026577683,0.043083822,0.059142164,0.04876709,0.080953128,0.073256305,0.078987305,0.094036521,0.140032803,0.105433319,0.027149279,0.156729525,0.322358939,0.473642565,0.037860351,0.026144932,0.106871255,0.071009292,0.26428547,0.254576749,0.043198105,0.047992744,0.144062531,0.204702293,0.418787399,0.048639836,0.042105113,0.04669328,0.043443663,0.116181013,0.047429106,0.075215781,0.281512867,0.312924825,0.252750371,0.326928142,0.419336902,0.391826914,0.472978776,0.414577341,0.217712211,0.297557505,0.048135335,0.031870928,0.040152729,0.017775756,0.033475595,0.037279531,0.048301476,0.045937327,0.074210009,0.052345836,0.046633001,0.048510583,0.064098981,0.074129199,0.056000706,0.081137517,0.05275289,0.069609834,0.04530872,0.052025208,0.047322088,0.042628721,0.043346429,0.040222257,0.058180183,0.022711137,0.105373524,0.017583003,0.062544866,0.068286693,0.059640006,0.023891037,0.024196823,0.048490663,0.049151326,0.042519345,0.069383396,0.029671666,0.033605301,0.019268403,0.03067626,0.01398823,0.036905817,0.016033695,0.04151214,0.041818766,0.046801827,0.012273627,0.037784786,0.045444558,0.052702339,0.038401527,0.036514246,0.044861645,0.032902822,0.040625162,0.049570613,0.014390822,0.023231601,0.010004936,0.031944161,0.010626525,0.022105937,0.008877431,0.012407014,0.016473784,0.019306773,0.022370829,0.006762944,0.217520597,0.262704316,0.152122005,0.064026711,0.043986666,0.072433307,0.346716959,0.34106229,0.049580496,0.073698438,0.057413554,0.071120901,0.040544381,0.03302363,0.061552889,0.087955803,0.100287335,0.020769653,0.079894721,0.021584505,0.045181924,0.034246497,0.02111721,0.012732165,0.051879987,0.048732305,0.059720153,0.013764025,0.040622794,0.031176833,0.054890646,0.028872033,0.021610116,0.052571321,0.037951753,0.031740595,0.025070249,0.174113133,0.138785464,0.20867312,0.152505122,0.060549178,0.087765004,0.068720959,0.076318839,0.055531228,0.027884138,0.284726744,0.277528206
77,0.007665838,0.016898718,0.004262109,0.006279069,0.002327012,0.002768589,0.002082638,0.006197998,0.009444725,0.012921985,0.026885834,0.021031179,0.002442392,0.035647858,0.007659603,0.007500975,0.021221005,0.003743009,0.007275586,0.00156499,0.001857742,0.002274046,0.012240666,0.058161248,0.029698123,0.010429233,0.039711537,0.028230599,0.039969572,0.014317285,0.004285554,0.080244772,0.018332006,0.042237635,0.038610199,0.013662488,0.027619129,0.092956845,0.008106247,0.093297801,0.117771874,0.008319175,0.02736951,0.007388016,0.021657258,0.040113735,0.018899258,0.03829508,0.028655133,0.038403757,0.012448223,0.013584727,0.009711951,0.009948454,0.017985065,0.01831823,0.114241295,0.096429495,0.108566846,0.125893186,0.178977749,0.142294272,0.036979869,0.201612064,0.39136911,0.483617476,0.023306847,0.026506279,0.146109194,0.08480971,0.3325776,0.332354348,0.026080623,0.033601162,0.150286553,0.233048132,0.509918324,0.028434545,0.026025923,0.028705894,0.026876553,0.11602888,0.032215684,0.063657372,0.32734769,0.383667581,0.326942839,0.407929774,0.532481278,0.490802153,0.485453229,0.414014785,0.232927727,0.290756017,0.033352525,0.01265812,0.026318417,0.017226554,0.019173601,0.023527442,0.036525954,0.034005498,0.069548988,0.042195679,0.031863369,0.036611106,0.050769057,0.064725652,0.044530241,0.069300167,0.0418375,0.057248953,0.031764153,0.039745658,0.034165604,0.013791637,0.023774254,0.009614106,0.010154369,0.00897185,0.018126978,0.012993859,0.027445156,0.066724068,0.055536652,0.007336332,0.021781433,0.030142238,0.041277634,0.032645319,0.045862104,0.022458631,0.024618127,0.007994768,0.005799162,0.006580561,0.02723987,0.015173074,0.029724536,0.03121251,0.032711674,0.006275105,0.019857276,0.025470702,0.040892305,0.025376932,0.015003618,0.01860768,0.015898193,0.028437202,0.036411194,0.007509035,0.014302417,0.004787103,0.015011501,0.004381044,0.011720756,0.003441023,0.00497183,0.010056783,0.024828589,0.030370334,0.002919592,0.247135604,0.314799404,0.172700582,0.038554159,0.031591865,0.062953447,0.43219658,0.390453066,0.011477485,0.072812818,0.050065711,0.072302712,0.023850912,0.024050437,0.028484776,0.12309842,0.131922805,0.0222918,0.145830957,0.024672317,0.071534746,0.036345916,0.022357258,0.013291563,0.076061353,0.091041108,0.095820323,0.020978616,0.084135463,0.048184841,0.0572846,0.044363417,0.023096747,0.097286343,0.077453663,0.050970015,0.055735887,0.296331018,0.246180657,0.343352595,0.292570206,0.175800015,0.068469388,0.264458801,0.294979557,0.22648044,0.079644438,0.423449483,0.398520463
78,0.012348763,0.033796116,0.020827921,0.010209569,0.006921945,0.008442566,0.010103939,0.191824071,0.176500553,0.240607926,0.219507181,0.21787714,0.009999735,0.041223079,0.038693629,0.018242302,0.036665515,0.010867296,0.018000399,0.005457784,0.006602421,0.007417159,0.027257072,0.067174457,0.087879399,0.385886021,0.165185068,0.088371047,0.100743195,0.027158048,0.007488538,0.094816772,0.025773307,0.054015685,0.047627148,0.182141856,0.229519522,0.288320913,0.126413433,0.276206691,0.270179534,0.100301267,0.362591235,0.455529882,0.134226771,0.084179845,0.155712239,0.131366397,0.109011707,0.073556908,0.181529544,0.185862108,0.17822765,0.241283361,0.307538061,0.216556605,0.129695374,0.093921225,0.115063543,0.233423653,0.112210187,0.131331809,0.315284215,0.120395842,0.092880719,0.040343842,0.152148855,0.200453175,0.136448252,0.199819953,0.141329587,0.079788576,0.15963976,0.151628425,0.154510303,0.062749045,0.088350891,0.181925526,0.162648618,0.173434832,0.158352273,0.169441214,0.144426615,0.143612604,0.156115242,0.157782235,0.100999922,0.046912066,0.064807834,0.039898952,0.041154209,0.037672158,0.018915433,0.033552419,0.161646003,0.36044879,0.211330729,0.317167391,0.125910564,0.102522498,0.082883267,0.088125283,0.049516612,0.074897449,0.090790351,0.083403841,0.040337859,0.121674169,0.10939027,0.025457022,0.05341707,0.037258308,0.106329622,0.106579536,0.104722411,0.189317239,0.188917072,0.008909813,0.014354234,0.004858399,0.027251105,0.002024222,0.029389945,0.061043736,0.046214938,0.003824948,0.011958072,0.036199446,0.052556573,0.057210293,0.011984274,0.027862903,0.042741854,0.013493353,0.013627029,0.014796204,0.061335659,0.043435757,0.084326623,0.093434405,0.055600771,0.02606088,0.032774207,0.186641558,0.130604484,0.040122703,0.147154799,0.13581969,0.157603491,0.108504603,0.119585678,0.025937303,0.01170479,0.010371319,0.004177645,0.015561801,0.028897647,0.010699811,0.016391147,0.009293902,0.033941745,0.045649617,0.007787532,0.042582603,0.068754778,0.01301318,0.037278918,0.090797662,0.112524219,0.116541826,0.144764676,0.020091263,0.057896632,0.068108546,0.05479094,0.039172547,0.038067484,0.030482542,0.134903811,0.111815517,0.002282788,0.041368092,0.003494099,0.099184065,0.003863665,0.004063634,0.003112763,0.017426053,0.036549452,0.023100261,0.005344408,0.049884218,0.025842773,0.00866629,0.02590462,0.005732013,0.036873216,0.054063546,0.069638593,0.041652054,0.06163881,0.060747882,0.018115584,0.070241873,0.027647383,0.007528361,0.026740449,0.033223346,0.013206143,0.018219785,0.016886852,0.016116967
79,0.011054816,0.030691272,0.019777544,0.008885343,0.004978131,0.006245191,0.005785969,0.121725293,0.117641816,0.181057964,0.190926958,0.174053737,0.006541114,0.044970642,0.04174268,0.013967025,0.033797328,0.011842355,0.013919703,0.003754873,0.004695865,0.005464177,0.023274082,0.061480015,0.086498619,0.385135472,0.156254072,0.087033686,0.104445331,0.025103516,0.006050808,0.111044554,0.025764563,0.060186567,0.053484618,0.169783623,0.220516189,0.263875272,0.116049385,0.262011531,0.264884208,0.090467435,0.317344309,0.369769441,0.131045611,0.088264206,0.147286346,0.136980088,0.107356646,0.076064564,0.153387454,0.170232496,0.119599972,0.174899031,0.256319404,0.17081928,0.15605586,0.111029631,0.140150382,0.242789587,0.147712604,0.179801818,0.310800882,0.160384002,0.090040293,0.030260328,0.146285601,0.238572513,0.179249299,0.237423736,0.134144268,0.072380554,0.153916621,0.144260398,0.156349188,0.059729116,0.069407427,0.17375744,0.160497252,0.167969714,0.152680862,0.169629381,0.133513427,0.139555569,0.144379549,0.14992368,0.087501089,0.040180499,0.049210554,0.033078706,0.031246622,0.029154428,0.015155245,0.027986209,0.165550101,0.302777461,0.203636522,0.359761794,0.131215849,0.104667607,0.081079789,0.087519218,0.041045646,0.0718088,0.090442901,0.083763902,0.029035443,0.130419207,0.114557663,0.027820782,0.056797241,0.039646742,0.108611894,0.108642402,0.106708177,0.186271506,0.190855736,0.005926564,0.009384161,0.00317805,0.017704793,0.001326486,0.023614023,0.054552079,0.036875149,0.002726663,0.005135472,0.027461016,0.046630467,0.053496818,0.010751371,0.032181546,0.044413289,0.010698187,0.009329588,0.01384603,0.059750143,0.052902522,0.082496537,0.095832393,0.053502403,0.026610599,0.02781239,0.188275861,0.137758679,0.036931754,0.151800829,0.136724294,0.168157363,0.11305308,0.125689321,0.024922338,0.009993002,0.007080504,0.002795611,0.013316347,0.027676056,0.007924484,0.012210534,0.007218714,0.036164145,0.047978813,0.005132069,0.042316947,0.07089831,0.01124426,0.029529944,0.090581424,0.121534242,0.097384871,0.127326062,0.013842543,0.050629554,0.06370921,0.046774223,0.037700695,0.041082419,0.021906154,0.165464265,0.141845509,0.001635849,0.041535424,0.002511514,0.091730375,0.002760095,0.002735907,0.002057799,0.012339843,0.039162642,0.021846181,0.003602486,0.053042821,0.016955546,0.005850409,0.016708575,0.00361135,0.039438809,0.058379669,0.059838565,0.031829122,0.048700175,0.06186032,0.014733451,0.059348821,0.022326896,0.005221483,0.023659659,0.02997417,0.010959053,0.017191515,0.013767646,0.012789643
80,0.011805601,0.031451251,0.020300476,0.009692384,0.006107362,0.007476576,0.008025843,0.144801112,0.136065747,0.204636297,0.197890178,0.187043679,0.008227559,0.044012025,0.040367633,0.01587008,0.034769873,0.011474647,0.015766229,0.004653899,0.005759297,0.006571009,0.024584338,0.063381909,0.08563318,0.391933768,0.160969318,0.086122363,0.10329394,0.026808872,0.006868171,0.103067466,0.026893798,0.057901887,0.05148993,0.177482123,0.225422671,0.274166872,0.122619126,0.270541592,0.270640958,0.09667938,0.345850963,0.422936971,0.133862304,0.08666736,0.15135938,0.133257278,0.109284636,0.074450695,0.162099412,0.175307693,0.137622195,0.200622842,0.284258724,0.184811787,0.142374023,0.103034216,0.127831646,0.240949384,0.131248662,0.157055029,0.331980677,0.141767394,0.093287731,0.034818351,0.149308896,0.222326176,0.160756734,0.22116481,0.138901466,0.078283658,0.155543785,0.148604417,0.157675305,0.061613482,0.07669278,0.175788487,0.160945017,0.16918538,0.155110543,0.168720868,0.13870658,0.142358527,0.149190941,0.153977766,0.095191762,0.044173672,0.055577694,0.036277754,0.035708355,0.032934271,0.017011134,0.030218192,0.161368391,0.336749742,0.207843043,0.342579362,0.125421911,0.100784433,0.08002577,0.085701148,0.045020591,0.071985685,0.088861113,0.081648042,0.033697663,0.125245765,0.110249627,0.026204535,0.055011567,0.03753516,0.10540882,0.105821965,0.103656675,0.184785655,0.186478034,0.007172381,0.011215138,0.003971514,0.021018604,0.001786023,0.025367738,0.057493396,0.040912473,0.003428951,0.008131024,0.030528287,0.048701086,0.054380542,0.01099252,0.029795433,0.043185269,0.011698129,0.010685569,0.014083323,0.059638027,0.048445751,0.081991571,0.092870283,0.053316492,0.026385224,0.029372192,0.184137429,0.132580953,0.037966509,0.146764453,0.133385966,0.159434559,0.108368851,0.119842435,0.025320234,0.010807498,0.008770773,0.003711048,0.014518335,0.027813208,0.009330512,0.014218163,0.008204035,0.036145142,0.047641524,0.006493901,0.042984224,0.071024493,0.012334246,0.032353781,0.088356854,0.11799485,0.106040677,0.134301506,0.015335796,0.054007113,0.064999079,0.050727173,0.037572353,0.039262381,0.024967011,0.150148036,0.127850021,0.002085532,0.043035792,0.003167774,0.100575684,0.003468279,0.003529218,0.002747414,0.015346439,0.039743701,0.023492124,0.004521586,0.05327812,0.02174966,0.007475998,0.021448749,0.004927399,0.040032,0.058581411,0.067958375,0.03724175,0.057290921,0.063957,0.017083225,0.06694251,0.026199179,0.006555334,0.027335238,0.034264929,0.013511694,0.018723304,0.016105641,0.015138644
81,0.010390186,0.031683088,0.01932086,0.008106172,0.003839317,0.005309671,0.004154085,0.117656331,0.115303263,0.180442276,0.200828284,0.179361919,0.005236033,0.04817162,0.042846309,0.012922745,0.034200085,0.013246519,0.012952173,0.00304646,0.003829787,0.004603276,0.023475899,0.0610178,0.090651731,0.398088058,0.15530952,0.091445912,0.10709688,0.024630556,0.005189161,0.122468079,0.026637914,0.065183609,0.058098316,0.17098049,0.222149417,0.261708759,0.116277607,0.262995551,0.266894671,0.090237037,0.31475687,0.350717193,0.132910083,0.091526226,0.152265242,0.144430745,0.109893201,0.07993773,0.157081278,0.176219342,0.117544984,0.172788036,0.256077994,0.175493205,0.173816807,0.121736562,0.155553343,0.251166229,0.163793517,0.201787246,0.300436582,0.177657114,0.083405131,0.030287868,0.155560113,0.265068002,0.196805599,0.257244899,0.130317455,0.070055754,0.163541227,0.151749674,0.163242045,0.062230519,0.068210005,0.183058731,0.170956028,0.178202331,0.1615765,0.176564533,0.14007999,0.145449834,0.143954096,0.147269975,0.085372134,0.039308706,0.049170027,0.033620877,0.031368311,0.029488587,0.015210503,0.028950095,0.1743769,0.296753794,0.214521077,0.389095511,0.140312443,0.111619822,0.084682975,0.092148191,0.037791927,0.073984714,0.095119102,0.088390123,0.026642484,0.139313299,0.122128666,0.030494661,0.061513823,0.043434555,0.115357641,0.115164405,0.113277683,0.195982165,0.200743023,0.004817998,0.007883627,0.00244816,0.015220657,0.000843999,0.023395917,0.052451262,0.03431182,0.001943208,0.003520071,0.026727245,0.04643284,0.054948,0.011093979,0.035935078,0.047939344,0.010592905,0.008732632,0.01483794,0.062616989,0.06119886,0.086476023,0.101703973,0.055803455,0.026796466,0.027997717,0.198028368,0.145995017,0.037458146,0.161948903,0.145342905,0.179943073,0.120793155,0.134296798,0.024850931,0.009736985,0.005986548,0.001838177,0.013010786,0.029121003,0.007016883,0.011152449,0.006783731,0.038609327,0.051020015,0.004247901,0.043224663,0.0698633,0.011342573,0.028520975,0.095692199,0.130460052,0.095129416,0.125599317,0.013798226,0.047805244,0.064245499,0.043266965,0.039527457,0.044956643,0.021047535,0.184132495,0.156982889,0.001213035,0.037946785,0.001800465,0.091929499,0.002145355,0.001934324,0.001172508,0.009311913,0.035143621,0.018769414,0.002833514,0.051318874,0.012721717,0.004303249,0.012975922,0.001950523,0.035486775,0.056133903,0.055524136,0.029989143,0.036940613,0.05588028,0.013939059,0.049689806,0.018758202,0.004135827,0.021405065,0.028098119,0.00897385,0.016118689,0.014211459,0.013343429
82,0.01359462,0.041409829,0.01678745,0.011553132,0.007699706,0.008884784,0.009120202,0.186744788,0.172813792,0.201794478,0.190500459,0.194299817,0.009571973,0.046054089,0.028828763,0.020522939,0.042011746,0.011323103,0.019928435,0.005558752,0.006854561,0.007756296,0.033330935,0.098379728,0.094045245,0.251340757,0.125056651,0.091412956,0.080536601,0.028471658,0.011272582,0.083559199,0.03356351,0.055347184,0.050616318,0.11652714,0.155859533,0.247034878,0.078025775,0.234561278,0.247523832,0.062425255,0.246134698,0.26289843,0.090417857,0.071092811,0.12186922,0.114273362,0.080354255,0.071493346,0.158060384,0.153150189,0.175355733,0.206928622,0.216870458,0.192544096,0.10650139,0.088856261,0.100013356,0.209093513,0.114777135,0.117244747,0.198203812,0.120375694,0.154051133,0.179090394,0.121385483,0.163838585,0.14888413,0.190389143,0.196394283,0.159866724,0.129807901,0.118841838,0.142403704,0.119513269,0.226343773,0.150266556,0.129840961,0.141850951,0.125122965,0.156597378,0.11656692,0.126290243,0.199694562,0.2149051,0.167547485,0.144320185,0.21486005,0.188890791,0.180833562,0.15382584,0.081474952,0.115239902,0.139648858,0.231960064,0.164527975,0.229381187,0.117158272,0.104551596,0.097780121,0.097514105,0.095034983,0.092626774,0.098718498,0.093359073,0.088147631,0.111313183,0.105195001,0.040410025,0.05567932,0.051899106,0.104339961,0.104516603,0.103627487,0.162331193,0.161396396,0.020984801,0.034728784,0.010350951,0.06520032,0.003809045,0.050013444,0.097399026,0.085272453,0.009018103,0.010089084,0.066944884,0.07412188,0.067837565,0.02648985,0.034757596,0.047163838,0.017845646,0.026310747,0.01772776,0.063588966,0.045343018,0.087913543,0.093267293,0.068928273,0.021022297,0.046202946,0.160108855,0.117342783,0.048578741,0.129903641,0.127866571,0.136388726,0.104783473,0.115713343,0.022790726,0.014415132,0.010201564,0.008573197,0.015899682,0.031647336,0.01134038,0.017486497,0.010433613,0.040771637,0.049950111,0.007336973,0.102532233,0.124362145,0.053851176,0.070193298,0.098986183,0.095529103,0.208966575,0.211295019,0.04354507,0.09997901,0.092561722,0.096315871,0.053291265,0.043765802,0.061021768,0.113190813,0.106821856,0.006703758,0.060272748,0.007917876,0.090140268,0.011336832,0.008852545,0.005003727,0.027076515,0.044224587,0.03572194,0.009006363,0.055496921,0.025202201,0.021727206,0.025917516,0.008517176,0.04587134,0.056025638,0.056117118,0.045219224,0.09757208,0.093779895,0.084615929,0.107264877,0.054512331,0.022960793,0.07149939,0.082916355,0.053774885,0.029856373,0.103359155,0.099522451
83,0.010868966,0.035748193,0.019620094,0.008493469,0.003861394,0.005995429,0.004227667,0.089590453,0.090112772,0.159476233,0.188023176,0.161496935,0.005339801,0.057281477,0.04431027,0.014353529,0.036897536,0.018359051,0.014501342,0.003292151,0.004222059,0.005212009,0.027309369,0.065009659,0.092880416,0.455267811,0.165387444,0.095040029,0.117243171,0.030701721,0.005031776,0.131988318,0.035945829,0.075155637,0.068409814,0.168220794,0.219026282,0.257531561,0.114992868,0.262034098,0.270350043,0.090005524,0.303560459,0.33811598,0.13706953,0.097110523,0.142555738,0.138040238,0.113719662,0.081497859,0.137799873,0.159289534,0.091875353,0.148574172,0.243369381,0.155913526,0.182927015,0.13131438,0.165598756,0.257395437,0.173619634,0.213900059,0.296859684,0.187445646,0.086108668,0.033384617,0.157720664,0.310498289,0.22036228,0.304260565,0.134894738,0.074415229,0.15959194,0.14650651,0.15744567,0.061895341,0.062495573,0.1763789,0.166679813,0.173785732,0.154551309,0.166665571,0.135680147,0.153914394,0.140350729,0.149813926,0.082786516,0.041980145,0.046791234,0.034259422,0.034326159,0.032404006,0.016442684,0.031686062,0.162178608,0.292566572,0.226574244,0.471820609,0.132652838,0.107916815,0.084880474,0.091303135,0.045336847,0.076620237,0.095520051,0.087261629,0.036054631,0.13398707,0.118394589,0.031053308,0.062187732,0.045733598,0.113444385,0.113352994,0.1110363,0.178921596,0.182766065,0.003411185,0.005439105,0.001764388,0.01068135,0.000643075,0.027659881,0.05885681,0.042219771,0.001426979,0.002709249,0.034400158,0.052053203,0.059945014,0.011621158,0.042731167,0.055713564,0.011778439,0.006375596,0.018950567,0.067692057,0.083189085,0.090797483,0.102416955,0.058514019,0.027498588,0.032022798,0.180823357,0.138758602,0.040477746,0.152349636,0.138025946,0.166904224,0.117697247,0.126724319,0.025781694,0.010627893,0.006438784,0.001432085,0.016200923,0.034055657,0.008011845,0.01317796,0.007317189,0.048977454,0.061042579,0.004575805,0.046419753,0.073141615,0.012315338,0.034268745,0.094240516,0.126139393,0.08940121,0.116928772,0.009327819,0.054139781,0.068572962,0.05103789,0.045863733,0.053198166,0.027633155,0.194227357,0.167665821,0.001301991,0.038832745,0.001868697,0.093281117,0.002270473,0.001871261,0.001125105,0.009329743,0.035889277,0.019238589,0.002610891,0.052296939,0.011905603,0.004278062,0.011834857,0.001887618,0.03627671,0.057414584,0.056141575,0.028211465,0.036310489,0.057400754,0.016197738,0.049737158,0.020363902,0.004075153,0.025821986,0.033239966,0.012853192,0.017216881,0.017890027,0.016945935
84,0.013500514,0.062684398,0.019530699,0.010539283,0.004383453,0.007186042,0.003950503,0.047356155,0.053175746,0.103370617,0.143133889,0.116185053,0.006361836,0.127169321,0.044432925,0.024649969,0.055706673,0.022013615,0.023607046,0.003878593,0.004812877,0.005974425,0.052366408,0.12384947,0.119084679,0.500308666,0.188651593,0.117475246,0.13139464,0.070963055,0.006949169,0.201909587,0.109251732,0.153108703,0.148984147,0.137704516,0.197247442,0.28909894,0.092865426,0.282078541,0.309708353,0.074088121,0.237130523,0.256901675,0.128760375,0.103806133,0.109970568,0.121774181,0.109299001,0.089644171,0.095238382,0.113900915,0.054580332,0.090945456,0.171074799,0.108209478,0.245154426,0.193396491,0.229123521,0.301564481,0.22464555,0.276057132,0.242223017,0.240541125,0.12327938,0.057846566,0.130892063,0.327612094,0.279467714,0.332246366,0.157695625,0.098356051,0.126632329,0.110369743,0.127942328,0.071569417,0.076128929,0.141576334,0.131428796,0.139837324,0.115393508,0.134961246,0.103341864,0.141094678,0.13614047,0.162106805,0.089632471,0.063232505,0.06642346,0.057119218,0.058346144,0.053472265,0.027280481,0.05331632,0.132970942,0.234673269,0.209175874,0.558700575,0.12866417,0.123654089,0.121515194,0.117591868,0.122262035,0.119034499,0.122947323,0.111456128,0.12572803,0.121330436,0.1184287,0.036609186,0.072082482,0.069131218,0.121388457,0.118424348,0.118338677,0.132668567,0.139999785,0.002146022,0.003072949,0.001199304,0.006428762,0.000534327,0.076572639,0.127449419,0.116412264,0.001055614,0.001796102,0.109233462,0.100756761,0.092142666,0.017102132,0.05759134,0.073560525,0.013086515,0.004112666,0.02199893,0.087429434,0.104573219,0.114474809,0.116011644,0.089537475,0.027760556,0.067392018,0.13952807,0.124694644,0.064292263,0.131415431,0.127818887,0.138163549,0.122390467,0.122767022,0.029202675,0.013935759,0.007414508,0.001183456,0.021551818,0.052847816,0.011376936,0.020723929,0.00902662,0.13222735,0.143995472,0.004918631,0.068247357,0.104226855,0.020374864,0.096322485,0.118897085,0.107060281,0.095626905,0.111827374,0.005398454,0.125037821,0.121971328,0.126484782,0.091256498,0.071863619,0.095769223,0.25654771,0.225987562,0.002228644,0.047668813,0.00299233,0.07789511,0.003833964,0.002913384,0.001721972,0.01351913,0.041340152,0.025101824,0.003797723,0.05472262,0.013601773,0.007033962,0.012784975,0.002966977,0.042152978,0.058885634,0.049565906,0.025447768,0.057733737,0.073447818,0.032803969,0.070845642,0.032850771,0.006548334,0.04391073,0.052014486,0.030210049,0.021136968,0.036877379,0.034851021
85,0.012714937,0.058621642,0.012580102,0.010492386,0.005535539,0.007082063,0.005750083,0.052293979,0.053339176,0.074779956,0.094503098,0.083665157,0.007573854,0.072017019,0.023218969,0.025840286,0.057733408,0.012181948,0.024304071,0.004383494,0.00510126,0.005934763,0.04817371,0.167498867,0.103338717,0.170513368,0.114818714,0.095044091,0.080698644,0.042977487,0.007716209,0.102049113,0.061069233,0.08168629,0.078282457,0.069291327,0.110415432,0.23953813,0.045124542,0.246625599,0.307910315,0.037852596,0.140342479,0.12328475,0.068880015,0.071262879,0.066157992,0.080729812,0.066455126,0.074677316,0.062715623,0.067421186,0.054432917,0.069947935,0.099398811,0.079029434,0.11736977,0.115051459,0.119657396,0.260395654,0.151258932,0.142288047,0.143133824,0.151601297,0.243948487,0.326790565,0.076792314,0.153615983,0.232899453,0.220190367,0.261152686,0.298296,0.075184965,0.068592666,0.11917439,0.174212321,0.342282742,0.085466811,0.074875076,0.082716945,0.068311274,0.113561707,0.067511569,0.093672113,0.208743049,0.256620723,0.252394526,0.27506159,0.368391141,0.348818872,0.329170317,0.27837676,0.150443623,0.202301943,0.081986354,0.114350943,0.110248766,0.190427195,0.084019175,0.09528359,0.121726176,0.108018508,0.205138648,0.12881368,0.110726326,0.105775619,0.198185516,0.086484675,0.088388128,0.054583298,0.058567387,0.065765854,0.091540314,0.090756124,0.090960387,0.074645978,0.081214427,0.009991596,0.015113824,0.005313845,0.028077537,0.002734831,0.080777651,0.18661157,0.17994604,0.005489813,0.006072261,0.128986421,0.124782367,0.092980314,0.045871467,0.044605226,0.05520978,0.014193166,0.010718228,0.015893229,0.071921186,0.054091425,0.094327215,0.090762745,0.095017223,0.016714813,0.074353806,0.082096218,0.083984123,0.070338974,0.078012135,0.086495156,0.075270197,0.087723612,0.088948831,0.022477388,0.014268376,0.008076057,0.005973429,0.01536569,0.040118471,0.011152222,0.01887916,0.009346841,0.070418759,0.077837118,0.005220927,0.189688941,0.212637936,0.104366144,0.13860962,0.105410046,0.072291409,0.296395836,0.231570159,0.01850399,0.201893369,0.148533314,0.200976276,0.082181804,0.053112266,0.11870332,0.131221987,0.137906957,0.012512429,0.125943298,0.014838832,0.141525132,0.021369993,0.015124083,0.008150805,0.051374328,0.09293171,0.073952986,0.015616533,0.111388307,0.038395666,0.03864362,0.036615882,0.014113373,0.09660795,0.11291412,0.089839047,0.065516261,0.183632254,0.198055953,0.19270818,0.213346824,0.14036893,0.038886613,0.220407921,0.251182716,0.181028972,0.074269507,0.231832378,0.219678111
86,0.010699292,0.072481865,0.008026494,0.008472217,0.003299526,0.004906974,0.00251219,0.009748476,0.016602883,0.021991874,0.057541023,0.043377479,0.005560552,0.093274034,0.016121842,0.029613491,0.068209701,0.010301758,0.027143678,0.003019818,0.003175366,0.003798304,0.060362586,0.218262693,0.121748687,0.108948897,0.09758603,0.105979396,0.07127359,0.054484464,0.004991611,0.115001384,0.085886417,0.104084613,0.102632391,0.03249647,0.067585861,0.203137534,0.020098196,0.213706653,0.285077569,0.019457353,0.07543364,0.044580539,0.047805789,0.06384088,0.040330245,0.064845412,0.052372447,0.075770563,0.026695909,0.031276364,0.017392774,0.01487674,0.03166185,0.038186402,0.121859949,0.12656448,0.12798145,0.247083637,0.158146402,0.145109932,0.157649466,0.160740037,0.277747666,0.308615085,0.055912338,0.136297163,0.257281666,0.229959256,0.285999875,0.324858185,0.050457525,0.045405966,0.10196491,0.172524603,0.347920737,0.056650009,0.048771665,0.055571537,0.042343492,0.09306644,0.046575785,0.082247607,0.213244654,0.272680444,0.258871234,0.281920953,0.371409647,0.349329854,0.311372878,0.260282755,0.144872259,0.19056633,0.056740321,0.048071394,0.081364619,0.14694684,0.075589724,0.102311343,0.149264325,0.125697062,0.27583859,0.162854399,0.131011064,0.122623161,0.277377496,0.074282126,0.084123161,0.050027664,0.057764687,0.06693,0.092128734,0.088773192,0.091141423,0.034528927,0.046831945,0.00201162,0.002410931,0.001287246,0.00492756,0.000901367,0.108460265,0.249355277,0.245463159,0.001357594,0.002146443,0.180030277,0.162858213,0.113150645,0.039753488,0.043228275,0.057262501,0.009692427,0.002764836,0.011993101,0.078924805,0.051252221,0.105442007,0.095546712,0.116021567,0.011614648,0.097029357,0.048557389,0.069856506,0.085438722,0.056220529,0.072583158,0.048572489,0.085703066,0.082444551,0.020680169,0.012102794,0.005399238,0.001739326,0.013623168,0.046059212,0.010416465,0.01951291,0.007131678,0.097849263,0.10316496,0.00295171,0.194187953,0.232441682,0.104436097,0.189739415,0.12120783,0.057019855,0.30151284,0.237487052,0.005856076,0.266971539,0.194668662,0.27117739,0.105235592,0.054907006,0.166888294,0.135757212,0.145832449,0.012525927,0.141928509,0.015271016,0.130710962,0.021891222,0.01569944,0.007884572,0.057331189,0.100502432,0.082982906,0.017721039,0.115917494,0.040947936,0.040059561,0.038265043,0.013781617,0.104967873,0.11468047,0.084153463,0.068222318,0.227652611,0.225226453,0.220223799,0.262439134,0.177521688,0.038326973,0.280545229,0.317243923,0.235319815,0.087874511,0.252971572,0.236842676
87,0.00382126,0.017908007,0.002348411,0.0030537,0.000991224,0.001513059,0.000812621,0.003334577,0.009017447,0.012171624,0.066438384,0.047303901,0.001483181,0.01873011,0.004832527,0.007320424,0.020415884,0.003653552,0.006954263,0.000892617,0.000962254,0.001211547,0.01363582,0.08329828,0.047939463,0.014332804,0.028826189,0.039354803,0.028038212,0.009552051,0.001283931,0.035979066,0.010880643,0.020728311,0.018979295,0.008159773,0.016226026,0.049875722,0.005398565,0.050630668,0.064890227,0.006168359,0.017823034,0.009479153,0.016697362,0.027159401,0.015875665,0.026246793,0.021303178,0.029011175,0.013122948,0.013420538,0.009912155,0.004873732,0.009045566,0.043906996,0.048756871,0.048354448,0.050231829,0.067728209,0.091414624,0.062593906,0.147804842,0.100704597,0.228550022,0.160009361,0.048611535,0.055638678,0.112459998,0.121908837,0.247174939,0.202679348,0.047407826,0.046410633,0.093337076,0.134318818,0.30791809,0.044804832,0.044469379,0.047977849,0.045849298,0.085566022,0.052683826,0.081237852,0.23023879,0.272273847,0.183124118,0.216397777,0.309057486,0.288385378,0.165354133,0.124526102,0.090158388,0.0848636,0.024062454,0.012795188,0.049245256,0.028940434,0.021574179,0.03072483,0.052146362,0.043585916,0.096652965,0.062062042,0.048050199,0.042026697,0.07294891,0.035810366,0.032890958,0.023409394,0.019863146,0.018819523,0.032733566,0.034378616,0.033045863,0.011975218,0.02128621,0.001151258,0.000855947,0.001367957,0.00171901,0.002156584,0.02157323,0.102308785,0.081546651,0.000920061,0.003977629,0.038600866,0.057669507,0.040039181,0.015471828,0.014137172,0.019410574,0.003613148,0.001016934,0.004297811,0.026781627,0.016895684,0.038457084,0.032876911,0.035017747,0.003644678,0.022942339,0.022693875,0.026952385,0.025377891,0.015574339,0.022348969,0.013195527,0.028190882,0.027314757,0.006173338,0.0053392,0.001993081,0.002308419,0.003708454,0.01143995,0.002719704,0.004592507,0.003275327,0.013119557,0.015423042,0.001072019,0.145582412,0.188366618,0.080281675,0.04953008,0.040748636,0.028848773,0.243036098,0.255213906,0.002263578,0.101269162,0.077624,0.111209734,0.025441713,0.018199251,0.033260596,0.05487705,0.06611512,0.011273951,0.112797214,0.013688757,0.050795989,0.019075388,0.013875504,0.006981956,0.054137324,0.063237584,0.069581308,0.01987911,0.063760526,0.036379809,0.031543908,0.034349967,0.012071567,0.0672685,0.051064192,0.03410282,0.063231458,0.241370006,0.169715889,0.241737578,0.271771259,0.231953752,0.031371562,0.390669894,0.437012456,0.343605524,0.102560662,0.252354386,0.225545759
88,0.009653872,0.0172322,0.00505577,0.007636765,0.002349747,0.002932583,0.002320069,0.008227635,0.010015304,0.015131709,0.021350981,0.017949064,0.00230591,0.073135638,0.008884078,0.006817036,0.017226812,0.002757096,0.00645464,0.001522636,0.001816283,0.00225202,0.013343552,0.02597699,0.017070624,0.032911739,0.048066802,0.016541108,0.038986885,0.028572653,0.007027677,0.167440671,0.043343854,0.090084364,0.086517719,0.016960258,0.034120126,0.11218916,0.009741099,0.102523007,0.115686235,0.009218336,0.037931296,0.028851719,0.022999115,0.036752056,0.013281313,0.024302241,0.026252547,0.028039361,0.009983671,0.009892161,0.010091739,0.012768287,0.023967395,0.014565073,0.238058563,0.178050614,0.217546363,0.166704991,0.300429381,0.285231366,0.057270379,0.340203541,0.455057591,0.517298186,0.025606607,0.058540292,0.234003786,0.119301333,0.32939662,0.300696351,0.023118132,0.027115393,0.145825417,0.267796896,0.565935874,0.024289917,0.022293912,0.025509118,0.02193358,0.108678573,0.0297046,0.066508906,0.334010355,0.381803134,0.288241258,0.428467388,0.606024509,0.619670943,0.523070989,0.437438715,0.254045911,0.309208823,0.02098292,0.027104395,0.035848226,0.044714165,0.011433676,0.013420102,0.019296441,0.019704229,0.029535867,0.022532091,0.018440074,0.020983504,0.023695047,0.044452107,0.030776947,0.083521554,0.045521145,0.064711841,0.020696478,0.028669953,0.023430969,0.009186605,0.015048058,0.027609906,0.023953862,0.020119873,0.033446123,0.025883813,0.044887326,0.027541914,0.024131509,0.03719777,0.044528846,0.024324443,0.023668209,0.023078826,0.058550778,0.032711234,0.028511561,0.011788982,0.016613554,0.008096846,0.020442479,0.015315345,0.01820138,0.016836028,0.021922419,0.007547802,0.017508256,0.016300722,0.023158502,0.019654779,0.009840544,0.012028378,0.008657208,0.015620481,0.017841918,0.006952048,0.023713838,0.007196278,0.044665623,0.004493262,0.015256255,0.003219717,0.004697291,0.018169122,0.058638397,0.065395038,0.004803282,0.277489803,0.386093107,0.18794514,0.025579262,0.017951953,0.047824501,0.400837272,0.405233817,0.031903292,0.030199049,0.024171422,0.027812875,0.031505624,0.03112102,0.028208382,0.249109566,0.237695637,0.032906099,0.15265555,0.032774268,0.032833704,0.048113204,0.026496245,0.017618997,0.083186073,0.090508782,0.109665003,0.022804992,0.077901518,0.050715366,0.072004876,0.046255713,0.028503886,0.097327001,0.065559225,0.030988879,0.051652611,0.317723818,0.253458213,0.343746353,0.315715237,0.196370926,0.092770038,0.29635735,0.327832828,0.25881172,0.085282586,0.42118667,0.397184124
89,0.006696564,0.009261082,0.003120503,0.005263649,0.001336953,0.001676833,0.001263213,0.002552946,0.005876929,0.006363226,0.017186042,0.012881356,0.001295516,0.047110984,0.005964941,0.004017617,0.013171408,0.001720452,0.00395824,0.000830612,0.00097635,0.001288154,0.006175751,0.02383827,0.01417773,0.005105576,0.025069098,0.014433527,0.032863268,0.012708381,0.003218975,0.127755751,0.02045502,0.061021637,0.05643008,0.007080205,0.012636484,0.04803597,0.004517342,0.05094336,0.058838149,0.005385421,0.014729311,0.003676379,0.015553705,0.033977931,0.013600556,0.031388789,0.022855863,0.029674356,0.008010627,0.008687512,0.006013976,0.004000346,0.008958513,0.010564746,0.190539333,0.137068641,0.171029614,0.112238433,0.246907175,0.226715381,0.026689768,0.286441626,0.420207056,0.491748497,0.016572027,0.014318039,0.159600096,0.06241729,0.343630476,0.304227485,0.019984185,0.029816415,0.162272893,0.242538076,0.539130723,0.0214624,0.020366958,0.022149665,0.022255998,0.122207148,0.028243422,0.061377594,0.361420748,0.414602306,0.325398395,0.408516794,0.549592757,0.509515841,0.494038287,0.419365528,0.236275156,0.293553231,0.027527515,0.006576425,0.017484889,0.009012424,0.010647477,0.011555915,0.016798982,0.01811397,0.025913828,0.019932869,0.015364648,0.020718378,0.018397387,0.061606344,0.037056267,0.068472275,0.039462376,0.05572361,0.021214238,0.030653539,0.024018603,0.00757859,0.018092121,0.007479847,0.004690967,0.011930739,0.009121747,0.022197361,0.02377465,0.02570607,0.020919245,0.005410554,0.039074948,0.014931714,0.019078897,0.018098429,0.027453732,0.013443135,0.017600967,0.004781203,0.002835913,0.003285763,0.017454749,0.006843855,0.016051936,0.018907269,0.018189593,0.004979395,0.009706726,0.019652454,0.033566986,0.015215353,0.007663885,0.008817426,0.010096084,0.018081182,0.026782615,0.004809877,0.016387208,0.004418963,0.020128394,0.002131008,0.006882421,0.001823965,0.002388767,0.012418281,0.033144223,0.040393947,0.002867064,0.237957169,0.335970694,0.177031957,0.016390199,0.016517904,0.061947598,0.447429734,0.436138314,0.005792137,0.028036368,0.021510031,0.02648579,0.014571168,0.016932412,0.015137241,0.198614828,0.188406535,0.023112886,0.14366954,0.025719471,0.035779675,0.037743281,0.02327438,0.013741325,0.080894677,0.08239562,0.09714024,0.022413188,0.065490422,0.049736754,0.059242217,0.04552065,0.024176072,0.089214096,0.054660589,0.030400297,0.051382208,0.328012561,0.247078384,0.37698075,0.314063949,0.191160652,0.068472702,0.287607023,0.318551437,0.250678782,0.08119158,0.462366097,0.434067359
90,0.011122366,0.01168094,0.00455489,0.0087738,0.002121215,0.002573141,0.002059048,0.004375152,0.006739196,0.010254258,0.012505557,0.010466002,0.001843229,0.062323727,0.008130114,0.005211155,0.01683055,0.002038446,0.005045383,0.001147562,0.00143344,0.001923224,0.007409898,0.015691151,0.011032181,0.003057459,0.025631714,0.012955862,0.03937348,0.01534677,0.005486469,0.172505733,0.026268218,0.08135627,0.075509486,0.00856956,0.011611759,0.04666887,0.005611302,0.051918576,0.057039523,0.006444113,0.014919295,0.002559255,0.017334577,0.042454694,0.015755091,0.038612,0.026855947,0.037605222,0.008688665,0.009615964,0.006764403,0.008694618,0.016777987,0.008008898,0.258706151,0.182590365,0.231365613,0.135709632,0.333390714,0.316097179,0.01374987,0.38888851,0.529288769,0.589704421,0.013410367,0.008464946,0.204082909,0.052571397,0.348246355,0.338005783,0.018219648,0.030766303,0.182480927,0.262157058,0.561926242,0.020831504,0.019401853,0.021018255,0.021069683,0.132275867,0.026122738,0.05927748,0.376542175,0.425189143,0.345762472,0.475449098,0.578329424,0.526693015,0.589466201,0.515898962,0.280901462,0.368239265,0.033104268,0.008349694,0.014684042,0.005603321,0.010640262,0.01021289,0.013175923,0.016916373,0.015593974,0.015579567,0.012332079,0.021693232,0.010996614,0.076648603,0.044490188,0.106934187,0.053488252,0.076932372,0.023028281,0.035171303,0.026822821,0.008387526,0.020760841,0.014834426,0.010097366,0.020298388,0.018243734,0.037186455,0.043066723,0.014172016,0.012386388,0.012408303,0.060319572,0.016601957,0.016350991,0.019316774,0.093351918,0.023684713,0.026298621,0.009601035,0.00617119,0.005791756,0.021407378,0.007042293,0.015368182,0.020623262,0.020800501,0.007383083,0.011157436,0.022570857,0.041780652,0.018799174,0.007781911,0.008300484,0.011665337,0.020315035,0.033023653,0.006685572,0.031926622,0.008585178,0.033124332,0.002702901,0.009557738,0.002408598,0.002891149,0.024678702,0.043758834,0.053072794,0.00572813,0.289001196,0.418029745,0.206544711,0.015288161,0.015208162,0.081725216,0.47740689,0.46057071,0.015229728,0.017210968,0.014341684,0.013055,0.020218905,0.026454838,0.019984201,0.269316715,0.254492454,0.030579133,0.130745324,0.031568799,0.021973912,0.050446439,0.026991262,0.017440423,0.080803041,0.076296817,0.092657957,0.019345301,0.054341891,0.04709025,0.07350358,0.042629911,0.03003011,0.083100717,0.047051462,0.023327015,0.032858957,0.306288014,0.235853127,0.36780933,0.270325404,0.12182039,0.130647944,0.155178535,0.169291615,0.132834136,0.049338884,0.472675518,0.448056342
91,0.024405931,0.022356131,0.008598668,0.019629482,0.004281531,0.00534023,0.00428932,0.005363548,0.008044626,0.012397623,0.012649831,0.0115075,0.003527214,0.111812609,0.015109616,0.010916951,0.031868477,0.00493858,0.010064299,0.002012997,0.002737109,0.003837366,0.014800476,0.023545444,0.015554467,0.002271805,0.039300751,0.018311172,0.064947997,0.024741272,0.009676606,0.320662449,0.044697397,0.148574642,0.137458981,0.011935172,0.016605615,0.074553263,0.007601127,0.084895405,0.091673155,0.008873578,0.023012836,0.001884307,0.025698351,0.070240859,0.017506227,0.042050409,0.039704765,0.054591898,0.01005538,0.010833966,0.00811371,0.010648447,0.021791796,0.008676431,0.48427721,0.333493095,0.429020461,0.243626925,0.591713095,0.583131955,0.017687412,0.651851082,0.669394541,0.291628119,0.012522819,0.006120209,0.364635228,0.049932507,0.310801691,0.396643084,0.016738283,0.025457383,0.179552019,0.319600693,0.658655794,0.019936144,0.016982332,0.019804966,0.01817679,0.12647472,0.024619839,0.058410642,0.364533981,0.389335765,0.317904636,0.659297919,0.73447098,0.667080491,0.306300405,0.241532044,0.213689392,0.184430557,0.03216183,0.009312825,0.014334509,0.00414061,0.012460868,0.013414196,0.018511314,0.022912625,0.026001593,0.022335052,0.017270735,0.028880183,0.019414707,0.068975692,0.046005263,0.176113149,0.061826714,0.078082073,0.026989415,0.040568773,0.03232581,0.010498917,0.020067325,0.01906335,0.013961945,0.025947567,0.029071911,0.052258202,0.100582152,0.021639032,0.020926604,0.010619038,0.063030137,0.034146667,0.028107481,0.032980725,0.371423983,0.065220656,0.056744276,0.027078925,0.015433428,0.016453072,0.034138444,0.016959338,0.02213527,0.023487568,0.031359295,0.014203729,0.021683234,0.021855101,0.040646029,0.034442892,0.010400268,0.011751173,0.011406079,0.022425677,0.031303319,0.013946006,0.074554776,0.021029667,0.024410486,0.005633203,0.020271298,0.004620324,0.005577711,0.055892975,0.078187129,0.096171086,0.013331824,0.539458433,0.667068667,0.229472204,0.029724786,0.019991963,0.07510818,0.453999805,0.456167293,0.048199279,0.027342559,0.021074106,0.020519303,0.044041392,0.061267157,0.044042457,0.50253497,0.463054849,0.046718947,0.101701282,0.045733776,0.012477381,0.089346489,0.041071433,0.026573988,0.08120526,0.063337313,0.078419753,0.017072479,0.038542582,0.039622811,0.12248482,0.037067224,0.047991043,0.069837799,0.038095991,0.017066799,0.013425726,0.183653059,0.200912568,0.293655835,0.153385337,0.037940252,0.378029509,0.019677359,0.018404386,0.01344245,0.016625051,0.450867516,0.44528121
92,0.025065843,0.024804903,0.00908119,0.02032112,0.005051346,0.005984268,0.004798056,0.009547448,0.010112842,0.021646748,0.013970512,0.014252479,0.004139754,0.106082246,0.0154739,0.012064523,0.033921561,0.005255693,0.011141311,0.002388218,0.003253838,0.004408283,0.016757896,0.026914861,0.018344356,0.002554079,0.038637472,0.020832928,0.064647295,0.024183482,0.011027391,0.299991171,0.04286243,0.139631385,0.129344083,0.015211595,0.017057471,0.070592843,0.009875537,0.080828992,0.08627996,0.010519418,0.023232132,0.002669105,0.026461656,0.070569959,0.019595845,0.044670406,0.04061691,0.057402779,0.011863046,0.012871589,0.010112299,0.02063549,0.037066931,0.011226037,0.451983719,0.316074471,0.403932708,0.227695336,0.575212227,0.565972873,0.016859191,0.631365186,0.643949388,0.29973342,0.012877214,0.00662266,0.356763586,0.05110638,0.302541135,0.382861507,0.017168652,0.025775889,0.185126981,0.321848918,0.646061834,0.021071961,0.017339841,0.020425016,0.018349123,0.126407048,0.024619567,0.058475968,0.356072536,0.378519969,0.305571096,0.639794924,0.717703637,0.66052403,0.313816823,0.249325621,0.213575266,0.193284063,0.034245623,0.015246981,0.015706917,0.004524287,0.014455417,0.015693515,0.02135632,0.025600953,0.030072864,0.025261876,0.020070131,0.032392967,0.023088085,0.073497415,0.04928779,0.179400572,0.070243557,0.08212186,0.029506696,0.043042552,0.034897982,0.013290727,0.021909566,0.024035883,0.020454538,0.027562223,0.039864383,0.05107294,0.103105408,0.025231193,0.024115673,0.015293767,0.061323257,0.036837195,0.030734856,0.035280945,0.367817266,0.066131683,0.058039883,0.028365706,0.018466745,0.017444251,0.036369368,0.017942399,0.024509895,0.026215785,0.034960035,0.014722109,0.024632054,0.023746666,0.043626127,0.036991789,0.012836711,0.014864333,0.013305661,0.024905882,0.034812857,0.014719421,0.074425461,0.021349789,0.030642765,0.00651985,0.021969763,0.005297803,0.00660523,0.055720459,0.073773577,0.090267152,0.013578156,0.534328102,0.653776155,0.225866583,0.034069403,0.022606078,0.085703667,0.437625281,0.447453498,0.052260594,0.031187137,0.02422696,0.02422639,0.046242631,0.062431814,0.047787889,0.471163095,0.445681463,0.046066964,0.091835507,0.044755134,0.010987802,0.08783285,0.04062812,0.02614093,0.076570384,0.057124925,0.072737658,0.016797587,0.034699345,0.036720943,0.120294325,0.034602347,0.046935656,0.063003726,0.034301889,0.015366263,0.01173165,0.159781052,0.179926266,0.266057819,0.132780535,0.03125773,0.374652734,0.012618666,0.010864934,0.007717302,0.01425087,0.418850745,0.41657147
93,0.02575025,0.030728118,0.009513279,0.020633815,0.004698194,0.005900748,0.004788457,0.061199851,0.034040513,0.139486232,0.02901195,0.048020276,0.003955541,0.066504968,0.016526477,0.012425166,0.041988263,0.005185136,0.011848946,0.002382812,0.003134026,0.004296978,0.018567172,0.026794892,0.019750609,0.004041134,0.039008286,0.024411871,0.071100842,0.023361357,0.012387163,0.14333647,0.033190336,0.074855789,0.071564444,0.058607219,0.027384987,0.051267249,0.039223445,0.067388119,0.065538296,0.031902256,0.033177012,0.009868571,0.039453129,0.083048223,0.037776266,0.075941419,0.056251272,0.087034463,0.024686538,0.0248082,0.032703412,0.147679298,0.234560531,0.04000664,0.202577444,0.19821207,0.225238896,0.119237913,0.542970734,0.538977892,0.01126709,0.598864954,0.622778558,0.634034863,0.019353487,0.012023989,0.352934884,0.056963035,0.339228566,0.408431684,0.02600079,0.04285183,0.325040195,0.429296967,0.699615075,0.034165552,0.02730911,0.031414273,0.027252406,0.172090185,0.030774106,0.061968449,0.387440327,0.410974181,0.360056971,0.652532846,0.76209996,0.746041549,0.636527941,0.561458937,0.342767351,0.456787661,0.058221364,0.090098879,0.034670514,0.007938591,0.019703536,0.019112849,0.024364719,0.032853237,0.027025277,0.028208502,0.022209182,0.050131932,0.018838303,0.154498919,0.088959394,0.268917983,0.184940725,0.155726353,0.043042434,0.064272523,0.051122595,0.015040481,0.034579805,0.050113585,0.036728283,0.035528393,0.053665622,0.044192556,0.095563802,0.022289119,0.021216483,0.065047359,0.060649012,0.03417516,0.032259895,0.041111866,0.343291882,0.066952918,0.064537191,0.028207952,0.017263653,0.017192275,0.048866286,0.018370942,0.029529642,0.041501342,0.049776993,0.015662084,0.028862113,0.037141625,0.080567099,0.047226783,0.014268241,0.01460633,0.019393377,0.03895251,0.065927461,0.015561095,0.076868884,0.021836075,0.095542453,0.006415805,0.026236731,0.005382269,0.006592152,0.057492344,0.043510146,0.047271723,0.013803302,0.504877299,0.627447746,0.281969159,0.03412666,0.029104674,0.247596358,0.499699607,0.505641409,0.050936677,0.029168187,0.024604889,0.019498334,0.046378245,0.06692408,0.04308981,0.239933036,0.368492699,0.066485674,0.07940892,0.057809776,0.01047837,0.104994186,0.041871655,0.033779093,0.077471166,0.045833363,0.07072206,0.016811041,0.033696061,0.036080699,0.126178471,0.034690588,0.051897762,0.049557579,0.029593338,0.013474817,0.012444722,0.144057269,0.122927546,0.280177816,0.113595918,0.034202009,0.385767537,0.019163707,0.018556452,0.014075941,0.016128559,0.434402271,0.429289968
94,0.019319556,0.02834956,0.007077806,0.015509276,0.003698311,0.004458376,0.003357237,0.005564729,0.008258401,0.012664868,0.013311233,0.011682402,0.003275285,0.077016151,0.012213041,0.01188318,0.034418303,0.003725009,0.010784922,0.001799292,0.002352535,0.003198651,0.020100872,0.046369102,0.029511294,0.001689844,0.030057828,0.028500292,0.053038066,0.018249031,0.009804496,0.214242882,0.031113181,0.099852818,0.092394647,0.009928263,0.011955993,0.050014131,0.006705152,0.056930431,0.060775599,0.007931579,0.016158429,0.001524304,0.021547482,0.059226276,0.021102477,0.04617679,0.034839829,0.054711101,0.012803744,0.015036719,0.008425088,0.011077847,0.020940979,0.00950808,0.322452359,0.228622175,0.288521467,0.161920212,0.416168786,0.395497827,0.012376561,0.455308657,0.51075712,0.323555904,0.012786547,0.005935618,0.257237358,0.05468727,0.280339788,0.322641586,0.017370312,0.025871995,0.165220922,0.27279835,0.553754857,0.021998197,0.017631316,0.020495686,0.018521157,0.117874285,0.024213351,0.061657855,0.324043642,0.349430322,0.271660297,0.517684868,0.598277437,0.551084482,0.333470311,0.273261274,0.19959109,0.204246217,0.037217619,0.009114542,0.014206258,0.00364635,0.02232845,0.026112733,0.035597199,0.036036834,0.053721193,0.039297994,0.032973535,0.041642273,0.041244028,0.074057336,0.052671111,0.140386775,0.060556525,0.07214268,0.036116027,0.046608299,0.040182141,0.019317702,0.025800008,0.024171868,0.026848393,0.022420933,0.052870281,0.037162991,0.095702184,0.047864236,0.039149751,0.012848201,0.044150897,0.040731317,0.038857329,0.038311886,0.268049109,0.051589899,0.048074654,0.022395023,0.018732337,0.01373628,0.036410337,0.014067472,0.030622586,0.032909298,0.04245901,0.011631921,0.032480923,0.027678305,0.047409193,0.039550548,0.020541968,0.025499244,0.019641142,0.031765051,0.042644141,0.012808248,0.05479848,0.015566393,0.02540949,0.005435661,0.021773968,0.004511364,0.006304032,0.040379878,0.052674794,0.064359318,0.009654879,0.428463552,0.51402829,0.192833148,0.054562309,0.033439819,0.079049026,0.388689694,0.401672935,0.04729196,0.054046016,0.041612362,0.047839582,0.044461934,0.050634776,0.061592555,0.335428256,0.319402688,0.034921202,0.079728523,0.034665573,0.009562408,0.067059854,0.032062915,0.019983618,0.063586641,0.049305358,0.063636752,0.013791417,0.030296503,0.031484391,0.094835628,0.029252761,0.036298377,0.054318017,0.029521432,0.013374724,0.009905044,0.152127539,0.155635809,0.219871689,0.124869671,0.027742895,0.277490847,0.008798297,0.006823949,0.004429352,0.011495439,0.345309307,0.345392614
95,0.022562985,0.047261758,0.029718891,0.020837953,0.019279279,0.021854503,0.029444841,0.272213844,0.251601596,0.249834724,0.227569312,0.247235993,0.025284467,0.023853391,0.036265274,0.035757831,0.04836205,0.01533094,0.035512744,0.014255502,0.018164782,0.019694966,0.042032015,0.086056862,0.095258424,0.249148486,0.134988955,0.094500425,0.075817304,0.020675865,0.017808768,0.04544798,0.016151386,0.028523846,0.024087108,0.136584408,0.187027204,0.249208078,0.09275856,0.1992908,0.168132941,0.072757576,0.27012784,0.363921351,0.100386351,0.066523061,0.13347249,0.11490139,0.081222986,0.068332353,0.201753695,0.181682282,0.255134815,0.263292137,0.22607663,0.248853325,0.057303234,0.046261171,0.049523106,0.126759084,0.049113614,0.037899783,0.16437904,0.054716573,0.12308546,0.084104794,0.118009793,0.100686014,0.053836743,0.125705189,0.164360032,0.088441938,0.133034635,0.118798484,0.120641384,0.072901577,0.155842024,0.161451701,0.128808847,0.14632946,0.127654679,0.155671217,0.122021542,0.126549818,0.189251669,0.193274173,0.120579953,0.072452528,0.123379582,0.085237944,0.085121562,0.07384893,0.0374921,0.058723008,0.150199535,0.281227926,0.161249094,0.170294128,0.124457962,0.108249635,0.095301639,0.097477065,0.075741238,0.087499725,0.097833376,0.091142093,0.076822947,0.102820731,0.10338171,0.025915714,0.043766428,0.038174591,0.106856468,0.105926446,0.106115773,0.187863695,0.182103152,0.02712706,0.04470744,0.013857805,0.083744493,0.005300554,0.054219306,0.07987073,0.073547153,0.011452537,0.020406718,0.06535382,0.070614683,0.069269503,0.020014209,0.029074682,0.047534133,0.026703881,0.036627594,0.024110612,0.067753129,0.040783158,0.090613228,0.094379343,0.068453781,0.030660794,0.051321391,0.18013613,0.118490003,0.052628064,0.140777468,0.140629042,0.147514812,0.10749114,0.118950718,0.03451029,0.021308036,0.026057661,0.011892721,0.032848784,0.038468115,0.025428862,0.037494166,0.018339735,0.018640688,0.027480641,0.020065447,0.053284439,0.081683738,0.024271279,0.065510652,0.100053027,0.078959543,0.162692011,0.193878212,0.052779004,0.079997189,0.082776359,0.076659889,0.051596005,0.041612689,0.061317654,0.054711457,0.046891467,0.0036764,0.024886238,0.004820303,0.037063888,0.006570669,0.008321894,0.004493436,0.017349422,0.015161034,0.015694358,0.007181093,0.020396497,0.021630927,0.018206499,0.023335913,0.007871176,0.016017171,0.018193007,0.028567775,0.031933785,0.057261367,0.038747869,0.02794905,0.057735044,0.020303135,0.016802567,0.012937446,0.014594292,0.007829243,0.009559106,0.029276311,0.029095628
96,0.012899118,0.01626769,0.034004078,0.008987861,0.00338819,0.002950848,0.002402707,0.303390162,0.250245179,0.363544244,0.195018018,0.249151456,0.005200957,0.033463058,0.083270858,0.01210209,0.029144058,0.001865194,0.010670273,0.002011939,0.002298655,0.002503321,0.016954329,0.0236413,0.032269402,0.609194707,0.390156393,0.031051228,0.212450233,0.052226883,0.006293874,0.056425902,0.027942276,0.042533853,0.031697236,0.408743697,0.553903601,0.656969184,0.277501543,0.649225032,0.690138739,0.205731389,0.659441389,0.416405332,0.292564069,0.147205013,0.122068782,0.069539359,0.193263676,0.057310535,0.160537233,0.126526146,0.247350259,0.379945425,0.476090741,0.241981233,0.060415453,0.066144703,0.064191018,0.502937347,0.067114014,0.102997165,0.568392041,0.054624887,0.043682475,0.007313388,0.104420954,0.193684823,0.12747324,0.130411337,0.073960064,0.039066054,0.101668044,0.084575622,0.091649342,0.028828037,0.032296634,0.125766609,0.098153153,0.1158889,0.087694253,0.087425476,0.085417195,0.081389889,0.086057078,0.081128179,0.043641027,0.019737354,0.015846194,0.007669827,0.007545163,0.006831735,0.004070921,0.005346076,0.072752746,0.426529477,0.219018745,0.573624028,0.043103741,0.03256326,0.027049809,0.029262245,0.015444355,0.027878278,0.032999499,0.025660085,0.008837158,0.051684991,0.042132433,0.003415712,0.018408269,0.004325033,0.03958567,0.04242826,0.038141761,0.063874152,0.078971379,0.001264214,0.001623184,0.000842608,0.00338609,0.000476152,0.008446448,0.024183076,0.014788389,0.00072079,0.001895106,0.010053868,0.019767634,0.022904609,0.002568004,0.00881861,0.017258016,0.002545064,0.001374959,0.002367261,0.023215175,0.013486796,0.03031734,0.030406515,0.017269353,0.047103304,0.014693213,0.078352477,0.056286022,0.028206568,0.049460534,0.042289803,0.050012665,0.034232356,0.03445,0.038317078,0.004828744,0.002940488,0.000942543,0.007585739,0.017180645,0.004469776,0.007727691,0.002792212,0.02703983,0.046162256,0.001951462,0.029096657,0.034691894,0.00339184,0.008251047,0.029302336,0.0529984,0.049184779,0.078516177,0.00157238,0.02069094,0.026783218,0.020749546,0.016524119,0.014749455,0.006409595,0.077378502,0.081480536,0.005154536,0.102078733,0.010276773,0.41352072,0.008863053,0.009915235,0.009518144,0.080801106,0.094345032,0.058820531,0.021250981,0.188539281,0.174126455,0.016486667,0.16739441,0.019007046,0.092129825,0.215154139,0.439763374,0.194863885,0.140812631,0.121137132,0.019997706,0.157359181,0.086478074,0.010347949,0.089496625,0.108057798,0.044650324,0.065159571,0.012845021,0.010836853
97,0.012426755,0.029479669,0.025400544,0.009582917,0.004987799,0.005999596,0.005781469,0.142054024,0.126692693,0.218537574,0.18030098,0.177831086,0.007044054,0.050503064,0.056643585,0.01503336,0.036155077,0.010199085,0.014623196,0.00374721,0.004547199,0.00522983,0.024079483,0.065851062,0.078393946,0.51400673,0.2480092,0.07938364,0.151379788,0.04094286,0.006421415,0.105416504,0.034903415,0.064656138,0.056535122,0.245497491,0.32736412,0.402716191,0.169264725,0.39495981,0.41110829,0.131262443,0.442257699,0.516783994,0.18984641,0.11489937,0.135769304,0.115825087,0.142316739,0.075615615,0.137904895,0.145319805,0.126621022,0.214420309,0.33508822,0.170798149,0.138324346,0.110517018,0.130261898,0.338787399,0.142440812,0.173494149,0.463674565,0.151443282,0.122474296,0.022983189,0.141133349,0.256527139,0.204265375,0.284606585,0.1847626,0.099269421,0.139431891,0.128171136,0.147061602,0.05366514,0.068707826,0.157913147,0.142736814,0.15306051,0.132323282,0.150105128,0.122458967,0.149479554,0.169116159,0.1974961,0.110414719,0.04661024,0.040919132,0.023518266,0.023709873,0.02250569,0.011812086,0.021553122,0.131060349,0.406111842,0.225803326,0.454056717,0.102352938,0.084215028,0.071288292,0.074897268,0.053868512,0.068512159,0.079649817,0.070661309,0.033728464,0.107354652,0.094402488,0.02085774,0.046451961,0.030143645,0.091703867,0.092672137,0.089528104,0.141829974,0.14484561,0.003613295,0.00527126,0.002168963,0.010061094,0.001109984,0.02039797,0.066555041,0.0460319,0.001911777,0.004223914,0.027028888,0.04969271,0.052708025,0.008037392,0.027278771,0.040649161,0.008547828,0.00506674,0.011356987,0.05575518,0.04655397,0.076313702,0.082026906,0.047834725,0.03443577,0.0271152,0.1437788,0.111080201,0.038676521,0.119416631,0.108962348,0.1262964,0.091781471,0.09556873,0.030608874,0.009181789,0.00679831,0.002287389,0.01310088,0.027201581,0.00786333,0.012338927,0.006460449,0.04247483,0.056964408,0.004900738,0.045950096,0.085064713,0.009085111,0.029733362,0.076195053,0.101534932,0.116122959,0.145637969,0.006439509,0.063677885,0.066354614,0.063231428,0.035769736,0.036838395,0.019867516,0.15209467,0.140236551,0.004573509,0.096809813,0.007999349,0.159028946,0.007111535,0.006611908,0.007845318,0.041065531,0.105385022,0.058921369,0.01056367,0.118298364,0.062904245,0.013549895,0.058233635,0.015369081,0.103974216,0.135628258,0.149753517,0.070835589,0.133374799,0.138232099,0.023732638,0.14218758,0.064933811,0.010020327,0.07027135,0.079473007,0.044523608,0.041244164,0.017641919,0.015370386
98,0.013970017,0.009041644,0.040263807,0.009190695,0.002639837,0.001740013,0.000870071,0.125898168,0.077728147,0.292892955,0.096333629,0.127106606,0.004248839,0.043311687,0.102002324,0.009567317,0.032962202,0.001717258,0.008752381,0.001403749,0.001415639,0.001585823,0.006244396,0.044249009,0.031850121,0.494278356,0.463002181,0.032353125,0.266783162,0.061096782,0.006982485,0.073520211,0.033273213,0.052474654,0.039973155,0.49383463,0.677734215,0.71696993,0.325042312,0.715540143,0.748152316,0.230258633,0.752221699,0.820773781,0.359814057,0.1841041,0.081303153,0.064597903,0.227064925,0.067234935,0.05683752,0.057821207,0.073390698,0.294393652,0.580898256,0.10145592,0.082397604,0.093191622,0.090665412,0.559383836,0.094903574,0.117050121,0.866360294,0.081721869,0.132953888,0.006240046,0.106316535,0.310153783,0.258837254,0.601042105,0.450890119,0.173937062,0.07798391,0.060502892,0.144250115,0.051551281,0.174088419,0.094213312,0.073178439,0.090557948,0.053005531,0.140479922,0.068596327,0.20436626,0.379722779,0.502843569,0.273988099,0.068833596,0.069498909,0.016255676,0.007242574,0.006240156,0.004892268,0.005244677,0.05747327,0.61551621,0.240023397,0.34247875,0.031372807,0.027791032,0.032027918,0.031593568,0.042382478,0.036573644,0.033284404,0.02902417,0.020141578,0.054110491,0.042579681,0.005717798,0.014411492,0.007292477,0.038666932,0.045821183,0.038057821,0.035776006,0.048325272,0.000704048,0.000771722,0.00047344,0.001976044,0.00023253,0.004706717,0.050315727,0.031623866,0.000339544,0.000890926,0.009485469,0.028440758,0.026881756,0.001989878,0.006504485,0.016581431,0.001808513,0.000683615,0.001967429,0.025589145,0.008571904,0.033896361,0.031611147,0.019976821,0.05673263,0.00916895,0.049423855,0.052724319,0.032497435,0.032226237,0.029859431,0.030330894,0.030770501,0.032252221,0.044828048,0.003428608,0.001325785,0.000418716,0.00265592,0.006792249,0.002887071,0.002895116,0.001583471,0.032413618,0.052921489,0.000770019,0.051636634,0.08104021,0.004201991,0.015456776,0.030174538,0.040592632,0.311247696,0.363053484,0.000894762,0.050614418,0.041196288,0.050353088,0.011238199,0.012944483,0.005691599,0.106230987,0.112783068,0.022660216,0.397126763,0.039586607,0.238799568,0.032663678,0.024784076,0.042635044,0.14578726,0.566451601,0.275386147,0.038718442,0.45855949,0.183820368,0.056623299,0.154784729,0.084836584,0.547167924,0.566321347,0.36375056,0.143906101,0.427249469,0.539934241,0.060220462,0.410324457,0.273442231,0.042257256,0.377437657,0.397714334,0.295408977,0.174583977,0.037792796,0.023407362
99,0.012184803,0.053124992,0.013298463,0.010507517,0.007790839,0.008637981,0.00976773,0.322340108,0.298261415,0.240383039,0.163900261,0.215823028,0.010729336,0.015130152,0.017581864,0.026092567,0.049425555,0.005624362,0.024352938,0.005549761,0.006718018,0.007365889,0.044663741,0.120090424,0.111407998,0.124809496,0.107772494,0.104956259,0.054119611,0.017529814,0.009959698,0.028806248,0.010490307,0.018321162,0.014493874,0.074628306,0.11222019,0.208212668,0.049020136,0.138497145,0.105292423,0.040737284,0.154284305,0.174221772,0.058901746,0.04888663,0.130344653,0.113084322,0.056301131,0.065090115,0.219276733,0.187722239,0.301938019,0.268138814,0.145280153,0.2217265,0.034763584,0.029548571,0.029400265,0.073515216,0.031108123,0.015996862,0.118626877,0.037331828,0.116146873,0.079892192,0.076043045,0.063106198,0.030321949,0.14821812,0.146936843,0.053222966,0.091899358,0.080133568,0.098723319,0.052350643,0.096564427,0.126076836,0.08891118,0.105419502,0.086519113,0.135057564,0.081121339,0.110015453,0.155010392,0.167015251,0.079674859,0.045147328,0.065219765,0.042562932,0.079189035,0.073700139,0.030425029,0.061998639,0.148560614,0.161802774,0.107718137,0.092305795,0.128381452,0.118484179,0.115974919,0.112073724,0.125073775,0.110249749,0.114715919,0.105219768,0.133306193,0.098288316,0.104650435,0.023918705,0.046123966,0.045244844,0.112190125,0.108666907,0.111117548,0.193192848,0.180454688,0.018906423,0.033166692,0.008932302,0.063858897,0.002233617,0.090906041,0.118630869,0.115515728,0.006072115,0.011407911,0.108643381,0.094303155,0.08030928,0.027074012,0.027186265,0.041499354,0.015518423,0.022784461,0.012491451,0.066593359,0.020045455,0.099030239,0.098044664,0.08269452,0.014988054,0.067768467,0.17802177,0.117734966,0.059603389,0.145184994,0.152166906,0.148057718,0.110492965,0.121933604,0.020882995,0.012312604,0.009968675,0.005180659,0.014840697,0.034395534,0.01250665,0.020662264,0.009226326,0.01139309,0.019429075,0.007185117,0.039352415,0.071441499,0.015620373,0.112854178,0.113776625,0.0702244,0.108229499,0.151435536,0.036936256,0.123783393,0.11149292,0.119903498,0.070619007,0.036777116,0.109542199,0.030935276,0.02794982,0.001555368,0.008221495,0.002069868,0.011456099,0.003235428,0.004026182,0.001843487,0.006873357,0.004584205,0.005218488,0.003319885,0.006514162,0.008148559,0.009811714,0.009236071,0.003315742,0.004840041,0.005237707,0.00866858,0.013199009,0.019527533,0.011855998,0.010192041,0.020018981,0.00716369,0.009894846,0.003724214,0.004071387,0.00200071,0.002980644,0.010571878,0.011566741
100,0.013908571,0.066004509,0.013715945,0.012186904,0.008942045,0.009519593,0.009812449,0.261559993,0.243312522,0.196981003,0.138275089,0.178637663,0.01164685,0.012774162,0.017312822,0.031629851,0.060042438,0.005624979,0.029075769,0.005930105,0.007268146,0.008003148,0.056348001,0.14376343,0.120991191,0.112171411,0.090390325,0.112810464,0.049964866,0.015327436,0.010194341,0.021407716,0.009042454,0.014354394,0.011303378,0.060562847,0.090519158,0.168979739,0.039941831,0.109390979,0.07999149,0.03383187,0.122277832,0.144296189,0.05035139,0.048549635,0.11392354,0.104668532,0.051373134,0.069009374,0.183276457,0.159756032,0.246495245,0.218697036,0.12081766,0.182914946,0.024497128,0.024429608,0.022134429,0.054178836,0.030295227,0.012140349,0.100650028,0.037299045,0.126327151,0.099088867,0.068490279,0.066526865,0.033615931,0.163775344,0.169677347,0.055503081,0.080876556,0.070747515,0.096208595,0.05646067,0.093227181,0.110771151,0.077872694,0.092584962,0.075271013,0.126433763,0.073018032,0.116689907,0.164005477,0.188111859,0.081262879,0.046323866,0.058741462,0.044312234,0.097773621,0.091682867,0.036810226,0.077122643,0.132683984,0.135634254,0.096679894,0.09099344,0.122908757,0.121230655,0.128238262,0.120347514,0.164329002,0.126218829,0.123859088,0.114127642,0.184460629,0.094695414,0.103655014,0.027618633,0.052537148,0.054577766,0.112842181,0.108266707,0.111525377,0.169277359,0.157735093,0.017427257,0.030250336,0.008288801,0.058145609,0.002231877,0.118234051,0.147332546,0.153867436,0.005849884,0.009425183,0.146997019,0.117413693,0.094646605,0.034191152,0.032222446,0.04657688,0.015724169,0.020331934,0.012490763,0.073262919,0.021647326,0.106925613,0.101622232,0.097937833,0.015327872,0.087448465,0.156129269,0.109633645,0.073379457,0.133936461,0.144596775,0.132892384,0.109559528,0.117017959,0.023549627,0.013298404,0.010319388,0.005338499,0.016649237,0.041668776,0.014211181,0.024106587,0.009515904,0.009120368,0.015389636,0.007207226,0.043833253,0.077741577,0.018242181,0.150785657,0.120985458,0.067526072,0.107065285,0.157060233,0.032049928,0.156631869,0.132300865,0.15390312,0.090928979,0.042285462,0.14801334,0.021709397,0.024334303,0.001518198,0.006127016,0.001992332,0.007417604,0.003069348,0.004298487,0.001912187,0.005817901,0.003413415,0.004145124,0.003131046,0.004534231,0.006039919,0.009761203,0.00677996,0.003401072,0.003637838,0.003610764,0.005885535,0.008685274,0.014405253,0.00912527,0.008843735,0.014087741,0.004913861,0.009345684,0.002593208,0.002801073,0.001569074,0.002221101,0.009742512,0.010625103
101,0.018307914,0.084388018,0.017164684,0.016491974,0.012547328,0.01265176,0.01213625,0.181077145,0.169203273,0.154300059,0.128744703,0.147370086,0.015240703,0.012266651,0.020206727,0.041720201,0.075701347,0.006861652,0.038108303,0.007686963,0.009655253,0.010642972,0.073531327,0.167622243,0.132068396,0.134468423,0.074858116,0.123719114,0.049217747,0.013526298,0.012015018,0.017346588,0.008641204,0.0123187,0.009986912,0.056734906,0.078402522,0.132310044,0.038095554,0.088872517,0.064269539,0.03230406,0.111568129,0.15863889,0.048137824,0.052194955,0.094369473,0.095093739,0.050753286,0.076457598,0.136329506,0.124106768,0.171763148,0.165552241,0.120041215,0.147958635,0.018847408,0.023432452,0.019436495,0.043795329,0.034742964,0.012594578,0.086165642,0.042812494,0.146532852,0.12565917,0.074593596,0.092763012,0.0496401,0.194064204,0.221594429,0.073290392,0.081392697,0.072031998,0.102474863,0.067262418,0.106524314,0.104072221,0.077731092,0.090871371,0.074749686,0.124897108,0.076875444,0.133844909,0.196784357,0.238344104,0.102805148,0.055468534,0.063119697,0.053244475,0.123813054,0.1161851,0.046660261,0.09719651,0.113623779,0.139734622,0.103687032,0.119175496,0.115849121,0.12366507,0.1406163,0.129573748,0.209589032,0.143400369,0.133081863,0.12501523,0.25649972,0.093016628,0.104008169,0.033391163,0.061880552,0.066412287,0.114261832,0.109096519,0.112790767,0.137440639,0.129818837,0.016661013,0.028102195,0.008144245,0.053764074,0.002654309,0.150706218,0.176009804,0.205235095,0.00624025,0.008990697,0.201944104,0.148038558,0.114941347,0.043111714,0.040034449,0.055682453,0.0185065,0.020575573,0.014806362,0.084757805,0.02705015,0.118427221,0.108070605,0.118939947,0.018591528,0.113979711,0.129472861,0.100625208,0.092631287,0.118518417,0.132506462,0.113338024,0.109665612,0.112166257,0.02994386,0.016110023,0.012727321,0.006573059,0.021854199,0.053144396,0.018662627,0.031868346,0.011269976,0.008157575,0.012601431,0.008761478,0.053446704,0.090777899,0.023306491,0.196777037,0.128937429,0.067744034,0.128461221,0.187989424,0.030158002,0.19141287,0.153819072,0.189892371,0.119212829,0.051603157,0.19515485,0.017614906,0.025701992,0.001873132,0.006502342,0.002446303,0.007391418,0.003486606,0.005869839,0.002632346,0.006713486,0.0037105,0.004676054,0.004142289,0.004743555,0.006460805,0.011613936,0.007068595,0.004599043,0.003978533,0.003879951,0.006316315,0.007754836,0.014617593,0.009923681,0.009886326,0.013740248,0.004755298,0.009892526,0.002772057,0.00300437,0.001920402,0.002470658,0.011617865,0.012259472
102,0.02233847,0.076612613,0.022134012,0.020858096,0.017309416,0.016738671,0.016560355,0.19422808,0.181581021,0.160617603,0.130302729,0.152397032,0.019121001,0.014324957,0.024834329,0.042470613,0.070116706,0.009177125,0.03940976,0.009861999,0.013028234,0.014417639,0.067518478,0.147773427,0.121563194,0.133044444,0.084926244,0.114457583,0.053162718,0.015529249,0.015884991,0.021104817,0.01021355,0.014715282,0.012134487,0.062390893,0.08902382,0.148883878,0.041623787,0.099142531,0.072428636,0.034693033,0.115504502,0.16183218,0.052616817,0.053305063,0.097347605,0.095239739,0.052812988,0.072590145,0.144250458,0.130118722,0.184223379,0.173471635,0.119752697,0.153733806,0.023687883,0.026355086,0.023082999,0.050046251,0.036059838,0.01492667,0.088562217,0.043658835,0.143512381,0.1203926,0.073553784,0.087476428,0.049974426,0.184466105,0.205771954,0.076183064,0.081326239,0.072127433,0.100317304,0.067096377,0.112595935,0.105113254,0.077965147,0.091232551,0.075170015,0.124158314,0.07604967,0.126896791,0.188225723,0.224204244,0.101801993,0.060478888,0.073826978,0.061861493,0.119110625,0.110366573,0.046543945,0.090861837,0.115737217,0.141367718,0.102623359,0.114620118,0.11132966,0.114669816,0.126893432,0.118299205,0.18052458,0.128495603,0.122167931,0.113381082,0.218804508,0.090314434,0.099119554,0.03207646,0.055990436,0.059270595,0.108205952,0.104241779,0.106964074,0.142976603,0.133933234,0.019824633,0.032548361,0.010002996,0.061614616,0.003842365,0.133250594,0.154028907,0.17707082,0.00823123,0.012234431,0.173699061,0.130606199,0.103951889,0.039378489,0.039054128,0.054323742,0.022551485,0.025467658,0.01871632,0.079536795,0.031567798,0.10955536,0.101003129,0.106367845,0.023042132,0.100668813,0.133366343,0.099772892,0.083886005,0.118220215,0.130678865,0.114353937,0.103894955,0.107515962,0.032677585,0.018412847,0.01628703,0.00945808,0.026511918,0.050738117,0.021696859,0.035251215,0.013481102,0.009910512,0.014984135,0.011614612,0.055040688,0.090421612,0.025254223,0.168107274,0.117949836,0.065600094,0.129153041,0.181402791,0.033913958,0.166446764,0.136362509,0.164882779,0.106006107,0.05031938,0.167397373,0.02200822,0.027955908,0.002631903,0.008778204,0.003406702,0.009525972,0.004675051,0.008368949,0.003784158,0.009094944,0.005096602,0.006502711,0.005601357,0.006267255,0.008345311,0.01573105,0.00895573,0.006545161,0.005474977,0.005191316,0.008217127,0.009187753,0.019134301,0.013562407,0.013889863,0.017730992,0.006168638,0.01268522,0.003911366,0.004260671,0.002921345,0.003444589,0.016886971,0.017383595
103,0.024928091,0.131612413,0.018468201,0.023028978,0.017268818,0.015750811,0.011330121,0.03893928,0.04139636,0.044665214,0.05432533,0.05029423,0.019350493,0.011430661,0.020655331,0.062150524,0.116428478,0.006833078,0.055556988,0.00949657,0.012040958,0.013057972,0.114776087,0.248249959,0.161078597,0.057773632,0.055391438,0.146692114,0.048983131,0.012872791,0.011897192,0.010223501,0.008640483,0.009097102,0.007832804,0.027217329,0.041778272,0.080957659,0.018367151,0.045800794,0.027933719,0.017397627,0.044255028,0.058425386,0.034111666,0.059330324,0.053849115,0.07892013,0.044622018,0.09857509,0.047140769,0.051200009,0.042397928,0.042615652,0.046946379,0.046229841,0.008172036,0.021308158,0.013765707,0.016894299,0.042331335,0.010539193,0.040457394,0.05411885,0.197565688,0.163369483,0.052706869,0.111513997,0.08568779,0.260890091,0.323700919,0.102247447,0.049146272,0.04510252,0.116047014,0.084624176,0.123013966,0.059946728,0.04603296,0.053989853,0.041292884,0.113276913,0.051011436,0.139066075,0.263698377,0.340467286,0.131444589,0.068566634,0.056802253,0.055823267,0.160349246,0.152396642,0.06008681,0.12792505,0.074569981,0.055958583,0.072228413,0.078701672,0.11028105,0.142841008,0.188059931,0.164215568,0.34055918,0.198899273,0.167446417,0.163826011,0.419807347,0.09449433,0.111694918,0.043163596,0.084328239,0.088007652,0.123352926,0.115232537,0.121516397,0.062103639,0.068414167,0.009601852,0.014289156,0.005229805,0.027013202,0.002706668,0.250526339,0.268684654,0.323112309,0.004829466,0.005685316,0.318703256,0.219931992,0.160680086,0.062008478,0.057387394,0.074545648,0.022106302,0.018472627,0.016956596,0.110081793,0.033945783,0.143041935,0.126689327,0.177511889,0.020124321,0.185280198,0.069741007,0.087761181,0.145156711,0.087749162,0.109115378,0.075695498,0.116240186,0.112504444,0.040540004,0.019808476,0.013345699,0.007448485,0.029566068,0.08044209,0.025218662,0.045355207,0.012627774,0.006866205,0.008860594,0.008371929,0.068936875,0.11990405,0.029902464,0.334637745,0.160904917,0.072525935,0.160689663,0.256811801,0.021320313,0.300780874,0.223507577,0.295525675,0.184710199,0.071489315,0.329454221,0.008878291,0.02719375,0.001753647,0.004065419,0.002428081,0.004672813,0.002930922,0.009677511,0.003344107,0.006759796,0.002246636,0.003399696,0.008517957,0.003092847,0.005702872,0.012057813,0.006165664,0.005790452,0.002435184,0.002375088,0.004704124,0.004523128,0.007893756,0.005768058,0.006375637,0.006809325,0.002574366,0.007309425,0.00159047,0.001726865,0.001521393,0.002047306,0.008221582,0.008329852
104,0.025345648,0.089067529,0.025808255,0.023757182,0.019882013,0.019285336,0.01920807,0.147180959,0.137449728,0.143596133,0.138636363,0.144313125,0.022244559,0.014441317,0.028522198,0.050224437,0.080755543,0.010494448,0.046488793,0.011320614,0.014952387,0.016571157,0.07968966,0.15816672,0.128572252,0.177860381,0.084091096,0.12227912,0.056553742,0.015628345,0.016439973,0.020137736,0.010352828,0.014293346,0.011928109,0.068675442,0.091431688,0.135889899,0.046392336,0.091093402,0.062969186,0.038140328,0.113253443,0.204949838,0.057116923,0.057602954,0.085891214,0.088227004,0.055826057,0.077080929,0.116340602,0.108769577,0.139716611,0.148880349,0.13629842,0.142484758,0.022241599,0.026656839,0.022859021,0.043272011,0.036878722,0.015505689,0.070441167,0.043660285,0.140248183,0.1219322,0.0874315,0.120443968,0.061256853,0.221486276,0.243108423,0.085280907,0.090316122,0.080132967,0.101531198,0.066739902,0.109128173,0.108788908,0.085917709,0.098875181,0.082580733,0.12400091,0.086743388,0.146279377,0.206917962,0.257016523,0.11691658,0.058503493,0.065191741,0.054142294,0.12025713,0.112686655,0.046146114,0.093678151,0.10279361,0.16838638,0.121599875,0.159236014,0.104197352,0.112979665,0.130926898,0.121358112,0.207514009,0.136613347,0.125984894,0.117456008,0.273232245,0.087177654,0.097513035,0.03251507,0.05912177,0.062823147,0.108059314,0.103918165,0.106566346,0.123903595,0.115980364,0.015981809,0.025641619,0.008329166,0.0486064,0.003536872,0.15246051,0.167456564,0.213962032,0.006986219,0.012151397,0.215467049,0.151571123,0.118065623,0.042155115,0.043303971,0.060480898,0.023554141,0.022406343,0.020018632,0.087783055,0.036380664,0.117729866,0.104543038,0.119503804,0.02642622,0.118406515,0.11650722,0.092225871,0.096571128,0.107839164,0.123020195,0.100215037,0.102428088,0.10120935,0.038041956,0.019930389,0.018622878,0.008791256,0.030769874,0.058782126,0.025351879,0.041581857,0.014599627,0.009757579,0.014183483,0.01326854,0.054564462,0.087928104,0.023974344,0.196461526,0.120044604,0.063231683,0.139754622,0.193518476,0.027310439,0.184344994,0.146511716,0.184142912,0.126039974,0.056323752,0.197311894,0.021223025,0.029128863,0.00239219,0.007794938,0.00321664,0.008841441,0.004062854,0.00853522,0.004029286,0.008610396,0.004569005,0.005798605,0.005510292,0.005924185,0.008168598,0.015203954,0.008693672,0.006925875,0.004918291,0.004956325,0.008251068,0.008171486,0.016418085,0.012008687,0.010811965,0.015196941,0.005373648,0.010341731,0.003536992,0.003840412,0.002771504,0.003240658,0.013057217,0.013268945
105,0.020241922,0.07744512,0.022280524,0.018370802,0.014843053,0.015588415,0.017235612,0.207054161,0.191698419,0.188261807,0.17082881,0.185862595,0.018687504,0.017050389,0.026483984,0.043031481,0.070048788,0.009592896,0.040054782,0.009514242,0.01200845,0.01330483,0.069171815,0.139847622,0.12322766,0.207438507,0.104371472,0.119334796,0.062036598,0.017825699,0.012934384,0.031172628,0.011439587,0.019396755,0.015975906,0.085081321,0.115245009,0.17491372,0.057096241,0.118489989,0.085579032,0.046140505,0.134917017,0.249155105,0.067561731,0.058402633,0.102309185,0.096601925,0.061709732,0.073126224,0.152314231,0.136826396,0.194556056,0.198852657,0.164118534,0.185416001,0.038712085,0.034172026,0.03420624,0.062653394,0.036884733,0.018731111,0.07451828,0.042474757,0.127930006,0.113404427,0.098108348,0.115207064,0.051725574,0.203329678,0.213127856,0.074299962,0.104880039,0.092673824,0.099999029,0.061982195,0.102162745,0.12741345,0.100237976,0.115183517,0.097526943,0.131654031,0.098613444,0.143041309,0.189471969,0.226146551,0.106473385,0.052343401,0.063047566,0.047808041,0.1117842,0.105334332,0.042138505,0.088807727,0.118905723,0.203378522,0.136387922,0.173569901,0.11065875,0.112414263,0.121964397,0.115975986,0.173616823,0.124887648,0.119556598,0.110936108,0.228569259,0.090302807,0.099244705,0.032141415,0.056951208,0.06310379,0.109282561,0.105767253,0.10785525,0.148285327,0.139251026,0.014980999,0.024652693,0.007764454,0.047157563,0.003012944,0.127578599,0.145443695,0.183705604,0.005931362,0.015579206,0.186897364,0.134769487,0.108463275,0.038863246,0.039178148,0.056196345,0.020599283,0.019146759,0.017734749,0.08376923,0.033176554,0.11453438,0.103521853,0.106016768,0.02337654,0.100088434,0.139072764,0.100160192,0.083090207,0.119456571,0.131287521,0.115264803,0.104994196,0.106093665,0.033216826,0.017806337,0.016755239,0.007185763,0.025751852,0.051618879,0.021476215,0.035518003,0.013625788,0.012179355,0.018837273,0.01213376,0.049998129,0.080643918,0.020881917,0.159810898,0.115591028,0.064596688,0.12987671,0.176228551,0.025629806,0.157370673,0.130727526,0.158450525,0.110996517,0.05148868,0.162260911,0.036172039,0.0336,0.001762311,0.007241354,0.002370631,0.008319087,0.003132012,0.005683167,0.002744878,0.006877666,0.004249565,0.005026551,0.003795591,0.005499602,0.007131426,0.011145734,0.007690931,0.004795623,0.004563212,0.004651343,0.007449283,0.008289561,0.016463142,0.011487599,0.008966669,0.015586632,0.005243287,0.008324197,0.003086126,0.003325401,0.002138964,0.002710652,0.010177719,0.010496836
106,0.024275625,0.0796578,0.022062411,0.02279741,0.018740046,0.01742108,0.016109199,0.17724388,0.166145289,0.142566185,0.110517246,0.133024324,0.019510177,0.013413748,0.024018288,0.043779256,0.072156821,0.009081224,0.040411802,0.009963878,0.013433701,0.014929999,0.070447078,0.15262168,0.121263903,0.097062298,0.07199939,0.113466203,0.04877183,0.013897089,0.018723344,0.016263211,0.009511733,0.012358644,0.010222386,0.050993419,0.075116602,0.133506203,0.033756232,0.091683991,0.070671861,0.02875094,0.112779829,0.119150033,0.044820116,0.051923739,0.089780426,0.091378732,0.048328864,0.073240334,0.131457095,0.118519114,0.168527063,0.155095944,0.100174497,0.134422558,0.016532396,0.024157467,0.018477327,0.048222783,0.041597782,0.013485957,0.10698952,0.052744565,0.186905672,0.154568288,0.06245928,0.075663192,0.061934543,0.170537802,0.220184302,0.098077297,0.06996886,0.062834925,0.107240185,0.086139291,0.146590392,0.092325619,0.067132983,0.079149514,0.064455744,0.122523372,0.065910316,0.116833473,0.205797485,0.242658258,0.113527636,0.082425819,0.10400899,0.097544097,0.153776467,0.139296423,0.061721491,0.11200587,0.108365214,0.111162266,0.086667583,0.08662072,0.106990321,0.112936296,0.128328117,0.118572918,0.188409151,0.130982383,0.122330334,0.114385261,0.225857951,0.090336744,0.098120486,0.039971373,0.061620671,0.067371432,0.105995565,0.102384331,0.105047741,0.129837117,0.122723177,0.027664898,0.045910163,0.013469322,0.087299609,0.004843819,0.142523278,0.160418167,0.182945129,0.011112147,0.011615884,0.178996039,0.134342898,0.106093332,0.045730578,0.043014934,0.05678054,0.026498767,0.033921651,0.021206926,0.080065797,0.032272392,0.108842967,0.099858187,0.109181869,0.023124354,0.104747057,0.122304245,0.096361317,0.086473041,0.110847611,0.123858279,0.106458605,0.101412446,0.104995434,0.033139392,0.020410548,0.016380032,0.012926042,0.027318323,0.053035698,0.022138933,0.036102697,0.014504257,0.008621697,0.012687399,0.011500883,0.071904831,0.117772928,0.036251642,0.175369941,0.117784406,0.067686328,0.14800966,0.208967796,0.046886502,0.173584898,0.140391029,0.17223082,0.111181926,0.053522487,0.175680453,0.015700949,0.027812829,0.00352891,0.011323294,0.004392659,0.011211562,0.006558715,0.010702065,0.004151569,0.011731242,0.006495985,0.008794093,0.007238668,0.00709238,0.00948476,0.02047382,0.010010118,0.007448057,0.007010697,0.005896319,0.009131907,0.009608046,0.025714425,0.01807436,0.022416193,0.022595212,0.007121609,0.018653844,0.004037347,0.004407943,0.002824031,0.003891933,0.02889147,0.029842545
107,0.022937624,0.130336394,0.015378345,0.021133917,0.015257895,0.013595912,0.008583202,0.012042912,0.017750913,0.017601793,0.029324402,0.024624963,0.016903259,0.012067027,0.018906572,0.058602677,0.115928023,0.005762744,0.052038549,0.008089803,0.010256816,0.011059735,0.111827483,0.276645312,0.168166342,0.020834046,0.089595975,0.148273766,0.058294618,0.019201264,0.008849941,0.012197281,0.010460547,0.011073546,0.008854906,0.024613722,0.052359099,0.139421417,0.014618245,0.063821898,0.031357251,0.014092672,0.023194069,0.01975043,0.035271032,0.061431043,0.045687588,0.074953789,0.044793687,0.099234781,0.029648376,0.036323017,0.018381609,0.013981885,0.020879799,0.020410391,0.009115303,0.020087437,0.012408663,0.012608168,0.035138089,0.007024277,0.025658894,0.044970575,0.171564946,0.150589677,0.035256002,0.057671272,0.056125682,0.246887757,0.275638472,0.072193497,0.03357334,0.031133618,0.093120997,0.071663227,0.082296331,0.042784981,0.030539349,0.036719442,0.027075927,0.09050031,0.037798744,0.135926998,0.207170764,0.281534017,0.089616167,0.053269959,0.034880607,0.041361652,0.147314062,0.14164642,0.054220623,0.120223898,0.065686342,0.022667386,0.044106975,0.034407033,0.111901358,0.151037178,0.205065375,0.174536609,0.359399234,0.216427028,0.179948151,0.171707711,0.384586609,0.090444512,0.111449933,0.040836912,0.083132862,0.086006792,0.125218697,0.114729787,0.122688951,0.045785609,0.055203047,0.00464873,0.005874521,0.00283414,0.011381481,0.001931209,0.26889313,0.304219288,0.31171715,0.002759862,0.004390257,0.288908372,0.220109153,0.160534053,0.061997388,0.058555582,0.073391427,0.021025968,0.015378235,0.01585376,0.108715441,0.03278761,0.143912474,0.127385701,0.17826371,0.017570372,0.183245211,0.056618729,0.084117478,0.145354802,0.083045685,0.10658009,0.069397209,0.116941335,0.112005345,0.038048509,0.018340125,0.011196992,0.006159798,0.0277557,0.079795852,0.022706144,0.042349845,0.011370494,0.008326518,0.013039138,0.006613577,0.060433282,0.104574763,0.02572949,0.342215855,0.171106444,0.067912132,0.109174856,0.188165078,0.015224493,0.330868792,0.248168459,0.328240226,0.179220401,0.070957071,0.335502676,0.007152491,0.022894132,0.001009562,0.001986764,0.00147512,0.002753741,0.001648829,0.009079338,0.002195171,0.005037417,0.001028989,0.001777277,0.009204543,0.001762044,0.004203349,0.008575865,0.00462968,0.004031949,0.001115239,0.001229993,0.003077045,0.002958534,0.003454715,0.00244347,0.002527962,0.002816063,0.001269278,0.003925884,0.000736361,0.000792733,0.00084577,0.001279219,0.003336145,0.003267664
108,0.021593654,0.047745256,0.021540591,0.020103515,0.016710367,0.016112588,0.016467201,0.201877051,0.186610937,0.178804265,0.149298627,0.168845204,0.017320152,0.02224831,0.025591464,0.030070436,0.046784865,0.010098866,0.028780668,0.009695974,0.01281907,0.014205258,0.041622798,0.092977512,0.088217384,0.122186147,0.08569673,0.084807895,0.056577763,0.017636802,0.020558694,0.033993648,0.015472806,0.023386288,0.020421059,0.071587896,0.098217845,0.170483793,0.047426513,0.142631393,0.137337928,0.038849726,0.154532632,0.149104115,0.056522594,0.054339891,0.100435252,0.095389667,0.055529805,0.062061517,0.149733294,0.135456587,0.189328181,0.191455512,0.147212891,0.170168125,0.040551344,0.042263537,0.040189552,0.105675758,0.061847041,0.040982247,0.131777154,0.067775096,0.173984193,0.218649106,0.080532888,0.078468613,0.075041005,0.131524618,0.202795568,0.13947823,0.091880644,0.084711112,0.126284228,0.131546974,0.256835989,0.114539773,0.089696485,0.102226977,0.088473613,0.140530794,0.085336461,0.106965079,0.215733923,0.231370809,0.155437687,0.143953173,0.230568102,0.21528885,0.220318073,0.187390632,0.09660626,0.140360571,0.118880984,0.144273242,0.106060212,0.103090593,0.096970568,0.089363041,0.08866801,0.087141949,0.098357499,0.086436608,0.089204926,0.083322332,0.107002748,0.093016936,0.089598484,0.045659804,0.053597313,0.059320691,0.090310822,0.091223667,0.090351738,0.145337033,0.13914775,0.037174608,0.061725518,0.018072468,0.116263202,0.006577529,0.074377635,0.092679308,0.094043008,0.015618912,0.015159918,0.088766489,0.078213088,0.069073539,0.034286279,0.033333148,0.045138505,0.025878383,0.040311526,0.02150272,0.060004663,0.031611089,0.08123575,0.080237054,0.069114489,0.02323329,0.057138931,0.138374696,0.098355965,0.053594964,0.110318288,0.115812304,0.111988889,0.087622289,0.096936997,0.026995618,0.020063257,0.016301147,0.016268855,0.023175499,0.035147899,0.018369813,0.027273342,0.014821058,0.016500506,0.022024242,0.011900099,0.104181558,0.128194767,0.061596088,0.086508249,0.087567097,0.074281971,0.21195825,0.242332176,0.060265476,0.097151236,0.087238655,0.094501499,0.062757081,0.041911411,0.084888669,0.042228823,0.049391012,0.007581495,0.037937477,0.008792708,0.041075895,0.012905999,0.012508208,0.006699103,0.024653599,0.024367374,0.026276273,0.008508412,0.024867813,0.020006543,0.028847539,0.020090179,0.011452725,0.025976806,0.023678665,0.027839574,0.023906996,0.085265998,0.064696048,0.073896593,0.077093832,0.025895312,0.030725106,0.022150196,0.025249395,0.015392319,0.013007728,0.094382001,0.0924998
109,0.02607119,0.057924119,0.027176738,0.024834716,0.021743901,0.020839124,0.02185035,0.218623671,0.203195865,0.181050222,0.144125008,0.169969489,0.022601923,0.019991058,0.030397504,0.038529251,0.055896654,0.012275872,0.036807209,0.012286451,0.016540334,0.018350152,0.051618264,0.106892306,0.099067249,0.136534747,0.096681998,0.095131902,0.059799353,0.018411836,0.021714866,0.031142126,0.014085661,0.021161921,0.018112168,0.075070976,0.107428363,0.176841858,0.049922982,0.130232534,0.109476416,0.040711524,0.144280112,0.173130596,0.06103116,0.056171198,0.103623046,0.096908388,0.057725794,0.065744522,0.158671873,0.141297191,0.205985935,0.196086422,0.136391012,0.172060208,0.036897793,0.036718996,0.034887091,0.081168765,0.049332486,0.028667019,0.113576727,0.056355133,0.15843726,0.159003316,0.077175453,0.078693877,0.060263991,0.149501837,0.191926349,0.104783912,0.087722545,0.079394409,0.111145052,0.094714278,0.179352249,0.112482064,0.085066206,0.098429121,0.083166165,0.132506389,0.081086943,0.112312045,0.195661121,0.217242491,0.123863673,0.09975188,0.148278199,0.132675003,0.159359508,0.139713109,0.067980481,0.108296698,0.120921732,0.153256571,0.106036161,0.110736999,0.103051565,0.097507997,0.09931278,0.096242927,0.118637691,0.097979751,0.099235948,0.091498941,0.136394391,0.090423352,0.092186635,0.03773723,0.05133617,0.055481406,0.096706885,0.095858174,0.096217806,0.151236425,0.142125521,0.030594741,0.049670689,0.015449545,0.09313162,0.006306625,0.091389876,0.108022657,0.116335979,0.013569052,0.017495252,0.112683768,0.093382478,0.080396072,0.03516814,0.036351165,0.050177483,0.028367608,0.036845811,0.024178057,0.067949479,0.036658163,0.091156878,0.087491363,0.080024044,0.027978707,0.070508554,0.141221297,0.099989341,0.063786405,0.116333147,0.124085203,0.116203616,0.093587641,0.100701747,0.033558471,0.021868791,0.020629065,0.015471552,0.029970864,0.042523223,0.02370579,0.035623891,0.016781752,0.014637909,0.02063201,0.015238485,0.078081338,0.108908467,0.042476883,0.107042943,0.096586073,0.068652491,0.166179209,0.205269284,0.049364437,0.114080751,0.100154399,0.112192518,0.076111987,0.046397076,0.106720908,0.036008839,0.03993878,0.005439813,0.023368057,0.006555867,0.023961672,0.009285976,0.01197932,0.005984724,0.01781722,0.014631509,0.016658186,0.007708881,0.015620761,0.01525491,0.024977747,0.015700939,0.010257501,0.015636524,0.014219681,0.018000049,0.017194764,0.051878227,0.038826762,0.041996598,0.047268685,0.016065171,0.023288892,0.012609788,0.014120927,0.009201659,0.008464388,0.052976377,0.052454511
110,0.012539884,0.026464844,0.005526641,0.010112185,0.003474876,0.003784643,0.002805277,0.015172604,0.013216196,0.032101318,0.01749479,0.018155421,0.00321321,0.023864355,0.00864052,0.010429366,0.028022497,0.002496039,0.009618495,0.001826826,0.00232367,0.00288208,0.019625548,0.038165675,0.029566655,0.002787041,0.018545657,0.029060132,0.03691222,0.00975143,0.012033808,0.043719411,0.011594839,0.023275311,0.021937886,0.014617422,0.00872973,0.016719283,0.010374777,0.019858712,0.019527794,0.010024861,0.010441377,0.003970811,0.017882399,0.043207626,0.025748549,0.050913786,0.029021456,0.050508221,0.018079968,0.021240643,0.013282417,0.032349574,0.050924675,0.016413799,0.060889602,0.067240129,0.067687877,0.035745155,0.177694311,0.13134752,0.006214454,0.198305797,0.379133998,0.509317663,0.013682805,0.007469653,0.112147917,0.052331079,0.271494549,0.25049624,0.019298921,0.029640633,0.178746068,0.230025442,0.442000008,0.025935039,0.020020025,0.022975243,0.020781896,0.120043855,0.024546692,0.056416781,0.305764678,0.331830157,0.247520216,0.355242009,0.432327915,0.407925505,0.507912897,0.450453621,0.234443883,0.332819401,0.043524504,0.021580422,0.016954481,0.004947361,0.023503718,0.025070423,0.031668635,0.033545229,0.042912737,0.0343906,0.030903972,0.041755611,0.034860499,0.08829161,0.057842242,0.111551738,0.074514012,0.083018372,0.037497993,0.047634508,0.041030819,0.030038584,0.032303992,0.042507902,0.056455311,0.02310117,0.102785147,0.018626173,0.063567548,0.038487069,0.033170634,0.029793807,0.023032064,0.034452201,0.032884606,0.032980692,0.113990992,0.032308937,0.033926721,0.01702573,0.026593731,0.010905861,0.033364191,0.010666605,0.030018359,0.036052702,0.041976351,0.008606038,0.029662199,0.034396591,0.055553379,0.0330574,0.025730784,0.03171687,0.024929446,0.034880648,0.052035279,0.009668238,0.028052809,0.008504755,0.044798515,0.005505202,0.019323615,0.004368937,0.00685086,0.01970724,0.013448596,0.014476276,0.005120063,0.275591432,0.341188035,0.166715736,0.044120192,0.031523073,0.107659679,0.352264887,0.381658459,0.050385871,0.04313737,0.035067908,0.03824748,0.035673624,0.034167115,0.046518107,0.069431853,0.11147972,0.024312626,0.056069752,0.023652208,0.007921162,0.041411251,0.021215857,0.013437104,0.043720254,0.033163804,0.049935519,0.010729249,0.022921607,0.022998469,0.060550873,0.021065101,0.022340684,0.036125616,0.020393358,0.010063366,0.007828639,0.126251024,0.097330614,0.148364701,0.100377183,0.023114385,0.138300952,0.007178508,0.005699941,0.003677281,0.008652417,0.226868285,0.229359647
111,0.017651686,0.052779088,0.010591501,0.015500524,0.010045432,0.009170631,0.006788433,0.04291963,0.042127283,0.048915239,0.05475635,0.052084733,0.009467555,0.015530106,0.012425459,0.02439505,0.04676624,0.00488861,0.022171872,0.005233835,0.00679321,0.00762051,0.045276218,0.091419436,0.06742005,0.010625594,0.02388516,0.061771904,0.03425578,0.008495491,0.021272001,0.0197294,0.008410841,0.01244112,0.011349882,0.017694867,0.01926341,0.041108832,0.012139777,0.044457365,0.052232015,0.011582173,0.035619688,0.01303719,0.020116468,0.041599655,0.041676879,0.059578938,0.030499846,0.056655944,0.044145564,0.045780335,0.043158951,0.049044896,0.048785871,0.05159499,0.024891545,0.034433402,0.028732121,0.046410118,0.077580425,0.034912949,0.038919976,0.091761231,0.283866927,0.382985745,0.032890426,0.019984003,0.07797799,0.073445226,0.234110045,0.186739823,0.039501561,0.04275989,0.131628678,0.164719663,0.312334416,0.049074454,0.038335463,0.043855738,0.039111452,0.110599375,0.04280657,0.077976388,0.254486847,0.2801777,0.177856481,0.21764072,0.280676775,0.278826811,0.381990308,0.337736626,0.167637717,0.247064436,0.058971007,0.028392852,0.035468724,0.012915816,0.050914264,0.057641105,0.072474225,0.067187312,0.109726795,0.076557269,0.069422457,0.070381063,0.104210396,0.078872911,0.067937904,0.071050292,0.06044067,0.074908069,0.061672082,0.065292357,0.063057387,0.061239763,0.056537938,0.061255196,0.096597614,0.028829375,0.182663967,0.013954848,0.1137136,0.097982524,0.091718755,0.02929472,0.017973389,0.088413598,0.074574146,0.062720294,0.075990886,0.043963155,0.045223114,0.027414882,0.050454052,0.019306152,0.051347629,0.02045554,0.060184535,0.058857228,0.071679953,0.013389799,0.065405967,0.058338785,0.063940014,0.056136897,0.054757724,0.066951919,0.048651353,0.057281364,0.066994333,0.01833428,0.023244042,0.01013752,0.041247598,0.014554574,0.037050052,0.011422601,0.018728813,0.015590326,0.008022458,0.008924328,0.006581586,0.168413047,0.212864528,0.114931393,0.105573237,0.065199391,0.074047904,0.252443147,0.301947677,0.082946867,0.105530548,0.083651659,0.10248557,0.073029361,0.045697745,0.109639882,0.028136371,0.046922438,0.012689687,0.041575151,0.014118877,0.023772089,0.023963585,0.017659582,0.008289963,0.032688526,0.024336641,0.03724073,0.00998562,0.018679023,0.018750628,0.046462015,0.017560742,0.015104055,0.026432212,0.016875262,0.016999327,0.011475579,0.096016052,0.070801017,0.105651378,0.077681369,0.020237117,0.072573223,0.010827446,0.011625736,0.00657896,0.009283619,0.155337266,0.158956715
112,0.012417873,0.049113065,0.00555802,0.009775502,0.003604623,0.004001306,0.002473175,0.005536244,0.009419714,0.009719053,0.016672643,0.013078635,0.003926987,0.019474176,0.007983942,0.017774995,0.044744974,0.002388416,0.0156932,0.002026346,0.002434103,0.002915311,0.039423733,0.097930455,0.062429508,0.001817336,0.014431589,0.053665347,0.030258135,0.007042005,0.015768868,0.038601159,0.008588072,0.019500132,0.018065517,0.005338481,0.005112764,0.013102027,0.004293229,0.013994215,0.014520937,0.005605834,0.006412232,0.001813187,0.013694757,0.038408814,0.028577782,0.05136363,0.025150985,0.055612862,0.020249968,0.025706841,0.009962667,0.007999767,0.012020973,0.01280617,0.055638714,0.051482085,0.054506535,0.030632713,0.114053584,0.073501552,0.006375459,0.136473946,0.320246879,0.293866778,0.01365777,0.006833695,0.088157802,0.065299219,0.200524854,0.159275777,0.01817399,0.022703345,0.116072661,0.134610741,0.254418902,0.026106024,0.017630481,0.021314517,0.017841181,0.089196044,0.022934223,0.067296704,0.223012759,0.24620493,0.141654585,0.208313991,0.227533632,0.219843216,0.29323634,0.262235952,0.13703074,0.192724154,0.044511261,0.006714505,0.014102772,0.003813812,0.044268935,0.054601574,0.0739188,0.06576237,0.117812418,0.077885142,0.068749193,0.070552045,0.094581736,0.070299589,0.061940054,0.067951626,0.053243846,0.058106618,0.055864344,0.058366548,0.057210653,0.043099411,0.037582575,0.055321465,0.083557428,0.027026104,0.158489959,0.017451941,0.116835795,0.106892873,0.084730507,0.028494305,0.020196525,0.070171538,0.068560988,0.05603238,0.100387763,0.039617475,0.0403428,0.020533229,0.039656406,0.013347638,0.045685527,0.013584657,0.05224797,0.053512434,0.071524025,0.008776846,0.063488457,0.039487903,0.056071599,0.055546344,0.045482008,0.05925299,0.037815848,0.051589593,0.063007395,0.013062114,0.024109283,0.007348441,0.044401157,0.007742526,0.032343609,0.006055656,0.01110097,0.016295549,0.01083625,0.01234571,0.004312582,0.17924355,0.245977947,0.105654414,0.114385317,0.063560643,0.069545082,0.206229005,0.264250203,0.072150967,0.115102894,0.087995869,0.110029421,0.062897314,0.041005175,0.113476108,0.058899432,0.073208781,0.013484937,0.034796254,0.01463282,0.005406362,0.027141055,0.015818934,0.008029144,0.028145704,0.02047832,0.036001949,0.007283721,0.013559752,0.014059377,0.047410129,0.013034756,0.01469179,0.022356062,0.011778632,0.006347667,0.004911492,0.070310271,0.058561471,0.085570044,0.056475995,0.013095011,0.101861383,0.00427318,0.003515228,0.002268735,0.005515237,0.127609752,0.131181864
113,0.028327657,0.063817219,0.032187178,0.027099783,0.024327984,0.023791729,0.025991683,0.229016745,0.213253742,0.191930149,0.160611185,0.184834524,0.026284307,0.020522772,0.035733631,0.044454066,0.061648841,0.014239189,0.042592279,0.014003336,0.018907014,0.020965798,0.057693896,0.112035756,0.105311717,0.182712311,0.115872321,0.102108419,0.067738483,0.020296557,0.021247026,0.036491545,0.014119109,0.02313397,0.019473494,0.091240636,0.130407797,0.196839372,0.060961387,0.136016776,0.104017698,0.048689134,0.145702939,0.230817334,0.073522149,0.060743505,0.108527255,0.099463159,0.06472755,0.068676983,0.166448531,0.147983466,0.216202848,0.206367691,0.149925417,0.186428072,0.045339683,0.038529059,0.03952967,0.077293944,0.040562109,0.024525372,0.092799142,0.045856244,0.125554392,0.106081999,0.088441651,0.095678606,0.05132974,0.172497841,0.182189636,0.078277301,0.097839703,0.08737351,0.100338515,0.066116626,0.122820005,0.123159632,0.094481974,0.108970533,0.092152413,0.131016976,0.090433547,0.12427546,0.178473788,0.202775108,0.104513541,0.064034711,0.090416413,0.070317396,0.1056743,0.096116703,0.043146825,0.078175666,0.124975771,0.188516547,0.123713897,0.146309958,0.10754127,0.102072457,0.103949245,0.10083672,0.127258244,0.103162073,0.104328718,0.095325379,0.154167302,0.089091953,0.094082977,0.029958381,0.04829317,0.05055561,0.101260855,0.099467428,0.100296869,0.158262384,0.148185962,0.022565825,0.036225404,0.011909324,0.068188227,0.005145651,0.096315385,0.113575033,0.129394229,0.009954853,0.021088788,0.127120285,0.102060952,0.08748855,0.031276994,0.036744054,0.053399282,0.028150366,0.029990538,0.025138573,0.074053556,0.041881444,0.098103343,0.092804949,0.085846761,0.032351288,0.077519533,0.147303218,0.102216883,0.069696518,0.121553272,0.130041887,0.120788789,0.097983622,0.103216874,0.038849975,0.022370907,0.023767901,0.0124268,0.034954019,0.047227371,0.027532448,0.041868883,0.017877362,0.015173526,0.022488149,0.0177486,0.05402332,0.082218602,0.025121099,0.115388296,0.101244473,0.064587751,0.135680058,0.173321472,0.035665119,0.120377427,0.105373583,0.119331659,0.083191983,0.048726575,0.115670027,0.042591991,0.03774527,0.003410171,0.013790702,0.004499825,0.015525113,0.005772937,0.010298789,0.005240008,0.012415345,0.008519744,0.009808755,0.006153721,0.010345092,0.011953938,0.019943476,0.0125775,0.008976449,0.009099464,0.009068815,0.013240975,0.013168655,0.029463015,0.021880435,0.019350472,0.02769003,0.009743119,0.014385562,0.006949042,0.007666012,0.005270031,0.005568647,0.023005524,0.022890366
114,0.033603514,0.062486808,0.037425617,0.032673603,0.030048768,0.028812961,0.031225498,0.203599073,0.190149871,0.177812844,0.156211201,0.173935942,0.031105077,0.023534933,0.040752371,0.047893115,0.061986169,0.016991155,0.046300462,0.016978898,0.023099151,0.025588685,0.057074054,0.104643244,0.099865773,0.188182517,0.114849493,0.097575371,0.070546779,0.021261042,0.025884998,0.04011843,0.016433086,0.025925149,0.022457919,0.094308697,0.133567905,0.192925133,0.063325493,0.139734783,0.112117385,0.050310374,0.151931999,0.235961025,0.076264418,0.063535996,0.10340802,0.096820467,0.06649558,0.068878305,0.152794027,0.138232155,0.192891472,0.189025993,0.149336929,0.174710318,0.049831345,0.043057146,0.044371339,0.085787087,0.048340976,0.031879179,0.098799105,0.054198067,0.137914295,0.123325875,0.088372588,0.096803821,0.05932,0.16450736,0.187150472,0.090650254,0.097107713,0.087606603,0.104351886,0.075958794,0.144686262,0.120462176,0.09403712,0.107709748,0.091921135,0.131088762,0.090460728,0.122325062,0.186933861,0.210861413,0.114719202,0.079638161,0.113562536,0.093158803,0.123246787,0.110325221,0.052392212,0.087436583,0.120082237,0.189358849,0.12295948,0.150654864,0.102486333,0.096797627,0.097930852,0.095612191,0.117090951,0.09724541,0.098812529,0.090561979,0.139264316,0.088081334,0.09139536,0.032711662,0.048110759,0.050400339,0.097258907,0.096262486,0.096487146,0.149681435,0.141102941,0.027021777,0.041973367,0.014634179,0.077499881,0.007086551,0.089467064,0.105905491,0.118766405,0.013468203,0.023914921,0.115285593,0.095958379,0.084155373,0.032283521,0.038557741,0.055261442,0.03298955,0.035982301,0.029614103,0.073422125,0.047660151,0.094188397,0.089720467,0.082094588,0.037306481,0.073868931,0.140432418,0.099344096,0.068550682,0.11568272,0.123234228,0.115347366,0.094226546,0.099332156,0.043274229,0.025903048,0.028226587,0.016699426,0.040625983,0.048440819,0.031770874,0.046824247,0.020877064,0.017711999,0.024565457,0.021223238,0.064732419,0.093612302,0.032578381,0.105635071,0.095961683,0.065432222,0.150808817,0.186156324,0.040711451,0.111674407,0.098899662,0.110744803,0.078549316,0.050669174,0.105549022,0.047943413,0.043828762,0.004949843,0.019909763,0.006304571,0.020944755,0.008082006,0.013366223,0.007105855,0.01671367,0.012711881,0.014234663,0.008007915,0.014711436,0.015411447,0.025669465,0.015933314,0.011961606,0.013547668,0.013285394,0.017612176,0.016178955,0.041373254,0.032094953,0.029237972,0.038716264,0.014033808,0.01949128,0.011375398,0.012629223,0.009034916,0.008275064,0.035600761,0.034986777
115,0.029627717,0.063554138,0.032588425,0.028539033,0.025757231,0.024792267,0.026620199,0.220145272,0.205250091,0.184881642,0.155553854,0.17846652,0.027117499,0.020894221,0.035691012,0.044984466,0.061656574,0.014508017,0.043116597,0.014551877,0.019741483,0.021883965,0.057441267,0.111193537,0.103912659,0.173114829,0.111356671,0.100684038,0.06608786,0.020032231,0.022615889,0.03626,0.014413118,0.023182085,0.019695139,0.087606655,0.125412521,0.190575403,0.058465589,0.132825387,0.102896637,0.046762513,0.142632459,0.22003707,0.070858315,0.059977388,0.105881066,0.098223738,0.063066607,0.06848163,0.161181013,0.143884713,0.208141234,0.1986324,0.144602535,0.180002722,0.044908398,0.038841859,0.039525023,0.076968435,0.042553549,0.025169466,0.093718142,0.048388442,0.134215022,0.116022312,0.085596458,0.091671887,0.052924593,0.167367141,0.184750481,0.083448191,0.095026326,0.085100666,0.101949421,0.07062677,0.132202388,0.119832505,0.091768282,0.105907127,0.089575598,0.130493956,0.088054379,0.122026492,0.182403214,0.206705817,0.108121583,0.071249854,0.099809707,0.080158645,0.115682706,0.104637098,0.048016179,0.084030429,0.122905086,0.180387125,0.119209662,0.138391524,0.105911129,0.10079158,0.102987397,0.09981789,0.126109301,0.102221562,0.103132939,0.094582972,0.151379731,0.088871396,0.093354242,0.031648492,0.048756149,0.051222801,0.099986274,0.098408728,0.099141834,0.154642229,0.145199656,0.024873537,0.039385498,0.013223108,0.073436652,0.00601538,0.09633858,0.112739855,0.127343296,0.011618825,0.021612839,0.124595193,0.100870517,0.086680332,0.032712894,0.037403892,0.053648017,0.029696903,0.03282878,0.026217208,0.073601876,0.04210849,0.096826368,0.091824336,0.085351309,0.032713786,0.077034204,0.144357588,0.101178966,0.069541494,0.119169639,0.12761369,0.118549352,0.096793939,0.10237964,0.039286657,0.02331825,0.024393716,0.014327335,0.035838602,0.047280613,0.028225078,0.042553146,0.018556179,0.015417476,0.022370518,0.018207288,0.059255211,0.088898782,0.028891798,0.114610906,0.100171166,0.065058337,0.141504558,0.179841345,0.038840685,0.11948681,0.104517166,0.118273737,0.082290276,0.049110737,0.114774952,0.042400931,0.038511201,0.004020299,0.015106919,0.005148538,0.01598517,0.006747914,0.011580997,0.005770711,0.013726596,0.009231936,0.010981138,0.007088312,0.010872741,0.01260173,0.022119102,0.013211312,0.009832115,0.009886779,0.009465279,0.013503737,0.013498861,0.032206706,0.024080437,0.023059948,0.02996802,0.010638863,0.016961206,0.007881897,0.008698996,0.006176697,0.006153392,0.028234684,0.028131618
116,0.0091685,0.035001087,0.012629805,0.007466717,0.005587124,0.006854567,0.009466135,0.329480279,0.303627069,0.308301515,0.303734369,0.319139782,0.010220335,0.034430726,0.018856488,0.020465625,0.037023056,0.005286033,0.01982781,0.005184333,0.005731524,0.006058068,0.027093811,0.078550917,0.090244843,0.307170735,0.164410332,0.092934024,0.073205241,0.022953335,0.006981255,0.094965388,0.018176815,0.048783005,0.041123961,0.165318616,0.225480556,0.313414686,0.109818187,0.247984123,0.214468426,0.0833875,0.270273069,0.465456897,0.113408735,0.0593359,0.153008915,0.130486898,0.084878436,0.066942711,0.239479323,0.212891497,0.30837347,0.322651868,0.281437513,0.319878914,0.13558112,0.081478951,0.104413983,0.184732309,0.046579102,0.044499552,0.124606745,0.047105032,0.080361398,0.035744553,0.155368155,0.113813121,0.042392788,0.114619172,0.115081506,0.063084376,0.174934673,0.157062084,0.119977758,0.051609458,0.12280397,0.204391794,0.1696794,0.189696432,0.170492866,0.175276761,0.160121654,0.134668559,0.159439131,0.136704011,0.100523526,0.045858967,0.09384092,0.033535521,0.036558769,0.035025545,0.01556155,0.033221136,0.178313753,0.354039684,0.203925427,0.20136674,0.140566693,0.117681009,0.096978454,0.101744715,0.054575606,0.083708152,0.096103602,0.096759187,0.047274296,0.1149765,0.113628358,0.027458523,0.047956399,0.04247176,0.113390436,0.113159475,0.113061347,0.20745197,0.21985343,0.013531127,0.023261579,0.00736262,0.045171577,0.002492778,0.035148037,0.06618952,0.052214226,0.004242919,0.033631024,0.041839363,0.059095115,0.063050276,0.012550033,0.016173346,0.036502767,0.013261195,0.02096264,0.011076973,0.067679262,0.016082021,0.090433518,0.101812788,0.063578124,0.014731568,0.036240786,0.216386051,0.138232419,0.04133041,0.149242743,0.141330293,0.168082799,0.118636054,0.140770913,0.019738652,0.011657461,0.009403756,0.003989376,0.011939105,0.02424051,0.010627859,0.016835831,0.010803211,0.027128295,0.04215745,0.007395965,0.031673536,0.052692467,0.009516548,0.045844527,0.10573359,0.087485849,0.141225067,0.162652068,0.034095963,0.064123977,0.074992547,0.058481097,0.034615268,0.028233302,0.038840578,0.128059819,0.06689943,0.001058852,0.010857111,0.00151656,0.022190699,0.002281329,0.002623443,0.001189215,0.007501095,0.005731136,0.006209915,0.003507594,0.009543633,0.011292921,0.006464989,0.012949711,0.002210689,0.00598784,0.007724999,0.015125829,0.021333722,0.026869739,0.014559916,0.008523008,0.029924186,0.010952157,0.006751586,0.005376866,0.00624486,0.002094037,0.004178851,0.007154114,0.008031517
117,0.013079722,0.038086534,0.016951602,0.011445413,0.009532125,0.011042277,0.014614215,0.322846438,0.296390046,0.292212332,0.250074093,0.278887426,0.013525441,0.024871942,0.022977695,0.022949713,0.038755577,0.008226847,0.022487885,0.007408666,0.009056498,0.009822867,0.030982113,0.084614333,0.094693408,0.244733332,0.133805959,0.093918545,0.065793051,0.019747632,0.01134297,0.056140851,0.015410674,0.032346865,0.027042643,0.136513396,0.183823975,0.269283649,0.091822311,0.216616502,0.186044252,0.072390848,0.292703613,0.385385838,0.094826874,0.057640189,0.152195998,0.127543693,0.077883912,0.066574955,0.234773261,0.210376456,0.300340017,0.310811242,0.257993482,0.282008717,0.074723132,0.052788622,0.06102519,0.14547074,0.045465599,0.037423633,0.185475533,0.049962523,0.106091117,0.054919086,0.129954955,0.100057619,0.045025157,0.120575539,0.145192521,0.075856333,0.14743614,0.134098129,0.128757887,0.061396196,0.135728076,0.178845958,0.143961712,0.161978825,0.143740904,0.168482062,0.134977933,0.129337443,0.177712688,0.171019399,0.113194898,0.057248143,0.103143893,0.05485655,0.055722751,0.049637189,0.024302066,0.041489317,0.171321649,0.30442397,0.17317165,0.156777889,0.138961412,0.117982206,0.099709865,0.103041682,0.065778908,0.087600417,0.100290219,0.097216865,0.060900696,0.113774567,0.112379804,0.022453901,0.044410504,0.034637951,0.113503483,0.112558308,0.113067009,0.211105968,0.209761661,0.021452701,0.036691287,0.010695403,0.069796536,0.003358498,0.046231046,0.07414404,0.061204256,0.007749828,0.019922149,0.052807074,0.062963218,0.063344446,0.015994885,0.021898864,0.039017716,0.018617383,0.031638247,0.015827287,0.063512522,0.024183093,0.089811389,0.098782436,0.065439917,0.018772231,0.041477153,0.20653509,0.133417043,0.043852438,0.154097673,0.149629516,0.16649098,0.116772955,0.136090053,0.02219493,0.013940441,0.01368339,0.006975898,0.017461324,0.0278562,0.014053057,0.02136045,0.011814988,0.019688353,0.030343356,0.010494599,0.04009007,0.068126132,0.015305936,0.055934576,0.106685677,0.089777936,0.152159071,0.182294967,0.050981758,0.073464446,0.080451968,0.067602879,0.041933417,0.032771573,0.050165723,0.070546203,0.049337681,0.00224511,0.019235477,0.003058917,0.039704139,0.004394299,0.005165527,0.002595709,0.012942583,0.011265658,0.011382327,0.005901312,0.017312779,0.01826145,0.012036888,0.020643081,0.004586171,0.011746927,0.015000774,0.026777112,0.033683514,0.044132854,0.027056694,0.018123911,0.04801062,0.01805882,0.01208856,0.011072113,0.013062896,0.005409813,0.008026492,0.017132954,0.017778318
118,0.075650954,0.054596856,0.024176839,0.081146287,0.076404355,0.058788281,0.030424107,0.001394259,0.004142673,0.005282857,0.023674426,0.011573833,0.049405572,0.13886866,0.028649143,0.079385863,0.048180694,0.056964893,0.076918458,0.029083596,0.051113182,0.053891909,0.062639729,0.010689358,0.029670792,0.006588875,0.078639159,0.037365749,0.054367042,0.077658574,0.049105929,0.152391984,0.130396491,0.147526203,0.149666788,0.016493181,0.040300506,0.155308947,0.008873023,0.186103732,0.266116687,0.008592276,0.047705632,0.001729273,0.027394597,0.041842032,0.009300479,0.018075008,0.027266379,0.030597365,0.005118948,0.005494875,0.004115977,0.002429083,0.009687961,0.007316958,0.155146706,0.154679895,0.157396079,0.241844132,0.168686883,0.168700236,0.019503377,0.16569909,0.213362774,0.017346225,0.072164445,0.091325102,0.170841141,0.088141205,0.046820023,0.059280571,0.05720555,0.076582517,0.032095306,0.02969552,0.062067439,0.043617238,0.062278593,0.054472461,0.067216344,0.041959133,0.06787408,0.063530681,0.054890103,0.043357949,0.024821107,0.140200726,0.084508485,0.102948725,0.019331465,0.016281536,0.036068443,0.009579514,0.015241783,0.008425861,0.061153464,0.032101856,0.006921405,0.007831598,0.010663827,0.013737402,0.006944713,0.017768574,0.016705973,0.012014873,0.005307666,0.01892198,0.018235882,0.008703287,0.006218033,0.003198438,0.019911052,0.023869389,0.020132619,0.004662638,0.010473487,0.197154045,0.215602577,0.121765993,0.275226993,0.107110407,0.016840838,0.014441395,0.017637532,0.215643618,0.174820601,0.018139771,0.03320304,0.044830802,0.045307166,0.089434571,0.098184964,0.077615311,0.191904978,0.077797996,0.051662708,0.22003064,0.038712121,0.028425291,0.030895678,0.030527271,0.04212488,0.011647197,0.017436576,0.040693279,0.005624815,0.008791141,0.005478643,0.018926254,0.012148528,0.0496722,0.071239785,0.035178889,0.235875795,0.118492753,0.077035026,0.067539411,0.111533074,0.05849248,0.146800881,0.148171597,0.027159784,0.225709683,0.226224912,0.064280658,0.004953449,0.012232886,0.011591448,0.034861486,0.059874138,0.155683674,0.008828697,0.017144988,0.016670875,0.046932317,0.103656133,0.00860553,0.164705346,0.162068241,0.025943144,0.015912719,0.056901433,0.005401424,0.032760837,0.008916296,0.09703685,0.020065218,0.007915917,0.021184239,0.003435697,0.007236,0.019164211,0.028594435,0.020001254,0.102481666,0.010725836,0.004910435,0.007040708,0.007118147,0.009811723,0.012700278,0.01070041,0.008305036,0.003620977,0.035946492,0.001732988,0.001412086,0.001707111,0.003621276,0.009385815,0.010818935
119,0.105199193,0.079393666,0.025392973,0.117198665,0.11464275,0.077163413,0.021595494,0.0019516,0.005856987,0.007761679,0.03380012,0.016760876,0.075458221,0.228175324,0.033030934,0.124198454,0.071268132,0.057919359,0.118513785,0.043119988,0.074491117,0.07295754,0.095017634,0.015922644,0.047444185,0.010281008,0.125640876,0.058647765,0.077761874,0.126364613,0.032568048,0.262763513,0.219063719,0.252693231,0.25550369,0.025995766,0.063982507,0.246795026,0.013793224,0.289719414,0.409934014,0.013024579,0.073894795,0.002321988,0.041218664,0.056484101,0.013468936,0.025082586,0.038921687,0.042063871,0.007312669,0.007881606,0.005772554,0.003514867,0.014681687,0.010535551,0.270648117,0.254956463,0.269255681,0.381977114,0.266526167,0.291728545,0.030861579,0.267696202,0.267010692,0.009956061,0.102600663,0.140592005,0.28546519,0.142667611,0.072394976,0.085746863,0.080549412,0.106755419,0.04529165,0.032543909,0.073874352,0.061945261,0.087416177,0.076945075,0.093513779,0.058927026,0.094545509,0.089740869,0.078892722,0.063309859,0.034251191,0.151960164,0.08562118,0.099515933,0.012106793,0.009432288,0.032187466,0.004725517,0.021215454,0.012686031,0.089618377,0.050306257,0.010411604,0.011930741,0.016279223,0.020598729,0.010119594,0.027406397,0.026177547,0.017741989,0.008097116,0.026082738,0.025861195,0.007609608,0.00708049,0.00246402,0.029748738,0.034290353,0.029432144,0.006717244,0.014675406,0.160612924,0.145457007,0.086603693,0.172106869,0.085227994,0.026818978,0.02228713,0.026905061,0.234213207,0.177623628,0.028576478,0.048775046,0.063890764,0.02678967,0.091833182,0.113873227,0.085245104,0.240455198,0.08442493,0.071722159,0.245849868,0.059388884,0.042913782,0.04342753,0.031150402,0.06412815,0.016310485,0.024337071,0.059702086,0.008488909,0.013674658,0.008071667,0.028046171,0.017158558,0.073901333,0.068774812,0.027900214,0.246468163,0.174248572,0.10760593,0.102648713,0.173784813,0.052535924,0.251174266,0.256024297,0.019933194,0.258774337,0.272789122,0.060652323,0.007256098,0.018455168,0.015298453,0.047756524,0.087712722,0.153190056,0.012737643,0.026675831,0.025969316,0.064598009,0.116536435,0.013959469,0.284462405,0.267705534,0.044000418,0.025111011,0.099344415,0.009186643,0.054295668,0.013565395,0.166364678,0.03266911,0.012036219,0.036057346,0.005283481,0.011467735,0.032956334,0.044529021,0.034608397,0.171151683,0.016928281,0.007314066,0.011998287,0.012256969,0.008104205,0.015149113,0.015565546,0.006861149,0.004697676,0.04927459,0.002432865,0.001873018,0.001840968,0.004944906,0.013244744,0.015878189
120,0.048935296,0.032746175,0.019039647,0.048461209,0.041352996,0.03572111,0.02440705,0.000809843,0.002457541,0.002689359,0.009815487,0.005390001,0.026214416,0.087577917,0.021884954,0.041862614,0.028906856,0.041111755,0.041186327,0.015721675,0.028256633,0.031830214,0.03480164,0.006854763,0.016222804,0.003171559,0.044294232,0.021316559,0.036947247,0.047234154,0.054441745,0.088120006,0.078543815,0.086530583,0.08834771,0.009047543,0.021564426,0.079894455,0.005019308,0.085665986,0.116236295,0.005135221,0.021600424,0.000882428,0.016894955,0.031034794,0.005693958,0.012682448,0.018511975,0.02183753,0.003014067,0.003208283,0.002494462,0.001302246,0.005346774,0.003437222,0.088008002,0.094054701,0.0903623,0.109882224,0.114855698,0.091850168,0.009027117,0.123335842,0.248267222,0.026060457,0.027051974,0.038643845,0.088598315,0.041016652,0.024797738,0.033517611,0.021767636,0.027895001,0.018468744,0.022115314,0.035405489,0.017630548,0.023512721,0.021460131,0.024341341,0.020185773,0.024638743,0.024440016,0.029357433,0.024055837,0.013728808,0.111306098,0.046302987,0.059848607,0.02710397,0.025583385,0.035353595,0.016528636,0.009956961,0.004103387,0.024751253,0.01435777,0.004084753,0.004687561,0.006442283,0.008659216,0.004749361,0.010541284,0.009501821,0.007947029,0.00330836,0.012067572,0.012020117,0.009447584,0.005762963,0.004373317,0.012226002,0.015620128,0.013043135,0.002684313,0.006173736,0.322935275,0.358761689,0.170081124,0.363903879,0.142216359,0.012061573,0.008588524,0.010711136,0.36433831,0.196955183,0.011357308,0.021656438,0.030433417,0.127361299,0.1003261,0.081441924,0.074017975,0.150283815,0.064987313,0.03521684,0.150118371,0.023060358,0.017228335,0.020755262,0.026213689,0.024052152,0.00687845,0.012011654,0.025073339,0.003281773,0.004941106,0.003356774,0.012105755,0.0085757,0.028223768,0.076774784,0.032245858,0.319215163,0.065327332,0.046906899,0.0361618,0.058199784,0.067122263,0.086788298,0.086479367,0.026590178,0.198199616,0.212905307,0.052841854,0.003449323,0.007570015,0.008337843,0.019562274,0.034370111,0.152704303,0.006112611,0.009983818,0.009692031,0.034572611,0.090207378,0.005185239,0.090983768,0.097251493,0.012371029,0.008323616,0.026168452,0.002524352,0.016141548,0.004818183,0.04541843,0.010158218,0.004316964,0.010267162,0.001835464,0.003720317,0.008985692,0.015351875,0.009300448,0.049491637,0.00562236,0.002696456,0.003315844,0.003275569,0.007565764,0.008392503,0.006388001,0.006385079,0.002141284,0.021650491,0.000933881,0.000765594,0.000955694,0.001919696,0.005559755,0.006258749
121,0.226475379,0.149720438,0.085629384,0.253608936,0.259800955,0.183002199,0.095833653,0.003478541,0.009585059,0.011609646,0.031485316,0.020428066,0.19478107,0.430307154,0.089539478,0.271758752,0.152290978,0.076038254,0.260216311,0.137462521,0.188511952,0.178072968,0.185383184,0.031255596,0.094026186,0.019397,0.232061661,0.115992785,0.146696242,0.240580248,0.051425189,0.49479089,0.420474444,0.480362183,0.488608545,0.04513493,0.105419311,0.376381843,0.025140466,0.363557472,0.463377738,0.024198764,0.092111951,0.005403896,0.075631211,0.108594466,0.025976516,0.048963583,0.073367446,0.085752463,0.012896854,0.014092158,0.009401828,0.005827074,0.023967597,0.013057363,0.50545351,0.461290413,0.494210429,0.480141131,0.471088155,0.516467667,0.043386976,0.5016619,0.485881056,0.020462469,0.075836541,0.18977116,0.490430639,0.254642848,0.146804091,0.154449861,0.056727424,0.062049214,0.070648372,0.051202286,0.122382099,0.052211284,0.058267919,0.058920543,0.052613691,0.067769808,0.055712219,0.077095979,0.134405622,0.132350926,0.065646827,0.215089664,0.120106239,0.133954617,0.023259843,0.019245184,0.044435108,0.011155199,0.037110493,0.020283151,0.091420097,0.078808612,0.019963599,0.02356132,0.032110366,0.040187774,0.020396661,0.053991548,0.051766711,0.034903355,0.016827874,0.040771819,0.046099873,0.011254647,0.012212652,0.004555967,0.056670715,0.062655027,0.055737041,0.012088908,0.022419045,0.242293207,0.189822912,0.125836986,0.164579845,0.128560924,0.050401298,0.044556138,0.054582793,0.416285429,0.254625432,0.053946025,0.094384211,0.121149647,0.033051687,0.110567988,0.162157635,0.123343214,0.376396409,0.115973039,0.135973899,0.275298584,0.116942949,0.085331729,0.081686636,0.085182143,0.126600077,0.0248037,0.047103863,0.125703329,0.016866469,0.027401084,0.015433794,0.054055434,0.032890553,0.178169099,0.123089825,0.090533896,0.364251358,0.347213151,0.191620415,0.23931824,0.364232964,0.095813122,0.482907369,0.490096618,0.065807544,0.335342972,0.429001907,0.080101542,0.014873451,0.036065626,0.025639089,0.092860559,0.165025379,0.20158536,0.025054639,0.052865164,0.052582166,0.108803552,0.154923027,0.027449981,0.511774006,0.473650799,0.091169084,0.057726586,0.202890499,0.025273644,0.112899117,0.047522758,0.347443139,0.078373981,0.028488767,0.076670642,0.020053047,0.029790864,0.07713964,0.114228704,0.081738897,0.364986496,0.038588425,0.018749476,0.029421162,0.03534985,0.025501755,0.044745516,0.032999605,0.024406089,0.020871106,0.102183088,0.012921675,0.014353076,0.034820666,0.045291436,0.028255314,0.032389446
122,0.041689548,0.017725741,0.020755786,0.035650319,0.024609794,0.026206131,0.028282031,0.00044915,0.001574029,0.001260201,0.003393593,0.002307345,0.01379064,0.044967047,0.022383814,0.020898934,0.018282987,0.027475475,0.020856625,0.007667848,0.016191543,0.02163776,0.016484922,0.004744606,0.008669044,0.001178471,0.022175909,0.012452476,0.029578884,0.022564476,0.085016121,0.03028923,0.033008279,0.031856562,0.033381377,0.004096001,0.008654809,0.028614364,0.002646849,0.024156609,0.028545495,0.003226899,0.005939621,0.000299081,0.011256145,0.027818571,0.00384809,0.01039495,0.014698639,0.018149227,0.001905094,0.002003478,0.001654842,0.000630993,0.002639369,0.001488545,0.027258228,0.040255485,0.030664182,0.02686182,0.048636604,0.02578742,0.002483126,0.048387971,0.12817832,0.053292776,0.007019808,0.013021381,0.028259948,0.015590025,0.012207902,0.018355349,0.006123278,0.006752987,0.011791919,0.023311389,0.027570872,0.005907595,0.006527909,0.006771193,0.005768671,0.010042491,0.005822211,0.006795992,0.016233878,0.013655294,0.008231133,0.085516355,0.040535,0.059250039,0.053736773,0.051295658,0.043954063,0.034836828,0.007581639,0.001757877,0.007848442,0.005312536,0.002511931,0.00291892,0.004063675,0.005943725,0.00345374,0.00653528,0.005449642,0.005688431,0.00190804,0.008870448,0.009011097,0.013046441,0.00652927,0.007521743,0.008201036,0.011645048,0.009507491,0.001570733,0.004153576,0.586530787,0.674277167,0.303776569,0.644245028,0.222589096,0.008098558,0.00531911,0.006366058,0.642978338,0.260737422,0.006404878,0.014647798,0.021822628,0.161741118,0.097486033,0.068509649,0.069546902,0.137783881,0.054099131,0.0251858,0.081466456,0.01443557,0.010822388,0.013795983,0.031413511,0.012278109,0.00466416,0.009540527,0.016390059,0.001930547,0.002715947,0.002228573,0.008444427,0.006672673,0.01727672,0.105317674,0.039769018,0.492211962,0.032559515,0.025272774,0.017926771,0.026294212,0.094861175,0.032726085,0.030478245,0.034237716,0.147473374,0.125847942,0.054607496,0.002409157,0.005027362,0.006907596,0.012084105,0.020678191,0.207437137,0.004661552,0.005973092,0.005661535,0.024088217,0.077215227,0.002766529,0.027193668,0.037129089,0.004451364,0.004007555,0.007587573,0.000644439,0.006642167,0.002109288,0.015327537,0.004189546,0.002325663,0.003384725,0.000668986,0.001643284,0.002594496,0.007389188,0.002511812,0.019703934,0.002702731,0.001494937,0.000951832,0.000716933,0.008323065,0.006859886,0.003885116,0.006917316,0.00140076,0.015564624,0.000389091,0.000259033,0.000141333,0.000493311,0.003536375,0.003647668
123,0.03454568,0.116790617,0.014078599,0.034883873,0.028116896,0.020160466,0.00941093,0.004493689,0.010163557,0.008407872,0.01947893,0.014885085,0.023504119,0.022022617,0.017045349,0.069073859,0.098953557,0.009862981,0.060400203,0.010318139,0.014517236,0.015870721,0.10799287,0.178487463,0.128816128,0.007683061,0.032525313,0.12118293,0.043072567,0.018704316,0.01183992,0.014909536,0.02069319,0.017083288,0.018877551,0.00889575,0.014958117,0.033453405,0.006594093,0.016344259,0.008579885,0.008222892,0.008782646,0.004556449,0.021694991,0.053567746,0.034167682,0.0592883,0.034886903,0.081458936,0.021525993,0.02728117,0.010674847,0.005259549,0.009415591,0.011905694,0.009349429,0.030188805,0.018160239,0.005755194,0.064668857,0.009494943,0.015672508,0.086734145,0.34355101,0.237115235,0.026674027,0.051955536,0.083383842,0.202651861,0.262592619,0.12817442,0.025203079,0.024321467,0.099099409,0.091545977,0.131624891,0.032372708,0.022845649,0.028005091,0.020278907,0.0883178,0.029834558,0.107720355,0.22939261,0.287491373,0.108854487,0.139396313,0.091203515,0.09403419,0.232633583,0.22074734,0.101064557,0.17393154,0.051037249,0.010119191,0.033428193,0.023926988,0.078448401,0.10467181,0.138406102,0.122653254,0.23535431,0.148871474,0.12568515,0.122703458,0.276021946,0.072480554,0.085312664,0.052727125,0.072961975,0.087048329,0.093909738,0.089096532,0.093040305,0.038133047,0.041867667,0.015517707,0.016075928,0.009552225,0.028656821,0.009020745,0.204694286,0.193063867,0.222773017,0.012481292,0.017085481,0.230174487,0.167790713,0.132762812,0.100442671,0.081660967,0.079970414,0.050306593,0.044623147,0.037744738,0.097133504,0.057751278,0.117812662,0.100459263,0.138785294,0.01674432,0.150190536,0.043333129,0.064951685,0.117706773,0.060447482,0.07769559,0.050210893,0.088557741,0.082429709,0.040431461,0.028404556,0.014643355,0.031965679,0.049432338,0.085753064,0.029992793,0.067171275,0.019320053,0.0179114,0.014657803,0.008562045,0.140367126,0.222777795,0.068398102,0.238700245,0.119590854,0.057588198,0.147315858,0.228386872,0.041426789,0.210950884,0.165243876,0.210728182,0.15601709,0.081495224,0.242076835,0.010108307,0.034960039,0.002787857,0.005144606,0.003609716,0.007877088,0.005146831,0.071281147,0.003071148,0.028294022,0.002390161,0.004795632,0.088470431,0.005286816,0.020405806,0.033769737,0.022465721,0.010361777,0.002452257,0.002994333,0.009188138,0.010575325,0.006947378,0.004690865,0.005772222,0.005419562,0.003785671,0.01577329,0.00189876,0.001794095,0.002060603,0.003668318,0.008069769,0.007532402
124,0.026559443,0.109795716,0.025190939,0.024909106,0.020495846,0.019259963,0.017373099,0.088038975,0.083017859,0.108515414,0.12376054,0.11559293,0.022864343,0.012170301,0.027072682,0.058256772,0.099730456,0.009314545,0.053167175,0.011433299,0.015010777,0.016487801,0.096965825,0.187695839,0.140929958,0.176049596,0.065819161,0.131980713,0.052177346,0.013198538,0.01545447,0.013134329,0.008824818,0.010489176,0.00885399,0.05687901,0.070276687,0.097915732,0.038963791,0.065400829,0.041309796,0.032810492,0.093311686,0.190194545,0.049602762,0.058739841,0.070081841,0.081629493,0.052517967,0.087007554,0.079835611,0.079861951,0.084719394,0.106832686,0.126629738,0.110774626,0.012458489,0.022552834,0.016693852,0.027014996,0.03573693,0.01296861,0.054121776,0.041799016,0.13727824,0.114613073,0.091167788,0.159585166,0.082054538,0.278318347,0.310831804,0.100995183,0.087459795,0.07758363,0.111944722,0.069480671,0.115905224,0.100405289,0.082500774,0.094346286,0.077619339,0.126042137,0.086047799,0.163252629,0.250802657,0.322998735,0.143291039,0.056593042,0.056432299,0.044617674,0.112819358,0.106834572,0.042654602,0.089781236,0.087276998,0.15666299,0.127426141,0.176029124,0.100786597,0.119153942,0.148387003,0.134396118,0.267943966,0.157726585,0.139752409,0.133360607,0.368814198,0.088326321,0.10077865,0.03163502,0.065423481,0.063379229,0.1119346,0.106919305,0.110264656,0.096237356,0.092241635,0.011224779,0.017548941,0.006016353,0.033348714,0.00273933,0.193901366,0.200186578,0.274267204,0.005137369,0.007949391,0.277664926,0.184135539,0.137600367,0.043699488,0.045928468,0.065708492,0.02206041,0.019050903,0.018359238,0.097801952,0.034893762,0.127942652,0.1121134,0.147485868,0.025773569,0.153436041,0.093800492,0.086702669,0.122093444,0.096549607,0.11622426,0.084612043,0.10462362,0.10078378,0.041443161,0.019518038,0.017277391,0.006864419,0.031625967,0.068451994,0.027040273,0.04536949,0.013481765,0.007480955,0.010140547,0.011900475,0.052216317,0.084001814,0.021439825,0.269014832,0.131810325,0.065303775,0.164514037,0.235992477,0.021281095,0.228417627,0.172213494,0.223305886,0.153362075,0.061350457,0.264653279,0.012968155,0.02721748,0.002008394,0.005475223,0.002888472,0.006760973,0.003286622,0.008435243,0.004248625,0.007396397,0.00309741,0.004271965,0.005360038,0.004463938,0.007093194,0.014023197,0.007575658,0.007142735,0.003356299,0.003582032,0.006858538,0.006399047,0.010772485,0.007981846,0.006710117,0.009882664,0.003626549,0.007780325,0.002240781,0.002407642,0.001931074,0.002561984,0.008053113,0.008126001
125,0.048256327,0.118344378,0.043033742,0.04865092,0.044582247,0.037154684,0.031172829,0.033708734,0.036118538,0.046987127,0.062384499,0.054957957,0.040444985,0.01581582,0.042016521,0.075973856,0.11195212,0.016735323,0.070208697,0.020005784,0.029172534,0.032398192,0.10548344,0.21077105,0.141978504,0.084135341,0.091617314,0.12799213,0.062183231,0.020856422,0.02912829,0.014345174,0.01347743,0.013386092,0.011694529,0.044889656,0.072429156,0.13532489,0.028966581,0.069160836,0.035232813,0.024395534,0.050897176,0.097452132,0.047035669,0.064104997,0.051711134,0.072968618,0.050525687,0.09193004,0.043743991,0.048470881,0.036992107,0.043059258,0.060124211,0.050178246,0.011086077,0.02219114,0.014843685,0.016751796,0.031267324,0.009079223,0.034214285,0.03712859,0.130881304,0.093437507,0.057453569,0.108015613,0.06840791,0.27432088,0.285640138,0.086407754,0.052989827,0.047060375,0.09505718,0.060179093,0.093976643,0.062781888,0.04900572,0.05739914,0.044352793,0.099711032,0.054799554,0.147377948,0.221534725,0.298252368,0.11813844,0.050706296,0.044019285,0.036174864,0.092011235,0.087760666,0.035752616,0.073615132,0.068262537,0.079134623,0.078955125,0.09224623,0.09352096,0.119854856,0.159767683,0.139045819,0.28767026,0.170438088,0.146980344,0.13684159,0.342301891,0.081016669,0.096126503,0.027785873,0.061184211,0.053492971,0.108007292,0.101648415,0.105988424,0.062220712,0.06337153,0.009971787,0.01298061,0.006304428,0.024341071,0.004127148,0.215233689,0.230083718,0.26451738,0.005888764,0.010176528,0.248941431,0.184271654,0.138829892,0.043008061,0.057327849,0.0750943,0.045287249,0.039888631,0.038128069,0.101119474,0.055580381,0.124779084,0.109866005,0.152498245,0.041674348,0.161017463,0.065166885,0.078425597,0.132908538,0.080797752,0.103211513,0.067199514,0.099433949,0.094323687,0.059148811,0.028860131,0.029141819,0.012397256,0.054586357,0.080492815,0.042166982,0.067024587,0.020565995,0.01095952,0.014561811,0.020440354,0.047747135,0.079222456,0.019257361,0.283731139,0.135880948,0.059484609,0.137078499,0.201663843,0.028868204,0.25539578,0.192062416,0.250535023,0.151392943,0.071792403,0.276717217,0.009607307,0.024066143,0.00271845,0.00518666,0.004146608,0.008557132,0.004304266,0.020846331,0.006601683,0.012903535,0.002609175,0.004728387,0.015293,0.005247532,0.011453016,0.026837584,0.012186019,0.012091388,0.002856332,0.003646783,0.010192261,0.007845662,0.007451754,0.005939154,0.004784409,0.006437261,0.003207903,0.009721048,0.001914249,0.002013322,0.00250824,0.00380311,0.006143591,0.00575246
126,0.040267679,0.0318939,0.01657626,0.03961383,0.03343168,0.033570974,0.025189792,0.000663821,0.002257596,0.002711692,0.014510381,0.006586951,0.020598954,0.050538686,0.018390256,0.033929118,0.024250099,0.05875605,0.034763577,0.012923238,0.024464248,0.029568477,0.032849816,0.005046568,0.011690334,0.00256674,0.031868596,0.015823902,0.029053813,0.028422591,0.055567508,0.04724843,0.042957749,0.046222849,0.046962915,0.006966816,0.016940708,0.067737027,0.003849113,0.09202973,0.138693542,0.004014999,0.023840275,0.000619721,0.013235624,0.025057077,0.004782932,0.010177995,0.014767026,0.017681292,0.00271243,0.002883861,0.002278129,0.001166018,0.004595259,0.004143859,0.046709751,0.058038842,0.051607816,0.116991266,0.071055593,0.055042036,0.008931624,0.054104581,0.089470579,0.012068185,0.045937157,0.045788709,0.063260224,0.035769697,0.020051142,0.037688647,0.037102085,0.051149823,0.018544263,0.030442363,0.065152468,0.027396145,0.040773867,0.03488738,0.045112915,0.025572049,0.045301487,0.040060857,0.028882442,0.02013442,0.017445515,0.14674122,0.118164234,0.148282204,0.014911824,0.010489122,0.041106484,0.004951303,0.008802516,0.00400114,0.035592041,0.014607776,0.003208461,0.003469847,0.004724759,0.006473985,0.003341806,0.007772374,0.006952691,0.005778944,0.002245253,0.011468909,0.010171419,0.009006711,0.004691195,0.002255116,0.009705578,0.012945372,0.010347598,0.00235112,0.00608485,0.18239778,0.250337199,0.120444767,0.410163669,0.087316133,0.006446038,0.006215805,0.008163439,0.116905162,0.140835098,0.008089111,0.017301061,0.025370672,0.017696973,0.077698535,0.084317619,0.065750993,0.148161111,0.074301591,0.03154375,0.221013634,0.017708461,0.013639274,0.018562239,0.022993305,0.021375015,0.006789883,0.009778453,0.021006846,0.002502154,0.003626209,0.002637806,0.009411737,0.006546607,0.022832527,0.059694807,0.029606092,0.172559583,0.064973038,0.050444467,0.031414119,0.051255283,0.050132783,0.04544836,0.044715542,0.023978505,0.191622068,0.16011147,0.081497315,0.002269772,0.005661908,0.007452004,0.024437128,0.03064307,0.179441717,0.004438995,0.007275031,0.007030477,0.029973415,0.091930596,0.00326562,0.053054641,0.06140734,0.008585429,0.005895868,0.017598207,0.00155557,0.011395789,0.003044835,0.031442902,0.006879557,0.003107404,0.006755349,0.00106367,0.002549861,0.005827295,0.010479126,0.005961011,0.035200206,0.003973818,0.001948652,0.0021253,0.001963756,0.006993839,0.006712888,0.004444025,0.00582671,0.001545824,0.017188205,0.000545938,0.000373926,0.000214491,0.0008261,0.004081424,0.004453459
127,0.077833292,0.025864413,0.042821762,0.078446924,0.070149634,0.070911065,0.086572636,0.000920465,0.0026958,0.002765905,0.006014909,0.004557205,0.038212827,0.156758038,0.045973517,0.052032335,0.032496501,0.039564662,0.050264926,0.019635588,0.043671628,0.058142989,0.029531274,0.007789972,0.019750085,0.00351062,0.066520017,0.024667028,0.048255099,0.089312095,0.11955484,0.155023971,0.149162018,0.157123682,0.164228255,0.01366667,0.035109111,0.124472627,0.006950148,0.099988884,0.114122794,0.006557178,0.02311339,0.000856684,0.021830581,0.037656116,0.006650529,0.014617734,0.022480053,0.024584725,0.003406878,0.00363049,0.002723059,0.001417808,0.006576469,0.002960064,0.149065099,0.153226819,0.150603427,0.11906109,0.158948465,0.141672588,0.009829748,0.173013867,0.286080485,0.064003738,0.011127231,0.032579411,0.119597012,0.044216819,0.036302387,0.043546143,0.008896705,0.008529823,0.022956571,0.032163091,0.05157889,0.009630444,0.008956624,0.01025499,0.006933084,0.018857268,0.007645589,0.012919138,0.042240057,0.041503871,0.020559585,0.134323784,0.067913033,0.091749835,0.064612858,0.06012437,0.059240287,0.040854109,0.010844748,0.00414108,0.015719545,0.014003671,0.004836663,0.005621794,0.007663713,0.010013813,0.004811262,0.012454775,0.01155632,0.009060506,0.002857461,0.013378708,0.013561555,0.015705811,0.007526238,0.008498082,0.013959028,0.017412049,0.014768385,0.003231586,0.006303932,0.341491055,0.409046138,0.217606355,0.498442988,0.157826597,0.005817616,0.010027664,0.010143403,0.323786829,0.198631633,0.00640673,0.020250141,0.027841634,0.060983413,0.05406454,0.055315823,0.056831902,0.136322171,0.044619227,0.031329701,0.077919782,0.025516317,0.018445266,0.016862549,0.053598925,0.020384107,0.007011815,0.013532157,0.026989624,0.004106436,0.006242409,0.003912324,0.012971363,0.009401101,0.039599174,0.100672853,0.080459175,0.287830355,0.073213967,0.036069963,0.044616123,0.064075444,0.089163993,0.162556939,0.15744224,0.063958546,0.222792408,0.23887147,0.086357839,0.003204415,0.008792865,0.010178828,0.030025327,0.050698881,0.12927188,0.006530213,0.011914861,0.010941031,0.019885722,0.05695639,0.003194994,0.14719823,0.147512782,0.013397328,0.012987284,0.022402228,0.002119748,0.02094273,0.008895478,0.044692165,0.015745071,0.007592374,0.010805926,0.003345793,0.005315668,0.008619219,0.029271916,0.008420505,0.058573787,0.008668974,0.004793643,0.003044759,0.002485256,0.027727368,0.022180568,0.020433624,0.022365745,0.004702058,0.050305186,0.001366303,0.000987533,0.000727015,0.001974481,0.013337497,0.014409915
128,0.040555162,0.120720137,0.02296793,0.041624747,0.036599772,0.027114284,0.016567533,0.008464519,0.014243895,0.013468837,0.025376761,0.020639109,0.030874481,0.019525236,0.025207727,0.073076571,0.110234834,0.012318979,0.065162659,0.014743688,0.020864984,0.022697013,0.107316992,0.233219389,0.15344121,0.016155751,0.074741763,0.134431057,0.053643135,0.022931852,0.017144352,0.015995421,0.019138241,0.017105144,0.017086483,0.021283898,0.043656219,0.110384668,0.013044617,0.050627,0.024649052,0.012699173,0.018398138,0.017149041,0.031584137,0.057978906,0.042107629,0.068772262,0.041291852,0.091101743,0.026640451,0.033444686,0.014823463,0.009860804,0.016164194,0.017040956,0.010797788,0.023246085,0.015037635,0.010184022,0.033119991,0.006729553,0.021748672,0.042659131,0.164613672,0.105629273,0.031170393,0.047946032,0.047611419,0.228064232,0.226113085,0.069295134,0.029724849,0.027107315,0.080404293,0.05703358,0.075960004,0.038558426,0.026652516,0.032527379,0.02358216,0.079835926,0.033986032,0.129160945,0.181882934,0.245322324,0.07929488,0.059803272,0.041754562,0.040099592,0.103764254,0.099401253,0.042435789,0.081516605,0.059459054,0.018793017,0.038226459,0.027054279,0.09606869,0.128560501,0.175785559,0.149542197,0.299996311,0.187003717,0.160364881,0.145365429,0.307627868,0.078955322,0.097428456,0.029464084,0.061881683,0.053935733,0.111057533,0.10212604,0.108431158,0.045771939,0.050170044,0.010553838,0.010509965,0.007346802,0.018078707,0.00657272,0.223839637,0.257766855,0.250330054,0.008180186,0.014775465,0.216841011,0.184564775,0.140866445,0.05234671,0.067150458,0.076350605,0.049567109,0.046199428,0.0388151,0.101676366,0.057615659,0.129286874,0.113033892,0.154756527,0.024556543,0.162472783,0.051822375,0.075365952,0.132512218,0.076621588,0.101368616,0.062417826,0.102158652,0.095755583,0.048060722,0.027056306,0.018986359,0.022629043,0.053044485,0.084795187,0.035190772,0.068583224,0.018874195,0.016589022,0.017653297,0.012212435,0.058704257,0.101796346,0.024981261,0.291870148,0.146324555,0.057732645,0.099564263,0.16067934,0.034884277,0.276928008,0.213780237,0.27460494,0.145372808,0.074883494,0.28148305,0.008837486,0.022784787,0.002143033,0.004183821,0.002977737,0.007447993,0.003695323,0.041369662,0.003355633,0.018205998,0.00197755,0.003796636,0.047366098,0.004637746,0.014238991,0.026280397,0.015508461,0.008731024,0.002080479,0.00283473,0.008911937,0.008286346,0.005787244,0.004122427,0.003656783,0.004662498,0.003134103,0.010065988,0.001738705,0.001781011,0.002635639,0.004017556,0.004919343,0.004372432
129,0.071330044,0.106533178,0.065244795,0.07373719,0.070915363,0.059091765,0.053077042,0.062025507,0.06146615,0.072667239,0.084944663,0.079710941,0.060786424,0.021009902,0.061479543,0.09016539,0.104214653,0.027080234,0.085242254,0.031522858,0.046365137,0.052054266,0.100303113,0.156183357,0.122158039,0.125071013,0.094698254,0.115625141,0.06727678,0.023184395,0.049823055,0.018963979,0.017576943,0.017283963,0.01609715,0.062579305,0.092216468,0.135131801,0.041522364,0.077719421,0.044223439,0.033357554,0.075509844,0.152700135,0.058005425,0.067391549,0.059471549,0.073037093,0.056109494,0.083936157,0.062255038,0.063855874,0.06264758,0.070498524,0.084938397,0.07581686,0.016398086,0.026723203,0.019666315,0.02549949,0.034781235,0.012096809,0.044463008,0.041404805,0.140895199,0.095878377,0.067068122,0.113596655,0.066810783,0.24969415,0.264367118,0.091828231,0.06414806,0.05697644,0.09334809,0.059875748,0.105250399,0.075776824,0.060027713,0.069695094,0.055917809,0.104041044,0.064603743,0.144275274,0.217883421,0.285585662,0.124704697,0.059695998,0.059106318,0.047097046,0.094818107,0.088897317,0.038550614,0.072511782,0.073922677,0.117200002,0.093693142,0.118678527,0.082211925,0.097471391,0.123211927,0.111572749,0.213275443,0.132960396,0.119119007,0.108458529,0.274920972,0.073954707,0.084919467,0.026403217,0.050706366,0.046944725,0.09570982,0.092444861,0.094228618,0.080280129,0.074664677,0.020365565,0.027320173,0.012885078,0.048423881,0.007864225,0.165197105,0.1694389,0.214304076,0.012237985,0.019159009,0.209740553,0.154084384,0.12317484,0.040506711,0.063065383,0.080270785,0.066901374,0.061970749,0.057580681,0.097039194,0.077536059,0.113160734,0.097972436,0.125697596,0.061950452,0.134123317,0.07635041,0.075755816,0.115583485,0.081155321,0.099983724,0.069540922,0.088306877,0.08247825,0.076379974,0.040840275,0.047089625,0.021316183,0.078079907,0.082585286,0.059328177,0.087992093,0.030953948,0.014860506,0.017479835,0.034276896,0.053036384,0.086891692,0.022628669,0.207071348,0.109015248,0.053563677,0.147938516,0.199878297,0.044620214,0.187115705,0.145834793,0.186944745,0.132783358,0.077028604,0.207682506,0.014907856,0.027500988,0.00444489,0.009561413,0.006568687,0.014284754,0.007181838,0.033543602,0.009696502,0.021311265,0.005031444,0.008373421,0.023903965,0.009092749,0.018511103,0.04450215,0.019580181,0.018386279,0.005483023,0.006509147,0.016577801,0.012953902,0.015179894,0.011998091,0.009521543,0.013221689,0.006280676,0.017194508,0.003917459,0.004227502,0.005647911,0.007718802,0.011861578,0.011257789
130,0.097173793,0.099830185,0.089165092,0.101828984,0.100223844,0.083310209,0.077142958,0.071891883,0.071068398,0.078370181,0.08897305,0.085447238,0.083183319,0.025844244,0.0829844,0.10595751,0.103312226,0.038495617,0.101948123,0.044397865,0.065357873,0.073776408,0.09773276,0.121471731,0.107702772,0.139010282,0.105281367,0.105645435,0.076252887,0.026436545,0.072246465,0.023397567,0.021274039,0.020887542,0.019859452,0.077223207,0.113373309,0.145433849,0.051603529,0.088181589,0.053036025,0.040320523,0.088827211,0.179563139,0.069217178,0.073894465,0.062659123,0.073011042,0.06248691,0.081407292,0.069335392,0.06971282,0.072304926,0.076939406,0.088955874,0.082257978,0.021500013,0.030705138,0.023893146,0.032845768,0.037000529,0.014510854,0.049187702,0.043938174,0.145494153,0.096490231,0.067504734,0.105696672,0.062433567,0.225156831,0.249835412,0.093356355,0.06584689,0.059143926,0.092312017,0.060713248,0.116110133,0.078318064,0.0619945,0.071798054,0.058554509,0.104849211,0.066298044,0.138646083,0.218081517,0.280334857,0.128226947,0.065603279,0.071538197,0.056221301,0.095818822,0.088534606,0.040339785,0.070623258,0.075624216,0.131503529,0.094770809,0.121420124,0.073884285,0.082606161,0.099833895,0.09343106,0.16257841,0.108613826,0.100896897,0.089647914,0.216518618,0.068923879,0.077163363,0.025518824,0.043713888,0.041723109,0.086991017,0.085847396,0.085875165,0.087517954,0.078201402,0.030303445,0.040680182,0.019423188,0.07040359,0.011667083,0.132790058,0.131013615,0.172733798,0.018463974,0.028681488,0.171920147,0.131027261,0.111909437,0.038277822,0.070209245,0.087442967,0.091778901,0.087339317,0.079826184,0.095805412,0.100685976,0.104158777,0.089746908,0.108056436,0.084088583,0.116450014,0.079854472,0.07382153,0.10727619,0.079458125,0.095949991,0.069055823,0.080221676,0.074022827,0.096179942,0.054112391,0.066839147,0.030363854,0.101831218,0.086645337,0.077830711,0.108320313,0.042333864,0.018209406,0.020565734,0.049457099,0.056265697,0.09094128,0.025221684,0.156224203,0.091280333,0.049627768,0.157516773,0.20232253,0.060308613,0.142753636,0.116315058,0.144942802,0.117185081,0.084240751,0.160389726,0.019626771,0.030167096,0.00581752,0.013531234,0.008434224,0.019201585,0.009515962,0.042633686,0.011750645,0.028068187,0.007288567,0.011610814,0.027965913,0.012419209,0.02405509,0.060290991,0.025311336,0.023014011,0.007937783,0.00903917,0.021986645,0.017017542,0.022642151,0.017941771,0.014075048,0.019637619,0.00913076,0.023510685,0.00580933,0.006377761,0.009085145,0.011874406,0.017466831,0.016641456
131,0.031564241,0.019332409,0.012516658,0.033109228,0.029316344,0.01959482,0.009877906,0.002054971,0.0047524,0.004412158,0.009578525,0.007199232,0.015823664,0.017257467,0.013965203,0.019654031,0.022124332,0.009680731,0.018284881,0.007451424,0.013075946,0.016338463,0.017008666,0.019776315,0.021507643,0.002356648,0.015624431,0.02176999,0.02665621,0.011906922,0.033133714,0.01134935,0.013430847,0.011443569,0.012412357,0.004000007,0.005433681,0.012155444,0.003087773,0.007156397,0.005011897,0.003979726,0.003285744,0.001548481,0.011138372,0.028462231,0.012681904,0.021248747,0.01771689,0.024862107,0.009669055,0.011722374,0.004937735,0.003044578,0.005807287,0.006491224,0.009373761,0.023821393,0.014634059,0.005181018,0.053679746,0.011644733,0.003801425,0.063697286,0.237151324,0.401644004,0.010363269,0.014783219,0.028432172,0.063538593,0.213146121,0.108564517,0.011402029,0.014676408,0.109266441,0.107256816,0.204481069,0.014521574,0.010495407,0.013051548,0.011488563,0.080768105,0.017935311,0.051900797,0.251089363,0.269146591,0.129290182,0.178056935,0.138328553,0.156286839,0.393865851,0.367301522,0.181939098,0.2622349,0.018732707,0.004279178,0.011912962,0.007074542,0.012544169,0.013700396,0.017096388,0.018040436,0.024831614,0.019975096,0.019149352,0.018282303,0.029779039,0.031601135,0.024484566,0.056995522,0.028607022,0.050344241,0.020351025,0.024989553,0.021939215,0.020426706,0.016086927,0.060738429,0.082594101,0.036559318,0.138251538,0.025685459,0.042016408,0.020283424,0.025236736,0.042359387,0.042320279,0.031013586,0.024575605,0.024712031,0.029530023,0.032311419,0.031563782,0.052208507,0.083134865,0.037157391,0.022549434,0.032063742,0.022023249,0.018092283,0.022020294,0.016062693,0.020757416,0.017229275,0.019618637,0.022773482,0.016791974,0.021701135,0.012750534,0.016254353,0.015938993,0.017768641,0.026841459,0.01214387,0.059072569,0.017789863,0.017923312,0.013121552,0.015697481,0.019624548,0.011316851,0.009207358,0.008446844,0.159014829,0.188490769,0.122759363,0.027089199,0.016790869,0.030915106,0.195358011,0.309330441,0.080088823,0.02251632,0.019936293,0.021269545,0.028422545,0.033345943,0.031122176,0.009759781,0.028157338,0.004677625,0.007130562,0.005416658,0.004516763,0.009568028,0.02781949,0.003745769,0.016684455,0.003882658,0.00685121,0.02470032,0.004414242,0.009956617,0.034680529,0.010526248,0.008778177,0.004160064,0.003135921,0.005446664,0.005015078,0.01185365,0.009764295,0.01692999,0.0094193,0.003685495,0.033315355,0.001864382,0.001865205,0.002633228,0.003809374,0.020273307,0.023063699
132,0.212395664,0.069884607,0.085976505,0.239139423,0.2418814,0.168121116,0.096650032,0.004727466,0.011104281,0.009109784,0.024992708,0.018280494,0.138952541,0.050569103,0.08283755,0.130352613,0.092950963,0.048373158,0.124423776,0.084238491,0.12696486,0.148949671,0.06888938,0.051837987,0.070934724,0.008805792,0.038441788,0.071163877,0.048579724,0.037986891,0.209132573,0.026473434,0.043967791,0.032522504,0.037147508,0.010643116,0.018247493,0.041552988,0.007499279,0.020659381,0.011709956,0.008563554,0.009370832,0.00766005,0.021745657,0.054386833,0.034824449,0.047005451,0.032991283,0.059994743,0.028009292,0.03568693,0.011808264,0.005499531,0.009756691,0.017904508,0.016769431,0.036322969,0.024478466,0.007513711,0.03501507,0.010324173,0.010701088,0.043360511,0.158929606,0.080022566,0.024985413,0.042923799,0.038395449,0.16295531,0.340480837,0.097186416,0.025520229,0.024797745,0.122051599,0.061475059,0.168400207,0.035362502,0.022336799,0.029215269,0.021878738,0.11183916,0.03420175,0.115714503,0.351787514,0.434526778,0.181244619,0.072204693,0.071034956,0.044066805,0.07942465,0.074081966,0.038675603,0.053777134,0.044403006,0.011165594,0.030017817,0.021090482,0.036395239,0.039549892,0.047663336,0.047578062,0.068317136,0.055775673,0.0584707,0.043625841,0.093128599,0.046447834,0.047161814,0.016030288,0.022303174,0.016979736,0.053899876,0.056659389,0.05380965,0.067993856,0.043584048,0.079693222,0.095856734,0.056650265,0.139168411,0.033716279,0.070444946,0.055906036,0.076837468,0.057393981,0.058874984,0.075168477,0.072465375,0.074461177,0.034989639,0.093173987,0.090856495,0.171139425,0.191175105,0.135746023,0.073787636,0.127340774,0.069707227,0.054917691,0.064389398,0.099627621,0.071329461,0.046280973,0.043485836,0.083536707,0.054887701,0.073188478,0.039643485,0.045425998,0.036099301,0.116497108,0.092718079,0.084991858,0.085211867,0.129229315,0.074462115,0.11214701,0.108286138,0.062234545,0.036437942,0.028933936,0.058852999,0.058537083,0.098007931,0.029206034,0.074909201,0.045551229,0.035121948,0.246876611,0.359513221,0.135581798,0.058166381,0.056428684,0.060673127,0.068397787,0.092874687,0.07785172,0.015479359,0.029163708,0.008135435,0.017822111,0.010592501,0.018356422,0.015349201,0.097368472,0.008926009,0.051539188,0.00931871,0.015492467,0.081214631,0.015035846,0.034410918,0.108483723,0.036502859,0.026580906,0.009947521,0.009318667,0.021450972,0.020991675,0.035846504,0.023532128,0.017898192,0.027086187,0.017494678,0.048455631,0.010556261,0.012774246,0.032512564,0.038888106,0.018531765,0.018634921
133,0.192196743,0.096583067,0.123607341,0.210306341,0.216461377,0.173299802,0.147662476,0.02759157,0.031904952,0.033277466,0.0467672,0.041569953,0.160445545,0.0429388,0.111864032,0.158243859,0.117895328,0.067944582,0.155893649,0.106015085,0.142182688,0.157810261,0.099035374,0.07518642,0.08757978,0.062350356,0.072204498,0.089895455,0.072239064,0.034726674,0.168065446,0.026939808,0.03606035,0.029213254,0.031356225,0.044580568,0.066124064,0.083618825,0.030555774,0.051512062,0.03291968,0.025507837,0.046576591,0.085189301,0.049015514,0.075990314,0.047842398,0.063474238,0.053543319,0.08131887,0.041886185,0.046725665,0.032633989,0.030039458,0.040221764,0.039500713,0.02093755,0.035837027,0.026084285,0.022039709,0.038412438,0.014994902,0.027847058,0.046606299,0.157145661,0.0926459,0.039132207,0.056388244,0.044106354,0.166762275,0.269200154,0.088108701,0.039517875,0.03655379,0.100210323,0.060893283,0.138902737,0.049666915,0.036151678,0.043680851,0.034623678,0.10058937,0.044623802,0.120838391,0.268773065,0.336870076,0.142327487,0.072716585,0.075837478,0.057907297,0.092172814,0.084821584,0.043013458,0.063438326,0.058774527,0.061949643,0.051921302,0.0557452,0.050284768,0.055624362,0.066856021,0.065351112,0.095125445,0.076115437,0.075093822,0.061394408,0.121296383,0.055375711,0.060233181,0.02075269,0.030341897,0.025988567,0.068705814,0.070523782,0.068130569,0.067954062,0.054898446,0.080971669,0.099056813,0.058263573,0.138028825,0.033726714,0.088311733,0.08137488,0.104321947,0.05732794,0.056674327,0.09832461,0.096994293,0.098043853,0.038127073,0.098295521,0.108953722,0.170665562,0.186730147,0.142386327,0.098660332,0.151053604,0.090029999,0.075239556,0.086971114,0.1236528,0.098422548,0.057235074,0.061227536,0.108617187,0.060697323,0.077083606,0.049038276,0.061622568,0.052633788,0.143903324,0.101405482,0.125965701,0.077140686,0.1684666,0.101937263,0.143240767,0.160789355,0.079590541,0.030156536,0.02676511,0.09384506,0.062675794,0.099837416,0.031502736,0.098924633,0.063095524,0.040626408,0.19178412,0.262411616,0.121937726,0.084038379,0.078619796,0.088273651,0.088184899,0.107178318,0.101387273,0.01949454,0.031358232,0.00971312,0.024070155,0.013623466,0.025890085,0.016898981,0.083218841,0.016413282,0.052001722,0.013303004,0.019969779,0.058550425,0.020193169,0.038961833,0.113520968,0.040832612,0.035901326,0.014459578,0.013940542,0.029580142,0.026043899,0.046998686,0.034882988,0.022662452,0.037665003,0.021369317,0.047285503,0.013588884,0.016249511,0.037202794,0.044050946,0.024930472,0.024242308
134,0.10739988,0.043070541,0.047063676,0.118587951,0.127231817,0.109003669,0.046096474,0.001834424,0.005889787,0.00421061,0.01520858,0.010538991,0.088484612,0.01801716,0.044735641,0.08596765,0.05058035,0.034958138,0.096234641,0.072275031,0.116318327,0.115025227,0.047825583,0.009942398,0.024962434,0.00249391,0.011752033,0.026093206,0.023391685,0.011163642,0.124171668,0.006387469,0.011005631,0.007406036,0.007755426,0.003269467,0.004234227,0.007984494,0.002690926,0.004942284,0.003573032,0.003580197,0.002765929,0.002367897,0.009382865,0.028006099,0.019067177,0.022729292,0.015809906,0.028144385,0.018012099,0.023425133,0.00645465,0.002060836,0.003838486,0.011307895,0.004679925,0.012439041,0.007428984,0.003127783,0.013212438,0.004502222,0.002968211,0.012769134,0.040100543,0.02825463,0.012516502,0.009814505,0.013827719,0.079008483,0.268351558,0.062938982,0.014615092,0.015200205,0.08761325,0.03788135,0.125772821,0.021069609,0.012418405,0.016848746,0.013826454,0.081971018,0.023403997,0.081886187,0.280148101,0.353071268,0.14574139,0.033710139,0.04415406,0.018794787,0.028384802,0.026385644,0.015764948,0.018507564,0.024399608,0.004042034,0.012382396,0.005144232,0.013686703,0.011167054,0.010950534,0.013320236,0.010174221,0.014001707,0.019000948,0.010698572,0.011968756,0.023396138,0.020094342,0.005775249,0.00787755,0.004757779,0.022402777,0.026023017,0.022996581,0.050600105,0.02735232,0.075953375,0.086378414,0.055489227,0.111068045,0.035656724,0.014488293,0.010687401,0.015005921,0.062711562,0.066236703,0.015344113,0.021203425,0.028444151,0.015809579,0.065886224,0.065164983,0.088036476,0.14295509,0.075576932,0.035553443,0.124513619,0.025964015,0.019525005,0.024965327,0.056073518,0.034769813,0.029220441,0.019420224,0.041198288,0.032979883,0.043485408,0.022376807,0.01711445,0.012284994,0.065814539,0.057871929,0.042463938,0.082987754,0.135234641,0.060010659,0.117586083,0.105461853,0.039796019,0.007379732,0.006097035,0.029630126,0.026380631,0.027325795,0.014916598,0.010255114,0.012489956,0.018197764,0.205082881,0.282036825,0.095659685,0.009886919,0.012447197,0.011322751,0.033315868,0.068647784,0.011467035,0.004802949,0.011478436,0.004539585,0.00613084,0.005223055,0.00324645,0.00956967,0.018656253,0.00439962,0.013922026,0.003421265,0.00503584,0.011937188,0.003822294,0.007280761,0.034077509,0.007628316,0.009424839,0.003672549,0.002540679,0.003526223,0.004327314,0.013638042,0.00905781,0.013256504,0.009976526,0.005776883,0.039656557,0.003457231,0.004277423,0.011334133,0.013160867,0.011437712,0.015255257
135,0.087112334,0.05969186,0.036882994,0.094227076,0.102940561,0.097764195,0.031978553,0.000706523,0.003155885,0.00212889,0.008354917,0.005771876,0.080403852,0.014442063,0.035461803,0.095042275,0.05324648,0.030352751,0.107416228,0.0704672,0.119493274,0.1104807,0.07102973,0.005076309,0.01307815,0.000543946,0.007887861,0.015763184,0.020686312,0.007902277,0.102637354,0.004378436,0.007643328,0.005050018,0.005089241,0.001570515,0.001813752,0.003931491,0.001431043,0.002697615,0.002276327,0.00223315,0.001082438,0.000293303,0.006903482,0.025555758,0.010227864,0.014814831,0.012233673,0.025837272,0.009327529,0.012023749,0.003452162,0.000825846,0.001963067,0.005840134,0.003381726,0.009364108,0.00519375,0.002269797,0.00886994,0.00334958,0.001256301,0.007354667,0.020251914,0.012225153,0.007700706,0.004805153,0.008540432,0.050171185,0.170200076,0.036919067,0.008825747,0.00971129,0.06031623,0.027263751,0.081226728,0.011899467,0.007485041,0.009954512,0.008523661,0.053854493,0.015015261,0.054619217,0.181561512,0.223961833,0.087452409,0.020696023,0.026239812,0.010485321,0.012555734,0.012080881,0.011794768,0.008066747,0.01445577,0.001678013,0.00724855,0.002115321,0.006796367,0.005377918,0.005367903,0.007497368,0.004676349,0.007562179,0.009543973,0.006670775,0.004514278,0.015864983,0.013113187,0.004425107,0.005892221,0.002443701,0.013191421,0.016574789,0.014081644,0.025754854,0.014790366,0.110220283,0.136040463,0.082266835,0.175402899,0.049448434,0.01264579,0.005468028,0.010591972,0.076044456,0.087834021,0.013412094,0.018334818,0.026916389,0.021635243,0.089339436,0.076010905,0.104289166,0.175040706,0.096043076,0.036400304,0.134610238,0.017401549,0.014626242,0.027570636,0.045410456,0.047073971,0.015893973,0.013234492,0.043380606,0.016493509,0.02172695,0.011405708,0.01131363,0.008615492,0.060668818,0.059601762,0.033833431,0.091511394,0.163520397,0.084374409,0.132204437,0.135720287,0.042949058,0.004851244,0.004135057,0.023354004,0.025102517,0.016303359,0.018962561,0.004408792,0.006778512,0.013032389,0.124557059,0.186658861,0.131885487,0.005083964,0.006406218,0.006372326,0.043566702,0.083100132,0.006386271,0.003468111,0.008150175,0.008079081,0.004483937,0.008216963,0.000947951,0.017516541,0.011736925,0.005953055,0.013055562,0.002225481,0.004144565,0.004638945,0.001733407,0.004576366,0.036645404,0.00488179,0.010883117,0.002332148,0.001105421,0.00105506,0.001691458,0.00805128,0.004788052,0.02540301,0.004971128,0.002465897,0.081998491,0.001076047,0.001182328,0.002623042,0.003548563,0.021400524,0.034472838
136,0.22776855,0.037452348,0.097497503,0.256134694,0.266513767,0.200646373,0.093831445,0.001277624,0.00492407,0.003425356,0.01248068,0.008793065,0.150491158,0.028215441,0.092994873,0.125031471,0.069311247,0.038328163,0.130231411,0.100051404,0.170932188,0.191158826,0.040698447,0.008979472,0.020547735,0.001374346,0.012782578,0.022384618,0.03125475,0.01734742,0.285250138,0.00552219,0.014738858,0.007104611,0.007258199,0.002701793,0.003234423,0.006219076,0.002407932,0.003611286,0.002317784,0.003572667,0.001807133,0.001079506,0.010112385,0.036308348,0.01712381,0.022754727,0.017908967,0.034244036,0.014132616,0.01809793,0.005296275,0.001435887,0.003085084,0.00875102,0.003562333,0.012897083,0.00658014,0.001948237,0.01132046,0.003305894,0.002194839,0.009961616,0.031798573,0.016905472,0.011072615,0.0082818,0.012600214,0.070277792,0.288664575,0.068205617,0.013048678,0.014654216,0.092488298,0.03770664,0.133626002,0.017732807,0.011156855,0.014807172,0.012881128,0.085145113,0.022278199,0.074854539,0.300447051,0.378515615,0.162382331,0.030109942,0.043843144,0.01385718,0.017257787,0.015951168,0.010042818,0.011030606,0.021949561,0.002979107,0.010866288,0.003928503,0.011050406,0.009284042,0.009524477,0.011749751,0.009011328,0.012555712,0.015756404,0.009691306,0.010423006,0.023073386,0.018830515,0.003825216,0.007137542,0.003132355,0.019597942,0.02366066,0.020274467,0.036078378,0.021663928,0.064093103,0.075211928,0.047566398,0.107363238,0.026542575,0.010960279,0.009818288,0.013880101,0.047600306,0.043721639,0.012233735,0.01979001,0.026731447,0.011211515,0.04893704,0.054834935,0.076659125,0.119534917,0.06197199,0.034533803,0.09796123,0.023356916,0.018449217,0.022609488,0.117506533,0.03097804,0.023296818,0.019693756,0.053016647,0.024222154,0.031723068,0.01663965,0.014854951,0.011250739,0.11356532,0.087252821,0.078214083,0.060115281,0.159568789,0.052274993,0.146547973,0.111803113,0.050740202,0.006955578,0.005329616,0.052192415,0.021672578,0.020929885,0.009897864,0.008824337,0.01090207,0.018227543,0.225083258,0.304792613,0.073652052,0.008920166,0.011274907,0.010541282,0.025820194,0.055047716,0.009463993,0.003656002,0.010829825,0.003669768,0.008659355,0.004575354,0.004080371,0.007930319,0.024457425,0.00369276,0.01750562,0.005009346,0.00618071,0.014541783,0.005654115,0.009178236,0.043885405,0.009465389,0.00985063,0.005392942,0.003626735,0.004051831,0.006296418,0.023994791,0.014387365,0.011720767,0.017369218,0.010867149,0.030796627,0.006604259,0.00852235,0.024887385,0.028328515,0.009022123,0.01173779
137,0.131241683,0.096590172,0.122972332,0.138539363,0.138799246,0.115765703,0.109763461,0.077115561,0.076961857,0.077406168,0.085528328,0.08441402,0.114352146,0.027984441,0.112732325,0.128421552,0.109109504,0.053950648,0.125837751,0.062566241,0.091581252,0.103313537,0.097583813,0.096026654,0.09695794,0.141807096,0.113300472,0.098212977,0.086358777,0.02763181,0.101669643,0.023212082,0.02207904,0.020945946,0.01985707,0.091876692,0.135227228,0.148977517,0.061744547,0.094689404,0.058409808,0.047101141,0.101176668,0.198933909,0.080990419,0.083111259,0.065475297,0.074712819,0.069819661,0.083489897,0.073835301,0.073580334,0.078197801,0.076708368,0.084864536,0.082193135,0.021260366,0.030503066,0.023292186,0.036552205,0.036178633,0.013824091,0.057055568,0.043325233,0.146315661,0.095704064,0.062359563,0.085683549,0.05302775,0.186505802,0.238254127,0.092401182,0.062861519,0.057365851,0.092938765,0.064468861,0.132038646,0.076459409,0.059434272,0.069064082,0.056961035,0.105436138,0.064038269,0.131201585,0.223670882,0.28160119,0.130636342,0.069851233,0.086646757,0.06892108,0.095669956,0.08633003,0.04125937,0.067542564,0.077481486,0.137856817,0.087959424,0.110689967,0.067794806,0.071817499,0.083036071,0.080164206,0.12185682,0.090815771,0.087985654,0.075722783,0.15882453,0.065595348,0.071846702,0.024839207,0.038841674,0.037521727,0.081032266,0.081654881,0.080199589,0.092748633,0.080345614,0.04072341,0.05555665,0.026094155,0.096298586,0.015054833,0.10329087,0.102854493,0.133215621,0.02372825,0.037655445,0.129998985,0.111132455,0.103790496,0.035053907,0.079071216,0.098264576,0.1258952,0.122600793,0.110556817,0.09836053,0.13019791,0.097864233,0.084553521,0.095246274,0.114926852,0.103678474,0.082023232,0.073947488,0.105839894,0.078512444,0.093683653,0.068656991,0.074470148,0.068092579,0.124493313,0.071072499,0.093413794,0.039182544,0.133323483,0.093708594,0.103596825,0.135475695,0.056869193,0.018239722,0.02045423,0.069967832,0.057689212,0.092054405,0.026929495,0.117285621,0.078309776,0.047118381,0.169139014,0.211382181,0.080069629,0.108979281,0.0948555,0.112566585,0.100053498,0.094515557,0.121113038,0.01915668,0.029104027,0.006944612,0.017740179,0.010047051,0.024174109,0.01157659,0.049911625,0.013306172,0.03451529,0.009672522,0.014978561,0.027668593,0.015671279,0.029254127,0.077920883,0.030614323,0.027150257,0.010565915,0.011484755,0.027276988,0.020970097,0.031072978,0.02476793,0.019064505,0.02670606,0.012041233,0.029193086,0.007420047,0.008282943,0.013031229,0.016952771,0.023500914,0.022377945
138,0.344265936,0.13538089,0.172496694,0.384434954,0.412591982,0.337535859,0.298246347,0.003959923,0.013250548,0.009529935,0.028290484,0.021446441,0.322200264,0.050252023,0.15050866,0.272769597,0.181127947,0.140505421,0.276002182,0.26425637,0.30293455,0.319538529,0.141478888,0.069852721,0.103784463,0.006382539,0.045666882,0.110667851,0.078515034,0.037199582,0.296231429,0.019763267,0.038029724,0.025484198,0.028527864,0.011265544,0.016002898,0.031539109,0.009413025,0.015457055,0.00769861,0.012768132,0.007203016,0.006707599,0.032586467,0.096548145,0.054766787,0.082004871,0.058425851,0.113972875,0.033939182,0.042767603,0.013751187,0.004379784,0.009077605,0.019067514,0.011435244,0.030558436,0.01824181,0.004238953,0.027835066,0.005832103,0.008103424,0.037250271,0.146843869,0.023870042,0.027446333,0.032099427,0.023913956,0.173852409,0.341100195,0.073641045,0.029739682,0.026668568,0.115851876,0.048556901,0.136969532,0.040587414,0.024881247,0.03306676,0.024008787,0.115114088,0.039227342,0.147576439,0.350704393,0.449340279,0.164438181,0.045729188,0.047043914,0.017473387,0.024358809,0.023477748,0.01288085,0.017374501,0.066297366,0.010561596,0.030742746,0.015267299,0.048834929,0.054943205,0.067127756,0.068034616,0.083520732,0.08067819,0.082801253,0.062315264,0.101333226,0.058122865,0.065850394,0.008711475,0.02398543,0.010597921,0.078533811,0.082261569,0.077654193,0.066962951,0.052287426,0.148383032,0.183226786,0.120057872,0.216513696,0.053329008,0.088207986,0.076620385,0.097593646,0.081257507,0.080376677,0.083750409,0.112107777,0.128692476,0.042030176,0.16049929,0.167924441,0.306263935,0.35492488,0.250240766,0.14354869,0.241298686,0.113612243,0.093395737,0.10734956,0.179098621,0.126654236,0.055941068,0.075602899,0.157272846,0.062422053,0.083656497,0.046560828,0.06897264,0.054211011,0.237395817,0.18456533,0.253018153,0.118902455,0.29239382,0.156063817,0.289082858,0.274454545,0.154180616,0.027968082,0.021908553,0.196824111,0.035890884,0.08216074,0.010810941,0.096588837,0.064812554,0.03992621,0.227661763,0.328680174,0.214220551,0.073597434,0.080906689,0.081992865,0.102535058,0.165663914,0.098375322,0.010270852,0.022902153,0.01172478,0.040210325,0.016898775,0.027144458,0.022052795,0.137023954,0.017369235,0.085621006,0.022879567,0.029151224,0.082184399,0.030470979,0.054056569,0.207939909,0.056088233,0.048918122,0.02476697,0.019179292,0.028910396,0.036941885,0.104624153,0.06568399,0.026154633,0.07774484,0.051067537,0.064623884,0.031478945,0.040430688,0.117456611,0.134582821,0.020966631,0.018750199
139,0.054224956,0.078884126,0.060738026,0.054314307,0.05159419,0.046954417,0.048343292,0.147931851,0.140062963,0.142355021,0.146464477,0.149475435,0.04886432,0.022122666,0.061609703,0.070748603,0.078353602,0.02574728,0.068364294,0.025623276,0.036759215,0.041437132,0.075918159,0.105652758,0.099858562,0.222394243,0.130613345,0.098969869,0.080954094,0.023462509,0.040776179,0.03347713,0.01581308,0.022433585,0.019138519,0.107962081,0.15463743,0.194243101,0.072144883,0.12545105,0.082659724,0.055382737,0.130145694,0.276504022,0.088373116,0.071657524,0.086422519,0.08414035,0.07189022,0.072042621,0.118303566,0.110108125,0.142245521,0.145972217,0.140125769,0.147462716,0.039805261,0.03648137,0.035579154,0.058133083,0.035191624,0.019213663,0.062014241,0.038659093,0.109671354,0.081331311,0.096379486,0.130303398,0.059464334,0.220891272,0.212224951,0.084521026,0.097586666,0.088080485,0.090297804,0.054445618,0.106707457,0.114861487,0.093660358,0.106245555,0.090648423,0.11893914,0.093705773,0.142917079,0.187240872,0.230729157,0.117969563,0.05530535,0.072290862,0.048888192,0.080903442,0.074903547,0.03303696,0.061562556,0.099796861,0.204646389,0.135058719,0.185107144,0.086083547,0.085429138,0.092529772,0.089755318,0.135249846,0.096916172,0.094870946,0.085093864,0.188549309,0.075385051,0.081313879,0.024641011,0.042066698,0.042176479,0.089887678,0.089245821,0.088885943,0.126106073,0.11485292,0.025231669,0.037966665,0.01455731,0.070445351,0.007582452,0.107948115,0.110516929,0.151194666,0.012563947,0.030821438,0.154817347,0.113096764,0.096101396,0.029675047,0.048714726,0.067908687,0.047919405,0.043121127,0.044247691,0.081933025,0.071417086,0.096834006,0.086692858,0.091794854,0.058192892,0.092480159,0.115494437,0.084822124,0.083739422,0.09901827,0.111006457,0.093049307,0.08458614,0.083392992,0.064603145,0.035348159,0.042427559,0.019313609,0.063433182,0.064695322,0.0485977,0.071206983,0.028612256,0.015447907,0.021967328,0.031818142,0.046251339,0.06990077,0.019409127,0.123464848,0.088877641,0.05306228,0.142924339,0.169973917,0.035129854,0.120370047,0.100466346,0.121783822,0.10102152,0.063680553,0.128653217,0.036739214,0.03452817,0.003621003,0.010230668,0.005235034,0.012985557,0.005921846,0.019094042,0.007393854,0.015254092,0.005819064,0.008127383,0.010238936,0.008570171,0.01389841,0.031915766,0.014598555,0.013483657,0.006315798,0.006749836,0.013668666,0.011518291,0.019280221,0.014881531,0.011401976,0.017562135,0.006742343,0.014328413,0.004297287,0.004650004,0.004620473,0.005949124,0.01350608,0.01316063
140,0.05415971,0.074855668,0.057826275,0.05460623,0.05209812,0.04633965,0.046214057,0.19131454,0.179963229,0.155971246,0.129531799,0.15068588,0.047780808,0.018698976,0.05728869,0.066970795,0.075373233,0.024189887,0.06471838,0.025064683,0.036411519,0.041018977,0.070865885,0.112065645,0.103237464,0.155473459,0.113637765,0.100154646,0.070999916,0.020682325,0.042619119,0.023777079,0.01363561,0.017472727,0.014621423,0.089079303,0.132460455,0.18350127,0.059096829,0.119350336,0.082028232,0.046258991,0.133874503,0.204621344,0.074123602,0.065780045,0.09497133,0.090791551,0.064438355,0.071963109,0.141291079,0.126374386,0.182383903,0.167723375,0.118901306,0.151699828,0.025608834,0.028790422,0.024599372,0.054249536,0.034864985,0.014211585,0.096854369,0.041317134,0.136811712,0.098074435,0.076738786,0.094874868,0.05448362,0.185403631,0.205175149,0.087735723,0.082593655,0.074186648,0.097766287,0.068747261,0.132045683,0.10488664,0.07947032,0.092315118,0.076644459,0.121792749,0.077720805,0.124188261,0.193242752,0.229931238,0.115340057,0.065902146,0.094579117,0.076366529,0.098296993,0.087674822,0.040343912,0.071068646,0.109594761,0.161308063,0.108727331,0.125866551,0.095124445,0.093312996,0.099734946,0.095767082,0.135303651,0.101860516,0.100713051,0.090588463,0.172115765,0.08136896,0.086909568,0.028291663,0.046214479,0.047124698,0.094775298,0.093636226,0.093942979,0.138805974,0.126742287,0.029200426,0.046378361,0.015761842,0.087461894,0.006823002,0.105049585,0.115988408,0.141253769,0.01258055,0.024045117,0.139777406,0.108880777,0.093066691,0.031122426,0.047776728,0.065290691,0.051107475,0.052532238,0.045592732,0.079317425,0.065600621,0.09712693,0.089009479,0.09064199,0.055372626,0.088637689,0.12656616,0.092526648,0.081200784,0.108469259,0.119983372,0.104076417,0.089919968,0.092033083,0.061456649,0.034524038,0.040617389,0.017987776,0.060734563,0.060740532,0.046709406,0.067106775,0.02729625,0.012396883,0.018111405,0.030307632,0.054228129,0.086001489,0.024196667,0.123955418,0.095302584,0.058508309,0.148076268,0.187657041,0.04923946,0.124473864,0.105673367,0.124397951,0.093159684,0.061263639,0.126160785,0.022967764,0.02867676,0.003797223,0.012531137,0.005339746,0.014934139,0.00669913,0.019447547,0.006594639,0.016681915,0.007077939,0.00952157,0.010314631,0.009509158,0.014859123,0.034294834,0.015709227,0.012597257,0.007672553,0.00745224,0.014473739,0.013722675,0.02656172,0.019180579,0.017805365,0.023850763,0.008286139,0.0175559,0.004619212,0.004993497,0.004619047,0.006456487,0.020794,0.020613289
141,0.089645939,0.111257911,0.070407137,0.094612142,0.092357136,0.071837919,0.0585395,0.081514701,0.080774455,0.068006082,0.060271346,0.067820011,0.075401429,0.02230894,0.06541582,0.100581389,0.110844236,0.032725988,0.095828688,0.040159828,0.057878749,0.06388876,0.104402537,0.164524149,0.134858595,0.056822702,0.072438621,0.129437178,0.062446315,0.021308801,0.058206604,0.0167249,0.018609864,0.016795802,0.016522778,0.044877894,0.070205929,0.107102713,0.029992616,0.068610693,0.048184561,0.025352173,0.076478748,0.080991637,0.046974227,0.068771901,0.064610978,0.081592493,0.052516141,0.090742185,0.07313094,0.071414837,0.082069105,0.071230691,0.052672767,0.066635713,0.012911431,0.026665084,0.017709053,0.03096909,0.044151681,0.010255999,0.078776843,0.059004413,0.224328178,0.145684495,0.043000851,0.060132682,0.064614316,0.180480533,0.265541451,0.104830442,0.046087442,0.042306909,0.108467498,0.088219842,0.152278561,0.061255659,0.043214156,0.052075904,0.040560446,0.110655477,0.047682367,0.121432201,0.247312948,0.306889666,0.128373371,0.08534,0.096556629,0.092337458,0.145030849,0.131744277,0.058460303,0.106746473,0.082320488,0.067631287,0.058773942,0.051881196,0.091545909,0.10774942,0.13354767,0.12155998,0.210681721,0.143144253,0.128856399,0.117457984,0.254718468,0.082501879,0.09382078,0.039325794,0.063775764,0.068009682,0.104744367,0.101121725,0.103395183,0.084361058,0.081195765,0.031572656,0.044582402,0.019269879,0.079852218,0.010692658,0.167601255,0.177762641,0.20806497,0.016539192,0.024719921,0.20196838,0.160572981,0.134092776,0.053294734,0.082158248,0.094885686,0.104769642,0.109689909,0.086689558,0.10875413,0.094886587,0.126275728,0.109030379,0.130408177,0.067289103,0.135561644,0.082313815,0.085657778,0.12035775,0.086997595,0.105231411,0.077472141,0.098316718,0.092656511,0.087138756,0.05015769,0.053053279,0.031132883,0.089483531,0.089534616,0.070368514,0.096875678,0.037808699,0.015489641,0.016172404,0.038433072,0.075617298,0.136544636,0.034560571,0.202974354,0.119088461,0.061888573,0.170348019,0.245778529,0.081244041,0.190366673,0.15577261,0.193372235,0.136836317,0.092579099,0.20553146,0.012039721,0.028226127,0.005000927,0.01350727,0.006964973,0.016631378,0.008796994,0.039146,0.008199757,0.025674729,0.007366914,0.011099586,0.028456202,0.010865289,0.02078204,0.05256239,0.021870563,0.017392153,0.008002732,0.007959951,0.018072813,0.014694868,0.026576858,0.019679096,0.019231859,0.022210092,0.008904658,0.023359507,0.004972831,0.00548184,0.008148988,0.011064907,0.024348621,0.024023133
142,0.363939336,0.123008061,0.326330283,0.397246721,0.434302017,0.38769708,0.447321266,0.022686139,0.027155006,0.052992031,0.06046366,0.050128335,0.39969204,0.031093095,0.285595223,0.319043513,0.212274515,0.139568175,0.334779,0.339861191,0.367199115,0.372363572,0.13572828,0.031012222,0.061434926,0.276279407,0.151142299,0.085206845,0.171346551,0.032484059,0.192471601,0.017694948,0.022065491,0.017740164,0.015921962,0.138467678,0.186541448,0.114078282,0.096881447,0.109259555,0.08264135,0.075178719,0.194285949,0.205820666,0.135230422,0.167419317,0.071547305,0.088298255,0.124851907,0.137948093,0.044537179,0.051556072,0.026459277,0.045667867,0.102856214,0.042731353,0.015668491,0.02529704,0.017527931,0.05748416,0.038584143,0.012969856,0.074154679,0.057807484,0.210616569,0.019247921,0.07496906,0.10165129,0.019010557,0.102376049,0.097951315,0.023984494,0.067893869,0.073176078,0.044314827,0.019636893,0.039625796,0.070232801,0.068171031,0.070610002,0.068195366,0.066435522,0.073304077,0.112458443,0.110792006,0.133931085,0.040390536,0.043486905,0.024645822,0.019942245,0.019496651,0.018093653,0.011171283,0.012946923,0.068096778,0.156367639,0.104565899,0.25769325,0.034040204,0.030725221,0.031567315,0.039736123,0.025363751,0.044232841,0.045305548,0.035121017,0.022407234,0.041679059,0.049947635,0.005057955,0.01081435,0.004920183,0.061233363,0.068139156,0.060290791,0.048887814,0.049905622,0.025571523,0.024496162,0.018448863,0.048881068,0.017536962,0.01615021,0.03831695,0.056564158,0.024223494,0.041412985,0.028493062,0.085925957,0.116683329,0.009928988,0.056160384,0.134631875,0.145315066,0.164033907,0.137817099,0.158056686,0.160313146,0.098849405,0.088924089,0.084519945,0.290440772,0.101339257,0.052521384,0.078269043,0.171693811,0.043300217,0.046903309,0.03692704,0.05618217,0.041346088,0.347297925,0.186432393,0.357927441,0.050343942,0.336646605,0.144687281,0.368484909,0.326243592,0.166764966,0.01508631,0.016406704,0.273353014,0.041885513,0.119444576,0.010411522,0.019132861,0.036968314,0.023449888,0.063213586,0.083180044,0.048110679,0.028666648,0.041379735,0.045225026,0.061143491,0.107755899,0.017298097,0.013824351,0.023952419,0.032116653,0.050929953,0.057072099,0.043111671,0.04288449,0.131641965,0.128356063,0.094125006,0.02858666,0.039028611,0.049749428,0.043166971,0.08340627,0.198934714,0.090631535,0.176354873,0.032131248,0.026636242,0.03922938,0.062981238,0.058197258,0.082736412,0.016683533,0.062529464,0.058178468,0.047317674,0.039837658,0.050955698,0.144306029,0.166287751,0.01650975,0.010997812
143,0.124187186,0.134774342,0.088372237,0.133746531,0.133874952,0.093734832,0.059830457,0.022904354,0.028366038,0.02338653,0.031220361,0.029291599,0.11097649,0.022027729,0.081178642,0.132061476,0.138443412,0.044060834,0.127880145,0.058153738,0.082460851,0.086142941,0.125673306,0.183193798,0.16136404,0.023071288,0.062642335,0.158002008,0.070461184,0.021754354,0.055182523,0.013750656,0.019301803,0.015603225,0.016223359,0.026991786,0.041511372,0.062091957,0.019128668,0.035344558,0.021017944,0.018297397,0.030050771,0.037165554,0.040584628,0.080465775,0.051794494,0.08241667,0.054336834,0.108700648,0.038124868,0.04355502,0.029077895,0.021073834,0.022143323,0.026420444,0.00891666,0.024038037,0.014567328,0.012200319,0.043561002,0.006862641,0.030415599,0.063390229,0.253857543,0.125149171,0.029580622,0.034412236,0.049404995,0.174474994,0.285495661,0.089576093,0.031927663,0.030068681,0.1065037,0.074104414,0.125440898,0.042751089,0.028656065,0.035568545,0.026881424,0.10381677,0.037979501,0.130843268,0.269222643,0.344358118,0.125765594,0.07233674,0.06005034,0.053725458,0.123508124,0.116316018,0.048411089,0.095890794,0.071490601,0.0304958,0.036282373,0.022996257,0.089909998,0.115007144,0.149334475,0.135127787,0.234674209,0.164564584,0.14656438,0.13030325,0.278922368,0.081761823,0.098737075,0.033728834,0.063502584,0.063788197,0.114389001,0.109172364,0.112095732,0.056036125,0.058797669,0.023436709,0.02527334,0.017120686,0.044555063,0.014053664,0.200558502,0.200328728,0.230504811,0.015514332,0.037171487,0.223187277,0.189589341,0.165721047,0.063930376,0.12218606,0.129150823,0.184552792,0.198821282,0.150346238,0.138998376,0.142879989,0.154480743,0.12840005,0.153549449,0.082309827,0.160365719,0.060936028,0.086900399,0.146817808,0.076403539,0.099624259,0.064262935,0.107353843,0.09389818,0.118480573,0.062326137,0.056978883,0.048540671,0.12114852,0.113040696,0.099354497,0.126760649,0.046495785,0.01551098,0.014219002,0.040385622,0.066351103,0.147211535,0.026778826,0.235860503,0.131547974,0.059956088,0.170479413,0.256514661,0.117311464,0.210477127,0.17931513,0.217365723,0.160956121,0.128210516,0.2406088,0.008325745,0.02500409,0.004293841,0.00987619,0.006305807,0.014028904,0.007069861,0.040095691,0.008595913,0.023891683,0.005156469,0.008653752,0.030617931,0.009208658,0.019915678,0.048874116,0.021129915,0.017620679,0.005627854,0.00628733,0.016450575,0.013147589,0.016009367,0.013019807,0.009844119,0.013283204,0.006989414,0.016949372,0.004086243,0.004605902,0.008911528,0.011818601,0.013100353,0.012297771
144,0.013954595,0.039045383,0.018196143,0.012302761,0.01039504,0.012049443,0.016068183,0.313237283,0.287702169,0.288009703,0.250581129,0.276297993,0.014623645,0.026097099,0.024428603,0.024295426,0.039954526,0.00900461,0.02385729,0.008048381,0.009884395,0.01073143,0.032007751,0.084615559,0.094697339,0.254154497,0.135352564,0.094235942,0.067824627,0.020229334,0.011714267,0.058965701,0.016162953,0.033876933,0.028514825,0.139002542,0.186252775,0.268807447,0.093664849,0.217843007,0.188063819,0.073762608,0.292445401,0.394473726,0.097027025,0.059311447,0.151124083,0.127123732,0.079437212,0.067376094,0.230176625,0.207479722,0.291576484,0.305112464,0.260274436,0.279009231,0.078848844,0.055394301,0.0644636,0.148647373,0.047439684,0.039843927,0.184458849,0.051742718,0.106102412,0.057877365,0.132034261,0.104166766,0.047778907,0.122974659,0.147383939,0.077581084,0.148959419,0.135877495,0.12978851,0.063261029,0.137779211,0.179595906,0.145563615,0.163340025,0.145381985,0.168922049,0.136755415,0.131050497,0.179368993,0.173206292,0.114711911,0.058756799,0.105300735,0.057791609,0.058709477,0.052225423,0.025684819,0.043576686,0.17004265,0.309568326,0.17591817,0.165183666,0.137708331,0.117083058,0.099247614,0.102580986,0.066470227,0.087585706,0.09997049,0.09684557,0.062314782,0.113685765,0.112047098,0.023549191,0.045450706,0.036126479,0.113107349,0.112300687,0.112647588,0.208625813,0.207735505,0.021283462,0.036061219,0.010762895,0.068390748,0.003600484,0.046403888,0.07452269,0.06245219,0.00797569,0.021118579,0.053971136,0.063911636,0.064331199,0.016401217,0.022629124,0.040166312,0.019222357,0.031242261,0.016585592,0.064659036,0.026106543,0.090307464,0.098921223,0.065958314,0.019976117,0.042353408,0.20463778,0.132762574,0.0449335,0.152618331,0.148111154,0.164764715,0.116222804,0.134914558,0.023559799,0.014714491,0.014913505,0.007454308,0.01888577,0.028903246,0.015152391,0.022918152,0.012580761,0.020722042,0.03143375,0.011459927,0.04169007,0.068930008,0.016271394,0.056514449,0.106104952,0.090105158,0.153780229,0.183730453,0.04957282,0.073870252,0.080606416,0.068316749,0.042851724,0.033816207,0.050806969,0.074791335,0.051867197,0.002351311,0.01978422,0.003183465,0.0406007,0.004503863,0.005333884,0.00276095,0.013087199,0.011822349,0.011769409,0.005900055,0.017751864,0.018145721,0.012264557,0.020413219,0.004823184,0.012342079,0.015613038,0.027252392,0.033182932,0.044916523,0.028405198,0.019007403,0.048448024,0.018171792,0.012133653,0.011626238,0.013758365,0.005876812,0.008309842,0.01827343,0.018716786
145,0.035030917,0.059024155,0.042545775,0.033657879,0.032187887,0.033329983,0.040678156,0.234828264,0.218348019,0.209038098,0.187787843,0.207008276,0.037459867,0.02036102,0.047099125,0.050299178,0.060467249,0.020572803,0.049845837,0.02122729,0.027975571,0.030262447,0.054868283,0.095465024,0.099276953,0.209881231,0.120832204,0.097876582,0.076708603,0.019244121,0.027967103,0.030471727,0.014352299,0.021296963,0.017855889,0.117244159,0.164515319,0.214604484,0.079425564,0.168214902,0.138768201,0.062458903,0.231807138,0.289788707,0.090915852,0.070081113,0.116325531,0.104874861,0.076361448,0.071319602,0.174493087,0.156935853,0.221465071,0.221316492,0.18137856,0.208277384,0.034943537,0.03593222,0.03321375,0.099459143,0.048463327,0.028924027,0.159148957,0.056265112,0.156776816,0.125900328,0.096836424,0.090353865,0.060320639,0.130536225,0.19191341,0.106208677,0.109654191,0.097031083,0.117522119,0.092978495,0.188249957,0.136248657,0.105509125,0.121727564,0.103624414,0.144525143,0.100909477,0.11948927,0.208110815,0.223842172,0.131055166,0.092729388,0.152143543,0.12783665,0.12734413,0.108811668,0.055194388,0.084797892,0.132361443,0.227258818,0.135345127,0.151472572,0.112112783,0.101795892,0.096408608,0.096386121,0.096990987,0.092985875,0.099179517,0.090166672,0.1084049,0.095028776,0.097234397,0.033555663,0.048459633,0.048603681,0.102441851,0.101707601,0.101721025,0.167054941,0.157359619,0.035469304,0.058217426,0.018024369,0.10908462,0.006973836,0.071351901,0.093711793,0.097100093,0.015063875,0.020234093,0.089951791,0.08504417,0.07934179,0.0266192,0.037255119,0.056647341,0.036671097,0.047260486,0.032892493,0.07383689,0.052905289,0.094245492,0.092538877,0.076574564,0.042225171,0.066096459,0.156332411,0.107235955,0.064883443,0.128209414,0.133104884,0.129550813,0.100413982,0.106499318,0.047213251,0.028756397,0.035661802,0.016544241,0.047962499,0.049246817,0.037299898,0.053749034,0.023992438,0.014644027,0.021339541,0.027244081,0.070697962,0.103973179,0.035579468,0.086405257,0.097650902,0.071504022,0.178220008,0.218219239,0.061456691,0.096240525,0.091577933,0.094837498,0.066619532,0.051098592,0.084156371,0.033429063,0.039150484,0.005010497,0.02592452,0.00648718,0.029413717,0.008843791,0.012907668,0.006452095,0.02016299,0.015650379,0.01749405,0.008485197,0.018504412,0.02102413,0.027059813,0.0222054,0.011294792,0.016773992,0.016301176,0.023980844,0.025970641,0.061214709,0.043179082,0.037177349,0.057334489,0.0185515,0.022508748,0.011206153,0.012318565,0.007882037,0.009679268,0.042372282,0.041868779
146,0.148786569,0.120004311,0.153777876,0.155466707,0.160507158,0.135469205,0.120171182,0.037987093,0.040343774,0.04755143,0.052552157,0.049602047,0.148332952,0.022762918,0.134852021,0.153913289,0.136684181,0.057304523,0.154729915,0.090857692,0.121423674,0.128137288,0.118766818,0.133442422,0.1188127,0.091706591,0.087160615,0.121599027,0.088746596,0.022655945,0.111461275,0.013776527,0.016677188,0.013698353,0.01287645,0.065740628,0.09157083,0.089833779,0.045529223,0.063970679,0.043254271,0.036634097,0.080012044,0.114788052,0.066548075,0.092081942,0.056657587,0.076600942,0.067623301,0.101603948,0.048161287,0.052463856,0.040951121,0.045055712,0.062485997,0.04630172,0.011061207,0.023609255,0.015207826,0.028057956,0.040098725,0.010974285,0.054213739,0.053408864,0.196995125,0.130304403,0.043373751,0.053628486,0.049981038,0.147998711,0.224863848,0.083964714,0.044540833,0.042205537,0.088398137,0.068879167,0.116715337,0.054878799,0.041824954,0.048830891,0.040097996,0.092613314,0.0479934,0.116283898,0.213438244,0.268416222,0.104889914,0.073289524,0.071653125,0.068309835,0.128987875,0.119124656,0.052743654,0.094940188,0.069316261,0.085481858,0.059095269,0.075744616,0.072629575,0.086650476,0.108307578,0.100961349,0.169144437,0.120320012,0.108194513,0.096845234,0.203068932,0.068581891,0.080341812,0.031225842,0.050287457,0.053521587,0.092293903,0.090781573,0.090883615,0.063688185,0.061367318,0.027206084,0.034672626,0.017749379,0.065678647,0.012437684,0.136646506,0.146800533,0.176171714,0.016732793,0.029145825,0.166808986,0.147296891,0.134729161,0.047410293,0.088369182,0.114320613,0.142790561,0.144641402,0.12357352,0.124945573,0.131004317,0.122519524,0.10484779,0.122381696,0.139667209,0.132451366,0.063237322,0.077625235,0.134585453,0.06955943,0.085016407,0.059679177,0.086464543,0.07539543,0.15397335,0.076572239,0.101977701,0.036886983,0.157387186,0.110435551,0.135704968,0.160830192,0.060631418,0.011901904,0.01261116,0.076637015,0.066700153,0.120766645,0.031515723,0.161618343,0.098140084,0.049832495,0.142893944,0.202029555,0.080303615,0.153690292,0.129948488,0.161684182,0.126043884,0.107545301,0.164693313,0.010573108,0.025280539,0.009721805,0.021064137,0.01535445,0.02416561,0.014361353,0.048733829,0.027329752,0.036544522,0.011674739,0.018175826,0.023642757,0.01769908,0.03287871,0.077202022,0.034473103,0.043883577,0.012962113,0.012889805,0.026852682,0.022534555,0.031036238,0.030911581,0.018322419,0.028055572,0.014521063,0.026138503,0.009367631,0.010857371,0.021536574,0.026660587,0.024022373,0.022334954
147,0.0105935,0.044930918,0.013725488,0.008797718,0.006538176,0.007878789,0.010405968,0.354550901,0.326745896,0.286395777,0.232231556,0.275232471,0.011098917,0.025254476,0.019534676,0.024041005,0.043804406,0.005836366,0.022834504,0.005584926,0.006306061,0.006802679,0.037192779,0.097267391,0.102072108,0.214566829,0.146925223,0.100568093,0.068594556,0.022428479,0.007670723,0.063239281,0.014927387,0.034361669,0.028343973,0.11819902,0.169483732,0.271733049,0.077959311,0.191866661,0.153980792,0.061164107,0.190282164,0.30319556,0.087159175,0.056005973,0.142511075,0.120266068,0.071484788,0.065255003,0.240510362,0.204972347,0.331027796,0.31173914,0.20670926,0.279159792,0.086786671,0.056260602,0.067805457,0.123480173,0.038086463,0.029681248,0.099721479,0.040976489,0.094836889,0.062155095,0.111315975,0.086604677,0.034776955,0.140037377,0.126764959,0.052471425,0.129219572,0.113330024,0.102479828,0.049095361,0.099884572,0.162505571,0.124822364,0.143765681,0.123457854,0.150809402,0.115444964,0.117519495,0.150139752,0.145464669,0.082378549,0.041951134,0.070806675,0.03423249,0.061885714,0.058787432,0.023943329,0.051696653,0.161525725,0.250059731,0.153188282,0.151273237,0.131028974,0.114701649,0.103703081,0.104419996,0.089612186,0.095684995,0.104425484,0.098038268,0.093938197,0.10283229,0.106387576,0.026557261,0.046749498,0.04687456,0.111531405,0.109594774,0.110622467,0.202081861,0.198460922,0.014219443,0.024607857,0.007276523,0.047648521,0.002229203,0.063072182,0.09136902,0.086679922,0.004535273,0.023002001,0.080252928,0.078424961,0.073184778,0.021387166,0.022435859,0.039799862,0.014479014,0.018596805,0.012139739,0.068003302,0.019187066,0.096046636,0.098792367,0.072423402,0.015594206,0.052896152,0.19571071,0.125130221,0.050870612,0.147050268,0.148291277,0.155964231,0.112177904,0.126178362,0.021122745,0.012078285,0.010332844,0.004253875,0.01365933,0.030169437,0.01191029,0.019344219,0.010260845,0.019724799,0.031940926,0.007809211,0.035331883,0.060347999,0.012429046,0.07914463,0.106945377,0.073834847,0.114749986,0.147830126,0.029648051,0.092735371,0.092088871,0.089252366,0.055065658,0.033257961,0.075257262,0.080516855,0.047459079,0.001100068,0.007961816,0.001502652,0.010875549,0.002319582,0.002750226,0.001266431,0.005908088,0.00436747,0.0048015,0.002737648,0.006315227,0.007802737,0.006849733,0.008806749,0.002349054,0.004627622,0.00509441,0.008467237,0.012774641,0.019964276,0.011856018,0.007575313,0.020729678,0.007071944,0.007066237,0.003264078,0.003499829,0.001543404,0.002628924,0.007114776,0.007903902
148,0.012887396,0.054175963,0.015999857,0.010946838,0.008235305,0.009797646,0.012555895,0.317947375,0.292985255,0.273490618,0.240636559,0.270027659,0.01321941,0.030015347,0.022035221,0.030352525,0.052029691,0.007110946,0.02868137,0.006696191,0.007720893,0.008392796,0.045949673,0.106474412,0.107921512,0.259308583,0.150126354,0.108584925,0.073627984,0.023603156,0.008126443,0.078377154,0.016750857,0.041138131,0.034490686,0.121174984,0.169785106,0.272291754,0.079983781,0.19581914,0.16142974,0.06271714,0.179155043,0.340438655,0.090310321,0.060741834,0.136630125,0.119906622,0.074424575,0.070792123,0.221608659,0.192277619,0.297164601,0.292883674,0.220175433,0.271605655,0.110289159,0.069164068,0.085807752,0.137866959,0.043551167,0.035109474,0.079100689,0.045590649,0.099981687,0.077955049,0.122580663,0.106969468,0.04336315,0.157017419,0.148320056,0.058020056,0.138276452,0.122461372,0.107041078,0.055691444,0.10564405,0.168339175,0.133602497,0.152202546,0.13232645,0.155686521,0.125647516,0.130347,0.164677026,0.165060141,0.091215949,0.044609586,0.072388618,0.037161216,0.077353994,0.074092908,0.029360196,0.065734212,0.158706228,0.273559596,0.168145055,0.193928943,0.130814438,0.117617593,0.109483021,0.10990575,0.105560236,0.103332258,0.10841242,0.10450715,0.123820143,0.105315286,0.109473381,0.033607687,0.055662064,0.060400122,0.114617251,0.112892997,0.113767729,0.191244789,0.192790936,0.012232097,0.020511249,0.006790082,0.039826028,0.002599306,0.074865169,0.101814665,0.109872849,0.004163939,0.030147562,0.107020319,0.094086587,0.085615373,0.026821065,0.026983403,0.046425948,0.015629312,0.015964827,0.013477332,0.077921672,0.023570987,0.104966828,0.105640236,0.082851556,0.017894441,0.064112137,0.190447164,0.125739324,0.060002989,0.141490191,0.142726374,0.150856742,0.115553249,0.128385307,0.02549898,0.014371279,0.012450077,0.004847299,0.017134094,0.036481244,0.014923809,0.024605648,0.01242522,0.023231194,0.036400487,0.009410119,0.040714646,0.065008754,0.014682901,0.093805615,0.111970457,0.076360559,0.124203002,0.161059352,0.023772096,0.104999633,0.100642899,0.103150201,0.069528302,0.039240675,0.091832765,0.103625216,0.057480841,0.000967128,0.006328599,0.001335258,0.007877918,0.001935079,0.002738007,0.001292359,0.004824678,0.003602088,0.003926137,0.002397352,0.004830715,0.005951721,0.006233147,0.006680319,0.002326142,0.003841621,0.003949567,0.006227971,0.009210585,0.015833827,0.009968241,0.006304737,0.015837175,0.005225728,0.005634981,0.002513026,0.00268654,0.001324558,0.002099815,0.006085862,0.00652584
149,0.009847737,0.038665222,0.011144016,0.008353912,0.006191602,0.007112463,0.008581818,0.403847816,0.371570855,0.303068015,0.21036234,0.27430485,0.008864813,0.020187302,0.015723204,0.020045679,0.037741686,0.004940946,0.019090022,0.004713539,0.005646341,0.006149002,0.031174269,0.092395321,0.100253849,0.155386273,0.131417807,0.096849939,0.05846526,0.020615074,0.009130401,0.046430674,0.012810742,0.026735376,0.021484123,0.093824485,0.140644289,0.262765181,0.060887377,0.177189923,0.138101065,0.049413855,0.186831069,0.234679285,0.069671981,0.048618239,0.15115667,0.124817003,0.062147057,0.061535953,0.266418994,0.223654404,0.376051161,0.337893523,0.186323074,0.281470873,0.060811793,0.042308046,0.047838852,0.102672272,0.031780904,0.020238028,0.124773978,0.035912244,0.100341221,0.055388882,0.094270785,0.067638202,0.027833694,0.135966967,0.127482722,0.053933793,0.114203256,0.099706819,0.10513837,0.04978453,0.107414229,0.152674485,0.110803468,0.12993395,0.108889979,0.151279067,0.099665174,0.107205532,0.152121931,0.148762856,0.084454494,0.044132723,0.077284088,0.041338597,0.055579586,0.051022682,0.022312524,0.043815664,0.17044983,0.210254148,0.131948433,0.10487643,0.135791836,0.116049132,0.102194207,0.103436088,0.080066008,0.091964867,0.10382181,0.096560689,0.080002889,0.104892947,0.107629137,0.021788581,0.041288801,0.037603871,0.112396869,0.110610017,0.111814309,0.2215385,0.211147657,0.018946777,0.033257844,0.009180416,0.063972439,0.002386809,0.058590748,0.084218856,0.074584014,0.005968392,0.017308554,0.068549309,0.069546431,0.065541609,0.018747485,0.020591442,0.035735358,0.014305644,0.02519457,0.011394569,0.060952132,0.016063152,0.091354678,0.095892767,0.066866012,0.012991415,0.045727681,0.207677455,0.129976309,0.044425874,0.157245731,0.159287768,0.166211753,0.113090038,0.130989157,0.017098563,0.011007271,0.008672119,0.004943811,0.012035485,0.025466145,0.010244822,0.016498864,0.008904741,0.01577098,0.026868854,0.006486425,0.034412792,0.061990371,0.012367517,0.070023865,0.106380549,0.075364284,0.117928111,0.153846993,0.041780833,0.085199115,0.087029228,0.079721073,0.047870815,0.030019185,0.065978999,0.054715255,0.035888118,0.001273925,0.008433397,0.001731424,0.012018478,0.002863246,0.003458812,0.00135288,0.006592023,0.004392189,0.005077657,0.00357727,0.006455558,0.008596349,0.008663641,0.010299204,0.002449932,0.004626177,0.004591543,0.007818763,0.017182891,0.021379651,0.011717063,0.010122438,0.022622113,0.008198962,0.009180737,0.003649709,0.003943358,0.001667419,0.003040942,0.009281668,0.010182282
150,0.030078463,0.061849876,0.03103618,0.029350939,0.026630644,0.024562426,0.024794125,0.252393286,0.235327893,0.194156918,0.145194932,0.180602845,0.02622287,0.017332263,0.03353848,0.043477592,0.059877655,0.013679795,0.041529102,0.014055296,0.01938785,0.021621161,0.055603276,0.113058283,0.105237763,0.13802226,0.107852138,0.100448701,0.061002353,0.018996305,0.023984908,0.026995246,0.012432917,0.018394232,0.015163899,0.078620447,0.118058502,0.191674102,0.051787872,0.125808273,0.091701937,0.041773839,0.138203247,0.182801129,0.064342284,0.055903101,0.111209133,0.100771091,0.058834845,0.06673568,0.177944359,0.155314654,0.23839417,0.213494781,0.127927835,0.184076047,0.031116755,0.030063215,0.027922361,0.063178401,0.034054936,0.015264166,0.107064685,0.040407598,0.130657509,0.094441743,0.076204181,0.080612061,0.045616708,0.167372096,0.17838106,0.07585586,0.086847126,0.077153649,0.099542837,0.065487504,0.12439167,0.114755867,0.083942204,0.098400048,0.081411767,0.129070097,0.079130896,0.115723464,0.176829386,0.20057993,0.100980146,0.061063197,0.090169068,0.070869743,0.094513419,0.084756053,0.038543673,0.069192443,0.127999037,0.156883522,0.107544101,0.109746628,0.109396558,0.103169258,0.105094526,0.101359779,0.127507346,0.103464968,0.105342122,0.095483023,0.151758643,0.089036887,0.094185277,0.0276918,0.046398499,0.046923975,0.101396841,0.099443061,0.100552328,0.164701125,0.152582007,0.026291881,0.042842446,0.01370322,0.08033334,0.005395672,0.097026774,0.114163776,0.126648488,0.010943882,0.019301052,0.123218082,0.099612659,0.084753195,0.029192493,0.036768316,0.051877702,0.031210949,0.037026484,0.026884115,0.070890439,0.040401729,0.095976305,0.091270105,0.084426757,0.031278482,0.075992466,0.151294031,0.103783273,0.068003804,0.124926049,0.134179018,0.124255674,0.097908362,0.104875941,0.037539798,0.022520232,0.022823304,0.013286113,0.034389574,0.045458323,0.027182107,0.040494021,0.017562338,0.012398376,0.019079659,0.016894651,0.050882332,0.082340747,0.022683426,0.11601091,0.101861991,0.063885282,0.132922604,0.174699469,0.04380283,0.121117881,0.105837936,0.119013326,0.080666688,0.047751264,0.115910361,0.027967597,0.029157791,0.00278925,0.010920545,0.003737841,0.011919387,0.005197082,0.011560536,0.003981013,0.011573875,0.006278802,0.007774828,0.00752316,0.007677763,0.010574248,0.020834493,0.011397463,0.00742571,0.006757047,0.006163117,0.010087724,0.012116674,0.025181755,0.017314824,0.016714461,0.023199822,0.007760239,0.014553581,0.004283406,0.004645731,0.003538314,0.004739917,0.018776101,0.018983725
151,0.024808609,0.060608615,0.024007286,0.023549489,0.02048851,0.019303537,0.019544229,0.257002529,0.23937341,0.196109932,0.140480994,0.178807788,0.021135516,0.015128856,0.026325369,0.037727109,0.057675095,0.010863,0.035831989,0.011490742,0.015421975,0.016997432,0.05308137,0.121991707,0.109311115,0.105180117,0.085931659,0.103444757,0.051369672,0.014815862,0.022296777,0.020395081,0.010525288,0.014979414,0.012168844,0.066726926,0.102417176,0.180455773,0.043597052,0.1313896,0.1076431,0.036114077,0.176762129,0.149389725,0.053848664,0.052007811,0.114544463,0.106465102,0.053703959,0.068585764,0.182367746,0.160264139,0.242606597,0.216939039,0.125188326,0.183010062,0.021566869,0.026691711,0.021656166,0.074695048,0.041262741,0.014618242,0.172439947,0.052160408,0.183459913,0.128946291,0.068937908,0.064056862,0.055739931,0.13672516,0.194363368,0.101060332,0.082560153,0.073822259,0.116535398,0.095544863,0.182185979,0.11229282,0.080099398,0.094624936,0.07791203,0.139204519,0.074738863,0.107622357,0.203194775,0.22227372,0.118812566,0.088774704,0.142144024,0.126381914,0.130356398,0.11190661,0.054379821,0.089564056,0.13574729,0.138011545,0.096187871,0.079437056,0.119843257,0.113456989,0.114585671,0.110121036,0.133061202,0.110767096,0.112138101,0.10450939,0.149889566,0.098824672,0.102753757,0.037278236,0.056235026,0.0584824,0.107929874,0.105809445,0.107479733,0.169334272,0.160822159,0.036846384,0.06280276,0.01789202,0.119012356,0.005474649,0.099090392,0.121902711,0.126784232,0.013545289,0.014965987,0.120305019,0.101092535,0.085665809,0.032205598,0.036205543,0.050739012,0.030279434,0.045859186,0.024599573,0.070843464,0.033012318,0.09861901,0.096538051,0.087412581,0.025035874,0.075759263,0.158921148,0.111743726,0.067174379,0.131414497,0.13868124,0.133722323,0.105838377,0.116438442,0.031380441,0.021291006,0.01877558,0.0133322,0.027991552,0.042690096,0.022463608,0.033959044,0.016023706,0.010236302,0.015925125,0.013770686,0.070553901,0.115443101,0.033800676,0.120880751,0.111075243,0.074007048,0.163003504,0.217763988,0.065079445,0.128760787,0.113165599,0.125308426,0.079313484,0.046725227,0.118826323,0.019628595,0.028921458,0.00376071,0.016787999,0.004779044,0.016156554,0.00738993,0.011036095,0.004075855,0.014438094,0.009737905,0.011611663,0.007520292,0.010435492,0.012822994,0.023173942,0.013789428,0.007493795,0.010490248,0.008630254,0.012207173,0.016276827,0.0416864,0.028137585,0.03015903,0.037765622,0.011521964,0.021449021,0.005930882,0.006398736,0.003984603,0.00563235,0.034456786,0.034965609
152,0.325224686,0.112111147,0.324697953,0.348321918,0.368962895,0.325145435,0.333949818,0.019483813,0.0229664,0.043113514,0.048406593,0.041106551,0.314803752,0.029707024,0.281049316,0.267903453,0.182742639,0.113992717,0.280589343,0.209447627,0.280242376,0.303919093,0.120878351,0.04468458,0.06422085,0.17114559,0.117776449,0.081108827,0.138212573,0.029601461,0.272534001,0.009644184,0.01770932,0.010432774,0.008894227,0.104086777,0.139418752,0.088646817,0.072603725,0.077188479,0.052518608,0.056300095,0.130302989,0.15354898,0.101932265,0.136333849,0.057701132,0.072713229,0.095764054,0.116656026,0.038036688,0.044412464,0.022654722,0.037610537,0.080638466,0.035846123,0.00725969,0.01732189,0.009369471,0.033977663,0.020753883,0.004784787,0.058398224,0.028709995,0.110444953,0.027903235,0.053191385,0.064926955,0.013444398,0.100457069,0.117441726,0.027798808,0.049926829,0.051530066,0.04708141,0.023257894,0.045644398,0.054406636,0.048852913,0.052542025,0.048467641,0.0622967,0.054406911,0.101875196,0.122587973,0.154932919,0.050557051,0.029198506,0.022967481,0.016319216,0.02785285,0.026168906,0.012947822,0.019951905,0.058173978,0.114653717,0.073060168,0.150981707,0.036444209,0.036690506,0.041189382,0.045504773,0.047477882,0.051974432,0.051216786,0.041447488,0.05103142,0.040808918,0.048895663,0.007335788,0.015385202,0.010145936,0.059142853,0.063683317,0.05828091,0.047386604,0.04514825,0.019296118,0.022231655,0.013207208,0.057968135,0.010475488,0.036718006,0.051715602,0.069453337,0.012433516,0.027328228,0.047716625,0.086667251,0.107518573,0.016168001,0.069256906,0.126709257,0.161278217,0.157849467,0.146928978,0.136110099,0.163464172,0.090830595,0.080844365,0.083251924,0.295913074,0.098035247,0.047319833,0.066625897,0.151393362,0.043772524,0.04998138,0.036686423,0.05451765,0.041566857,0.29993212,0.155712618,0.268497408,0.033826744,0.298301097,0.129455517,0.283649746,0.276635673,0.128975571,0.008322642,0.008982476,0.203095373,0.028646256,0.063740879,0.009457562,0.043982655,0.043102033,0.024885034,0.074099205,0.098926057,0.063152777,0.046585471,0.051451405,0.058708435,0.067212959,0.107879375,0.042828573,0.005710767,0.014349809,0.016698005,0.030720155,0.028682394,0.03062429,0.02312597,0.078699598,0.059642393,0.058012477,0.016950634,0.025988491,0.02712124,0.026818386,0.053177509,0.129720349,0.056475838,0.088835669,0.019083364,0.017819215,0.033490171,0.036106405,0.034772978,0.046417072,0.010869572,0.035158405,0.026354555,0.032106074,0.017427804,0.021369983,0.056228361,0.066930237,0.012225474,0.008580037
153,0.22892213,0.104954785,0.258247739,0.235957076,0.252026253,0.242299865,0.223475099,0.002947923,0.007725755,0.006858007,0.015295805,0.012282057,0.2406248,0.060906363,0.201125612,0.22242411,0.140478389,0.225235584,0.2300006,0.172998786,0.222963983,0.236503393,0.120634936,0.028780397,0.043808813,0.007957333,0.038955309,0.054756263,0.07211153,0.038651255,0.274175746,0.040385589,0.047446069,0.042077602,0.043657811,0.010403248,0.016596741,0.038929372,0.007862642,0.030209137,0.031462469,0.00977278,0.011747665,0.006846373,0.026286715,0.083246067,0.029785946,0.051299016,0.04418249,0.085387441,0.015819912,0.019144459,0.007805336,0.003951138,0.008576217,0.009639914,0.037297936,0.04761559,0.040405066,0.031140473,0.052379354,0.035730441,0.007389373,0.059740292,0.142814361,0.084293669,0.017029293,0.021674939,0.039796921,0.087409762,0.11756089,0.042263034,0.017127541,0.014953726,0.048532023,0.03679457,0.067026404,0.020664038,0.014676782,0.018415819,0.013365434,0.046846352,0.020047912,0.072034483,0.121478726,0.151767434,0.054981382,0.067184577,0.047333818,0.052739539,0.083532593,0.078046228,0.04482747,0.055642425,0.037378422,0.008914815,0.019756369,0.013283405,0.019212023,0.021002943,0.026120265,0.029653779,0.031067582,0.034832833,0.032981795,0.028276182,0.034499536,0.030012563,0.033755108,0.015641572,0.015085786,0.013722913,0.038377498,0.043550789,0.038936284,0.023253461,0.023864344,0.133755895,0.146860857,0.085095968,0.178480585,0.068592021,0.029563924,0.033542547,0.048693939,0.136397025,0.102453858,0.035609837,0.064327994,0.081730236,0.038406063,0.093114682,0.128008612,0.228265722,0.285945053,0.21125121,0.103804022,0.199343013,0.0619727,0.05479857,0.067239729,0.234271876,0.089628609,0.025823506,0.047750051,0.117085092,0.02219789,0.028966342,0.017956028,0.035241401,0.028726811,0.220195766,0.156495998,0.203273852,0.149257506,0.273389631,0.130700391,0.229938585,0.267268603,0.164035483,0.042727926,0.040024662,0.208995961,0.083576491,0.106448635,0.041398858,0.030673033,0.027372463,0.021696198,0.07806997,0.116341654,0.121223424,0.029976203,0.034319626,0.03874243,0.060751233,0.120879053,0.031020289,0.036946656,0.04434557,0.018183054,0.026699429,0.030536607,0.023753914,0.027068366,0.098257412,0.058071173,0.066694421,0.014158937,0.021871313,0.035210108,0.023386322,0.055151285,0.164599337,0.05892681,0.089580577,0.015837507,0.014112278,0.024380433,0.032675143,0.030934815,0.037936031,0.015775911,0.030162055,0.025030522,0.052983619,0.016687266,0.020331079,0.053479288,0.063001062,0.017505,0.015013929
154,0.364538467,0.171531624,0.476494476,0.366298669,0.3929061,0.361843954,0.188854994,0.002461262,0.009348454,0.006768594,0.017175662,0.014528853,0.383164248,0.054921615,0.357534765,0.384165648,0.225961442,0.512963227,0.397624238,0.215679482,0.341333849,0.3666015,0.209523076,0.026103425,0.043156365,0.00233603,0.030776785,0.060821543,0.09773576,0.036113887,0.599680482,0.009858018,0.028104625,0.012615394,0.012159004,0.006087536,0.005947119,0.009836037,0.006399287,0.006853495,0.005441592,0.010926562,0.003433256,0.001964308,0.030016678,0.121256188,0.044429502,0.077644841,0.062710446,0.130141382,0.019731724,0.023664331,0.009225068,0.002753296,0.005868928,0.010183961,0.007306635,0.020465905,0.010365174,0.005089524,0.014822269,0.006381845,0.003376482,0.015534561,0.04704303,0.024508397,0.017215321,0.010743187,0.009044354,0.10096576,0.090301899,0.015505153,0.018359265,0.013068787,0.035939552,0.018413011,0.027481227,0.021886566,0.013997793,0.018864365,0.01220037,0.040302223,0.021470353,0.098947298,0.089277566,0.121946166,0.02518506,0.020182437,0.014967399,0.014064631,0.024503829,0.023438102,0.013171297,0.016566132,0.052476674,0.005662338,0.018280316,0.005445847,0.018729007,0.019054447,0.023347897,0.02976625,0.024937157,0.034428014,0.031672751,0.028292456,0.02421561,0.03092684,0.037712898,0.005791137,0.011157063,0.005268158,0.044500761,0.052349886,0.045184981,0.021103959,0.027913439,0.043291242,0.037221476,0.031898814,0.09359455,0.031636968,0.019971349,0.032159333,0.05412936,0.040285527,0.08252333,0.032421569,0.080131071,0.109260396,0.016813584,0.115151892,0.186854508,0.353826175,0.423818837,0.343495188,0.150735878,0.309023995,0.074924941,0.070148842,0.093153476,0.436433637,0.14278413,0.030605689,0.07033714,0.184949556,0.020785737,0.02602426,0.017484991,0.04089853,0.033720894,0.36614842,0.214495409,0.212280007,0.102695073,0.492157402,0.22321416,0.366232916,0.492544932,0.25742871,0.011706136,0.009378684,0.325996755,0.028984018,0.03291182,0.011981622,0.021149194,0.026806752,0.019698923,0.035870694,0.066028007,0.113079174,0.026339249,0.032899097,0.039482147,0.07905317,0.171742175,0.020814309,0.007014011,0.014134068,0.013679676,0.021517108,0.02075569,0.028039958,0.024722557,0.160637783,0.028760363,0.103722167,0.009375707,0.01579853,0.028229208,0.026587806,0.086918389,0.314832937,0.091855849,0.07517862,0.010132317,0.014030503,0.031857335,0.038308001,0.018351811,0.020878428,0.009990088,0.01717667,0.016800795,0.075229854,0.010521005,0.010914173,0.023457852,0.031176542,0.014063161,0.010361438
155,0.097513083,0.038217849,0.051828021,0.099417891,0.089483339,0.091268503,0.105419181,0.000873944,0.002870523,0.002920614,0.010088958,0.005789445,0.048376515,0.076703138,0.053630239,0.06743607,0.041993022,0.066469817,0.065951498,0.025221702,0.056582425,0.075408698,0.042503775,0.00863178,0.023163027,0.003991744,0.055406122,0.029608079,0.051999055,0.051860691,0.143632604,0.053241265,0.06880259,0.060037502,0.066139448,0.009973123,0.022020325,0.071459575,0.006108432,0.059609148,0.071441799,0.006586976,0.014866755,0.00085496,0.021867832,0.042565282,0.00714579,0.015949307,0.02435264,0.02897439,0.003621775,0.003866357,0.002893126,0.001395121,0.005487321,0.003688186,0.04185432,0.066861707,0.050974557,0.058355382,0.069754806,0.036114885,0.006254047,0.062258718,0.170128867,0.022169937,0.02685464,0.050398128,0.065801536,0.056995284,0.041752171,0.051657925,0.021167635,0.025869859,0.026203534,0.034848589,0.070645119,0.017979185,0.022522017,0.021351131,0.022281977,0.025757132,0.023075955,0.026163733,0.050566057,0.048023376,0.025123411,0.152578094,0.107442261,0.133829823,0.024732666,0.02085639,0.045748224,0.012193698,0.012204995,0.004876984,0.027510947,0.019578125,0.005341846,0.00622214,0.008515916,0.011257517,0.005189419,0.014177348,0.013144465,0.009882564,0.002971174,0.014910389,0.015137982,0.011183426,0.006511165,0.003845114,0.016081086,0.019902811,0.016833741,0.003217292,0.007298645,0.386838075,0.459942104,0.26920399,0.560918704,0.204476452,0.006779516,0.011417358,0.012406704,0.352291458,0.24431068,0.008248881,0.025669915,0.036210272,0.065870824,0.084096318,0.087432298,0.070361579,0.173081626,0.068719429,0.042583459,0.174251419,0.031035693,0.022631603,0.02302986,0.064675263,0.02824255,0.008140829,0.015077439,0.034723138,0.004288626,0.006746787,0.004280835,0.015496095,0.010337291,0.050319786,0.124652023,0.09869441,0.331486874,0.103263386,0.05690146,0.058904819,0.086528923,0.109601209,0.065141464,0.056354641,0.077994997,0.205669899,0.190585109,0.082259936,0.003210266,0.009902066,0.010373787,0.036678723,0.057953712,0.19594778,0.00713372,0.013557206,0.012798693,0.030322832,0.092220503,0.003460503,0.042230781,0.058326315,0.016269065,0.014859734,0.026884901,0.002219061,0.024474178,0.007561415,0.055984131,0.015060087,0.008682177,0.011832267,0.002306252,0.006070727,0.009047756,0.026696007,0.008646582,0.073373088,0.010006775,0.005636067,0.003341374,0.002377301,0.032859882,0.026458639,0.013541384,0.027351437,0.005404473,0.059691435,0.001446637,0.000945398,0.000480382,0.001734348,0.013138686,0.013308169
156,0.326175464,0.145625013,0.33616171,0.344195742,0.376159055,0.335016088,0.321361203,0.00307654,0.00956177,0.007852852,0.018791117,0.015369204,0.372888189,0.030464823,0.271333828,0.310134059,0.206489359,0.165649945,0.325308365,0.258379219,0.318034876,0.32748185,0.158334974,0.049880418,0.074898544,0.008845937,0.064153016,0.095265804,0.111994844,0.027039004,0.274168354,0.006786504,0.017825672,0.009061123,0.008710793,0.015095967,0.017607188,0.017872482,0.013099803,0.010247598,0.004531297,0.016025237,0.008074692,0.015023715,0.043668088,0.12193086,0.039748615,0.073249642,0.066550031,0.127412138,0.01911336,0.023153267,0.009600841,0.003830016,0.009545793,0.011003817,0.003769201,0.016096006,0.007327627,0.002367388,0.020989498,0.002530285,0.005179123,0.031416624,0.129288463,0.010405025,0.021182569,0.014160915,0.009773918,0.130453728,0.200035035,0.034240689,0.022187264,0.018513213,0.0636566,0.026972856,0.068298785,0.026157399,0.017727841,0.022968118,0.016785619,0.069558168,0.029515883,0.127946147,0.200419502,0.272721716,0.084616791,0.029231701,0.02425541,0.00851695,0.01084941,0.010892873,0.0061566,0.008131653,0.053274907,0.013236431,0.022686947,0.008989965,0.031741317,0.036773066,0.046367695,0.050246136,0.054385318,0.059805548,0.056471913,0.047319741,0.05745258,0.043400342,0.052296442,0.005248229,0.016867209,0.006583189,0.06259684,0.068291502,0.06217437,0.024443757,0.031697749,0.057963856,0.071619457,0.040283195,0.135966764,0.027159099,0.053182538,0.057222715,0.07616144,0.031779768,0.07213805,0.053786549,0.103046265,0.131353114,0.031917231,0.150909629,0.189874076,0.398590152,0.434970891,0.343750497,0.166593201,0.276061741,0.106769444,0.093628635,0.103933871,0.298521188,0.125727026,0.034392367,0.071491467,0.173157935,0.03008364,0.040714589,0.025799642,0.059231555,0.045682027,0.325698104,0.176463805,0.268394864,0.093221732,0.358187024,0.174657963,0.330741794,0.347311024,0.156178127,0.008312718,0.006833208,0.215379567,0.025193172,0.070664332,0.005596468,0.059506446,0.047025487,0.028397795,0.126332798,0.166729726,0.189590909,0.051251065,0.05942555,0.064041724,0.089320497,0.179030564,0.058955071,0.003338409,0.013065225,0.01934158,0.046764034,0.033038339,0.049934966,0.027716999,0.104439069,0.06301074,0.080426985,0.026684254,0.039816732,0.038813747,0.041734369,0.079418978,0.174223736,0.083862646,0.099339847,0.0300895,0.028936937,0.058213046,0.054429099,0.052276042,0.074481622,0.013849227,0.051638911,0.036292801,0.042762366,0.023673413,0.028736535,0.075469014,0.091437178,0.013991409,0.008644395
157,0.202428796,0.12473961,0.132304496,0.2226725,0.229587393,0.160926181,0.109481766,0.013574104,0.02059908,0.017293771,0.030157697,0.025738711,0.182210623,0.03176484,0.118771574,0.175690159,0.149470552,0.073906002,0.174721318,0.104972984,0.142540566,0.149381967,0.118813703,0.120153038,0.140297574,0.020759086,0.066707528,0.143170796,0.082713176,0.029221758,0.101710014,0.017706731,0.028235388,0.021460476,0.02345738,0.026087192,0.038141158,0.051734871,0.019144908,0.028891738,0.015958931,0.019005602,0.022610556,0.035176003,0.04377742,0.092252088,0.051734857,0.083051495,0.060202361,0.111809161,0.034371844,0.041164732,0.021177637,0.01348924,0.018849938,0.022631448,0.010889958,0.02743557,0.017039621,0.009028387,0.03821638,0.006611586,0.019311286,0.055975237,0.224967971,0.062784277,0.029697253,0.034094579,0.033514542,0.176816262,0.308194315,0.082869524,0.031678552,0.029223764,0.111023925,0.059828549,0.135673407,0.041858988,0.027567094,0.034976632,0.026187674,0.109402306,0.039559188,0.143036293,0.30703036,0.393673949,0.15133639,0.063285059,0.058143414,0.036621455,0.06268486,0.058786653,0.027484966,0.046549784,0.069376529,0.027849613,0.035498909,0.021242133,0.069742514,0.085445075,0.108177694,0.102049226,0.149022111,0.122957687,0.11799518,0.096246898,0.176941879,0.071008389,0.083823328,0.018842986,0.040334911,0.029585553,0.098991147,0.097799901,0.096912229,0.057611055,0.054705441,0.043370397,0.046650178,0.033804699,0.070481043,0.024443335,0.146327354,0.130197363,0.149867884,0.028359236,0.059243913,0.138976075,0.147315658,0.148912374,0.05344506,0.153582595,0.15487539,0.295852048,0.326635635,0.241085904,0.144370496,0.204616632,0.141509728,0.115722571,0.127528024,0.123478953,0.133820358,0.057623254,0.083224978,0.143860574,0.068301059,0.091826959,0.055381881,0.091126587,0.075149323,0.170464047,0.095950831,0.099067127,0.0784869,0.177289681,0.122271807,0.15482085,0.170597748,0.074355264,0.022812049,0.019161742,0.072647641,0.050987152,0.127141866,0.018435243,0.167319708,0.098686626,0.050143271,0.206276158,0.291715891,0.184494386,0.131362599,0.128562051,0.137633896,0.123307806,0.154873847,0.169954548,0.009828724,0.024501564,0.006517469,0.016336924,0.009562877,0.020570529,0.010894467,0.068155517,0.012171352,0.04005345,0.0086858,0.01402834,0.048484,0.014974148,0.0316936,0.086469663,0.033451178,0.027258384,0.009476973,0.009911158,0.024261269,0.020687414,0.028137476,0.022512182,0.01200024,0.022777663,0.013930925,0.027170324,0.008431794,0.010033019,0.024242181,0.029865483,0.014506072,0.012781208
158,0.283283973,0.11960589,0.274891871,0.301579425,0.326639444,0.310398163,0.312548948,0.003100132,0.007146783,0.007364602,0.014846257,0.012473467,0.29854069,0.025526591,0.21780714,0.272273826,0.167171841,0.144210163,0.286822631,0.201490947,0.279877152,0.297730817,0.136741642,0.02781404,0.03771151,0.013876881,0.041788281,0.051976715,0.077921482,0.020367435,0.270554991,0.004345337,0.013108488,0.005706523,0.005089862,0.015344278,0.019866964,0.018380784,0.011960059,0.011238826,0.005460021,0.012470594,0.011107351,0.021423578,0.031095141,0.087943567,0.02462709,0.043862491,0.044418394,0.089389305,0.012713434,0.014852115,0.007095366,0.004334626,0.010192871,0.008856398,0.002598519,0.011231517,0.004855571,0.002950108,0.011929478,0.001904171,0.005808804,0.016018126,0.063870413,0.009231511,0.018566653,0.012489179,0.006385723,0.11641328,0.132922412,0.019063106,0.017566806,0.014755328,0.039376994,0.01654124,0.037304288,0.0187214,0.013842546,0.017309532,0.013518746,0.046106255,0.024842173,0.115358727,0.127784878,0.182558198,0.046134043,0.016999351,0.014715425,0.006601065,0.00945991,0.00924471,0.004944867,0.006925879,0.03193774,0.016066623,0.019851116,0.01145444,0.016833665,0.01884981,0.023979845,0.027260118,0.030318038,0.032129191,0.02881765,0.026198222,0.031251934,0.026515522,0.030755302,0.003545631,0.01044971,0.004593084,0.035550186,0.040506749,0.035833405,0.015019842,0.019315368,0.040443203,0.057202992,0.024120618,0.123628923,0.014431643,0.025872313,0.032721024,0.048981274,0.018850343,0.040285727,0.033099273,0.066511973,0.087059948,0.015468661,0.1020964,0.146259131,0.239440587,0.251721606,0.223956092,0.116637948,0.263608148,0.061776974,0.057064001,0.073400635,0.248222225,0.099703348,0.020941695,0.043021426,0.13647711,0.016533264,0.021362917,0.014220132,0.034022498,0.026511818,0.266684065,0.154243362,0.255038947,0.05099926,0.348182332,0.153551758,0.294786582,0.325901071,0.132414333,0.004798406,0.004130144,0.199079876,0.016698218,0.036136367,0.004193676,0.029058659,0.025201571,0.017422183,0.070543447,0.093920349,0.09325981,0.029639239,0.031937397,0.038706889,0.065403015,0.137452627,0.028641348,0.002276664,0.008601067,0.017753041,0.043023295,0.030280007,0.050192972,0.025086122,0.086241877,0.056318245,0.071204588,0.024293926,0.039251331,0.025213302,0.039282988,0.075443112,0.154249334,0.079006456,0.090145289,0.02759883,0.028213722,0.061672689,0.049566144,0.039739544,0.065479187,0.011128257,0.041084169,0.025480612,0.037768582,0.016364387,0.018816952,0.044463733,0.057153428,0.01254868,0.00714419
159,0.248237479,0.126890795,0.269979136,0.258852361,0.283095831,0.245094299,0.212152051,0.004133613,0.010449768,0.009173366,0.019796283,0.016329105,0.29560404,0.024112907,0.227461973,0.247887125,0.175897685,0.116614162,0.265386344,0.179450965,0.240707558,0.243730603,0.132341034,0.056650928,0.079507437,0.015790687,0.084221624,0.099438633,0.115651758,0.025801318,0.190302502,0.006907858,0.015381464,0.008690644,0.008066718,0.024370773,0.031382867,0.031168183,0.019406817,0.017375736,0.007417933,0.020426627,0.01370635,0.031082837,0.052470317,0.115854902,0.039122945,0.071352434,0.068991499,0.117746373,0.01974658,0.023864009,0.0105113,0.005128538,0.013294146,0.012048754,0.004038114,0.014816976,0.007083031,0.003307731,0.01674084,0.002526552,0.006748762,0.02249036,0.090228111,0.014228289,0.022059228,0.015337813,0.010764003,0.135643175,0.200868792,0.035823853,0.022951184,0.019118373,0.062846337,0.027501644,0.067660643,0.027430412,0.018503374,0.023938386,0.01740484,0.06944851,0.030107223,0.129631962,0.197556813,0.271083045,0.085384994,0.025906339,0.024993574,0.00987945,0.014581682,0.014382689,0.007371855,0.011162717,0.053347658,0.022028766,0.024815987,0.011185435,0.034694752,0.040550386,0.051249638,0.053951036,0.063393337,0.064492231,0.06092111,0.050437962,0.0675586,0.04435546,0.0539402,0.006218758,0.018227509,0.008807342,0.065296051,0.070040964,0.064469339,0.026783349,0.033068902,0.042506008,0.049587593,0.029759656,0.097768397,0.023029696,0.058605269,0.064494669,0.080293447,0.024832907,0.064951362,0.059535718,0.102410063,0.127290383,0.03678715,0.158214368,0.182940521,0.414690714,0.423313588,0.351942796,0.157624728,0.262073,0.109517256,0.094281389,0.098829673,0.239833268,0.111249566,0.035721731,0.070425523,0.150898768,0.032796424,0.044496653,0.028192098,0.061886706,0.047382764,0.265472255,0.130537424,0.179203616,0.083304131,0.292874428,0.148799887,0.263629962,0.281262959,0.110226406,0.007725602,0.007136549,0.138209511,0.022740138,0.050709492,0.005974025,0.067221512,0.050836363,0.028845711,0.126056785,0.162802877,0.203330707,0.05954693,0.065077698,0.071017493,0.087680344,0.175801267,0.066371072,0.003330544,0.011990125,0.011534937,0.029421657,0.019247121,0.036249613,0.016959387,0.066780338,0.033060403,0.052483819,0.016426027,0.02701031,0.022801357,0.027387161,0.053319912,0.118169555,0.055642746,0.057119705,0.0185906,0.019653959,0.045275623,0.034584556,0.030180282,0.043409049,0.008734715,0.029192552,0.017211067,0.029918125,0.010792317,0.012236442,0.027968003,0.036588621,0.009856434,0.006206734
160,0.196410653,0.092470446,0.220284333,0.201050576,0.209175333,0.234967236,0.281084554,0.001820863,0.006049136,0.004683743,0.012008102,0.009598289,0.188248645,0.05488281,0.16977528,0.191399757,0.117619559,0.287927983,0.197660997,0.110838565,0.177094483,0.211907563,0.108099856,0.019924711,0.032962999,0.003006122,0.029995583,0.042211086,0.05909925,0.034107672,0.290013357,0.032570195,0.040930103,0.034610485,0.035998854,0.006481144,0.010733883,0.029453082,0.005118794,0.022204944,0.023181801,0.007228238,0.006766555,0.0021669,0.020413177,0.069090914,0.02530126,0.043580476,0.03668234,0.071111165,0.013114737,0.015968253,0.00611565,0.002214388,0.005193344,0.007433012,0.029518427,0.038952463,0.032173615,0.023254677,0.038063387,0.027546909,0.004481224,0.040454287,0.085806597,0.060293554,0.012936347,0.015617123,0.029891101,0.071268494,0.088670633,0.029990489,0.013232491,0.010882285,0.037075894,0.02695248,0.046896346,0.016282892,0.010999391,0.014260809,0.009782346,0.036063949,0.015435316,0.06021784,0.09145811,0.114808265,0.038761014,0.047663463,0.032337387,0.037324468,0.059797618,0.05623958,0.033337234,0.039758847,0.031406627,0.004801449,0.014741099,0.007639998,0.014171531,0.014890419,0.018270764,0.021758167,0.020465034,0.025288438,0.024265285,0.020571072,0.022127036,0.023284995,0.026331928,0.011316742,0.010975993,0.009352873,0.030068364,0.034842101,0.030672203,0.019596504,0.019625719,0.128864642,0.142888446,0.078764811,0.177282455,0.061639899,0.019380812,0.023525198,0.035657853,0.132162387,0.095798383,0.025252308,0.050444981,0.066631272,0.034627695,0.097109834,0.124635348,0.269377079,0.33594959,0.253748202,0.086640583,0.221023017,0.048678641,0.043070362,0.05514864,0.206008374,0.07682274,0.021322457,0.039910156,0.09780145,0.017599127,0.022922723,0.0140652,0.027561295,0.022398241,0.179518278,0.171641397,0.254381575,0.141429518,0.254664382,0.121192438,0.184998784,0.241338777,0.197368203,0.035359749,0.032744542,0.26830125,0.066524171,0.07003273,0.032522946,0.019346959,0.019882731,0.016521799,0.053986409,0.085881285,0.125981098,0.020396873,0.024472768,0.02750737,0.052439602,0.122254473,0.019538278,0.029051904,0.034614406,0.010375502,0.015054273,0.016196783,0.014991035,0.01764199,0.082257548,0.025015137,0.054135596,0.007321764,0.012322751,0.021282304,0.014776695,0.043465289,0.153999525,0.045835841,0.050033459,0.008060792,0.008494129,0.017072068,0.019919853,0.017452593,0.017905943,0.010885762,0.015442427,0.01075865,0.049040749,0.006544545,0.007036945,0.015593348,0.020097765,0.012099984,0.010640725
161,0.010928333,0.005952135,0.01455334,0.007694925,0.003737757,0.003812249,0.004350951,0.020464976,0.021358012,0.026607246,0.027349328,0.025084671,0.004388213,0.198417104,0.028114373,0.005422663,0.008462681,0.002012023,0.005390703,0.004050658,0.003779943,0.00369206,0.005945598,0.007506052,0.017342158,0.13346755,0.220183238,0.017087457,0.086100927,0.179185136,0.017594493,0.156246851,0.231783262,0.190920408,0.222204451,0.056187224,0.130398453,0.36227627,0.03023919,0.164745986,0.084316903,0.023640931,0.066751187,0.132480848,0.057203061,0.042486701,0.018756868,0.018299639,0.040906944,0.016242538,0.01921513,0.018602714,0.021111941,0.024343695,0.044365947,0.020469003,0.098633304,0.156074953,0.121004954,0.040016978,0.09610801,0.036208115,0.117024952,0.126125188,0.473420373,0.092256334,0.048391886,0.082058647,0.044448763,0.166100112,0.097480825,0.061010871,0.037803337,0.040577881,0.035051826,0.043924424,0.101275547,0.036419627,0.036488322,0.038124597,0.035913366,0.0453901,0.046763293,0.135116332,0.094114333,0.127703552,0.041818358,0.201642248,0.171355513,0.202554463,0.094030589,0.081604084,0.047413969,0.056579421,0.018130996,0.08893527,0.065189933,0.123878563,0.008867883,0.007219088,0.007666994,0.009098159,0.004447382,0.010829357,0.012968705,0.006687192,0.002784816,0.016601814,0.014174748,0.012276138,0.006817538,0.01049316,0.014935718,0.018184096,0.014976236,0.025476368,0.017985724,0.008254436,0.005499161,0.024402284,0.014787012,0.016793186,0.005319712,0.008748604,0.006100678,0.003169016,0.119246588,0.005231727,0.010171132,0.012486198,0.003068933,0.005113832,0.010637186,0.004149549,0.004466073,0.003247561,0.011153299,0.004854848,0.016110405,0.010249961,0.00605707,0.018263772,0.005427656,0.019235968,0.013962407,0.008368287,0.017410702,0.021924248,0.011795553,0.009684161,0.00688873,0.007468517,0.021959286,0.006652021,0.011752286,0.004482821,0.005707491,0.004497626,0.005003656,0.02032746,0.221503431,0.182790286,0.005494287,0.142821778,0.291030591,0.032262639,0.00263242,0.008349588,0.010019013,0.058089993,0.062027861,0.00363166,0.006361158,0.010400387,0.007860051,0.008115336,0.009239467,0.003232803,0.080608437,0.099994459,0.001241721,0.028483714,0.001885535,0.011690548,0.00183906,0.002249817,0.002280031,0.00743039,0.024685483,0.014952598,0.001670886,0.02887108,0.007138388,0.00394617,0.006074787,0.003179732,0.02563263,0.030548128,0.011933142,0.005077867,0.044326353,0.051659343,0.010629561,0.044556299,0.009971543,0.002544026,0.005361092,0.005174301,0.003699078,0.007424532,0.011068649,0.010448665
162,0.010503126,0.004397479,0.014998876,0.006843765,0.002355129,0.002352403,0.002501209,0.038434338,0.037118367,0.042271998,0.035172699,0.035749947,0.002703004,0.237537173,0.030635918,0.003806656,0.007497623,0.001386918,0.003778657,0.002202579,0.00212007,0.002182894,0.004189533,0.00730162,0.018323789,0.182763525,0.227990816,0.017542181,0.089786513,0.208122169,0.019849448,0.19037874,0.27658694,0.229405186,0.267789783,0.066905409,0.142627694,0.368702491,0.038422652,0.173854261,0.094168871,0.030210227,0.081655929,0.182262744,0.064822383,0.044497892,0.023981411,0.020557192,0.045435086,0.016491624,0.02915259,0.026357041,0.036868164,0.041548562,0.06127115,0.030875875,0.125486798,0.188202377,0.151404492,0.053487714,0.10925014,0.055179396,0.158234274,0.139370835,0.474631698,0.11265289,0.059534759,0.105512192,0.056512884,0.183792031,0.103420418,0.060707733,0.046555321,0.050647998,0.037748973,0.044980768,0.103886239,0.045477989,0.045784564,0.047457193,0.04496236,0.051023087,0.055903557,0.144850044,0.102051306,0.135813963,0.045344078,0.199178763,0.173004512,0.203269969,0.113867864,0.100681236,0.05442604,0.070283179,0.021649077,0.122814752,0.083124364,0.167421738,0.010894456,0.008318483,0.008001267,0.009632228,0.003967006,0.010870278,0.014277887,0.006690584,0.002262042,0.018240451,0.015584819,0.01444933,0.007397286,0.012665471,0.016852491,0.020331364,0.016810954,0.034354519,0.022861143,0.007600764,0.004625764,0.024375534,0.013552225,0.016705093,0.003880724,0.008162302,0.004963939,0.002541392,0.120706371,0.003883366,0.008765198,0.011171521,0.002849997,0.00432329,0.009711181,0.003301962,0.003396496,0.002444887,0.010069097,0.003646899,0.016272771,0.010164959,0.005055882,0.01930936,0.004000717,0.024276481,0.01543362,0.007507646,0.022955355,0.028601874,0.015564777,0.010611796,0.007345739,0.006382323,0.021455703,0.005163668,0.010752101,0.002777376,0.004157088,0.002725313,0.003114062,0.019793453,0.265875471,0.217143173,0.004344783,0.137843389,0.291528527,0.036088275,0.002235595,0.008957373,0.010613561,0.063708688,0.067006337,0.003215382,0.005988696,0.01010737,0.006813554,0.006154182,0.008285546,0.002447511,0.106592542,0.122287185,0.001010743,0.035587942,0.001647927,0.016955455,0.001579322,0.00167487,0.001563582,0.008573611,0.031139283,0.018399124,0.001625053,0.036875184,0.009022861,0.003140783,0.007648471,0.002335522,0.032305164,0.039254504,0.016676968,0.006813639,0.055180367,0.064728495,0.011058847,0.05555691,0.011701027,0.00213482,0.005849319,0.005549713,0.00250532,0.007761257,0.010563781,0.009825117
163,0.280636223,0.136204708,0.361429112,0.282886201,0.300188912,0.336224705,0.350658399,0.001708563,0.006957121,0.004894088,0.012698392,0.010781888,0.288031075,0.043395074,0.270876387,0.295928743,0.174149323,0.477351093,0.30746487,0.158013231,0.265962424,0.312865239,0.165468127,0.018299334,0.031370924,0.001264328,0.023372586,0.045288074,0.074716661,0.028279315,0.470606905,0.007924204,0.022353169,0.010209313,0.009884402,0.004353049,0.004201191,0.007497373,0.004688383,0.005206032,0.004252354,0.008229328,0.002248032,0.000972171,0.022848411,0.093245866,0.03366953,0.059289507,0.048097079,0.100085118,0.014653668,0.017530841,0.006851513,0.001843068,0.004096862,0.007420678,0.005840813,0.015974503,0.008131648,0.003998693,0.01006657,0.004900483,0.002245709,0.009462106,0.025506925,0.014294935,0.01277894,0.007851862,0.006491362,0.075115234,0.061519101,0.009144226,0.013625532,0.009447683,0.024889327,0.012387098,0.016055957,0.016154092,0.010317257,0.013974018,0.008853274,0.028515882,0.015738245,0.073820963,0.060522204,0.083610542,0.014595858,0.012432514,0.008605796,0.00863206,0.014376073,0.014013285,0.00829876,0.009705828,0.039784722,0.003882605,0.013562775,0.0036738,0.013358393,0.013390328,0.016376855,0.021527492,0.016848071,0.024781307,0.022688522,0.020468509,0.015787151,0.022824157,0.028066009,0.003670717,0.008011571,0.003126333,0.033105393,0.039371233,0.033721938,0.01488238,0.02066252,0.03560142,0.031399058,0.026232029,0.076546669,0.025331579,0.013501314,0.022772975,0.03964931,0.032988692,0.065507172,0.023538852,0.061093951,0.084970021,0.013124196,0.110866026,0.164172677,0.367125746,0.442272101,0.356794914,0.11830384,0.303110956,0.056590353,0.053164533,0.072641128,0.333118015,0.111440314,0.022700762,0.053648192,0.142634935,0.01471693,0.018329129,0.012526056,0.030789229,0.025281138,0.277199634,0.221790448,0.329067504,0.08041342,0.398446745,0.181922641,0.282938501,0.386318192,0.274103837,0.009587805,0.007753945,0.389691009,0.021086726,0.019466959,0.008382105,0.013658203,0.019266196,0.01436556,0.0207122,0.042315765,0.111620617,0.018271082,0.023457861,0.028287288,0.064917661,0.156646568,0.013455299,0.005562902,0.010630484,0.009141782,0.014386667,0.013495211,0.019988331,0.017492182,0.121264629,0.015972984,0.078157368,0.005918454,0.010374507,0.018903673,0.018919364,0.065338731,0.242986084,0.06887453,0.050739903,0.006332298,0.009784907,0.023336216,0.027105004,0.0117646,0.012165232,0.006759887,0.010447657,0.010011666,0.058397899,0.005969162,0.005575064,0.009973326,0.014917248,0.009594209,0.007028401
164,0.021716463,0.02980633,0.01602014,0.018547043,0.010943146,0.011493123,0.011916116,0.027796204,0.025131235,0.043661299,0.028643407,0.029942625,0.011140538,0.109835456,0.022121552,0.017015482,0.030653539,0.007205452,0.016534854,0.009324595,0.00994287,0.010410215,0.024174345,0.030005998,0.026890994,0.109195606,0.094173315,0.026729484,0.062145061,0.067844406,0.020171597,0.160150398,0.094861727,0.117417931,0.122169029,0.04184543,0.07727429,0.210700411,0.024846422,0.165091676,0.170373414,0.020993538,0.093087298,0.107026946,0.041889249,0.05541258,0.024816215,0.037021744,0.041953725,0.043886092,0.022384891,0.022062597,0.025020272,0.043120133,0.070908829,0.025664718,0.191638249,0.176013971,0.18859915,0.176612417,0.260796072,0.22310066,0.107488428,0.289955139,0.492662633,0.578479453,0.035847478,0.082476787,0.224848095,0.136929844,0.272365644,0.298718736,0.03121037,0.035254265,0.148312896,0.263001456,0.480766391,0.035403634,0.030956096,0.035134687,0.028813431,0.102643986,0.035261513,0.073010475,0.271744436,0.303123484,0.241222943,0.42740216,0.524821087,0.568280426,0.579814684,0.510422018,0.327871712,0.372984549,0.0316593,0.085764986,0.058365077,0.107531977,0.019426812,0.020888926,0.026235165,0.027869436,0.034099731,0.029372619,0.027455152,0.03087047,0.029732241,0.057460768,0.042434745,0.137271981,0.071958731,0.094627338,0.03117975,0.040222423,0.034411105,0.025611804,0.025332645,0.08274526,0.077460873,0.044852743,0.101985394,0.038106879,0.071220179,0.029118689,0.027075904,0.119488776,0.067235156,0.032618848,0.03108701,0.033986567,0.114754502,0.050263397,0.045212326,0.024909978,0.040379588,0.018033237,0.033018619,0.026972825,0.028318615,0.026056597,0.034102496,0.019455637,0.030328481,0.026945745,0.034438341,0.033638082,0.022654352,0.027713859,0.018163966,0.024475836,0.02700781,0.017433031,0.041463152,0.017958856,0.113684374,0.014335143,0.027429246,0.012284162,0.014797098,0.032303372,0.103048311,0.098843172,0.012762606,0.30666214,0.406008032,0.247232076,0.041407949,0.025741605,0.071631621,0.330828919,0.338862084,0.067608016,0.033237452,0.029111265,0.027541443,0.046004803,0.048652926,0.048105894,0.198748347,0.20968154,0.068737231,0.133193116,0.056666331,0.036609357,0.082384507,0.033360711,0.034367707,0.076580719,0.088636369,0.107627525,0.017481446,0.080892328,0.045086235,0.0980747,0.040991115,0.043527757,0.094816077,0.076476718,0.035605257,0.02924429,0.242068086,0.223461727,0.261706844,0.2231534,0.087099619,0.157690162,0.097725424,0.105848093,0.082472428,0.044204853,0.337474924,0.322809579
165,0.014017366,0.02736783,0.009315457,0.01128174,0.003973771,0.00495786,0.004068415,0.034074566,0.02821432,0.064102658,0.038003258,0.038871662,0.003973283,0.122038144,0.016628014,0.01034084,0.022184111,0.004479384,0.009808156,0.002825921,0.003277021,0.003872974,0.022312213,0.021875877,0.023496378,0.208818474,0.108301524,0.023795842,0.059909204,0.080682738,0.011507338,0.158372348,0.11295305,0.127584162,0.13494995,0.055820936,0.105895111,0.291953311,0.031967202,0.237729736,0.254205772,0.026181892,0.169392753,0.203145166,0.048673886,0.051518802,0.027448708,0.033136817,0.043702878,0.034278731,0.026274495,0.027233041,0.027980573,0.063024581,0.114910722,0.032500567,0.175052161,0.180410788,0.180277286,0.228071644,0.24281492,0.190089571,0.20615212,0.252774885,0.483437519,0.672519497,0.055177734,0.16325165,0.258716811,0.240037027,0.367807413,0.378759468,0.042948003,0.044350897,0.149739919,0.295946872,0.584992767,0.048585694,0.042394047,0.048832959,0.036796383,0.119041219,0.04604172,0.101421592,0.338843728,0.394407002,0.291143701,0.531099249,0.655781966,0.715240755,0.676260574,0.583626353,0.36108225,0.414034859,0.032234738,0.155020976,0.099489262,0.208071256,0.016157226,0.015146541,0.018502977,0.02135003,0.023650069,0.022390002,0.022469545,0.02143998,0.019345123,0.049120555,0.036606883,0.124355296,0.053810904,0.088752898,0.028461048,0.038636361,0.031572064,0.038200857,0.029372545,0.025873296,0.023107343,0.017325438,0.032141567,0.013652396,0.072124319,0.021384415,0.021448614,0.036369205,0.040023707,0.034658638,0.027358826,0.030926994,0.12097843,0.068812186,0.047940874,0.023689391,0.041089228,0.016480327,0.028583161,0.02993879,0.025223333,0.019974391,0.027283195,0.012613452,0.024146718,0.031393178,0.028481388,0.024314621,0.026993261,0.033916512,0.019174008,0.019723746,0.018753206,0.010280623,0.028073409,0.010244453,0.035889934,0.008345896,0.02753901,0.005472549,0.008171815,0.02053829,0.118601414,0.111041716,0.006324384,0.374171716,0.428007687,0.265079692,0.024912487,0.019246475,0.048441032,0.391850899,0.402587063,0.079130612,0.024382698,0.021471732,0.020513304,0.057881254,0.055837679,0.034610344,0.182804784,0.202297635,0.034434007,0.201341991,0.036051399,0.0697047,0.052217486,0.028832362,0.019338835,0.089991201,0.144890025,0.150987529,0.018819534,0.153110239,0.057822461,0.083313193,0.050336594,0.031407144,0.151494344,0.146751974,0.06465648,0.039900858,0.335723651,0.322079086,0.328045142,0.316345509,0.113758443,0.106410863,0.121540107,0.131236627,0.095408833,0.05796902,0.416328019,0.397777204
166,0.025054343,0.031045977,0.01000113,0.020021851,0.005329136,0.006355769,0.005323587,0.061328052,0.034103806,0.139403315,0.029017986,0.047985752,0.004525484,0.055085419,0.016446685,0.012683215,0.041525881,0.005252752,0.012194242,0.002867182,0.003693948,0.004815704,0.018979868,0.027578053,0.020798459,0.004917389,0.038270761,0.025134014,0.06742635,0.022995169,0.016285926,0.099894138,0.03060569,0.05685366,0.055302475,0.058855353,0.028987146,0.055145871,0.039288565,0.076623808,0.085575009,0.031781414,0.036024652,0.010641218,0.038614952,0.079241542,0.038051382,0.076529927,0.05468666,0.086977586,0.024929836,0.025135336,0.032764444,0.147651195,0.234166818,0.040122668,0.13451944,0.155900186,0.167068999,0.109356674,0.46604048,0.460209238,0.011096384,0.512520818,0.554449097,0.717748972,0.019498255,0.014128331,0.311436204,0.056969994,0.315411554,0.371235583,0.025837028,0.042568866,0.327520466,0.413927971,0.637262002,0.03413048,0.027160594,0.0311856,0.026836874,0.166202207,0.029653903,0.058240796,0.357164765,0.377961157,0.338852083,0.581545535,0.683627826,0.68361461,0.71495772,0.644732618,0.384193877,0.520045819,0.058502093,0.090497588,0.035208898,0.009255916,0.020635107,0.020194181,0.025486306,0.033734211,0.027861375,0.029048906,0.023274416,0.051703266,0.01993649,0.158451368,0.090801724,0.271375438,0.19755571,0.165367657,0.043814619,0.064595445,0.05175965,0.015614009,0.034810576,0.083893146,0.070083618,0.050122872,0.095173573,0.051210952,0.084907674,0.023147811,0.02162148,0.116850401,0.074843479,0.032286117,0.031907278,0.040462298,0.291783165,0.060968687,0.061039494,0.027099322,0.01970353,0.016774428,0.048508157,0.018128029,0.029947091,0.042587026,0.05063511,0.01608677,0.029604976,0.037328318,0.081803778,0.047071764,0.015067589,0.015616041,0.020091799,0.039840891,0.067726371,0.015344951,0.072834258,0.020800594,0.14259627,0.007059266,0.026088146,0.005921574,0.007337094,0.055058182,0.035670788,0.03644611,0.013519717,0.450760272,0.555788847,0.29705704,0.035217114,0.03010989,0.262400261,0.467712729,0.47143162,0.049844358,0.029755688,0.025530916,0.020289764,0.043376825,0.062539432,0.041322379,0.171160759,0.308397599,0.095389695,0.080123247,0.074604777,0.011372638,0.121780658,0.03871714,0.043907351,0.071617474,0.048409007,0.079472057,0.015618525,0.041426428,0.033919828,0.116730558,0.032406123,0.053057035,0.051836061,0.037136129,0.014783129,0.011642219,0.137142691,0.111817393,0.251087567,0.109159244,0.031573141,0.347761554,0.015144486,0.014009238,0.010368574,0.016224787,0.382240928,0.375298697
167,0.024757704,0.143500817,0.014940582,0.022416187,0.015164878,0.014083803,0.0085862,0.025522786,0.029708236,0.025295775,0.03106873,0.02966388,0.017437184,0.010749536,0.017564645,0.065068906,0.119459513,0.006215471,0.05761502,0.008287764,0.010183385,0.011093694,0.12829092,0.269190766,0.180213564,0.018728332,0.039087032,0.168711328,0.045426002,0.010591679,0.010631431,0.008163623,0.007784456,0.007589345,0.0067947,0.015158788,0.024690953,0.051848266,0.010662408,0.029588455,0.019395985,0.011591759,0.025671059,0.019469224,0.026145193,0.059315271,0.048391525,0.077994116,0.040657083,0.10103557,0.037826231,0.04274472,0.030592044,0.024026122,0.021673611,0.027111892,0.00613404,0.021156274,0.012228086,0.012354569,0.056648483,0.008651147,0.03131265,0.080853191,0.318837209,0.251612025,0.029771146,0.042338662,0.081326456,0.172609045,0.288516632,0.109028549,0.031964229,0.031507447,0.110779044,0.101490755,0.121779643,0.042717574,0.029862402,0.035876221,0.027745487,0.102645091,0.036449614,0.114640053,0.247975366,0.312583847,0.103475048,0.092933204,0.061325955,0.078161429,0.2464892,0.234199292,0.092537734,0.19456915,0.070807961,0.02273811,0.036742784,0.027234644,0.114740547,0.153039574,0.202586957,0.177614289,0.352766804,0.217277797,0.17902748,0.17579702,0.419986512,0.095936522,0.116931591,0.061368535,0.101337087,0.124107446,0.131119872,0.121268291,0.129184552,0.05177535,0.060961941,0.013488819,0.02030333,0.006847822,0.038833859,0.003474125,0.277952078,0.295355416,0.343330807,0.006653438,0.006272589,0.348382906,0.245072816,0.183300626,0.092881403,0.075087487,0.087546978,0.025284651,0.02150997,0.018447016,0.124496842,0.039384142,0.16385748,0.139732146,0.186912215,0.017468821,0.193298173,0.062123342,0.088243968,0.147783108,0.084259244,0.10520688,0.072962558,0.125454144,0.117453289,0.040219432,0.022707102,0.012452653,0.011013116,0.030465123,0.091506523,0.02483031,0.047759507,0.014145228,0.005848599,0.006668292,0.00725694,0.100809694,0.191736987,0.047667659,0.328221849,0.173807872,0.074931214,0.138889224,0.243707499,0.0286937,0.320202733,0.244811707,0.327032541,0.216223216,0.086059787,0.337677332,0.006989026,0.028662565,0.001716938,0.004103955,0.00219656,0.003782281,0.003243135,0.0103279,0.002214138,0.006884937,0.002277285,0.003616447,0.010425906,0.002611379,0.005039675,0.011811677,0.005497848,0.004284701,0.002459599,0.002017318,0.003624525,0.003668432,0.008734093,0.006093987,0.008535479,0.007040601,0.002348744,0.009616432,0.001256293,0.001359799,0.001113697,0.001701495,0.011591458,0.012140756
168,0.020227073,0.074459674,0.019858857,0.018705958,0.015211803,0.014866786,0.01462358,0.207753513,0.194124516,0.166866994,0.130017975,0.156253039,0.017133117,0.013657656,0.022677201,0.039889948,0.06797409,0.008169782,0.03690538,0.008808689,0.011528503,0.0127493,0.065152246,0.148064932,0.121922128,0.125176586,0.084639647,0.114383377,0.051656336,0.015255277,0.014413929,0.02049275,0.009741214,0.014239404,0.011595357,0.060167605,0.086921152,0.150930981,0.040014109,0.099299822,0.072284082,0.033602196,0.114165715,0.153152126,0.050865964,0.051726373,0.100935537,0.097461229,0.051766397,0.071753165,0.15243454,0.136558801,0.196890355,0.181704454,0.117572792,0.158339392,0.022951457,0.025286549,0.02211059,0.049471076,0.034096495,0.01370164,0.090363198,0.041467655,0.138242086,0.11495364,0.071364464,0.081919487,0.045599716,0.180414881,0.197540718,0.070440218,0.080198267,0.070915487,0.099095512,0.064499418,0.107105194,0.105476604,0.076980875,0.090500184,0.074220858,0.124365894,0.074415472,0.124736413,0.182103349,0.215824515,0.096192251,0.05629648,0.069330344,0.057389489,0.113661045,0.105562197,0.043942367,0.087441688,0.119718391,0.136781409,0.099788692,0.107307345,0.114323355,0.116693855,0.128018106,0.119359307,0.178452906,0.128780094,0.123165614,0.114117674,0.212738597,0.091356317,0.100325072,0.030944886,0.055392497,0.058459954,0.109513917,0.105332813,0.108248072,0.149148198,0.139489168,0.018833153,0.031398064,0.009361714,0.059733764,0.00330837,0.131099239,0.153790296,0.173086039,0.007389295,0.011185147,0.169010561,0.128355855,0.102190363,0.038206017,0.0374858,0.052449495,0.02063403,0.023842259,0.016961198,0.078102359,0.028907098,0.109212797,0.101326191,0.104947224,0.020932088,0.098256686,0.138661654,0.102164173,0.081820195,0.122050265,0.13421038,0.118799379,0.105396163,0.109960159,0.030334888,0.017011397,0.014589781,0.008141248,0.023997804,0.048660897,0.019789438,0.032478519,0.012336116,0.009473427,0.014729901,0.010335262,0.051902603,0.086562171,0.023251835,0.165751539,0.119217525,0.065958596,0.122808116,0.174919048,0.032913108,0.165685587,0.136421127,0.163761784,0.103222008,0.048419389,0.164574575,0.021052027,0.026498851,0.00228981,0.007948379,0.002995722,0.008807748,0.004171839,0.007281991,0.003296914,0.008131628,0.004596193,0.005784718,0.004880002,0.005708809,0.007592988,0.014118009,0.008218593,0.00572604,0.004929781,0.004695832,0.007459674,0.008817678,0.01758844,0.012218258,0.01243577,0.01642572,0.005703121,0.011541619,0.003499919,0.003809707,0.002530516,0.003078304,0.014789139,0.015331928
169,0.018077937,0.038312293,0.014852237,0.016273128,0.012215281,0.011380308,0.010512938,0.157568283,0.143455488,0.15884086,0.149247877,0.15567216,0.011986507,0.018591186,0.017346568,0.022341625,0.03778791,0.006492351,0.021166132,0.006772509,0.008933384,0.009933559,0.032931024,0.074432653,0.071439169,0.054096746,0.0550087,0.068034205,0.044519429,0.012979536,0.022474107,0.023528234,0.011755166,0.01689898,0.014515999,0.053450057,0.063794287,0.129913522,0.034844484,0.132009999,0.150251167,0.028866615,0.122971302,0.070783894,0.039186438,0.047183365,0.08179305,0.081988691,0.044546857,0.054546532,0.118527227,0.108885885,0.145893897,0.166442053,0.146022145,0.155757411,0.02693427,0.03782588,0.031058585,0.115801835,0.065089976,0.035255403,0.119168195,0.066878575,0.204625437,0.376451548,0.078669911,0.055004027,0.078275939,0.092409342,0.236581708,0.208434674,0.09044623,0.086806463,0.145618525,0.198114125,0.39471799,0.107309491,0.087633062,0.098633103,0.088894106,0.146074572,0.087645431,0.099902704,0.260033086,0.27357589,0.216800944,0.234814043,0.376986307,0.364387697,0.37899517,0.320878059,0.164853037,0.232985785,0.099971038,0.100267059,0.091070703,0.049118396,0.073522406,0.067656606,0.069319964,0.068778038,0.079480604,0.069175001,0.071278937,0.066894922,0.083852238,0.090365218,0.078468089,0.065373968,0.058970936,0.073538644,0.073915228,0.078320116,0.074981834,0.121392321,0.114806607,0.054245183,0.092768172,0.025106786,0.17648453,0.007613546,0.064932117,0.074654811,0.074139239,0.020444611,0.014087719,0.070081214,0.06258953,0.056008368,0.037778059,0.030472241,0.038954025,0.025733966,0.050231741,0.019465165,0.04870106,0.020947546,0.065146108,0.063769466,0.056364269,0.017067312,0.045980257,0.115435808,0.084087271,0.043777651,0.088380352,0.096220194,0.086671751,0.069135468,0.078909378,0.019391197,0.01976902,0.011748553,0.020040371,0.016031338,0.027716182,0.01294665,0.019223138,0.013527593,0.011540889,0.015089222,0.00821642,0.155949627,0.165586911,0.103948685,0.070630014,0.068278579,0.076840873,0.299946221,0.314130098,0.081937114,0.078772743,0.069950357,0.075954301,0.051685145,0.036804768,0.070082812,0.031839725,0.047247519,0.012053716,0.050859724,0.013410254,0.059416949,0.020778893,0.016024238,0.008487399,0.036169285,0.030533099,0.037581032,0.010214662,0.02810942,0.024696275,0.040513018,0.023894838,0.015049257,0.032879272,0.026916098,0.036785089,0.025838193,0.122058731,0.087641501,0.12940341,0.103228713,0.031365603,0.048016184,0.024107098,0.028283734,0.01478049,0.0153793,0.183538688,0.18375483
170,0.005207536,0.021645624,0.003185931,0.004216757,0.001436101,0.002237529,0.00126275,0.003778768,0.009077503,0.01162886,0.052592263,0.037983827,0.001984498,0.023561138,0.006616921,0.009066314,0.024795493,0.006016207,0.00870964,0.00127068,0.001448408,0.001840949,0.016547992,0.091243891,0.048981024,0.015315208,0.042303632,0.042552743,0.038298092,0.013096234,0.001881017,0.042541119,0.014383911,0.025674778,0.023312894,0.011906849,0.025800288,0.083840082,0.007381036,0.085547397,0.11218332,0.008039287,0.026283476,0.009349737,0.022258598,0.035699599,0.017922615,0.031387305,0.027393671,0.035631468,0.013072036,0.013768819,0.009753193,0.005543156,0.011411142,0.03453794,0.056232479,0.058637084,0.058821308,0.103187967,0.107238755,0.073858249,0.111817192,0.111089312,0.250467524,0.24220772,0.041065275,0.052766705,0.131259567,0.127639313,0.286260325,0.266947367,0.040173134,0.040481867,0.109858305,0.180477171,0.404118882,0.039453552,0.037838057,0.041534192,0.038472438,0.094258863,0.04540609,0.07643638,0.264115065,0.315028336,0.243272986,0.292687509,0.420195014,0.395569684,0.248702386,0.192387523,0.131403739,0.132071767,0.027361116,0.013253712,0.043964399,0.029508854,0.02425133,0.03384375,0.056251871,0.04772617,0.110099944,0.065948951,0.050291006,0.047057683,0.086278218,0.042909262,0.03852557,0.034924041,0.027127025,0.028544796,0.03684093,0.039744622,0.037635559,0.012736751,0.022137615,0.002003469,0.001730052,0.002097054,0.003266351,0.003111398,0.026879102,0.109630041,0.091798385,0.001645988,0.005625509,0.046431765,0.063652429,0.045076211,0.028225373,0.02101727,0.0255889,0.005941026,0.001836777,0.007161069,0.032058621,0.026125081,0.042687931,0.037715939,0.041107577,0.00490731,0.027648135,0.023615111,0.032192751,0.030616764,0.017576468,0.024313685,0.015217175,0.0322297,0.032115971,0.007732586,0.007521267,0.002874844,0.003542385,0.0054354,0.014379689,0.003662543,0.006098833,0.004688317,0.016745807,0.020045965,0.001592679,0.194554511,0.22432023,0.112318156,0.058828289,0.04461837,0.036324432,0.316616134,0.301707959,0.004216565,0.113645534,0.081836353,0.119903009,0.030186258,0.024572653,0.04096785,0.064314292,0.079210731,0.015112461,0.134276663,0.017801483,0.076494357,0.025392246,0.01737182,0.009234608,0.063942307,0.082113405,0.083600498,0.021357015,0.08416435,0.042328787,0.041892962,0.039847487,0.016150743,0.087084919,0.074587256,0.050966985,0.068223713,0.256780562,0.210869596,0.281690413,0.285915926,0.22760222,0.043190901,0.377830666,0.423479346,0.328937295,0.104295963,0.320729819,0.295599508
171,0.012435084,0.043738431,0.010133652,0.010565014,0.006017342,0.006867517,0.005821367,0.046066596,0.045341365,0.06547522,0.084500165,0.075042429,0.007110261,0.043976718,0.016350197,0.020554485,0.046609879,0.009357808,0.01953437,0.004305306,0.005121958,0.005882655,0.035051074,0.144798632,0.079694764,0.073659306,0.087654956,0.073087367,0.063236913,0.027402246,0.009598014,0.06247144,0.033514842,0.047376078,0.043546192,0.048172896,0.081877357,0.220135502,0.029736021,0.227250425,0.293672059,0.025396218,0.098106396,0.060468636,0.048202046,0.059107365,0.047968047,0.062711076,0.050769609,0.062096719,0.047587314,0.048869991,0.046365875,0.061905554,0.082114946,0.071037487,0.072467818,0.084123212,0.079463977,0.235735789,0.130855065,0.098515646,0.090408594,0.128220817,0.30198348,0.441538963,0.060888953,0.094000721,0.201347718,0.165876334,0.293774398,0.356221671,0.061406496,0.057733139,0.120347374,0.217547631,0.446942938,0.068674308,0.059485596,0.066768732,0.056644923,0.109591871,0.059433635,0.083014791,0.242501792,0.297275246,0.3054847,0.364251212,0.4910301,0.472376394,0.444663431,0.375224883,0.203865455,0.266389491,0.061604794,0.069330085,0.078363882,0.088041448,0.057545916,0.068255679,0.095662705,0.083947516,0.180120893,0.104763534,0.085057701,0.083669556,0.155929583,0.071444544,0.069542746,0.06444535,0.051089361,0.064064668,0.069507377,0.071796383,0.070243081,0.055156478,0.059303064,0.019409937,0.030062089,0.010055857,0.055376041,0.005279939,0.059350868,0.165178212,0.151322674,0.010297711,0.009085232,0.093464687,0.103605818,0.075540851,0.064566133,0.042212254,0.045650407,0.016489487,0.017205434,0.015384289,0.0567787,0.038170591,0.073278805,0.069286745,0.075774495,0.013150313,0.055797949,0.060821677,0.06467447,0.05680393,0.054180346,0.06390255,0.049683469,0.064612247,0.066881753,0.017769735,0.015306383,0.008033577,0.011197412,0.01234518,0.029193462,0.009571027,0.014995848,0.0101665,0.037263096,0.04381592,0.005192572,0.245343653,0.263372164,0.140686903,0.109348603,0.080468569,0.060410826,0.368520214,0.279313589,0.030797287,0.180935307,0.124751022,0.180516488,0.060532876,0.044568239,0.085642328,0.086975144,0.106985986,0.016947355,0.143568048,0.019417391,0.155399126,0.028230884,0.019138909,0.01079086,0.062503482,0.103179965,0.086904707,0.018744869,0.120787839,0.044481347,0.048551276,0.042374004,0.018540613,0.107660544,0.121438232,0.097763659,0.073306089,0.215316891,0.226597602,0.246929803,0.244289124,0.163005458,0.052394978,0.257443065,0.293109346,0.212823335,0.08567456,0.306671026,0.29199803
172,0.071183004,0.03149067,0.029892226,0.075431488,0.072476138,0.056571056,0.018221552,0.001019054,0.004442491,0.002750141,0.011164759,0.007619753,0.041123165,0.016298019,0.030269648,0.04767685,0.030910946,0.024464756,0.048641809,0.025258837,0.049643689,0.054617906,0.034768198,0.006152618,0.018530471,0.000745648,0.009711057,0.019778343,0.024345425,0.00837169,0.094963492,0.005091028,0.008226236,0.005747384,0.005727571,0.002021744,0.002190027,0.00445931,0.001864286,0.003173631,0.002708057,0.002899135,0.001369104,0.000493726,0.008609756,0.027272801,0.014617701,0.019395815,0.015171192,0.022889023,0.013798843,0.01788275,0.004884806,0.001124408,0.002592184,0.008312003,0.003966036,0.012149206,0.006344891,0.002734696,0.013288127,0.00413457,0.001512161,0.011778732,0.036586948,0.044301506,0.008864323,0.005310551,0.011907225,0.054944839,0.190242993,0.050544735,0.010757671,0.011349179,0.070680762,0.038584008,0.097022617,0.015868322,0.009221365,0.012615966,0.010155185,0.062034302,0.017041936,0.059780579,0.201877822,0.247334409,0.10365976,0.035997216,0.036020517,0.02319281,0.044117554,0.041916615,0.031117209,0.028939132,0.019450371,0.00213299,0.008502248,0.002466995,0.009808229,0.007622229,0.007232588,0.009703415,0.004874627,0.009725861,0.01356211,0.008167197,0.004245667,0.019659754,0.016442543,0.010690472,0.00803571,0.006347488,0.017090846,0.020778078,0.018082846,0.03918211,0.021226708,0.167785218,0.168919113,0.094447965,0.213094931,0.080867695,0.009267171,0.006473929,0.008271717,0.218202418,0.113449795,0.00902621,0.015115409,0.02190172,0.02414705,0.06118732,0.058320004,0.080594045,0.141679678,0.06539621,0.026904646,0.099822176,0.019611437,0.014414503,0.018388262,0.039107025,0.024283814,0.022731552,0.016158418,0.025966605,0.024981515,0.032963726,0.017027182,0.013371111,0.010542914,0.036660086,0.064118757,0.024470967,0.193212476,0.070316529,0.044362578,0.049308507,0.054909323,0.04927748,0.005396679,0.00463561,0.017902205,0.04566695,0.029506896,0.041218396,0.004389241,0.008861892,0.016444145,0.143287893,0.21160551,0.100572624,0.005653919,0.008211967,0.006535931,0.026634675,0.063016954,0.005141818,0.004105947,0.010896418,0.013719563,0.007915917,0.014533076,0.001509225,0.032751656,0.021673482,0.009123911,0.024252227,0.003878666,0.007684146,0.008071447,0.002835859,0.008198875,0.07140801,0.008832154,0.017664449,0.004042842,0.001810134,0.001737817,0.002745557,0.012514763,0.007904298,0.049575319,0.007435885,0.003622255,0.152753144,0.001415246,0.001410258,0.002367379,0.003817552,0.041269006,0.068723041
173,0.025120662,0.121279095,0.02038632,0.023339446,0.018198971,0.016690735,0.01310585,0.063375008,0.062891525,0.06870843,0.075338205,0.072829056,0.02028784,0.011801277,0.022337622,0.059322178,0.10900579,0.007457767,0.053433096,0.010202928,0.01300805,0.014107005,0.105601459,0.223079321,0.150281965,0.088589949,0.054024433,0.137503017,0.048065542,0.012178115,0.013565383,0.01121437,0.008689585,0.00958763,0.008334849,0.035475345,0.049072534,0.081399103,0.024314532,0.052170234,0.035124897,0.021953286,0.065238046,0.093046324,0.037979197,0.058041364,0.061494663,0.081352976,0.046481332,0.09407436,0.063071808,0.064787589,0.064182546,0.06813267,0.070345076,0.069016381,0.00973261,0.021952114,0.015105103,0.023290823,0.040696939,0.012427712,0.054417612,0.050362678,0.175398854,0.14347547,0.064117049,0.13050979,0.087115758,0.264943285,0.320048743,0.104106879,0.060678936,0.054949038,0.118247577,0.081045072,0.129012014,0.073134525,0.057257024,0.066573625,0.052226025,0.120191196,0.060881717,0.143453547,0.264727108,0.33790686,0.139724004,0.066987961,0.06307877,0.05583375,0.141160423,0.133409486,0.053746778,0.111422624,0.081548013,0.084240771,0.089402473,0.105969764,0.108219314,0.134323516,0.172281183,0.152274463,0.309829296,0.181180219,0.155777032,0.152002244,0.394638823,0.093722028,0.10829457,0.038477056,0.076515031,0.076225707,0.118751832,0.112015074,0.117133396,0.077173575,0.080069047,0.012377694,0.019018119,0.00662541,0.035634863,0.00317632,0.224464747,0.239136259,0.298350067,0.006020096,0.006883543,0.295262219,0.201376478,0.147915852,0.053392721,0.051149613,0.069325701,0.021883373,0.020248156,0.017156955,0.103088412,0.032692723,0.133946977,0.120006172,0.164716562,0.021694475,0.171309229,0.081227521,0.089152762,0.135398899,0.092647059,0.112538244,0.081729338,0.111978082,0.110024874,0.040003083,0.019525773,0.01436427,0.008106329,0.02936711,0.074065999,0.025344412,0.044000313,0.012813647,0.007180174,0.009084411,0.009390221,0.063574277,0.107174976,0.027659532,0.309190266,0.149480504,0.071547678,0.169044434,0.259239138,0.024137054,0.270422747,0.201375483,0.263121983,0.167482223,0.065706787,0.302042801,0.010720758,0.027793049,0.002176451,0.005494222,0.002975816,0.006228485,0.003614707,0.009741654,0.004053387,0.007746657,0.003106034,0.004402328,0.007809043,0.00417935,0.006839612,0.013809745,0.007341773,0.006836354,0.003358453,0.00332199,0.006058917,0.005961339,0.010853137,0.008013227,0.008238563,0.009733287,0.003633407,0.008973325,0.002334573,0.002537991,0.002121465,0.002659328,0.010309442,0.010480905
174,0.024834565,0.097112642,0.024882576,0.023101176,0.018968354,0.018481343,0.018024776,0.123517292,0.115151596,0.134317718,0.140485941,0.138564991,0.021766751,0.013310145,0.027583529,0.052858865,0.087520313,0.009812073,0.048605864,0.010972814,0.014297088,0.015795823,0.086688817,0.169270696,0.135056446,0.192979732,0.077197414,0.128276,0.055156512,0.01451933,0.015185475,0.017051573,0.00956753,0.012575758,0.01048943,0.067033967,0.085193428,0.120743278,0.045634156,0.081743382,0.054556814,0.037701718,0.110240941,0.215969065,0.055649095,0.058275258,0.080044202,0.085344758,0.055424582,0.080496624,0.102057707,0.09781259,0.11723034,0.136106315,0.142359462,0.135193049,0.017957278,0.024819588,0.020123334,0.036770322,0.036536031,0.014545761,0.06374039,0.043095317,0.139618749,0.121432816,0.093280907,0.13929395,0.068780199,0.244031368,0.270253232,0.091457311,0.093518067,0.082845139,0.104780671,0.067486335,0.109602508,0.109511977,0.088597845,0.101434267,0.08476764,0.125410391,0.090790301,0.156534187,0.222930723,0.282066245,0.127467442,0.057126598,0.060213285,0.049580015,0.119585929,0.112677406,0.045296567,0.094260252,0.096668129,0.176061454,0.129790553,0.178195467,0.102558742,0.115102256,0.137308052,0.126415849,0.230866876,0.145096061,0.131529192,0.12333595,0.313980359,0.087195461,0.098650394,0.03250724,0.061862178,0.064597982,0.109999676,0.105459624,0.108354062,0.114130501,0.107023708,0.013656101,0.021859971,0.007143521,0.041588254,0.003037294,0.167805897,0.180289418,0.240808667,0.005942309,0.010233301,0.244138529,0.166510797,0.127458039,0.043474153,0.044547921,0.06283119,0.022161275,0.019876809,0.018702941,0.092544495,0.035529387,0.123697199,0.108190434,0.130176901,0.025602756,0.13163979,0.108094271,0.089487264,0.105743355,0.103721096,0.120906803,0.093895473,0.103561456,0.100254419,0.038776357,0.019393513,0.017716223,0.007569865,0.030257969,0.062512184,0.025434134,0.042419607,0.013901476,0.008665051,0.012380921,0.0124594,0.05370955,0.086644405,0.022830908,0.222443719,0.124542653,0.063412847,0.148334392,0.207329646,0.024091979,0.201081887,0.156670305,0.200435709,0.138610738,0.058543447,0.222595198,0.01758046,0.028301184,0.00208975,0.006724883,0.002873791,0.007886221,0.003520996,0.00776295,0.003777734,0.007692974,0.003916928,0.004999443,0.004997651,0.005258445,0.007491251,0.013693196,0.007989485,0.006465976,0.004222704,0.004386003,0.007584987,0.007364224,0.014116599,0.010305893,0.008731171,0.013061438,0.004596568,0.008790766,0.002914925,0.003149051,0.002288713,0.002830622,0.010425706,0.010596737
175,0.03355807,0.11581663,0.031797425,0.032452723,0.02813757,0.025222525,0.022240318,0.063329254,0.060816668,0.089164583,0.110848109,0.09873695,0.028753127,0.012611996,0.032264608,0.065728181,0.106623509,0.011625987,0.06021557,0.014196872,0.019672522,0.021782093,0.102840548,0.190553511,0.139203958,0.163551064,0.070138777,0.129289032,0.054290097,0.014711957,0.020093622,0.012243105,0.009499281,0.010407502,0.008818112,0.053860422,0.068959806,0.100676394,0.036499739,0.061245111,0.034281879,0.030677853,0.078750736,0.175615131,0.048862207,0.060345096,0.061966994,0.076840485,0.051827589,0.089139223,0.063673283,0.066243279,0.062209349,0.085047677,0.113595824,0.092947748,0.010575475,0.021847,0.015381881,0.020339352,0.033246604,0.011486089,0.042439206,0.037988399,0.124951492,0.097092992,0.088645356,0.169694378,0.088252159,0.30498871,0.326925911,0.104819147,0.082060652,0.072494388,0.110481067,0.065507883,0.112499419,0.092658644,0.076986016,0.08808178,0.071385944,0.121587355,0.081475096,0.167029227,0.256991939,0.337818806,0.149484524,0.053129177,0.051042738,0.037746078,0.095641521,0.090946947,0.036406794,0.076697603,0.078425693,0.143571691,0.124396369,0.171237809,0.094389308,0.115228947,0.147990501,0.132769898,0.279327377,0.158572378,0.139070117,0.132630784,0.387022312,0.084991349,0.097532802,0.028309202,0.062734372,0.056115403,0.108502205,0.103701273,0.106835731,0.082556457,0.079801174,0.009332981,0.013844958,0.005294282,0.026476892,0.002754903,0.204769092,0.204105851,0.28372714,0.004623013,0.007688232,0.286373283,0.18805717,0.139534211,0.040586894,0.047985087,0.068585104,0.027504953,0.022791107,0.023308724,0.099266211,0.040732603,0.125927754,0.110018432,0.152672381,0.031493094,0.162200662,0.081752021,0.081713616,0.129560701,0.088493354,0.10976662,0.075045891,0.100374201,0.095730588,0.048012741,0.022128798,0.021270405,0.00735023,0.03915169,0.073465618,0.032425415,0.053246053,0.015391802,0.007702326,0.010366106,0.014791059,0.047539337,0.075503865,0.018630541,0.284994977,0.129684568,0.062826209,0.168273991,0.239493856,0.020362672,0.235444678,0.174436048,0.228244791,0.158214395,0.064371398,0.279163582,0.010959924,0.026215168,0.002141521,0.004686608,0.003246211,0.006673229,0.003392773,0.011339505,0.005250826,0.008469045,0.002502534,0.003983459,0.006816001,0.004229542,0.007904066,0.017763046,0.008408572,0.008979677,0.002736228,0.003161328,0.007436629,0.006166965,0.00795237,0.006125315,0.004970549,0.007143795,0.002908058,0.007543732,0.001742247,0.001844653,0.001760638,0.002604366,0.006098088,0.005971048
176,0.109029213,0.124272594,0.057990888,0.119165391,0.116503236,0.08152836,0.054857178,0.013662349,0.019948866,0.018990349,0.033487606,0.027595823,0.084161332,0.042217144,0.056136812,0.119594447,0.122906251,0.034907687,0.110507538,0.045368375,0.064161942,0.070905674,0.117726588,0.165264096,0.146704859,0.026573724,0.067838587,0.138152527,0.061165433,0.037965634,0.059478285,0.029163785,0.042998963,0.034850988,0.039198406,0.025518148,0.043970652,0.086143996,0.016971945,0.042869228,0.022535288,0.016028043,0.024554274,0.033010486,0.036221461,0.068014982,0.047353701,0.072040198,0.047040691,0.093618986,0.034382512,0.041813676,0.020683372,0.015087781,0.022032773,0.02472212,0.018312282,0.038403082,0.026409636,0.011798798,0.043088962,0.01029719,0.024335714,0.057498106,0.221392552,0.099566259,0.036526786,0.066371967,0.056377397,0.235665892,0.280170006,0.09135267,0.034943462,0.031600327,0.103239897,0.0639845,0.120959104,0.045773653,0.031371293,0.038921133,0.028097471,0.100709603,0.039660616,0.135654165,0.260478084,0.333135821,0.12777782,0.076604889,0.061560365,0.048084312,0.098392494,0.09305564,0.042885681,0.073533632,0.063945157,0.029886949,0.047180946,0.038931653,0.081450704,0.103212064,0.135190909,0.12128741,0.219110081,0.148445421,0.135734425,0.116653069,0.264723964,0.074912184,0.089149118,0.026283822,0.050794414,0.042155761,0.103332685,0.098603593,0.101194989,0.063524934,0.056372161,0.031099766,0.034418693,0.022831841,0.052480495,0.016566786,0.1857973,0.18003357,0.208637517,0.021763812,0.035871684,0.19706898,0.166302864,0.142449072,0.056156377,0.106214528,0.107481542,0.141376208,0.143711308,0.111886676,0.116449152,0.118242614,0.133039453,0.11029194,0.139486887,0.058501082,0.150773549,0.058768629,0.074689315,0.132652872,0.077499152,0.103257607,0.061721572,0.094329103,0.082469188,0.091830136,0.058170043,0.052709554,0.050776825,0.108220302,0.105216646,0.078638268,0.119740643,0.043253655,0.038462047,0.032430389,0.036743924,0.067785176,0.132621343,0.028083283,0.227885715,0.11799788,0.054449892,0.167312917,0.248375203,0.099298168,0.19268172,0.161930508,0.193776297,0.139953155,0.107872131,0.227900376,0.016310833,0.032526386,0.005719757,0.012255618,0.007888199,0.020909634,0.00987627,0.089921698,0.00829975,0.04364231,0.005969756,0.011028314,0.091432838,0.01324485,0.034658771,0.075270423,0.037292165,0.022161386,0.006342102,0.008280844,0.025263804,0.021411284,0.018862414,0.013454838,0.009882482,0.015075089,0.009981041,0.027027479,0.005851936,0.006457787,0.012622387,0.016917498,0.012566073,0.011032832
177,0.197782398,0.093075507,0.108175756,0.218658909,0.224918939,0.174135442,0.136523936,0.017367766,0.022683995,0.022644646,0.036592678,0.0310054,0.157745772,0.047123513,0.099271982,0.153410218,0.114043151,0.063505278,0.150357915,0.106785057,0.142710849,0.158630622,0.094250926,0.073647118,0.087609132,0.036575603,0.058676683,0.088888314,0.064031226,0.036989636,0.176909995,0.027970472,0.040808778,0.032013321,0.035401549,0.028851905,0.044009703,0.066340606,0.019933567,0.038649212,0.024506981,0.017996006,0.029843774,0.047737493,0.037425975,0.069678873,0.043556036,0.059920249,0.046485131,0.07763453,0.035547773,0.041572732,0.023358853,0.019206508,0.0266997,0.02931982,0.02010404,0.037409777,0.026567734,0.016506873,0.038895025,0.014106484,0.02125963,0.047809499,0.165596126,0.092164263,0.03300829,0.05111765,0.043521885,0.169154942,0.290344503,0.090801463,0.033345896,0.031082025,0.106842306,0.061879863,0.146708183,0.043255479,0.029994882,0.037216516,0.028627496,0.103121236,0.039555512,0.119358571,0.293168012,0.366011475,0.152022221,0.074474846,0.074126229,0.054726915,0.091573667,0.084759519,0.043269324,0.062936152,0.054489111,0.038004224,0.042389247,0.039498475,0.047611444,0.053681613,0.065583479,0.063826555,0.09455342,0.07512992,0.074470118,0.05988358,0.121631638,0.054046553,0.058441097,0.020123758,0.029352251,0.024235244,0.066855938,0.068630253,0.066322305,0.065379534,0.050145116,0.086113853,0.104069687,0.062636274,0.141595949,0.036075088,0.089815641,0.079770943,0.102698537,0.061488724,0.058888863,0.097376496,0.09535701,0.095975178,0.039890363,0.101399693,0.106867493,0.174388364,0.194230762,0.142337102,0.09508993,0.146164161,0.088325166,0.0726065,0.085106799,0.11275895,0.095853144,0.052650792,0.057456283,0.105367592,0.058902881,0.076593983,0.045926108,0.059226174,0.049689284,0.135804151,0.101231389,0.117533175,0.083421582,0.160636792,0.097576688,0.139568071,0.150076947,0.07724158,0.034379635,0.028998209,0.086475076,0.063856624,0.10425319,0.032087322,0.100548628,0.061478454,0.040049989,0.205998583,0.290496537,0.131153452,0.08260434,0.077648261,0.086374485,0.086838293,0.106409288,0.103042252,0.018736085,0.031759405,0.00953411,0.023282026,0.013029146,0.023992578,0.017004004,0.092159051,0.014305929,0.054300312,0.01275713,0.019252563,0.071333663,0.019397906,0.039001187,0.115546073,0.041038876,0.033756334,0.013792628,0.012969082,0.02745241,0.025479546,0.047381338,0.033496039,0.022322368,0.037116702,0.022084762,0.049713581,0.013909837,0.016795559,0.040388337,0.047579831,0.024025622,0.023592134
178,0.026727204,0.136723485,0.013535469,0.025261783,0.018258431,0.015086613,0.007654252,0.006540959,0.012488481,0.009763498,0.019814881,0.015942586,0.018764031,0.012279657,0.016445734,0.066230009,0.115216198,0.006931029,0.058268245,0.008608519,0.011049692,0.011866361,0.122356685,0.255912794,0.168109016,0.006706628,0.038787189,0.155622415,0.045014477,0.012397402,0.008771284,0.008808238,0.010053271,0.008996001,0.008706722,0.01066816,0.019394559,0.046814676,0.007553369,0.022527884,0.011795706,0.009077103,0.010293859,0.005937181,0.023436157,0.057567825,0.040874294,0.07125188,0.038098981,0.096673558,0.02517324,0.031856386,0.013131126,0.006881534,0.010076046,0.012984759,0.00597419,0.021293869,0.01202555,0.006320379,0.053464632,0.007031145,0.015067329,0.074659153,0.29841011,0.239769127,0.023882426,0.027599534,0.063885503,0.174514639,0.259271075,0.092617646,0.025453823,0.025299902,0.098028827,0.091776816,0.102291714,0.034100911,0.023151544,0.028193102,0.021467428,0.089719305,0.031236989,0.11666791,0.218718108,0.280513545,0.085580963,0.092996911,0.053708709,0.069711284,0.234469191,0.22424211,0.090921412,0.185317249,0.061795347,0.009945598,0.027039301,0.014231836,0.106463703,0.144546159,0.192867249,0.1676169,0.329262034,0.20569043,0.16945026,0.165847169,0.3696339,0.087989434,0.108564455,0.057609986,0.094419252,0.11500956,0.121932942,0.112352728,0.120009663,0.040899224,0.050303672,0.009663247,0.011688702,0.005610952,0.022006497,0.004437042,0.260998438,0.280371699,0.306113641,0.006461925,0.008824981,0.305174155,0.223559479,0.168901298,0.096224996,0.07673166,0.084594766,0.030683766,0.025221907,0.02274771,0.116497099,0.044929306,0.151087401,0.129579857,0.175520137,0.016104013,0.182838535,0.051588351,0.08065736,0.141621776,0.075895403,0.096274712,0.064338155,0.116187668,0.108634648,0.039895216,0.023523186,0.012161119,0.015506769,0.0366184,0.090341348,0.026070307,0.054169033,0.015003456,0.007913017,0.008034606,0.006868259,0.106108048,0.185152993,0.050522996,0.311806707,0.164137454,0.068513063,0.117225325,0.209434763,0.026308503,0.302323991,0.232532139,0.306605698,0.195644875,0.083975035,0.316711504,0.006375215,0.02708526,0.001392994,0.002796457,0.001822513,0.003346032,0.002584577,0.023106792,0.001803094,0.010181642,0.001426755,0.002571834,0.028020701,0.002331665,0.007407656,0.013553906,0.00823338,0.004582019,0.001507654,0.001490857,0.003691549,0.004355925,0.004938361,0.003316701,0.004340645,0.003837888,0.001870722,0.007774546,0.000972786,0.001001715,0.001098393,0.001760924,0.005949393,0.006001578
179,0.011735116,0.002894082,0.016521308,0.007268036,0.001341388,0.001317321,0.001149534,0.078370559,0.0756985,0.107309191,0.108662398,0.088520654,0.001336732,0.324099708,0.035496437,0.002382523,0.008735145,0.000749059,0.002455494,0.000913303,0.000900149,0.001097716,0.001887615,0.012913125,0.047730283,0.801371314,0.2451189,0.04290156,0.105028448,0.264672789,0.023875768,0.264142583,0.370751509,0.315870568,0.364654136,0.097562573,0.184120653,0.407625469,0.060833437,0.219649088,0.130546799,0.051815039,0.294485883,0.798707646,0.094113087,0.060802528,0.062526314,0.048694179,0.069794867,0.026625703,0.076269483,0.080048235,0.076047915,0.102864899,0.190574173,0.078739445,0.181178823,0.267745535,0.220318835,0.102441119,0.170355062,0.097554935,0.707827416,0.188617403,0.551121484,0.56015171,0.220561924,0.454064436,0.15238449,0.458811314,0.258545251,0.154561685,0.170093878,0.201186334,0.105561757,0.122574802,0.268877725,0.163130884,0.179181897,0.175819633,0.178162581,0.150001645,0.191236906,0.283620291,0.284375799,0.329136016,0.172217419,0.30413437,0.330651943,0.346376443,0.553388913,0.509306462,0.229458686,0.36202847,0.06250834,0.506875946,0.315972519,0.731707368,0.031070398,0.020710861,0.016929354,0.02171157,0.006915202,0.021728454,0.037637889,0.013128416,0.003372349,0.048185054,0.039767643,0.067443827,0.026567273,0.061954298,0.046216065,0.054940544,0.045990129,0.139106777,0.077748855,0.006121068,0.002188793,0.024315426,0.009542952,0.016642876,0.00270234,0.013022081,0.005843132,0.001558917,0.123255197,0.002639893,0.011349582,0.01633882,0.006651466,0.004782168,0.013180717,0.003015765,0.00268174,0.00177511,0.015501665,0.001859565,0.037221097,0.02067735,0.006265008,0.021912458,0.002675273,0.082580369,0.036259079,0.009205099,0.085601646,0.110946529,0.055608639,0.026520091,0.01643221,0.00578786,0.022838419,0.004456498,0.008914071,0.001081288,0.002461013,0.001287335,0.001190431,0.020185462,0.362988605,0.300277174,0.003474817,0.263694848,0.407490482,0.147541522,0.003785074,0.020446257,0.028028944,0.245658816,0.226376575,0.003112898,0.010237144,0.018035944,0.009515141,0.004247776,0.010479693,0.002413671,0.162752943,0.188535416,0.004195981,0.182743182,0.006459705,0.06185589,0.007078903,0.005339376,0.003284542,0.039514636,0.16162483,0.09360969,0.006187453,0.187764398,0.035712162,0.011857379,0.027885221,0.005076886,0.167349961,0.200863922,0.066769626,0.02166468,0.28066491,0.332054547,0.066337651,0.281654742,0.05546247,0.009982974,0.023703251,0.020020689,0.005881586,0.032825397,0.072433248,0.069743228
180,0.015138484,0.009223341,0.018248375,0.011204083,0.005361298,0.005439586,0.005920619,0.106640641,0.082186167,0.17793959,0.085385174,0.095319215,0.005756875,0.275791156,0.033622514,0.007513291,0.014583042,0.002946045,0.007560298,0.004980068,0.004970083,0.00508926,0.007731977,0.020359036,0.046160081,0.655716504,0.198938095,0.042538672,0.091151219,0.218129638,0.022304578,0.232024518,0.310804668,0.26954305,0.309308515,0.121135439,0.186725924,0.397873717,0.075436381,0.266638553,0.201337079,0.060461655,0.400477708,0.660788557,0.089717831,0.061451925,0.061734143,0.048693799,0.069309412,0.032188051,0.072495632,0.073943866,0.081629581,0.182442061,0.30906346,0.086029374,0.167547429,0.239534538,0.198746744,0.155976164,0.173589069,0.09868048,0.599653086,0.186776585,0.533511552,0.530385676,0.117227327,0.256935511,0.116088132,0.288389209,0.30158108,0.236218708,0.094517626,0.102534799,0.125529659,0.197519999,0.425297637,0.106428237,0.096396659,0.104327873,0.091153598,0.131781633,0.103968014,0.196314185,0.311210782,0.367932786,0.241899008,0.399830009,0.48795615,0.498056501,0.53007298,0.464737511,0.236709331,0.327804511,0.057103191,0.467459641,0.212730352,0.560206455,0.029564728,0.022018521,0.020998221,0.024891046,0.016668736,0.026271922,0.03757453,0.018147705,0.011476895,0.048391262,0.040601084,0.069407761,0.033226099,0.060184388,0.044131025,0.052486366,0.044856075,0.115146475,0.06631157,0.011284611,0.008085714,0.02400641,0.016848875,0.017078447,0.011973619,0.021712891,0.014895639,0.008669596,0.108417056,0.010022294,0.018871712,0.02258162,0.016536399,0.012396513,0.019978675,0.007129324,0.008695476,0.005308766,0.021116382,0.008474554,0.038323427,0.023878582,0.012868961,0.022570149,0.008900277,0.070058282,0.037286432,0.015281269,0.072852141,0.093585214,0.04811335,0.027465779,0.019339293,0.010316774,0.025230967,0.00873819,0.01579326,0.006099252,0.008522894,0.005942437,0.006502456,0.021467616,0.305836851,0.255058351,0.006486598,0.303949935,0.410618205,0.158611804,0.010734245,0.023250954,0.035782686,0.333921926,0.311416223,0.010659961,0.019813463,0.024120896,0.019693977,0.013249179,0.017941222,0.009342221,0.151690844,0.177948899,0.013981092,0.174849594,0.01629139,0.131654922,0.02201905,0.014279736,0.010222115,0.056913612,0.144461426,0.09859522,0.01111723,0.169026479,0.04530762,0.035686783,0.039057868,0.016494248,0.149896686,0.179088364,0.098067113,0.04278818,0.280904599,0.303107487,0.157404341,0.275782211,0.06967383,0.038499815,0.049489998,0.054796386,0.0252326,0.04336877,0.217729232,0.216399138
HCPex_394_R_AV,0.005366663,0.003876137,0.003192971,0.005421806,0.004836617,0.00369535,0.000751658,0.007563308,0.007478807,0.025778021,0.018362899,0.016360306,0.00287451,0.003987344,0.003965999,0.003533256,0.004551696,0.001702583,0.003821825,0.001820136,0.00347689,0.003685222,0.003231357,0.005005741,0.004789455,0.610388806,0.010751952,0.004840277,0.010199757,0.002564737,0.006414879,0.002484926,0.002080998,0.002089887,0.001735806,0.031306603,0.044342665,0.01915291,0.027154617,0.029974153,0.021652442,0.02614156,0.194677016,0.716432087,0.029210624,0.0111314,0.010247091,0.008921878,0.018612865,0.00673811,0.006826134,0.007827013,0.007242045,0.02199956,0.096652937,0.012582939,0.001741256,0.012035751,0.005689616,0.016866007,0.059700646,0.002710653,0.115350032,0.089054794,0.376388854,0.014852114,0.022194536,0.116026926,0.012597595,0.045256713,0.049816096,0.016247215,0.015312269,0.011916679,0.025176348,0.014998805,0.036345088,0.023098141,0.017002238,0.021869934,0.010240237,0.023412312,0.010783389,0.017601226,0.057893922,0.060881474,0.021743117,0.084156081,0.024903034,0.027038147,0.015156432,0.013834898,0.017432546,0.009417855,0.010177549,0.401750491,0.106566899,0.450460688,0.005620155,0.004961225,0.005104512,0.005240602,0.005141329,0.005243722,0.005073806,0.004796919,0.007158985,0.009426414,0.007423064,0.004194871,0.003072648,0.002483542,0.006183839,0.007788911,0.006291814,0.005428034,0.009425164,0.006180493,0.009626698,0.004726958,0.01933135,0.003596479,0.003865678,0.00456601,0.005689661,0.0019982,0.012514294,0.005530815,0.005410846,0.005566418,0.001783772,0.006477165,0.006673151,0.00382077,0.006683801,0.005671247,0.005215739,0.007440799,0.00514879,0.004883029,0.004637412,0.00401361,0.003988879,0.009443851,0.008237143,0.004714196,0.004650807,0.004088825,0.005253691,0.004922207,0.005641185,0.003650275,0.004599465,0.001307095,0.004359667,0.004176966,0.003705154,0.003649689,0.003161036,0.003232474,0.00121242,0.001074723,0.000838522,0.12367925,0.270547534,0.024912536,0.005173331,0.005107199,0.006632635,0.03430608,0.065966642,0.010870128,0.004876637,0.005021535,0.004387286,0.005408175,0.006843045,0.00509647,0.002375363,0.019413434,0.000850252,0.009511299,0.001135938,0.001419179,0.001658078,0.001453299,0.000551857,0.004148167,0.005437065,0.008011271,0.000893476,0.00416142,0.002870281,0.003601991,0.002362338,0.000912002,0.005883916,0.003310386,0.001742733,0.001618699,0.025690636,0.016155473,0.012440015,0.024271802,0.007321683,0.006376282,0.004480967,0.004242579,0.002991768,0.001786837,0.006821563,0.005671367
HCPex_395_R_CeM,0.01487916,0.011551422,0.007377438,0.015997754,0.014063401,0.008627396,0.002122597,0.062968667,0.045774863,0.156607495,0.167862951,0.143759477,0.00690184,0.00949779,0.011252888,0.008824062,0.012604854,0.009553899,0.008561306,0.002687686,0.005774561,0.007175792,0.009489529,0.011226146,0.009838545,0.50250209,0.056642228,0.009679539,0.029344241,0.006650728,0.007982935,0.011076072,0.005669634,0.008989903,0.007460712,0.130532066,0.126477332,0.126220904,0.119052408,0.131081466,0.108810732,0.110910832,0.309103375,0.392952669,0.087171055,0.03137038,0.050210061,0.03106924,0.064070495,0.021670297,0.042436195,0.041813008,0.045049478,0.147028766,0.271022943,0.133330745,0.008674284,0.031666306,0.027468015,0.082086624,0.137026418,0.12923986,0.41978446,0.165444674,0.247241281,0.008663835,0.122790626,0.201647471,0.110330817,0.135312733,0.159247872,0.053362581,0.11257162,0.10828303,0.102210834,0.037071767,0.06937626,0.11100192,0.110118563,0.117350663,0.108609836,0.095348794,0.111915926,0.107714799,0.161106316,0.173521696,0.083783229,0.068249984,0.029564505,0.016821889,0.009087742,0.00841941,0.013770108,0.006309888,0.035113215,0.324037268,0.191766545,0.470453111,0.014150098,0.011297633,0.011392443,0.012042502,0.010262943,0.011635327,0.011526976,0.012275553,0.011519684,0.035742157,0.022386248,0.004572688,0.016354434,0.00486548,0.015974948,0.020731124,0.016124198,0.022408732,0.03888283,0.00751698,0.011100341,0.007864525,0.022691105,0.006095979,0.009523154,0.010030296,0.010261867,0.002274898,0.026547084,0.011605621,0.011089855,0.012510492,0.00371077,0.019748059,0.021216828,0.006421427,0.00455839,0.011452537,0.013458668,0.042105247,0.010947836,0.011713611,0.012293137,0.009558979,0.010230514,0.040084157,0.026152772,0.012843046,0.013247588,0.010537252,0.012817985,0.012004478,0.015464756,0.011108103,0.010577303,0.003637858,0.004671992,0.010492653,0.013199638,0.006266421,0.006807986,0.007385389,0.005182833,0.007431904,0.002330094,0.104207712,0.191845639,0.021172485,0.010342844,0.01165141,0.041921258,0.098268013,0.162103247,0.006214225,0.010646362,0.011055302,0.008985731,0.016053573,0.022529066,0.010012403,0.020849965,0.081638603,0.001779439,0.033107154,0.003084949,0.011326979,0.003333616,0.010112695,0.001469239,0.018347917,0.018054237,0.026165581,0.007416644,0.020012345,0.01641669,0.014891173,0.015062901,0.003133919,0.019259363,0.014254984,0.011660199,0.021076092,0.087789124,0.05027305,0.049021006,0.086012919,0.076218516,0.006861933,0.08631359,0.087944939,0.066834521,0.022693104,0.030903014,0.02450749
HCPex_396_R_CL,0.008750219,0.005504196,0.005153425,0.009117884,0.008376318,0.006003232,0.001191134,0.010289941,0.009296544,0.031418848,0.02218265,0.020431583,0.004633819,0.004305718,0.006262747,0.005431119,0.006496877,0.002348991,0.0057103,0.002616189,0.005283568,0.00579534,0.004614137,0.006632714,0.006262618,0.482248269,0.014180155,0.006266853,0.012322748,0.002818785,0.0098022,0.002741478,0.002221738,0.002289075,0.00187145,0.040107934,0.051731338,0.023906387,0.036390002,0.036508008,0.027925834,0.034946414,0.204184605,0.704923744,0.03497483,0.013444758,0.013167029,0.010709232,0.022968953,0.008555991,0.008727962,0.009745623,0.008959513,0.027738885,0.10510097,0.01658427,0.002048088,0.011728137,0.005993589,0.022453165,0.053382036,0.004002687,0.16180161,0.082057525,0.342854208,0.017730503,0.023073924,0.089855913,0.016832332,0.05274021,0.06621914,0.020151499,0.017259026,0.014343744,0.031350402,0.01837999,0.045534339,0.023799807,0.018171068,0.022691814,0.012842267,0.028935369,0.013975766,0.022643986,0.07382089,0.079734049,0.029352984,0.080873645,0.031426017,0.033539044,0.018099543,0.016454017,0.01973086,0.011348503,0.011635965,0.38680823,0.093074522,0.304846783,0.006700348,0.006172695,0.006561869,0.00661692,0.007276453,0.006801545,0.0065281,0.00616361,0.010182116,0.011143417,0.008822955,0.005039039,0.004093127,0.003365387,0.007455161,0.009131565,0.007593677,0.006417152,0.010813531,0.006810489,0.01046497,0.005400264,0.02126729,0.004079008,0.005690899,0.006214473,0.0080076,0.002239249,0.014918784,0.008018949,0.007340777,0.007388647,0.0023611,0.008736049,0.008826246,0.004710729,0.007528736,0.007280721,0.006897549,0.010416349,0.006617813,0.006214195,0.006402914,0.006305685,0.005724104,0.010881841,0.009677671,0.006610967,0.00564562,0.005123452,0.006044685,0.006075009,0.006817364,0.005842248,0.006091214,0.00184376,0.005109423,0.006133193,0.005246395,0.005302057,0.00450083,0.004072949,0.001324014,0.001278093,0.001112307,0.105151946,0.231260629,0.028927799,0.007479924,0.006438084,0.008247363,0.044541051,0.083096096,0.011756755,0.00670074,0.006634964,0.006133417,0.007696745,0.00912278,0.007441571,0.003062304,0.018537779,0.001054558,0.011417885,0.001404343,0.001915169,0.002084168,0.002271411,0.0006964,0.005272574,0.006548597,0.009474221,0.001208874,0.005155926,0.00367962,0.005081694,0.003079203,0.001230822,0.007083242,0.004101461,0.002279656,0.002338075,0.030868469,0.019469318,0.015260349,0.029085413,0.00982877,0.008055291,0.006969601,0.006653006,0.004714506,0.002499047,0.008525592,0.007069338
HCPex_397_R_CM,0.012804547,0.014253126,0.008146296,0.013699506,0.011457906,0.005961638,0.001523932,0.137184031,0.109044925,0.324436232,0.382675442,0.329683863,0.005619346,0.008146659,0.016080816,0.008342427,0.014098021,0.003937297,0.007445448,0.001496032,0.003319238,0.004348082,0.012044651,0.011039638,0.012359323,0.707901557,0.128724926,0.011249405,0.055461302,0.008010337,0.002685796,0.013409117,0.005277679,0.010085222,0.006785945,0.35347253,0.309650746,0.235196197,0.359656424,0.249625807,0.19562042,0.34876436,0.557477809,0.698636117,0.244566038,0.059240768,0.138873318,0.05561605,0.175582248,0.030248255,0.107445429,0.106369012,0.105369317,0.296527176,0.54200711,0.320148903,0.012180654,0.01828253,0.014337009,0.142098526,0.023389679,0.01417465,0.6225151,0.024107293,0.059746897,0.002060088,0.224725099,0.266539807,0.032916508,0.141308845,0.084744563,0.038358229,0.21908063,0.19280668,0.055387021,0.013245028,0.030220895,0.220968754,0.208474426,0.227259754,0.206693224,0.114763378,0.208125197,0.160700321,0.112814893,0.097950789,0.054400584,0.027242617,0.017846337,0.00768243,0.002318986,0.002161374,0.003268092,0.001991859,0.062523604,0.581590109,0.328422385,0.602735292,0.01859393,0.012001294,0.011564759,0.012387883,0.008319014,0.012706169,0.014434525,0.011217532,0.008054978,0.032837965,0.023121474,0.001948133,0.006410108,0.002965541,0.019930508,0.025329166,0.018824156,0.045983241,0.074457402,0.001194917,0.00137806,0.001941894,0.003076047,0.001362227,0.013187069,0.010247875,0.008992529,0.000364917,0.007945264,0.012836834,0.011803495,0.014240216,0.005550228,0.023470964,0.020973874,0.003611183,0.001154717,0.004770739,0.014878765,0.02548351,0.012952391,0.012988403,0.013630332,0.011533605,0.01178623,0.076711255,0.039793669,0.014050725,0.022539681,0.016227966,0.016697882,0.013392642,0.01724475,0.013242409,0.007719909,0.003193676,0.000965757,0.006607249,0.015443587,0.00397129,0.004829702,0.004960871,0.005534808,0.011085336,0.001852639,0.026299639,0.042496117,0.004255702,0.007909487,0.011802829,0.019488169,0.05532434,0.076917212,0.001585112,0.00963112,0.012215413,0.008328171,0.025510409,0.023132272,0.008571307,0.011477715,0.020227389,0.000831553,0.012862574,0.001369829,0.004163729,0.001763672,0.009715153,0.000800849,0.009071927,0.007505735,0.008472738,0.002952274,0.00693798,0.006055764,0.014524767,0.005599724,0.002542347,0.008147109,0.005448267,0.003714404,0.007588241,0.036077576,0.023473747,0.019149473,0.034576466,0.027037165,0.004465378,0.039083956,0.041096068,0.031226462,0.009770055,0.01165993,0.00865211
HCPex_398_R_LD,0.012714436,0.007612129,0.007330165,0.01322821,0.012254555,0.00881587,0.001719712,0.011151137,0.009843659,0.032875524,0.02209483,0.020405681,0.006790687,0.004797697,0.008491832,0.007820276,0.008965835,0.003161862,0.008262134,0.003891049,0.007860326,0.008571634,0.00637252,0.00933293,0.008819136,0.542455773,0.014019073,0.008827996,0.013869399,0.003082335,0.015324029,0.002537466,0.002371421,0.002177568,0.001782436,0.038946938,0.048447909,0.021845924,0.035151087,0.033379167,0.025107766,0.033678438,0.183289662,0.619247351,0.033956082,0.015314159,0.014849753,0.013137243,0.023415853,0.010825337,0.010084555,0.011598648,0.009516675,0.029530637,0.101144424,0.016554929,0.001798453,0.011622694,0.005483375,0.01884384,0.052230946,0.002982786,0.092212906,0.076375989,0.320240145,0.039891679,0.024760465,0.113071421,0.0150407,0.051247702,0.049784291,0.017745432,0.018296713,0.015126176,0.026608667,0.018404938,0.034754983,0.025788576,0.019795647,0.024463069,0.013522106,0.025877892,0.01382286,0.020976111,0.055175583,0.0581403,0.023739505,0.074424657,0.022107268,0.027383187,0.039556534,0.037076824,0.02550635,0.026391283,0.014351092,0.355768833,0.10101224,0.409711634,0.00942316,0.008838267,0.009306144,0.009209524,0.010451882,0.009424408,0.009076059,0.008694731,0.014827028,0.012553492,0.010882099,0.007609533,0.005496506,0.006324621,0.009721422,0.011252413,0.009838789,0.008542077,0.013768636,0.012965414,0.020163091,0.009509473,0.040528838,0.006912482,0.007978707,0.008770169,0.01154976,0.004381194,0.024412766,0.011432806,0.010374532,0.01028172,0.003479991,0.012286315,0.012223828,0.008099084,0.015726088,0.011345946,0.009576609,0.013680347,0.009171279,0.00877022,0.009018029,0.008938308,0.008051263,0.013700653,0.012338176,0.009104345,0.007827485,0.007150666,0.008805856,0.008580543,0.009648811,0.008173396,0.009333465,0.002698632,0.010139241,0.008880415,0.007119686,0.007832907,0.006530847,0.006428357,0.00127397,0.001167696,0.001691902,0.113161573,0.231563849,0.027993073,0.010810858,0.009034622,0.008958625,0.034108402,0.062958929,0.025658609,0.0094934,0.009258265,0.008774614,0.010449117,0.012636321,0.010736911,0.00230908,0.017940518,0.00231744,0.022336955,0.002950692,0.003204205,0.004653,0.00418331,0.001487567,0.010339865,0.012699744,0.018250654,0.002201154,0.009660877,0.006828585,0.010394801,0.005647708,0.002563869,0.013737126,0.007680261,0.003971626,0.003559333,0.06096374,0.037920945,0.030337387,0.057713338,0.016630701,0.01917001,0.008974046,0.008311899,0.005766912,0.003842052,0.016862447,0.015054804
HCPex_399_R_LGN,0.211279905,0.173219882,0.112062298,0.231757308,0.222768175,0.147867225,0.028124186,0.009941468,0.014512459,0.023268944,0.024280563,0.020964719,0.106485325,0.021418751,0.115218338,0.137204718,0.172255583,0.025657196,0.129942266,0.042844429,0.106769634,0.131775545,0.145071374,0.264157583,0.134803135,0.060395948,0.029614503,0.123357936,0.057475612,0.014175167,0.247829234,0.002602138,0.009558424,0.003396235,0.002685515,0.049465384,0.046290084,0.018353054,0.052981646,0.02036228,0.012859528,0.053849495,0.039359339,0.04642264,0.051193701,0.079185613,0.054935701,0.080686966,0.058394057,0.121604551,0.031846496,0.041178603,0.014653156,0.020046902,0.041134831,0.018108818,0.001466104,0.010234992,0.004141024,0.009212478,0.011265301,0.00202811,0.037541264,0.010100761,0.035955097,0.04544719,0.024591297,0.028983265,0.013612103,0.096977536,0.116557545,0.066451545,0.027304562,0.025438502,0.056897638,0.078957435,0.033144072,0.037889555,0.026056028,0.030640184,0.023120241,0.057938526,0.027837237,0.091978051,0.082090955,0.126337112,0.096060305,0.026870817,0.019743813,0.016754534,0.043000149,0.04697471,0.020103511,0.077897352,0.071922419,0.04354758,0.034465215,0.058963423,0.133437174,0.177085286,0.215776943,0.186037255,0.351876963,0.205456296,0.168708592,0.191171268,0.442694154,0.093282812,0.118453534,0.049021499,0.130045314,0.157137253,0.126805818,0.115973285,0.126031181,0.045896589,0.060342198,0.009199599,0.013323764,0.0066011,0.045654236,0.004488559,0.291553731,0.257988287,0.32534358,0.003050754,0.015893151,0.384359481,0.22570333,0.169207738,0.035999849,0.117956317,0.128866504,0.026384412,0.018118695,0.04280427,0.129399162,0.138956038,0.128515511,0.131127072,0.214611235,0.129644486,0.224672237,0.060584273,0.093389017,0.194048022,0.08884351,0.099168383,0.078057153,0.126685666,0.131481564,0.12812589,0.072343383,0.030267908,0.00749504,0.112608598,0.125214607,0.095499965,0.085308258,0.029097543,0.002294968,0.001723606,0.012458113,0.03117484,0.027720614,0.019161715,0.386012504,0.186225623,0.075220756,0.076794869,0.064235782,0.024288611,0.307084525,0.222959665,0.273030492,0.250944641,0.134807238,0.393639854,0.001717519,0.009118629,0.001821118,0.015808365,0.002388492,0.002809741,0.003763519,0.009022988,0.001330669,0.010204414,0.008887806,0.012766051,0.003618338,0.007275884,0.006317517,0.015952066,0.005923033,0.003207547,0.009566561,0.00565611,0.003340048,0.004182346,0.042970437,0.025970271,0.021045331,0.040753949,0.013225644,0.014990957,0.007790773,0.007264213,0.004904007,0.003131147,0.012176662,0.010542243
HCPex_400_R_LP,0.00590261,0.004179046,0.003755779,0.00614026,0.00577815,0.004396976,0.000838525,0.006808517,0.006831747,0.023773627,0.015343065,0.014252596,0.003443086,0.002948783,0.004533343,0.004117852,0.004911881,0.001691902,0.00447095,0.002193222,0.004216751,0.004434705,0.003524864,0.004910291,0.005018348,0.460976399,0.011303682,0.005000643,0.009011938,0.001905863,0.00684353,0.002077594,0.001512781,0.001674293,0.001338795,0.035806096,0.050411204,0.021677718,0.032383937,0.034178008,0.025551155,0.031257909,0.214330089,0.790815363,0.032162705,0.010183634,0.009705005,0.007473842,0.019577202,0.006200576,0.005820718,0.006589315,0.006520084,0.020114245,0.099589459,0.010771745,0.001640852,0.008069715,0.004279052,0.019206085,0.037662751,0.002590215,0.104649252,0.061084856,0.256850488,0.009178193,0.018519967,0.074936289,0.015128635,0.045013726,0.037006697,0.013007384,0.012559772,0.009507149,0.015943481,0.009095796,0.021221483,0.018585838,0.013507145,0.017473606,0.008187805,0.015683925,0.008662614,0.014616608,0.036445755,0.040481819,0.015562651,0.04934501,0.013965675,0.014815056,0.009327957,0.008610658,0.010547424,0.005930859,0.007939511,0.418374992,0.086504408,0.245791982,0.004498103,0.004281517,0.004757618,0.004742867,0.005820854,0.005124454,0.004925111,0.004373718,0.008670702,0.00690804,0.005859952,0.002775867,0.002359995,0.00176689,0.005336005,0.006375376,0.005307281,0.004031216,0.006934225,0.003791413,0.005725363,0.003022151,0.011763425,0.002329529,0.004342856,0.004777495,0.006640952,0.001294698,0.008493919,0.006447606,0.005865201,0.005784431,0.001510071,0.006480548,0.006386951,0.003416949,0.004782004,0.006008198,0.005297217,0.007350985,0.005191011,0.004615589,0.004887636,0.004542408,0.004471344,0.006985453,0.00663735,0.005039956,0.003798619,0.003682583,0.003792011,0.004255327,0.004468182,0.00427009,0.003830663,0.001220883,0.003188063,0.004842485,0.003864619,0.004365713,0.003689661,0.002496318,0.000939224,0.000955071,0.000729779,0.062668142,0.163396037,0.016224847,0.006077178,0.004597195,0.004660754,0.021907406,0.039746739,0.007138254,0.005113517,0.005077543,0.004873807,0.005660838,0.006549952,0.006063076,0.002226839,0.012827861,0.000527061,0.005918536,0.000702788,0.000920581,0.001031193,0.000905602,0.000342643,0.002590827,0.003388785,0.00493186,0.000569038,0.002625783,0.001826028,0.002223399,0.001508567,0.00056776,0.00366607,0.002091901,0.001127879,0.001062231,0.016036892,0.010080615,0.007829668,0.015120212,0.004690843,0.003986625,0.002808975,0.002606176,0.001810172,0.001113933,0.00432616,0.003580638
HCPex_401_R_L-Sg,0.098516825,0.06737532,0.055803022,0.107668194,0.102746491,0.06638128,0.012670543,0.054577875,0.043117098,0.125674585,0.08816463,0.086716386,0.050159884,0.013124839,0.06289962,0.060556896,0.07213253,0.015046122,0.058192463,0.020892736,0.04943113,0.059420075,0.056632162,0.093697586,0.058618937,0.354563752,0.074611609,0.0545893,0.057053084,0.009728981,0.102138882,0.005705463,0.00645361,0.005069539,0.003781704,0.198055371,0.180157597,0.081099698,0.204927995,0.101530483,0.075684629,0.198153778,0.232308802,0.282169511,0.149892566,0.066299197,0.077780839,0.057351933,0.112734246,0.061995806,0.048130686,0.053003888,0.040597313,0.119820985,0.22983233,0.080056274,0.004521977,0.014876896,0.008887706,0.056302879,0.029855896,0.010698141,0.238355257,0.036432316,0.120808658,0.035176858,0.062640585,0.137560496,0.036232958,0.128116503,0.120412961,0.050944836,0.057789798,0.049204323,0.055281298,0.040429124,0.045681539,0.069174334,0.055661938,0.06467533,0.049118803,0.063998482,0.051981719,0.079649791,0.106252312,0.131072533,0.07464029,0.043262892,0.022842461,0.018119062,0.03437234,0.034399763,0.021076381,0.03743517,0.052530409,0.245979549,0.12525923,0.331065554,0.056243468,0.067322112,0.079762556,0.070902626,0.121618842,0.078019553,0.067820627,0.071120578,0.157426904,0.048491413,0.05368257,0.019684783,0.044813148,0.050164763,0.055667933,0.054558013,0.055106023,0.034178291,0.048214962,0.015209116,0.022444379,0.01231533,0.051972214,0.009609725,0.100955316,0.091737652,0.117257629,0.005430265,0.034225291,0.134426427,0.086609105,0.070661957,0.01660174,0.062359108,0.063627235,0.019969518,0.019727058,0.034497164,0.058048015,0.07505731,0.056605816,0.055431823,0.080799158,0.064670432,0.082295415,0.048534369,0.053658461,0.077357813,0.04319765,0.044637003,0.038132892,0.052780436,0.055455418,0.06381831,0.037914324,0.014699973,0.012462213,0.05333948,0.05344959,0.045284798,0.039096699,0.018466586,0.002933728,0.00354129,0.006791572,0.057954256,0.082087931,0.024357993,0.132264555,0.070446623,0.036639346,0.074922793,0.097687848,0.026426748,0.106445803,0.083036129,0.096140107,0.097214584,0.06675434,0.134665533,0.005747735,0.018621135,0.00271073,0.030731678,0.003906334,0.007326117,0.005400757,0.014054032,0.002058526,0.018132487,0.017412581,0.025804377,0.005359489,0.016002449,0.012965079,0.023669822,0.011529946,0.004820078,0.01871683,0.012209613,0.008419696,0.010993259,0.078296453,0.049770518,0.040370044,0.075502411,0.039727077,0.018437413,0.037781776,0.037668561,0.027888956,0.011362393,0.024097488,0.019305661
HCPex_402_R_MDl,0.007306221,0.008662491,0.003900793,0.007630758,0.006300506,0.004486011,0.001286228,0.096786446,0.067760571,0.2496585,0.31474597,0.26063065,0.003277031,0.015709103,0.006504759,0.004943262,0.010550044,0.008235493,0.005106687,0.001522376,0.002988889,0.003789086,0.006346891,0.008362672,0.007764388,0.703143201,0.083335558,0.008063597,0.027897569,0.010262973,0.003521746,0.023180355,0.010053284,0.018754008,0.015974926,0.145189686,0.165773494,0.268419072,0.106513681,0.234839161,0.193063115,0.089573604,0.499482021,0.618403324,0.08009901,0.029413598,0.053177901,0.037084176,0.057043227,0.025837508,0.058516062,0.053931271,0.068759977,0.232689663,0.41897905,0.243377805,0.017798157,0.063813388,0.063997494,0.138424011,0.322680036,0.380443419,0.652986046,0.370906661,0.21931529,0.004430021,0.206813012,0.253184693,0.244613248,0.123178964,0.116785299,0.037895905,0.197599795,0.189517786,0.175040056,0.056498904,0.051773579,0.188097197,0.191434607,0.202084161,0.194195595,0.134253033,0.196761497,0.156104488,0.148211751,0.12758345,0.058640613,0.058432954,0.018664738,0.009443516,0.004818196,0.00441495,0.008964094,0.003339719,0.045851195,0.494999382,0.291188709,0.620760042,0.012860178,0.008673582,0.008840146,0.010715626,0.00637942,0.009653751,0.009357559,0.01352244,0.0054984,0.059671592,0.031222909,0.003610283,0.034990185,0.004133638,0.017699463,0.024993818,0.018030327,0.028905489,0.055412683,0.002911599,0.004040789,0.003465451,0.008432072,0.002620874,0.004570597,0.007021043,0.005716353,0.00089153,0.012641257,0.005594296,0.007877663,0.010367831,0.002113915,0.013457115,0.017494354,0.004531317,0.002286447,0.008640172,0.0130304,0.034982842,0.009644686,0.011958981,0.011247714,0.005284011,0.007177475,0.058006875,0.032918679,0.011674202,0.011705992,0.008810367,0.011494112,0.011878375,0.017880973,0.006168291,0.005867099,0.002213118,0.002012838,0.007133747,0.009932345,0.003655572,0.004522757,0.004042999,0.010835333,0.016921465,0.001463867,0.129314753,0.23331875,0.013106202,0.006503509,0.010059664,0.094373707,0.068915461,0.146732491,0.002870581,0.007469463,0.008584471,0.005590412,0.009372352,0.017526131,0.004912625,0.050866221,0.203302098,0.000788118,0.017072542,0.001399825,0.005359199,0.001514444,0.004507042,0.000659246,0.009217498,0.009037631,0.012016251,0.003984319,0.009569167,0.008024717,0.006507418,0.00746151,0.001358714,0.009663862,0.00664005,0.00502886,0.011113589,0.050947349,0.026272658,0.028976771,0.049151739,0.042469199,0.002982713,0.047106765,0.048157343,0.036865709,0.012112285,0.018194164,0.014709107
HCPex_403_R_MDm,0.009653388,0.00829919,0.005826719,0.009747631,0.008003323,0.005514211,0.001399523,0.047962982,0.034603727,0.121638309,0.123483691,0.107413584,0.004283508,0.008759351,0.009170305,0.005871552,0.009310069,0.005960685,0.005921167,0.002042068,0.004085032,0.004852235,0.006789665,0.008715867,0.008071726,0.456636469,0.040519434,0.008036405,0.024936351,0.006001575,0.007259622,0.00890443,0.005043969,0.007257926,0.006055667,0.093539633,0.092877317,0.092316416,0.084137475,0.106090132,0.093033929,0.078788352,0.289513262,0.443879129,0.064447978,0.026267481,0.037082956,0.025179532,0.04825554,0.017372886,0.031732506,0.031409176,0.034176258,0.114478033,0.222308406,0.098242884,0.006983281,0.028072049,0.021827546,0.072557412,0.117011684,0.085582746,0.388210028,0.149672293,0.338948491,0.008753117,0.087541557,0.175403784,0.09023153,0.141133625,0.181644147,0.054205885,0.079212764,0.071994322,0.096816169,0.039205208,0.091685127,0.081683555,0.076515297,0.084805006,0.072380243,0.08701731,0.076501438,0.085358759,0.186097983,0.205933503,0.088504408,0.095467862,0.046207638,0.036098309,0.009604785,0.008352052,0.020931605,0.005488258,0.028740623,0.321532353,0.157351277,0.395055916,0.011816753,0.009299101,0.009152868,0.009887267,0.007393796,0.009383921,0.009376987,0.009698544,0.008293551,0.03007047,0.018996943,0.005325099,0.012126056,0.003475867,0.013419119,0.017869663,0.013764703,0.017818834,0.0311017,0.008042858,0.011488742,0.009842284,0.023709481,0.007494454,0.006791035,0.007610475,0.007560507,0.002306524,0.036536065,0.008255287,0.008609228,0.009934793,0.003213499,0.014432431,0.01571605,0.004960255,0.004082435,0.008268684,0.010520494,0.026618835,0.009072549,0.009470448,0.009070513,0.007843504,0.00731192,0.031981702,0.02146049,0.009551948,0.010889685,0.008646961,0.011097399,0.009919308,0.012664014,0.007702935,0.010354273,0.002947389,0.00512881,0.007127127,0.009279264,0.004552402,0.004847032,0.008014684,0.004226016,0.005555843,0.002048091,0.131499687,0.23963532,0.035967056,0.007200711,0.009540885,0.032601133,0.114302237,0.197660604,0.005640934,0.007946004,0.008720601,0.006622419,0.011895439,0.016463105,0.006922166,0.015811223,0.064087841,0.001253758,0.029989269,0.002251367,0.007957655,0.00228548,0.004963336,0.001014351,0.013374733,0.017607415,0.022520526,0.004689723,0.016118956,0.012115336,0.00758045,0.010660735,0.001793049,0.019019516,0.012744657,0.008664014,0.013281031,0.084323816,0.053074398,0.043684217,0.077566246,0.048874787,0.00438421,0.051228899,0.051637744,0.038845251,0.014107555,0.025162077,0.017057597
HCPex_404_R_MGN,0.067747661,0.198198787,0.022048004,0.072906304,0.062435046,0.035348088,0.008266415,0.015354115,0.019544512,0.035956435,0.041845821,0.035461121,0.03412212,0.005195978,0.025872523,0.088918768,0.170487158,0.008154022,0.077274663,0.010141129,0.020727644,0.026400358,0.163889378,0.346962711,0.1643813,0.061719078,0.022026699,0.145431087,0.043435029,0.00421506,0.025992156,0.001960449,0.002815386,0.002111975,0.001634071,0.041524921,0.034175681,0.014528834,0.042426017,0.018085394,0.011717882,0.04332053,0.039937799,0.057094235,0.042299324,0.070245691,0.067077595,0.097234915,0.055430526,0.133669706,0.041658218,0.053369178,0.020030261,0.031822922,0.057896962,0.033223414,0.001201997,0.007079762,0.003396842,0.008585206,0.009399945,0.002014981,0.036798851,0.008219053,0.027768284,0.03292261,0.032019228,0.028031649,0.012380569,0.09507275,0.119303298,0.073657501,0.037396109,0.0342581,0.066449928,0.099285991,0.036099575,0.050847055,0.035772998,0.041629711,0.032677302,0.068980487,0.036456176,0.097932411,0.086312927,0.129746092,0.104924616,0.027805197,0.023659752,0.015225495,0.030019688,0.036801245,0.014098526,0.087575032,0.089558033,0.054720804,0.041777815,0.056263838,0.174200252,0.232123161,0.281947288,0.240788462,0.460456005,0.264340428,0.21533551,0.248377146,0.570239553,0.117642171,0.1495881,0.062343343,0.173140127,0.212369653,0.159115601,0.143401741,0.157957271,0.059173029,0.077449363,0.003693321,0.005189459,0.002896641,0.012713449,0.002082447,0.37801829,0.336805986,0.41323544,0.001295364,0.007334135,0.495654532,0.275430196,0.193215722,0.03988079,0.101448491,0.11288001,0.013209553,0.005350169,0.013232893,0.13388189,0.072030538,0.150397423,0.157412687,0.26234882,0.02674461,0.274544684,0.077563012,0.114918978,0.213339727,0.114496325,0.126121156,0.10059666,0.159122629,0.169155653,0.063404576,0.035235938,0.014942197,0.002788495,0.036313053,0.124014254,0.032668008,0.048107274,0.018266528,0.001227558,0.001170899,0.006698648,0.021296168,0.020274709,0.015135631,0.50593797,0.241895893,0.096340348,0.08334075,0.066821999,0.00817543,0.403565782,0.288205354,0.354059648,0.298759983,0.119121224,0.515113498,0.001523408,0.00756535,0.002309371,0.011041567,0.003302067,0.003360753,0.005020185,0.035684831,0.00234269,0.020585272,0.005850959,0.009075078,0.006689245,0.00598648,0.009403616,0.053765856,0.009601249,0.009040794,0.006205256,0.004235462,0.003427848,0.006146263,0.026854368,0.015479264,0.015154784,0.026307434,0.0153117,0.017187292,0.0151495,0.014763524,0.010316189,0.004517143,0.010804557,0.010050576
HCPex_406_R_Pf,0.0168635,0.01552413,0.007972021,0.018434111,0.015982924,0.009329698,0.002501381,0.093180713,0.071959294,0.223422289,0.24985795,0.214191078,0.00766971,0.009943298,0.014235914,0.010448479,0.01545799,0.01312572,0.00985726,0.002558895,0.005541775,0.007264798,0.013041148,0.011493635,0.010964252,0.619891002,0.087916392,0.010520182,0.043808009,0.007651586,0.004282433,0.01243048,0.006111621,0.009975819,0.007980889,0.231249725,0.205131513,0.155799919,0.230398088,0.169820173,0.135599122,0.221638535,0.383020601,0.434576786,0.161115346,0.047125614,0.089253137,0.042577669,0.117577702,0.028020207,0.068637112,0.06765785,0.069551196,0.206470145,0.374478394,0.203307942,0.010009518,0.03206714,0.027540993,0.102605215,0.124154595,0.115285802,0.532825395,0.148121146,0.224183407,0.003865052,0.178626703,0.268203639,0.110007503,0.176421088,0.196353345,0.068320519,0.164745507,0.157660544,0.110257792,0.036262336,0.075402881,0.161380222,0.160435997,0.170244274,0.159641931,0.121620695,0.164477023,0.154113342,0.196866877,0.214065164,0.107461904,0.063365098,0.029307883,0.010695691,0.00431955,0.004000564,0.008680292,0.003356885,0.045849229,0.396545307,0.26319004,0.604001933,0.014978122,0.011029127,0.011381401,0.012279075,0.010122704,0.012445287,0.012825893,0.012110086,0.010677289,0.039634913,0.024728818,0.003391054,0.015607883,0.004558235,0.01828968,0.024334509,0.018068106,0.030119096,0.050908068,0.002905097,0.00348053,0.005002446,0.007674579,0.003614401,0.012223632,0.010586251,0.010468917,0.000836688,0.021277791,0.013416787,0.012498217,0.014898194,0.004951295,0.028470699,0.02862794,0.00721108,0.002620338,0.013450273,0.016314591,0.059790266,0.012319584,0.012400042,0.014487191,0.010893559,0.012735296,0.052835419,0.032186617,0.015451067,0.016283245,0.012464709,0.012338958,0.012270101,0.01544454,0.014016415,0.011149719,0.004438459,0.002368131,0.012621847,0.01873803,0.006483775,0.00801651,0.007620268,0.005642654,0.008347002,0.002819991,0.090568919,0.174688374,0.012252663,0.010143721,0.011652991,0.041110527,0.119851544,0.184275352,0.003045848,0.010818964,0.011923268,0.009238081,0.023490088,0.03125733,0.010309412,0.021068667,0.07614369,0.001269361,0.02319496,0.002183661,0.006550607,0.002557017,0.013220657,0.001219166,0.014568295,0.01357626,0.016342352,0.004672047,0.012709765,0.010787339,0.01959257,0.009732704,0.0035522,0.014660228,0.010021661,0.006971071,0.011194326,0.064418388,0.041196422,0.034411506,0.060036473,0.04054703,0.006074536,0.045832462,0.046845082,0.035451753,0.01234433,0.02042241,0.014469801
HCPex_407_R_PuA,0.039229717,0.044770459,0.025466888,0.041818447,0.037515847,0.023350244,0.004918722,0.096173063,0.078201316,0.218092119,0.190577205,0.17911202,0.019223075,0.008930587,0.036718573,0.028924737,0.044249798,0.007654566,0.026878682,0.00737606,0.01650496,0.019991048,0.037574356,0.059491776,0.038849902,0.520743585,0.125848602,0.035159252,0.069826522,0.008175648,0.030040931,0.008154862,0.005153182,0.006584216,0.004643297,0.353931477,0.319528583,0.138592808,0.365023479,0.170828467,0.12362712,0.35099974,0.376587494,0.448784159,0.258965593,0.076807603,0.127405267,0.064489204,0.184198459,0.052656187,0.081676955,0.085211809,0.073240664,0.202615058,0.384568114,0.172570806,0.006916334,0.016027953,0.011072106,0.091217754,0.02543943,0.010603001,0.394337164,0.029748439,0.093860847,0.01338778,0.112117732,0.20608347,0.045544733,0.166742003,0.12537164,0.052834355,0.106248833,0.084902681,0.05464302,0.028171413,0.039872755,0.121061924,0.099635321,0.116004361,0.090407482,0.079520306,0.093883105,0.106233988,0.117951177,0.138729687,0.07606356,0.033335309,0.0193036,0.010018559,0.013136404,0.013608246,0.009650461,0.01787357,0.059052373,0.395379197,0.207435944,0.474356824,0.041053366,0.044522015,0.051455192,0.04650484,0.073451033,0.050825911,0.046066422,0.045997138,0.091687379,0.040958233,0.040799836,0.011374798,0.028982252,0.03089055,0.04107409,0.042781578,0.040205713,0.040126744,0.057785193,0.006384773,0.008911999,0.006227664,0.020094593,0.004890893,0.066197346,0.057900527,0.069881832,0.0023191,0.020287891,0.083684167,0.053738449,0.04542946,0.012281082,0.045026214,0.043182857,0.009760585,0.006919644,0.015240877,0.037882645,0.045860789,0.037198717,0.036444875,0.052027103,0.031707328,0.052291415,0.058755337,0.050861901,0.048632675,0.036736841,0.034029696,0.028548127,0.03571634,0.039340308,0.033982853,0.019361837,0.007580853,0.005633715,0.021633399,0.036575596,0.017284289,0.017799288,0.011047488,0.003533213,0.005201596,0.003946789,0.036866955,0.059811609,0.012504102,0.079342566,0.045911245,0.028701728,0.075099744,0.0955681,0.009213632,0.066011978,0.053670954,0.058922772,0.070261874,0.046528753,0.081367972,0.008023459,0.018935701,0.001440331,0.021783202,0.002297705,0.00565977,0.002870334,0.010987042,0.001237725,0.012999259,0.012708304,0.016772477,0.00404938,0.011681729,0.009555826,0.017102046,0.00855285,0.003253482,0.013711331,0.009202404,0.006336047,0.008986513,0.05701115,0.037689377,0.029866935,0.054035648,0.032220171,0.008092987,0.034907032,0.035649158,0.026858183,0.009857805,0.017740302,0.013088207
HCPex_408_R_PuI,0.273048353,0.099040731,0.151837411,0.301107512,0.297965878,0.2035485,0.036738803,0.019084597,0.020743684,0.042535882,0.029223878,0.028805545,0.146584283,0.029759545,0.157433935,0.146544018,0.126083392,0.037172376,0.149997552,0.070431339,0.163575184,0.190776666,0.08521402,0.094978981,0.083507268,0.140889479,0.065287002,0.083850209,0.074274519,0.01975378,0.338272836,0.004317891,0.013160841,0.005073382,0.003921678,0.140159088,0.135987899,0.049908673,0.152015302,0.051743403,0.029926075,0.149547863,0.090075062,0.105541731,0.119926704,0.085952951,0.058061676,0.058477482,0.096601139,0.084840031,0.030396947,0.036109996,0.019180653,0.038286714,0.085434774,0.024191768,0.002674099,0.015207973,0.006295831,0.020286578,0.022008876,0.003074333,0.079525404,0.022566041,0.086637143,0.092583929,0.033648196,0.06345693,0.020177918,0.100842208,0.115151853,0.054713537,0.031015603,0.030620543,0.050976446,0.042737165,0.046379252,0.038387958,0.030483557,0.034422571,0.027652949,0.053781059,0.031963198,0.080446602,0.093534591,0.125822443,0.080847084,0.047556015,0.027519159,0.03487059,0.090962792,0.087319889,0.043857448,0.069517185,0.04865391,0.094270966,0.058035881,0.136841761,0.05535309,0.067558116,0.083215848,0.076758226,0.130738562,0.088621301,0.079802486,0.07589709,0.190592383,0.050639734,0.059597067,0.02334708,0.038924215,0.038973755,0.065264769,0.064049873,0.064636545,0.029299849,0.040227804,0.029262516,0.043943813,0.0206049,0.112006905,0.014317799,0.106577876,0.097348511,0.145768006,0.010400706,0.050436662,0.151339489,0.119064621,0.110659136,0.025720465,0.124591162,0.1231854,0.05310207,0.058296083,0.101037269,0.102803952,0.167873153,0.085994397,0.077171865,0.105685433,0.175270257,0.106828473,0.040710973,0.057200633,0.11906456,0.043652623,0.05115175,0.038930957,0.063127065,0.059052272,0.154214891,0.090110038,0.036103943,0.026113593,0.162316564,0.093185741,0.142580382,0.108131871,0.037692781,0.003366734,0.002908723,0.015609442,0.073194802,0.071601695,0.038079312,0.141765912,0.074983992,0.036971962,0.075444249,0.087009897,0.077313626,0.108946298,0.092865832,0.106755566,0.129067111,0.127257499,0.14437662,0.002778192,0.014230206,0.005305851,0.048424455,0.006593685,0.006742924,0.010894554,0.009018474,0.00337851,0.022527855,0.027461154,0.038471229,0.004840171,0.020930061,0.014888685,0.02300562,0.012339058,0.005845416,0.02968698,0.016673681,0.008609244,0.007149218,0.133228947,0.082321641,0.066034275,0.126374095,0.034055417,0.046790028,0.013697326,0.011690006,0.007568328,0.007033224,0.036962944,0.032317259
HCPex_409_R_PuL,0.04183907,0.049237886,0.0258744,0.044823517,0.040248303,0.024604969,0.005194571,0.095716135,0.079179771,0.216557394,0.198602492,0.184611833,0.020409453,0.008671157,0.037093119,0.031088145,0.047796589,0.007607916,0.028636875,0.007534502,0.017048614,0.020808838,0.041229037,0.066049855,0.042064727,0.48669975,0.12267808,0.038065251,0.06946551,0.008011439,0.030672747,0.007760119,0.005000908,0.006296611,0.004404829,0.345669826,0.310066538,0.133426222,0.355785081,0.164201168,0.117502003,0.342024865,0.361361889,0.443190029,0.252625327,0.077203218,0.13049858,0.067693366,0.181567255,0.055654774,0.084833718,0.088864693,0.074383686,0.200037195,0.378171905,0.179281603,0.006562038,0.014996097,0.010180945,0.086338436,0.021953007,0.00833759,0.373218875,0.024790521,0.08046578,0.014941183,0.113107488,0.188106666,0.038662731,0.150642084,0.115076498,0.051908833,0.109526843,0.087989374,0.053779148,0.029314954,0.037755942,0.12446262,0.102574262,0.118998074,0.094424803,0.080685142,0.097309352,0.105972428,0.110357081,0.127853348,0.074200136,0.032599804,0.020057233,0.011068416,0.014618489,0.015139952,0.009998961,0.02006583,0.062658289,0.387013083,0.202034796,0.433112853,0.045044207,0.049220549,0.056943191,0.05131434,0.081886806,0.05587169,0.050283715,0.051307549,0.101691914,0.044140812,0.044334194,0.012592503,0.032356954,0.034788873,0.044475616,0.045849879,0.043612074,0.043113013,0.061976985,0.006408339,0.00907365,0.005942378,0.020409683,0.00465996,0.073680861,0.064202202,0.077397251,0.002306929,0.018609173,0.092902469,0.059054103,0.049415514,0.013409574,0.048126319,0.045976171,0.01002355,0.007168597,0.015194416,0.040976657,0.04723541,0.040206659,0.040168887,0.057833743,0.032182233,0.057891484,0.062918145,0.05469923,0.052936526,0.039705312,0.036895426,0.031760175,0.039523326,0.044266852,0.035655414,0.020238316,0.008031004,0.005547789,0.02243271,0.039700598,0.017929657,0.018715731,0.01136269,0.003367444,0.004998902,0.004116969,0.034853093,0.052389022,0.012357666,0.088561328,0.050746203,0.031430977,0.071680387,0.087725935,0.009706273,0.073547748,0.059107253,0.065485509,0.077297023,0.049656361,0.090677379,0.007313315,0.01684882,0.001581027,0.020272085,0.002444313,0.005401617,0.0032016,0.0133938,0.001370206,0.013626773,0.011661647,0.015877823,0.004087275,0.010911323,0.009345146,0.020852731,0.008435288,0.003860836,0.012557786,0.008458516,0.005955524,0.008435299,0.052324152,0.034106724,0.027538481,0.050194322,0.029902605,0.009523371,0.032786952,0.033402123,0.024995097,0.009241802,0.016740971,0.012959865
HCPex_410_R_PuM,0.022571618,0.017563916,0.014457798,0.023919225,0.023512617,0.018443265,0.00335829,0.010890843,0.010363462,0.032407679,0.022224301,0.020141202,0.014619999,0.005183349,0.016135561,0.017461567,0.019006554,0.006861649,0.019277687,0.009949133,0.018690172,0.019126105,0.014996418,0.0182822,0.019992094,0.427056912,0.020950868,0.019880467,0.017753318,0.003498935,0.025929313,0.002996833,0.002543546,0.002458042,0.001911589,0.054980718,0.069316694,0.035534069,0.052614477,0.054529902,0.047728824,0.050902581,0.244769869,0.696187405,0.04733778,0.02041263,0.018347058,0.016162375,0.032277178,0.017129189,0.010698276,0.01230797,0.009821639,0.028433345,0.107883759,0.015618264,0.002543026,0.009444571,0.005469129,0.036606674,0.028999256,0.003495441,0.153848705,0.043475735,0.177506987,0.017179319,0.031548923,0.099692975,0.025846942,0.081367958,0.065681223,0.021489633,0.023105661,0.021815976,0.027073994,0.014465061,0.030549382,0.028191595,0.024302793,0.027843669,0.019086083,0.02838409,0.020279347,0.032837614,0.059264642,0.068719706,0.029819475,0.042117432,0.015749677,0.015339144,0.017194787,0.016257634,0.014915557,0.011562289,0.015584504,0.379408677,0.096058019,0.249345127,0.012733628,0.014084174,0.017004038,0.01621494,0.02518955,0.018833017,0.017878342,0.01535524,0.040019905,0.015172995,0.015144683,0.00484381,0.006179521,0.00396845,0.015731752,0.016546504,0.015466264,0.008849502,0.013677611,0.008103412,0.011412032,0.006934649,0.02452049,0.005592987,0.018665141,0.01889423,0.029734211,0.003130851,0.021519546,0.028719241,0.024580505,0.023183168,0.004879657,0.026258415,0.024018703,0.012734973,0.013611794,0.026206411,0.020739553,0.029430547,0.01985945,0.01689777,0.020011642,0.01676032,0.019294568,0.013850048,0.015114608,0.01945058,0.010658736,0.012170815,0.009990732,0.014078459,0.01305071,0.016821241,0.01226635,0.004374251,0.009453214,0.021252825,0.015870033,0.01962346,0.016532086,0.00753502,0.001403224,0.001528187,0.002535409,0.056222308,0.113007063,0.021022402,0.027119394,0.01573043,0.01014763,0.037013246,0.062310438,0.017515326,0.020463725,0.019293893,0.020635805,0.023197877,0.024921178,0.02733127,0.003396987,0.012852451,0.000998959,0.010501431,0.001305334,0.001509178,0.001954616,0.00149817,0.000638487,0.004563449,0.005991517,0.008891451,0.000959683,0.004565678,0.003146312,0.003945173,0.002581382,0.001037502,0.006481741,0.003629728,0.001897819,0.001641945,0.028311762,0.017754996,0.0138695,0.02672818,0.007626337,0.007770467,0.003793335,0.003405559,0.002306163,0.001717757,0.007678405,0.006543187
HCPex_411_R_VA,0.007020167,0.008294533,0.003733963,0.007320909,0.006027583,0.004346005,0.001256147,0.090922533,0.063789898,0.234662982,0.294709919,0.244050264,0.0031497,0.01493208,0.006270893,0.004746082,0.01001562,0.008199161,0.004926483,0.001490552,0.002910171,0.003683393,0.006112765,0.007798755,0.007355828,0.67934681,0.078984225,0.007656031,0.026937338,0.009768023,0.003404075,0.021822902,0.009527032,0.017656192,0.01503191,0.138711381,0.158334852,0.2518888,0.10270173,0.221700789,0.18243713,0.086853546,0.477423994,0.606863898,0.077560749,0.028364481,0.050552918,0.035186895,0.055121799,0.024494106,0.055090605,0.050864213,0.06467116,0.218640648,0.396211994,0.227664288,0.016765784,0.060328437,0.060080476,0.131323727,0.303807901,0.354004396,0.630537597,0.350673556,0.228358173,0.00442305,0.195684878,0.243476982,0.229597002,0.120863427,0.118423862,0.038504979,0.186335056,0.179234822,0.166226652,0.05404991,0.053119326,0.17743596,0.180771196,0.190705104,0.183224522,0.128359377,0.185802579,0.148696008,0.147027379,0.129328681,0.059548874,0.060517963,0.020210834,0.011018545,0.004840499,0.004390213,0.009505827,0.003220133,0.043393733,0.478984208,0.277582778,0.596227302,0.012166104,0.008166699,0.008291963,0.010094654,0.005832103,0.009086797,0.008839255,0.012660059,0.004971656,0.056352512,0.029538517,0.00356007,0.032637086,0.003794758,0.016786269,0.023771924,0.017110181,0.027232548,0.052210539,0.002897787,0.004045239,0.003435671,0.00843088,0.002597065,0.004209139,0.006526535,0.005273879,0.00087358,0.012512681,0.00513374,0.007443053,0.009888234,0.00206302,0.013310189,0.017096625,0.004488789,0.002240589,0.008611348,0.012441503,0.034790073,0.009170337,0.011295861,0.010596207,0.005087695,0.006766948,0.054650932,0.031159978,0.011032333,0.011106824,0.008352522,0.010902979,0.011222517,0.016838088,0.005923417,0.005757248,0.002172997,0.001967647,0.007034671,0.009672443,0.003570898,0.004437347,0.003987367,0.010202519,0.015866372,0.001447048,0.127477212,0.232668478,0.014309569,0.005902784,0.00946895,0.08834099,0.070374197,0.146304055,0.002811224,0.006904607,0.008052882,0.005154363,0.009022122,0.017207189,0.00442045,0.047665304,0.190512662,0.000808987,0.017624137,0.001442453,0.005643564,0.001554595,0.004556074,0.000674159,0.009598125,0.009177347,0.012328101,0.004253787,0.009927275,0.008397705,0.006530646,0.007846436,0.001369387,0.009794806,0.006751496,0.005196145,0.011938431,0.053256156,0.026491408,0.030556735,0.051589961,0.045799041,0.00297956,0.051018214,0.052207299,0.040010128,0.013043885,0.019348145,0.01588535
HCPex_412_R_VLa,0.006258191,0.010034757,0.00446698,0.006310836,0.004759364,0.004137823,0.001414149,0.10526372,0.080099313,0.258224578,0.316132309,0.265022197,0.002746934,0.01259428,0.008697939,0.004956358,0.010379322,0.011631939,0.005251675,0.001483829,0.002664155,0.003493272,0.00802634,0.007278852,0.008008247,0.729028117,0.094814902,0.007885646,0.038260894,0.008956535,0.00210273,0.017975044,0.007957889,0.014382261,0.011812378,0.227096057,0.210721101,0.220455258,0.219314412,0.217215471,0.17705196,0.209956025,0.481032612,0.569870734,0.151918049,0.040888471,0.087120514,0.041547386,0.109772959,0.02571821,0.073866759,0.071069674,0.078585421,0.237371584,0.430920261,0.251628024,0.014303111,0.046390263,0.044076432,0.13154639,0.20719083,0.228737081,0.676194233,0.239202994,0.204460169,0.002257739,0.218736615,0.290722995,0.167536397,0.162617868,0.160660328,0.053466811,0.204774894,0.197164952,0.137638382,0.041942904,0.059962189,0.196700401,0.19929925,0.209859131,0.200977316,0.135248502,0.204951568,0.173497574,0.176672858,0.173980222,0.083770345,0.055685965,0.020846095,0.006874031,0.002663351,0.002419866,0.007036374,0.001727591,0.048209928,0.48601244,0.31023447,0.679323009,0.012683067,0.007828249,0.007784514,0.009372904,0.004720786,0.009014843,0.009573116,0.010204211,0.003677482,0.047955205,0.026419805,0.002498505,0.022195698,0.002637088,0.016961421,0.023967467,0.016766516,0.031779886,0.056800908,0.001260659,0.001400056,0.002296424,0.003215823,0.001638156,0.005088425,0.006331482,0.004745698,0.000355586,0.009973534,0.005450974,0.007722831,0.010677012,0.002748968,0.019704739,0.022120458,0.005636641,0.001661132,0.011288702,0.013056591,0.050397983,0.0096071,0.01036644,0.010216872,0.006423686,0.00739325,0.059289498,0.03225776,0.010956824,0.013933342,0.00998843,0.010546692,0.010268488,0.014230924,0.006991911,0.006051709,0.002641886,0.001084096,0.00886858,0.013023311,0.00375108,0.005468295,0.004302193,0.008195226,0.012753971,0.001862092,0.103181054,0.191476501,0.009924421,0.004442872,0.008712489,0.062499211,0.093649826,0.162169327,0.001723181,0.006058041,0.00815141,0.004715026,0.01306287,0.023380708,0.003692582,0.034878778,0.130690418,0.000537153,0.015508082,0.001023962,0.004047401,0.001059542,0.003659885,0.000492382,0.007520253,0.00885757,0.009874698,0.002913887,0.008002905,0.006345584,0.00526511,0.005737424,0.001056898,0.009583987,0.006178481,0.003941877,0.00797243,0.047774753,0.027752874,0.025862669,0.044192573,0.031042258,0.001846749,0.034945846,0.036115101,0.027763515,0.009120847,0.015231063,0.011020402
HCPex_413_R_VLp,0.00868317,0.014187382,0.008802579,0.008483987,0.006138977,0.004035032,0.001231508,0.143143413,0.118019421,0.33118501,0.382875395,0.33300881,0.003625203,0.008849869,0.018064082,0.006840986,0.013684573,0.004630897,0.006419956,0.001333182,0.00247,0.00312378,0.012185654,0.009643514,0.012364743,0.772194815,0.144040789,0.011002354,0.065472055,0.008314388,0.002927359,0.012955338,0.005574527,0.0098833,0.006893634,0.422542789,0.358493581,0.215190429,0.44896841,0.252079204,0.19823206,0.442210488,0.580359561,0.69743604,0.304403999,0.069975872,0.162961114,0.059593295,0.218154221,0.032527367,0.117370271,0.11709227,0.112414603,0.299936871,0.555600162,0.325390838,0.011587792,0.021385401,0.017028518,0.14754389,0.035653986,0.026012304,0.659395952,0.038560967,0.078444993,0.001880238,0.232042909,0.325756812,0.062142189,0.209265766,0.12639301,0.049624931,0.220818473,0.191488279,0.063980164,0.014889064,0.035987951,0.225697661,0.209662244,0.230580727,0.20402503,0.120376456,0.207727641,0.174827173,0.143925191,0.143619556,0.071501983,0.027963958,0.016011697,0.005216558,0.002138276,0.002045258,0.003378791,0.001620783,0.062957554,0.596905224,0.353533058,0.693607387,0.017610018,0.010779083,0.010330427,0.011267293,0.006182409,0.01204612,0.014303281,0.009211979,0.00562279,0.031892319,0.022289937,0.001656519,0.005878032,0.001992931,0.019762489,0.025701388,0.018505302,0.046051922,0.072698896,0.001236906,0.001447184,0.001986165,0.003326732,0.0014183,0.012322318,0.009097005,0.007388772,0.000361573,0.008259089,0.011311265,0.011117465,0.014203888,0.005842022,0.025609754,0.022575003,0.004059044,0.001284037,0.005598676,0.014836895,0.028960564,0.012884726,0.011424999,0.012059941,0.012742596,0.011027728,0.075015126,0.039387106,0.013592741,0.023167913,0.016355018,0.014012622,0.011566581,0.013640319,0.012411736,0.007425388,0.003088736,0.00101772,0.00644395,0.016189668,0.003479837,0.004813308,0.005134636,0.005331252,0.009380057,0.001966908,0.031452897,0.054877368,0.004763672,0.005491482,0.010536637,0.018837367,0.072815149,0.102017101,0.001719588,0.007829315,0.011549005,0.006906814,0.026329526,0.025062078,0.006472449,0.013540018,0.028587765,0.000550576,0.015682338,0.001027059,0.003628752,0.001105546,0.004413953,0.000524024,0.0073,0.009645021,0.00997886,0.00227835,0.00775074,0.005796582,0.006590748,0.005050892,0.001266216,0.010521486,0.00664115,0.003825429,0.006027611,0.046645202,0.031258942,0.023624292,0.041892112,0.022831597,0.002244298,0.027042676,0.028141375,0.021453877,0.007280052,0.013013681,0.008064015
HCPex_414_R_VPL,0.027894658,0.025363756,0.011198907,0.03138317,0.028302669,0.013365831,0.002916982,0.10527646,0.085562883,0.242030267,0.260702255,0.230704938,0.012836759,0.00551135,0.019318277,0.017169979,0.025296993,0.003590809,0.014697313,0.002852128,0.00727125,0.009606466,0.020832538,0.028569782,0.021454114,0.402888508,0.096501412,0.019664584,0.051693314,0.005619728,0.005623897,0.006793571,0.003482065,0.005368855,0.003641501,0.29168396,0.241590106,0.119357,0.299415419,0.141757771,0.098454619,0.289371086,0.31934396,0.468035725,0.204920155,0.057855035,0.125421024,0.061833985,0.151043048,0.039292001,0.091382968,0.094182741,0.081975645,0.222829166,0.404137136,0.22671377,0.00581811,0.01144862,0.007778194,0.07073617,0.015105982,0.004921643,0.307889044,0.014317898,0.047326641,0.005552444,0.144914857,0.147237336,0.017609081,0.083312712,0.077816321,0.056776202,0.146547062,0.128942226,0.053952811,0.021597165,0.045136006,0.154317335,0.139304886,0.153509234,0.138453009,0.094085077,0.137786738,0.109698576,0.094202,0.088628917,0.074880774,0.047038171,0.039834789,0.020772386,0.005920256,0.005490175,0.005245778,0.006976566,0.064380625,0.397969223,0.210383998,0.317550648,0.029370736,0.025314993,0.026771044,0.025958886,0.030681801,0.026329562,0.025810376,0.027191035,0.034613126,0.041854325,0.033304285,0.005329419,0.016173208,0.012782951,0.028699707,0.032520367,0.02813795,0.046082136,0.070839494,0.002062813,0.002717829,0.002425449,0.005763341,0.001729043,0.031382682,0.026909073,0.028883362,0.000705362,0.008343713,0.036111467,0.025877372,0.024870029,0.007972862,0.029289295,0.02718547,0.00432617,0.001913382,0.005101481,0.02373244,0.026795598,0.021338962,0.024771295,0.030011806,0.014837586,0.026179947,0.071944965,0.050552526,0.026684842,0.029606152,0.023776123,0.027370343,0.025368091,0.034696355,0.021853172,0.011757568,0.004858757,0.001540339,0.010377659,0.022582143,0.007661876,0.008104389,0.006507414,0.002848275,0.004901401,0.00235915,0.026782013,0.036672896,0.005995744,0.032317552,0.025479964,0.030734676,0.072549103,0.074554393,0.002817865,0.029641949,0.026707536,0.025694272,0.041221216,0.029581517,0.032594039,0.005511967,0.012028016,0.002013316,0.02041507,0.003094262,0.008059045,0.004362791,0.024087311,0.001877427,0.018983959,0.010989641,0.014152067,0.005601624,0.01166231,0.011433632,0.036622365,0.010762924,0.006299384,0.011802267,0.008423693,0.006765687,0.013144617,0.053660955,0.032308586,0.031203603,0.055471187,0.045586086,0.011705359,0.061408319,0.061867261,0.044911597,0.015069621,0.021905149,0.020044525
HCPex_415_R_Putam,0.048271381,0.010604021,0.025615317,0.054859531,0.051134939,0.022562226,0.004568249,0.030827225,0.022964024,0.073148363,0.065641262,0.05886459,0.022097873,0.003888061,0.027812133,0.020476541,0.017074547,0.009659358,0.01700027,0.004343237,0.012159577,0.016238267,0.008906271,0.011488312,0.008458164,0.244165805,0.024750192,0.008249521,0.020168223,0.003028695,0.007967906,0.003106205,0.002093794,0.00259972,0.002035645,0.066842399,0.055984014,0.037421232,0.064261725,0.042882189,0.032207882,0.060911471,0.099655719,0.126470487,0.046272409,0.022605053,0.031705715,0.021030846,0.036287486,0.016228086,0.024744343,0.026560211,0.022331422,0.069778091,0.124028124,0.055616857,0.00241872,0.008924735,0.006118808,0.024198155,0.027094228,0.018481465,0.125327509,0.030404671,0.064855507,0.013133379,0.047092114,0.0876527,0.021114169,0.046210324,0.056431587,0.027652424,0.044267235,0.042235332,0.033064921,0.015510947,0.029563241,0.047085961,0.044037731,0.047554809,0.042674232,0.039769795,0.042585248,0.040171113,0.057897335,0.06208192,0.039720654,0.032452073,0.018455384,0.012036752,0.013181194,0.012504987,0.01101251,0.009592519,0.023992436,0.12710002,0.080946032,0.249891798,0.014175731,0.012157891,0.011700846,0.011455819,0.01068764,0.010693443,0.010520197,0.011112877,0.011533486,0.017884273,0.01438673,0.004341899,0.007158635,0.005344292,0.01219364,0.013924223,0.01228632,0.01695843,0.026410006,0.014578068,0.018876788,0.010158342,0.036452433,0.009929502,0.009281054,0.010165933,0.010082931,0.008608245,0.0220757,0.011257842,0.010081758,0.010595959,0.004027521,0.018134387,0.019398451,0.007113456,0.006997883,0.011126109,0.011125403,0.041722662,0.009042176,0.010434699,0.01101582,0.024286798,0.00984056,0.02634623,0.019162732,0.014712284,0.012451627,0.009775617,0.014267426,0.011427725,0.014639266,0.030136305,0.01560035,0.005717484,0.017554979,0.014990603,0.012499563,0.01066679,0.008428343,0.008554163,0.00149531,0.002041577,0.002718854,0.044503972,0.054446065,0.01488386,0.01055866,0.011460866,0.014480609,0.042688203,0.056667078,0.010969073,0.011037424,0.010437433,0.009348708,0.014183466,0.020846014,0.010415576,0.00416219,0.016177846,0.003816218,0.071406466,0.006810788,0.028521803,0.007282323,0.017772669,0.003052208,0.039233726,0.037825474,0.057553761,0.019442711,0.046242903,0.037678678,0.025608921,0.035789461,0.005708493,0.040315993,0.031575911,0.0279621,0.058794032,0.158253944,0.101898829,0.105001998,0.174447128,0.21355312,0.012502568,0.25594224,0.263349915,0.202150584,0.065314381,0.072377549,0.064726521
HCPex_416_R_Caud,0.008926667,0.008701908,0.004236929,0.009581944,0.008185705,0.005568372,0.001596371,0.058109205,0.042223167,0.147029101,0.176663859,0.146350221,0.004092365,0.009333909,0.00679858,0.00565422,0.008940189,0.010839806,0.005733243,0.001768243,0.003580551,0.004608703,0.007020909,0.006743829,0.006340855,0.477985729,0.052661916,0.006510486,0.022807227,0.006353632,0.003602399,0.012214032,0.005773827,0.009904941,0.008329743,0.107318225,0.110504214,0.137786841,0.091555093,0.129268719,0.105660715,0.083033399,0.287108946,0.361114455,0.06785489,0.02419531,0.040998249,0.026072982,0.049391043,0.017873041,0.038160544,0.03661583,0.042074228,0.13681755,0.249495862,0.136032034,0.009446991,0.034537675,0.031955009,0.079139361,0.160460804,0.167977317,0.448645076,0.188228172,0.203988452,0.00502262,0.134871373,0.186276915,0.121546219,0.10440782,0.136717757,0.046979562,0.124333369,0.12583894,0.106850785,0.035995346,0.058635861,0.117286198,0.122927881,0.127067075,0.125180221,0.095559423,0.127889073,0.112294433,0.143042528,0.147110417,0.074324632,0.058165614,0.023849812,0.011399581,0.005412278,0.004940794,0.009672896,0.003513369,0.030975667,0.299449599,0.190625767,0.44865156,0.010097433,0.007198713,0.00712911,0.00819518,0.005209397,0.007582516,0.007561405,0.009037158,0.004960522,0.035932867,0.020192474,0.00304684,0.017403606,0.002912504,0.012740437,0.017655879,0.012924708,0.019357706,0.035635137,0.004036794,0.005954355,0.004084988,0.012120835,0.003188857,0.004755986,0.005767573,0.00518123,0.001245571,0.013449636,0.005664517,0.007002792,0.009009765,0.002418995,0.017160121,0.019200965,0.005640752,0.002771911,0.011089401,0.010815594,0.046047127,0.007725194,0.008788257,0.00895524,0.005582299,0.006721627,0.037094424,0.022355851,0.009227334,0.009517551,0.007244163,0.009253894,0.008876643,0.012250181,0.006931759,0.006783724,0.002698844,0.002493475,0.008994988,0.01128621,0.004308396,0.00547106,0.004690358,0.005728615,0.008549197,0.001823029,0.098342803,0.178706409,0.014189861,0.00509111,0.007799639,0.047601879,0.085187287,0.142497651,0.003511279,0.005992147,0.006878686,0.004757126,0.010821299,0.02042459,0.004465824,0.024860774,0.097918729,0.001689939,0.037664661,0.003106545,0.014076745,0.003256122,0.008842103,0.001383681,0.022003745,0.017463736,0.025595211,0.011550414,0.022411341,0.020021255,0.011853806,0.019360134,0.002561267,0.018371103,0.013263124,0.011674463,0.033506375,0.118845412,0.047241509,0.073288325,0.119915919,0.130368791,0.005048103,0.150079902,0.15476966,0.119567681,0.03732455,0.049126166,0.044076387
HCPex_417_R_NAc,0.016407832,0.005750023,0.008143824,0.016133972,0.013263054,0.007222053,0.001607314,0.039447189,0.024479886,0.09108279,0.027170919,0.035531405,0.006452259,0.00585411,0.009496123,0.00681659,0.008842719,0.002961767,0.006468828,0.002427373,0.005195063,0.006065218,0.004284791,0.018549043,0.014768635,0.199822201,0.01150451,0.014368018,0.018785241,0.003398779,0.019517848,0.001744695,0.002409684,0.001714523,0.001422639,0.042042182,0.020863161,0.009535486,0.03148046,0.018086261,0.009510261,0.026100946,0.042423197,0.051405543,0.021668991,0.020358831,0.038849024,0.03816428,0.022766247,0.017878085,0.033830707,0.041867982,0.02438401,0.095474271,0.154949626,0.032376778,0.00099698,0.00953755,0.003605951,0.006813034,0.020871811,0.00238825,0.027461339,0.017005248,0.063623195,0.054397458,0.016962313,0.059907336,0.006105681,0.022680013,0.025033877,0.010741218,0.020082684,0.019001564,0.03292281,0.023018246,0.023613961,0.032234443,0.022271678,0.026175852,0.019537742,0.042245738,0.014491152,0.012617663,0.034574002,0.028849639,0.014789503,0.045632432,0.014746798,0.023947686,0.053716224,0.051212224,0.040105203,0.036436848,0.050151843,0.099586342,0.051063842,0.222064925,0.037909508,0.03000123,0.024039809,0.023773625,0.009753481,0.018229928,0.020067838,0.021888831,0.007876325,0.029745339,0.027530911,0.012916886,0.008119205,0.009239187,0.023975407,0.025068769,0.024535244,0.039732446,0.057968607,0.054474575,0.089599485,0.035763013,0.175151103,0.029452182,0.005045428,0.01333039,0.008214513,0.0165787,0.07242485,0.00669795,0.010630075,0.011710853,0.005555879,0.010746502,0.013865503,0.011765173,0.028423693,0.009869176,0.012170712,0.011800649,0.014700857,0.020498788,0.010730373,0.010327467,0.005609707,0.055476578,0.040018599,0.008880526,0.031599996,0.022580763,0.044579785,0.026742178,0.036889691,0.008865311,0.019887123,0.004118596,0.025839839,0.006022512,0.005424935,0.005122412,0.004062683,0.015374052,0.001093215,0.000879614,0.003102445,0.109865372,0.072038799,0.055014751,0.007397156,0.024709039,0.019666506,0.019833491,0.041279407,0.044687973,0.013494107,0.016164143,0.009749664,0.007559381,0.013428624,0.006150732,0.001154445,0.010983586,0.006449925,0.088767544,0.009822754,0.032607232,0.011536903,0.011161232,0.004216756,0.039928435,0.049794376,0.082611239,0.013964103,0.05187408,0.038114333,0.020799187,0.034096067,0.006350419,0.053406489,0.038304414,0.031256529,0.048960885,0.214067662,0.136787962,0.105368743,0.214477941,0.157694983,0.029310501,0.180975813,0.171348817,0.118244864,0.046617986,0.066011334,0.050160531
HCPex_418_R_Gpe,0.022854137,0.008198777,0.007465153,0.026325266,0.02461843,0.011440937,0.00246517,0.035232473,0.026579679,0.085226336,0.091668326,0.078242242,0.010585372,0.004489633,0.009442703,0.010648131,0.010393582,0.007084582,0.009141628,0.002343542,0.006253766,0.008343114,0.006840522,0.008018962,0.006347998,0.249717948,0.030276505,0.006207608,0.017485276,0.003341116,0.004141108,0.004811926,0.002636649,0.003923162,0.003152574,0.075662863,0.067266411,0.05718774,0.071735945,0.059638492,0.046547384,0.067754964,0.134575997,0.168809587,0.051249636,0.019224762,0.032778469,0.019536993,0.038709936,0.013386103,0.026622622,0.027184681,0.025982117,0.07979491,0.143304536,0.073789245,0.003780768,0.013331274,0.010512302,0.035354812,0.049400055,0.040889609,0.206368002,0.056766746,0.097730877,0.006921445,0.069816807,0.098477877,0.037364765,0.056578542,0.090157067,0.047905465,0.064961082,0.065618572,0.0495701,0.020314894,0.048525913,0.063385687,0.064492269,0.067076998,0.065421077,0.05460399,0.066597144,0.060958212,0.089649935,0.097991104,0.068400168,0.049611444,0.032304767,0.016727083,0.007286132,0.006543509,0.008178699,0.00496475,0.022538662,0.153418831,0.100537224,0.242571672,0.010343821,0.008361345,0.008164953,0.008344847,0.007215381,0.007871747,0.00781846,0.008274893,0.007609992,0.019820236,0.013477972,0.002898313,0.007721087,0.003510842,0.010248156,0.012758933,0.010322616,0.015203113,0.025230222,0.006450457,0.009544479,0.00510748,0.018785815,0.00435704,0.006899654,0.007085405,0.006915256,0.002532485,0.013136917,0.008049141,0.007397225,0.008167378,0.002697094,0.014090596,0.014812247,0.004446925,0.003211752,0.007651875,0.008750875,0.031380596,0.006990929,0.007928659,0.008436176,0.008180599,0.00726608,0.025706402,0.016894891,0.009633799,0.009569546,0.007409815,0.01005532,0.008478242,0.01107742,0.013413365,0.008743511,0.003340524,0.00463148,0.009136113,0.009650341,0.005859353,0.0053565,0.004979076,0.00226559,0.003302261,0.001702756,0.053389316,0.082554869,0.01085393,0.007145168,0.008210719,0.018952565,0.072408541,0.08910797,0.004645076,0.007596929,0.007556581,0.006357747,0.011502706,0.015981845,0.007028977,0.007674646,0.029504072,0.00379508,0.066929752,0.00683392,0.030474442,0.007058085,0.022711741,0.003186889,0.040783321,0.034953876,0.056794481,0.019509525,0.047974723,0.039991661,0.031795093,0.037712472,0.006751029,0.036841922,0.032175933,0.031334294,0.059625793,0.14307523,0.087621646,0.091787428,0.158634881,0.209378154,0.011526644,0.258759451,0.267291819,0.20514567,0.066424904,0.064315246,0.057458401
HCPex_419_R_Gpi,0.047300565,0.008726997,0.007380266,0.056465557,0.054583123,0.022796618,0.00430629,0.024772221,0.019368561,0.058228238,0.057561052,0.051020667,0.022291374,0.003800966,0.00903081,0.020054134,0.015230296,0.003123959,0.016013177,0.003693683,0.01163317,0.015806062,0.007331858,0.009462931,0.006525451,0.130544033,0.022955362,0.00628624,0.017068998,0.002945938,0.003829386,0.002855515,0.002214496,0.002461798,0.002001219,0.060308241,0.050726714,0.03016781,0.059559464,0.035286182,0.026116773,0.05702226,0.08108864,0.107963956,0.043209849,0.019412732,0.026853263,0.016622309,0.033743243,0.013669659,0.02006588,0.020773027,0.018697955,0.054552589,0.098270579,0.048596937,0.00206141,0.009953661,0.005653077,0.019437157,0.02679851,0.008089933,0.093667816,0.023832876,0.073866118,0.007562131,0.039194465,0.051045749,0.021273679,0.041223772,0.1387183,0.147695866,0.038044871,0.037377478,0.050141022,0.033411013,0.122343856,0.038979191,0.036989545,0.039909531,0.037488069,0.05118244,0.039762411,0.044398849,0.122456405,0.150512974,0.185930941,0.136628638,0.126010813,0.066057317,0.009120566,0.006340324,0.009155018,0.004763805,0.01772647,0.097630118,0.057875267,0.119907151,0.009048187,0.00826123,0.008795766,0.008698862,0.010075661,0.008692571,0.008071949,0.008624041,0.011524387,0.0172111,0.012412076,0.003052262,0.007212721,0.004872557,0.009590609,0.01194591,0.00989699,0.01128621,0.018358414,0.003490871,0.005225214,0.003065613,0.010385844,0.002377055,0.00982613,0.008707369,0.009541679,0.001158561,0.0085105,0.011632237,0.008663494,0.008518574,0.002828148,0.011024402,0.01137164,0.002633427,0.001905422,0.003799058,0.00822234,0.016186742,0.007031255,0.007615858,0.009348327,0.008159,0.008972522,0.01874712,0.014351903,0.013096334,0.008139558,0.006735027,0.008018111,0.007901308,0.009978835,0.023370155,0.011616315,0.004679522,0.002047747,0.011308382,0.008843334,0.00941618,0.006237651,0.004736572,0.001481372,0.001757441,0.001509333,0.055027882,0.071770986,0.00878577,0.010481432,0.008500949,0.014176943,0.18047419,0.134417661,0.002846341,0.009787931,0.008640961,0.008340696,0.013047875,0.012175238,0.010657507,0.002949159,0.015624641,0.005818175,0.066996113,0.009323388,0.031854465,0.011891035,0.054708279,0.005118159,0.053430453,0.035104137,0.05572313,0.015611944,0.046684058,0.040774067,0.083362297,0.037037712,0.015090081,0.036876855,0.032528087,0.032026391,0.04456041,0.149437461,0.088476617,0.086102668,0.163244143,0.141490924,0.026708567,0.178531613,0.174723625,0.123120248,0.045781884,0.063471984,0.059755645
HCPex_420_R_Amyg,0.044461921,0.023886538,0.026548157,0.046555868,0.044046623,0.032290046,0.006097792,0.012837465,0.011210426,0.03176073,0.018608099,0.017839329,0.024396879,0.009078255,0.028913195,0.027178109,0.028715152,0.009736355,0.029007029,0.014264341,0.029154323,0.031766229,0.020105144,0.026370205,0.026786973,0.221952997,0.020944688,0.0269914,0.029333044,0.005839205,0.058094568,0.002574503,0.004024398,0.002528904,0.002049217,0.04232333,0.042828869,0.021076137,0.041027121,0.02991486,0.024695982,0.039638614,0.096769982,0.194056885,0.037022586,0.032630205,0.023139394,0.026193338,0.03294418,0.028178804,0.014965701,0.01781419,0.010828,0.030346871,0.068556988,0.014730064,0.00170139,0.01180573,0.004965418,0.018624206,0.029583655,0.002222833,0.066340666,0.031258452,0.126897268,0.201490067,0.025333698,0.071447467,0.014755888,0.055318255,0.070004991,0.024223817,0.021551836,0.023197871,0.045957927,0.050645962,0.062925295,0.025768918,0.022848999,0.024889456,0.020525728,0.040693717,0.021258262,0.034205453,0.078217339,0.079890467,0.037975913,0.073410173,0.04378083,0.076843783,0.197988337,0.186167931,0.087237621,0.133419997,0.025036123,0.131795798,0.0573141,0.196515127,0.021044255,0.022124007,0.025221493,0.024475167,0.033698995,0.026674348,0.025203817,0.02373703,0.051038898,0.025260654,0.024423461,0.029205882,0.017315082,0.0265926,0.023345436,0.02506321,0.023775725,0.01546886,0.023242588,0.042334212,0.065803066,0.029162282,0.132607376,0.018956835,0.025054619,0.026158176,0.038675216,0.015064814,0.07164622,0.037450871,0.033172604,0.032197482,0.011088261,0.039854829,0.038152322,0.032011843,0.07160609,0.043084563,0.029718558,0.040343335,0.027376123,0.024672235,0.027848885,0.031602075,0.025886716,0.023144478,0.025178487,0.028711863,0.017260511,0.017971424,0.018553488,0.022007311,0.022629273,0.027877114,0.029848883,0.008819877,0.037304486,0.031400384,0.021905848,0.028421702,0.023011005,0.020008217,0.001589782,0.001364005,0.005410863,0.114924977,0.119759315,0.064488983,0.035842374,0.023787311,0.01964681,0.052782373,0.097585042,0.122811702,0.028612478,0.026859973,0.02775697,0.031525211,0.039578562,0.035740983,0.002031555,0.013939965,0.009069242,0.093659878,0.011349358,0.011430366,0.018361549,0.013340785,0.005760181,0.041168677,0.053247009,0.070572962,0.008011074,0.039142733,0.026905683,0.03764746,0.021745186,0.009440535,0.057644172,0.031669424,0.015077621,0.010655256,0.264952602,0.162842057,0.129300713,0.250881733,0.059360242,0.077923676,0.014459246,0.010436774,0.005703044,0.010564242,0.069745674,0.063853399
HCPex_421_R_SNpc,0.034005571,0.004557204,0.004841279,0.040631847,0.039158291,0.016113896,0.00303332,0.018806302,0.01537407,0.045354256,0.052182313,0.044789507,0.015868931,0.005316897,0.006232266,0.013831089,0.010257418,0.001588762,0.010937286,0.002503663,0.008078248,0.011058593,0.003756787,0.004979546,0.003714065,0.097953733,0.020756692,0.003767596,0.016342305,0.003949024,0.001850373,0.003676993,0.003170574,0.003259168,0.002784213,0.043592566,0.038536266,0.030850071,0.042134584,0.031646088,0.023903811,0.040430449,0.069544449,0.092168825,0.032772778,0.017489019,0.019560849,0.013322692,0.026665238,0.010848011,0.01529638,0.015261977,0.015019402,0.041620095,0.075792985,0.042193296,0.002439534,0.015126628,0.007873813,0.017462203,0.040297971,0.007723454,0.081077387,0.028780313,0.095766842,0.008442813,0.034813602,0.038076204,0.031414725,0.044460087,0.254414652,0.312506122,0.034750073,0.035370307,0.080223635,0.060461599,0.251170274,0.034600262,0.03327579,0.036192726,0.034899862,0.072660622,0.039657253,0.052822558,0.213873442,0.273122109,0.385666621,0.286365302,0.274604055,0.143231788,0.012001632,0.005875594,0.012953995,0.002917381,0.014501063,0.078902408,0.047951207,0.085647407,0.005167716,0.00427252,0.004661923,0.00523624,0.004617436,0.005151912,0.004691399,0.004987682,0.00478112,0.019446939,0.011825309,0.002430525,0.006782661,0.002674287,0.007417135,0.011137571,0.008130235,0.007807817,0.014312268,0.001058479,0.001411194,0.001054715,0.002739915,0.000710563,0.004464562,0.004412231,0.004282023,0.000368185,0.002878156,0.005094449,0.004617469,0.005172336,0.001687991,0.005993726,0.007114562,0.001385823,0.000682635,0.00182901,0.005237431,0.008397055,0.004539856,0.004620479,0.005002268,0.005423787,0.004483575,0.014998128,0.011274965,0.008522462,0.00481211,0.003869735,0.00444596,0.004802692,0.006254081,0.016406531,0.007752975,0.003175581,0.000630816,0.007378989,0.00483916,0.006363364,0.003848817,0.002727096,0.002073598,0.002273355,0.000859127,0.090627635,0.111692796,0.009283581,0.004574009,0.004906597,0.016950774,0.369258515,0.244668282,0.001006902,0.004883346,0.004795728,0.003907967,0.006635934,0.007306035,0.004508992,0.003343148,0.0236338,0.005919919,0.07989503,0.009083396,0.037526376,0.012960082,0.04310869,0.004606116,0.050765878,0.04314474,0.049175925,0.013980272,0.044125996,0.036288724,0.069305403,0.033383624,0.012409013,0.046593918,0.033178186,0.02679589,0.050486599,0.229161002,0.134705636,0.136016245,0.237911113,0.160612419,0.025760245,0.203308785,0.181643545,0.111917816,0.045021017,0.097979387,0.091389561
HCPex_422_R_SNpr,0.046105801,0.004288811,0.005771256,0.055389229,0.053693073,0.021752286,0.004018505,0.023004665,0.018452208,0.05620599,0.067447524,0.057338634,0.021600849,0.005971948,0.007088048,0.01825993,0.012328761,0.001331379,0.014256647,0.003243492,0.010781064,0.014809664,0.003522736,0.004555429,0.003602208,0.117102784,0.023664,0.00372402,0.017968042,0.004478713,0.0016611,0.004398456,0.00358256,0.00383486,0.003212985,0.048232147,0.043232615,0.040786123,0.045463452,0.040108875,0.030767741,0.043330142,0.087892193,0.118989509,0.0352873,0.01934999,0.021758545,0.014741221,0.028802998,0.011915164,0.018041229,0.017775788,0.018185559,0.051587539,0.093443337,0.05409854,0.003024059,0.016845616,0.008735056,0.022148064,0.043359815,0.007007924,0.098051792,0.02983597,0.103059766,0.009128904,0.043165276,0.043781103,0.033420692,0.048142384,0.282206807,0.350807415,0.04343651,0.043430728,0.089227992,0.067285608,0.281632798,0.042919487,0.041470612,0.045055866,0.043495811,0.08259194,0.048695118,0.060988172,0.238270315,0.303060525,0.432242516,0.321692685,0.309267341,0.161370186,0.013149315,0.006234546,0.014229661,0.002843083,0.016695829,0.098943813,0.058470931,0.098483427,0.005340946,0.004083071,0.004367913,0.005138533,0.003828167,0.004962877,0.004573873,0.004841082,0.003639337,0.021715959,0.012927532,0.002475584,0.006993388,0.002357285,0.007896625,0.01216034,0.00867934,0.009181441,0.017092803,0.001341716,0.001673173,0.001352105,0.002511964,0.00074511,0.003726071,0.003949633,0.003511212,0.000552138,0.002625414,0.004085515,0.004226754,0.005034096,0.001644112,0.00553365,0.006959622,0.001256488,0.000591423,0.001504098,0.005285971,0.007345334,0.004570813,0.004713523,0.004704566,0.006274667,0.004136258,0.017919854,0.012541867,0.009713958,0.005080441,0.003956916,0.004848831,0.004947434,0.006620977,0.021614469,0.009675056,0.003998109,0.000664976,0.009245546,0.004749638,0.008260467,0.004569776,0.00309348,0.002432042,0.002909305,0.000949716,0.099981255,0.122156524,0.009954864,0.003638135,0.004773228,0.018605971,0.413578778,0.272192155,0.000890139,0.004297832,0.004496378,0.003332611,0.006003334,0.007002741,0.0035096,0.003703969,0.025600434,0.006836665,0.085289512,0.010321019,0.038865358,0.015038573,0.05747424,0.005500834,0.058576328,0.046588446,0.051329775,0.014395814,0.045385039,0.038871446,0.091389343,0.035623331,0.016035953,0.050414807,0.035036524,0.027390559,0.048379185,0.24891922,0.1476877,0.148465064,0.254540372,0.148635148,0.031949466,0.170557607,0.139424211,0.074042526,0.036534893,0.106655198,0.09859003
HCPex_423_R_VTA,0.139915145,0.004046896,0.01354726,0.169960456,0.167081539,0.066390386,0.011817012,0.004935834,0.004673322,0.012049646,0.013591671,0.01171051,0.066510613,0.004156966,0.013261282,0.053602854,0.028562917,0.00102254,0.041005281,0.009348313,0.032578773,0.044875523,0.003530765,0.002964095,0.002057273,0.026024224,0.008673238,0.00233093,0.014270393,0.003012257,0.002145512,0.002126265,0.002447525,0.002055178,0.001903813,0.011706372,0.010222297,0.00739846,0.011222686,0.007902095,0.005833043,0.011100949,0.017414486,0.022389767,0.011803113,0.017934352,0.006675066,0.007575736,0.012150017,0.012577663,0.004789875,0.004839281,0.004579328,0.010850892,0.020252435,0.010426018,0.001132197,0.011946446,0.005680846,0.004401918,0.032796283,0.004198182,0.019172087,0.021954744,0.078554555,0.007394616,0.010874606,0.011586714,0.025157583,0.029098069,0.221388715,0.27918747,0.011350415,0.013548106,0.06652794,0.053381019,0.224120325,0.011401963,0.010782494,0.012056967,0.012087862,0.054570586,0.01632438,0.03257493,0.18248583,0.237362561,0.343586523,0.256183232,0.2469641,0.129007618,0.010605624,0.00507895,0.011288558,0.00231391,0.007430456,0.02031598,0.014345689,0.024153408,0.002572199,0.00229158,0.002657552,0.003226764,0.002732971,0.003152767,0.002620052,0.003038233,0.002674631,0.014156261,0.008353444,0.001916019,0.005322003,0.001792095,0.004764547,0.00779754,0.005537206,0.002766059,0.005935193,0.001520168,0.00189975,0.001428289,0.002566352,0.000679467,0.002359783,0.002605873,0.002545677,0.000672006,0.001752397,0.002704637,0.002976403,0.003624307,0.001090588,0.003167659,0.005399422,0.000857239,0.000447942,0.000899234,0.004199971,0.005702675,0.00299496,0.002956555,0.003439389,0.013101551,0.004398462,0.006374011,0.006837293,0.019381547,0.002104387,0.001802157,0.002039023,0.002854445,0.003647395,0.062260366,0.024323483,0.010419974,0.000630982,0.025332741,0.00547405,0.023874286,0.011362383,0.00600536,0.001378811,0.001045487,0.001822075,0.078189447,0.094649927,0.007809535,0.00261307,0.00293925,0.012951147,0.328575009,0.213267218,0.000705077,0.002977582,0.002840134,0.002314703,0.003576793,0.005028409,0.002560909,0.001876172,0.018795583,0.010965467,0.070765069,0.015925264,0.03043775,0.024344556,0.164794754,0.010828842,0.100863306,0.038219313,0.044284116,0.022144758,0.036787474,0.047537718,0.249215385,0.045118213,0.041546666,0.041192925,0.028179662,0.022305633,0.036129095,0.196998681,0.117490712,0.122941549,0.19883596,0.101985055,0.070554507,0.100220069,0.070731839,0.026700424,0.021724919,0.091465955,0.085339614
HCPex_424_R_MB,0.156083715,0.009520511,0.01648976,0.189179108,0.18564042,0.074584648,0.013475382,0.029741862,0.0223885,0.07139153,0.074383109,0.064678742,0.074260546,0.003922609,0.017200751,0.061131065,0.034676869,0.004417612,0.047245394,0.010846699,0.036911074,0.050689414,0.008265313,0.006064295,0.004900554,0.179311616,0.026496863,0.005014969,0.020490364,0.003079998,0.003875017,0.003794476,0.002325983,0.003138908,0.002501713,0.066699977,0.058926088,0.045541212,0.063747023,0.049998407,0.039475636,0.060344585,0.11489314,0.142860916,0.046382292,0.025663868,0.027393243,0.016121897,0.036056111,0.018249241,0.02153037,0.021502622,0.021751804,0.066881168,0.120581959,0.061149333,0.002950822,0.0109244,0.007706439,0.02931642,0.036182087,0.023545088,0.137356386,0.040336834,0.089678105,0.004799234,0.052425471,0.072522935,0.028915808,0.05001798,0.10831482,0.08743767,0.049404833,0.04828304,0.047656113,0.025127231,0.079508791,0.048906771,0.048195376,0.051269734,0.048568003,0.049701356,0.05063366,0.050465664,0.103760448,0.120285272,0.115360964,0.082982323,0.070760229,0.036373724,0.005713548,0.004203886,0.006625087,0.003009978,0.017080875,0.126136767,0.076880719,0.167010619,0.00662393,0.005429905,0.005740036,0.006102323,0.005987469,0.006077895,0.005785793,0.006118739,0.006504939,0.01630737,0.010856123,0.002224234,0.006490762,0.002826178,0.007995643,0.010610411,0.008221238,0.010646253,0.01813384,0.006780464,0.008304084,0.007146854,0.008729581,0.003416576,0.007121031,0.005594562,0.006151317,0.003200361,0.010477569,0.007747408,0.006764508,0.007737932,0.002833922,0.012569908,0.013445156,0.002950117,0.001550837,0.0046055,0.008647308,0.022317331,0.005905167,0.006272203,0.008101391,0.016601791,0.009023288,0.018725798,0.013421914,0.024715295,0.006422074,0.00511774,0.005864049,0.006066584,0.007707188,0.07100461,0.029786924,0.012596141,0.002854543,0.031036005,0.011937037,0.027737324,0.01468023,0.009114132,0.00182601,0.002558234,0.002890126,0.045299073,0.072939268,0.007207817,0.006059196,0.005829283,0.01500854,0.116810155,0.109286376,0.002145061,0.006113725,0.005865769,0.005221476,0.012348074,0.014245153,0.006329311,0.005114978,0.021278499,0.009410872,0.029547233,0.013460294,0.010757957,0.020944438,0.178076212,0.010344895,0.091153339,0.015510299,0.021112414,0.02028321,0.015310902,0.034749193,0.265166043,0.034244699,0.043613578,0.016547496,0.011000389,0.009029859,0.015493789,0.070559765,0.043089866,0.04776036,0.069298008,0.041002392,0.070436457,0.044264857,0.037746527,0.02216443,0.011563535,0.037464721,0.034852948
HCPex_425_R_Septum,0.013306809,0.007268151,0.006476697,0.011223623,0.007561628,0.005258917,0.001335617,0.064684943,0.039722709,0.149541153,0.042852486,0.056978546,0.004306196,0.008649697,0.008353535,0.005647136,0.010112906,0.002800084,0.005856029,0.00239767,0.00447972,0.004890836,0.005336749,0.02864454,0.023603249,0.323708027,0.016657344,0.022801474,0.026971854,0.005034292,0.027185294,0.002692367,0.003593959,0.002597184,0.002156175,0.065484817,0.031264612,0.014882609,0.047337614,0.030749127,0.018049939,0.038306173,0.075179613,0.08376699,0.031795885,0.028974821,0.062532067,0.060989763,0.033755696,0.025835898,0.055204108,0.068585529,0.03963128,0.157103943,0.254575501,0.051737223,0.001598713,0.014426833,0.005481733,0.013192682,0.030154056,0.002367177,0.045535832,0.023540653,0.091213784,0.044062696,0.027430273,0.100754484,0.010738174,0.041475964,0.041857331,0.015229396,0.0321987,0.030400372,0.051733476,0.030583617,0.034326797,0.052167109,0.035874829,0.042188342,0.031333159,0.068678243,0.022972851,0.020096699,0.056926848,0.048560234,0.022006603,0.065277411,0.018777771,0.026513,0.043839052,0.042115544,0.047631631,0.029230435,0.081844935,0.162841918,0.083430214,0.360707878,0.062146542,0.048623096,0.038277516,0.037825498,0.013541843,0.028572013,0.032069753,0.03421006,0.010435736,0.046718916,0.043579582,0.014384822,0.009139861,0.007630878,0.038346824,0.039719433,0.039076534,0.065736517,0.095638262,0.079440223,0.132519403,0.0529888,0.259202185,0.045090006,0.006095308,0.020077564,0.011410578,0.02248073,0.108886314,0.008435849,0.015545504,0.01718713,0.005499342,0.012145481,0.01700701,0.01001503,0.021038628,0.009951472,0.017694987,0.011360503,0.023051316,0.032416122,0.015091853,0.010165451,0.007020936,0.091391027,0.064163541,0.010820474,0.051961131,0.036887083,0.073747866,0.042949997,0.059144333,0.006622037,0.026486503,0.004883808,0.030747706,0.005610258,0.00648397,0.004907533,0.004296978,0.021150717,0.001659041,0.001319438,0.004001268,0.165456095,0.104274301,0.078261286,0.009368465,0.039490385,0.029387058,0.030397912,0.066151305,0.034293845,0.019871625,0.025068663,0.014107542,0.009778203,0.015810692,0.007447093,0.001767779,0.016192039,0.006206847,0.071984384,0.009537528,0.02512279,0.010164871,0.008250076,0.00395303,0.031240427,0.040630154,0.083803519,0.009892327,0.041878966,0.029835493,0.016199655,0.026282943,0.00569229,0.043478579,0.03040361,0.025459756,0.035459972,0.15250703,0.102234996,0.07419341,0.150837292,0.107008328,0.023652796,0.128310785,0.12161934,0.083385405,0.03474385,0.04732935,0.033692206
HCPex_426_R_Nb,0.014248358,0.006010523,0.007281503,0.011595361,0.007378636,0.005014088,0.001332497,0.063696807,0.038706046,0.14640441,0.036153172,0.051932798,0.004011362,0.009286253,0.009077301,0.005040698,0.009497807,0.002370305,0.005156912,0.002056951,0.004002951,0.004542345,0.004144209,0.028362671,0.022999381,0.291270004,0.0150591,0.022281361,0.027060643,0.005041199,0.032889529,0.002361976,0.00361643,0.002404074,0.002006595,0.06127134,0.025490425,0.009810017,0.043300114,0.022627202,0.009201338,0.034387057,0.048925958,0.050235215,0.028528021,0.028941647,0.061924973,0.061336317,0.031905883,0.025751413,0.054771705,0.068502866,0.038653489,0.154785496,0.247612516,0.047245282,0.001221355,0.014337895,0.004923487,0.006117239,0.031615983,0.001509619,0.018875752,0.026811423,0.10850951,0.057336931,0.020801951,0.083646347,0.005377074,0.024644772,0.022347033,0.010464838,0.027081554,0.025593019,0.045632828,0.03006337,0.026352848,0.047500167,0.030955639,0.036888928,0.026796017,0.062820326,0.017685207,0.012683284,0.037806774,0.025915124,0.012458212,0.068117115,0.016452671,0.028528598,0.056814307,0.054516004,0.053864477,0.038094238,0.082378546,0.142166623,0.071801424,0.332066155,0.062887978,0.049049032,0.038281547,0.037881789,0.012446644,0.028199514,0.031792655,0.034281913,0.008260216,0.046179861,0.043529956,0.016311452,0.009535105,0.009305259,0.038282778,0.039563081,0.03911383,0.066382855,0.096306584,0.099330277,0.165584339,0.062851937,0.323272466,0.049646118,0.004788663,0.019527845,0.009884213,0.029377929,0.120403341,0.006665895,0.01454162,0.016437995,0.006853489,0.011960274,0.017485294,0.014803786,0.037099147,0.011756844,0.017172171,0.008367751,0.022582292,0.032334065,0.014256078,0.01150936,0.005785287,0.091887849,0.064776345,0.010134327,0.052515145,0.037016681,0.074982959,0.043330438,0.060033331,0.006436652,0.030447619,0.005437025,0.044970018,0.0046467,0.005154336,0.004185703,0.003451455,0.024619379,0.001553006,0.001138503,0.004668004,0.173552268,0.115252646,0.083421545,0.008032718,0.039604249,0.028993272,0.018155354,0.046367606,0.062672714,0.019262062,0.024581424,0.013292054,0.00785147,0.016152975,0.005945657,0.001169031,0.015816759,0.007083548,0.08888865,0.010837608,0.027464113,0.011809659,0.008311634,0.004570464,0.036885974,0.050816398,0.097764695,0.010104711,0.050891051,0.035318586,0.017867882,0.030180755,0.00647639,0.054355782,0.037970677,0.030537222,0.03512936,0.195312865,0.131093741,0.089270816,0.190024331,0.105038353,0.030156179,0.116608271,0.109750107,0.074422391,0.034056754,0.052990862,0.034887676
